Loan_ID,Agent_ID,Report_Month,Outstanding_Amount,Days_Past_Due,Missed_EMIs,Contact_Response,Recovery_Status,Amount_Recovered
LN20000,AGT171,2026-03-01,34050.04,0,0,No Answer,Paid,34050.04
LN20001,AGT111,2026-03-01,6613.2,30,2,No Answer,Partial,3306.6
LN20002,AGT118,2026-03-01,27279.36,0,0,No Answer,Paid,27279.36
LN20003,AGT120,2026-03-01,7205.4,90,4,No Answer,Partial,2161.62
LN20004,AGT129,2026-03-01,40584.89,30,2,No Answer,Partial,12175.47
LN20005,AGT144,2026-03-01,22592.8,30,2,No Answer,Unpaid,0.0
LN20006,AGT103,2026-03-01,40578.04,30,2,No Answer,Unpaid,0.0
LN20007,AGT129,2026-03-01,20752.27,30,2,No Answer,Paid,20752.27
LN20008,AGT161,2026-03-01,5090.41,0,0,No Answer,Paid,5090.41
LN20009,AGT148,2026-03-01,10510.45,15,1,No Answer,Paid,10510.45
LN20010,AGT113,2026-03-01,4867.32,90,4,No Answer,Paid,4867.32
LN20011,AGT161,2026-03-01,4969.79,0,0,No Answer,Paid,4969.79
LN20012,AGT169,2026-03-01,10525.56,0,0,No Answer,Paid,10525.56
LN20013,AGT116,2026-03-01,5736.83,0,0,No Answer,Paid,5736.83
LN20014,AGT100,2026-03-01,60601.77,90,4,No Answer,Unpaid,0.0
LN20015,AGT148,2026-03-01,4113.77,0,0,No Answer,Paid,4113.77
LN20016,AGT124,2026-03-01,8077.35,30,2,No Answer,Paid,8077.35
LN20017,AGT173,2026-03-01,32586.78,60,3,No Answer,Unpaid,0.0
LN20018,AGT104,2026-03-01,5498.07,15,1,No Answer,Partial,2749.03
LN20019,AGT146,2026-03-01,172286.02,90,4,No Answer,Partial,51685.81
LN20020,AGT140,2026-03-01,13621.05,0,0,No Answer,Paid,13621.05
LN20021,AGT172,2026-03-01,19757.12,0,0,Promise To Pay,Paid,0.0
LN20022,AGT150,2026-03-01,20933.3,15,1,No Answer,Unpaid,0.0
LN20023,AGT164,2026-03-01,67123.49,90,4,Responsive,Partial,0.0
LN20024,AGT113,2026-03-01,8001.28,0,0,No Answer,Paid,0.0
LN20025,AGT112,2026-03-01,31609.82,90,4,Promise To Pay,Partial,0.0
LN20026,AGT145,2026-03-01,7718.64,0,0,No Answer,Paid,0.0
LN20027,AGT154,2026-03-01,18077.4,60,3,Promise To Pay,Partial,0.0
LN20028,AGT121,2026-03-01,21942.72,60,3,Responsive,Partial,0.0
LN20029,AGT110,2026-03-01,9265.45,0,0,Promise To Pay,Paid,0.0
LN20030,AGT122,2026-03-01,12053.03,15,1,Responsive,Paid,0.0
LN20031,AGT157,2026-03-01,14368.04,0,0,Responsive,Paid,0.0
LN20032,AGT166,2026-03-01,50610.78,60,3,No Answer,Unpaid,0.0
LN20033,AGT141,2026-03-01,18507.22,0,0,Promise To Pay,Paid,0.0
LN20034,AGT147,2026-03-01,9579.36,0,0,No Answer,Paid,0.0
LN20035,AGT140,2026-03-01,37526.77,60,3,No Answer,Unpaid,0.0
LN20036,AGT142,2026-03-01,51043.87,60,3,No Answer,Unpaid,0.0
LN20037,AGT108,2026-03-01,44656.64,60,3,Promise To Pay,Partial,13396.99
LN20038,AGT115,2026-03-01,14694.72,0,0,Responsive,Paid,14694.72
LN20039,AGT115,2026-03-01,9814.25,0,0,No Answer,Paid,9814.25
LN20040,AGT166,2026-03-01,3613.58,0,0,No Answer,Paid,3613.58
LN20041,AGT162,2026-03-01,14151.99,0,0,No Answer,Paid,14151.99
LN20042,AGT141,2026-03-01,1367.57,0,0,No Answer,Paid,1367.57
LN20043,AGT149,2026-03-01,3394.69,15,1,Responsive,Partial,1697.35
LN20044,AGT143,2026-03-01,11217.86,30,2,No Answer,Unpaid,0.0
LN20045,AGT146,2026-03-01,5482.09,15,1,Responsive,Paid,5482.09
LN20046,AGT117,2026-03-01,32060.5,0,0,No Answer,Paid,32060.5
LN20047,AGT151,2026-03-01,6200.13,15,1,Responsive,Partial,3100.07
LN20048,AGT111,2026-03-01,13289.72,30,2,Promise To Pay,Partial,3986.92
LN20049,AGT171,2026-03-01,11814.59,0,0,No Answer,Paid,11814.59
LN20050,AGT123,2026-03-01,3708.89,30,2,No Answer,Unpaid,0.0
LN20051,AGT172,2026-03-01,21298.48,0,0,No Answer,Paid,21298.48
LN20052,AGT145,2026-03-01,11805.2,15,1,No Answer,Unpaid,0.0
LN20053,AGT143,2026-03-01,9510.46,15,1,Promise To Pay,Partial,2853.14
LN20054,AGT117,2026-03-01,4758.37,15,1,No Answer,Unpaid,0.0
LN20055,AGT104,2026-03-01,30290.73,30,2,Responsive,Paid,30290.73
LN20056,AGT163,2026-03-01,6179.71,0,0,Responsive,Paid,6179.71
LN20057,AGT138,2026-03-01,12605.75,0,0,Responsive,Paid,12605.75
LN20058,AGT174,2026-03-01,11931.45,15,1,No Answer,Unpaid,0.0
LN20059,AGT106,2026-03-01,7179.15,0,0,Promise To Pay,Paid,7179.15
LN20060,AGT106,2026-03-01,18653.87,60,3,Promise To Pay,Partial,5596.16
LN20061,AGT154,2026-03-01,8658.51,0,0,No Answer,Paid,8658.51
LN20062,AGT104,2026-03-01,755.89,0,0,Promise To Pay,Paid,755.89
LN20063,AGT124,2026-03-01,15326.94,0,0,Responsive,Paid,15326.94
LN20064,AGT168,2026-03-01,45866.02,30,2,Promise To Pay,Partial,13759.81
LN20065,AGT169,2026-03-01,16596.43,90,4,Promise To Pay,Partial,4978.93
LN20066,AGT111,2026-03-01,3145.32,0,0,Promise To Pay,Paid,3145.32
LN20067,AGT129,2026-03-01,10423.54,0,0,Promise To Pay,Paid,10423.54
LN20068,AGT135,2026-03-01,15350.61,15,1,Responsive,Paid,15350.61
LN20069,AGT152,2026-03-01,6696.62,15,1,Promise To Pay,Partial,2008.99
LN20070,AGT152,2026-03-01,4632.95,15,1,Responsive,Paid,4632.95
LN20071,AGT127,2026-03-01,19039.2,0,0,Responsive,Paid,19039.2
LN20072,AGT156,2026-03-01,29350.23,90,4,Promise To Pay,Partial,8805.07
LN20073,AGT132,2026-03-01,4302.49,0,0,No Answer,Paid,4302.49
LN20074,AGT170,2026-03-01,9625.43,15,1,Promise To Pay,Partial,2887.63
LN20075,AGT145,2026-03-01,135249.07,90,4,Promise To Pay,Partial,40574.72
LN20076,AGT170,2026-03-01,11893.88,30,2,No Answer,Unpaid,0.0
LN20077,AGT154,2026-03-01,24554.75,60,3,Responsive,Paid,24554.75
LN20078,AGT158,2026-03-01,15429.69,0,0,Responsive,Paid,15429.69
LN20079,AGT139,2026-03-01,15102.29,30,2,Promise To Pay,Partial,4530.69
LN20080,AGT104,2026-03-01,3845.92,0,0,No Answer,Paid,3845.92
LN20081,AGT174,2026-03-01,6938.45,0,0,Responsive,Paid,6938.45
LN20082,AGT161,2026-03-01,5554.07,0,0,No Answer,Paid,5554.07
LN20083,AGT150,2026-03-01,19165.59,0,0,Promise To Pay,Paid,19165.59
LN20084,AGT131,2026-03-01,27603.52,90,4,Responsive,Partial,13801.76
LN20085,AGT162,2026-03-01,14970.86,0,0,No Answer,Paid,14970.86
LN20086,AGT163,2026-03-01,85808.05,90,4,Promise To Pay,Partial,25742.42
LN20087,AGT164,2026-03-01,5164.45,15,1,No Answer,Unpaid,0.0
LN20088,AGT165,2026-03-01,13472.24,0,0,Responsive,Paid,13472.24
LN20089,AGT109,2026-03-01,1092.74,15,1,Responsive,Partial,546.37
LN20090,AGT132,2026-03-01,7228.63,15,1,No Answer,Unpaid,0.0
LN20091,AGT139,2026-03-01,6111.57,60,3,No Answer,Unpaid,0.0
LN20092,AGT172,2026-03-01,47833.6,30,2,No Answer,Unpaid,0.0
LN20093,AGT148,2026-03-01,4580.02,0,0,Responsive,Paid,4580.02
LN20094,AGT156,2026-03-01,36576.39,30,2,Responsive,Paid,36576.39
LN20095,AGT112,2026-03-01,27681.05,60,3,Promise To Pay,Partial,8304.31
LN20096,AGT104,2026-03-01,28787.34,30,2,No Answer,Unpaid,0.0
LN20097,AGT100,2026-03-01,9743.55,0,0,Responsive,Paid,9743.55
LN20098,AGT105,2026-03-01,27986.91,30,2,No Answer,Unpaid,0.0
LN20099,AGT103,2026-03-01,4158.98,0,0,Responsive,Paid,4158.98
LN20100,AGT119,2026-03-01,22505.12,30,2,Promise To Pay,Partial,6751.54
LN20101,AGT112,2026-03-01,5120.4,15,1,No Answer,Unpaid,0.0
LN20102,AGT104,2026-03-01,1488.71,15,1,Responsive,Paid,1488.71
LN20103,AGT145,2026-03-01,59843.54,60,3,No Answer,Unpaid,0.0
LN20104,AGT153,2026-03-01,27148.04,30,2,Promise To Pay,Partial,8144.41
LN20105,AGT121,2026-03-01,4474.0,15,1,Responsive,Paid,4474.0
LN20106,AGT118,2026-03-01,16833.94,0,0,Responsive,Paid,16833.94
LN20107,AGT129,2026-03-01,4743.64,15,1,Promise To Pay,Partial,1423.09
LN20108,AGT119,2026-03-01,14607.47,30,2,No Answer,Unpaid,0.0
LN20109,AGT158,2026-03-01,56617.87,0,0,Promise To Pay,Paid,56617.87
LN20110,AGT147,2026-03-01,4456.48,30,2,No Answer,Unpaid,0.0
LN20111,AGT142,2026-03-01,16643.2,30,2,Responsive,Paid,16643.2
LN20112,AGT139,2026-03-01,7707.94,0,0,Promise To Pay,Paid,7707.94
LN20113,AGT150,2026-03-01,9581.71,0,0,Responsive,Paid,9581.71
LN20114,AGT133,2026-03-01,12871.44,30,2,Promise To Pay,Partial,3861.43
LN20115,AGT121,2026-03-01,7212.96,15,1,Promise To Pay,Partial,2163.89
LN20116,AGT117,2026-03-01,6443.24,0,0,Responsive,Paid,6443.24
LN20117,AGT147,2026-03-01,5946.93,0,0,Responsive,Paid,5946.93
LN20118,AGT159,2026-03-01,14290.66,0,0,No Answer,Paid,14290.66
LN20119,AGT142,2026-03-01,5083.88,0,0,Responsive,Paid,5083.88
LN20120,AGT171,2026-03-01,14843.48,0,0,Promise To Pay,Paid,14843.48
LN20121,AGT120,2026-03-01,14084.29,30,2,Promise To Pay,Partial,4225.29
LN20122,AGT166,2026-03-01,17285.82,30,2,Responsive,Paid,17285.82
LN20123,AGT174,2026-03-01,12127.89,15,1,No Answer,Unpaid,0.0
LN20124,AGT163,2026-03-01,77077.64,30,2,Promise To Pay,Partial,23123.29
LN20125,AGT164,2026-03-01,1690.98,0,0,No Answer,Paid,1690.98
LN20126,AGT140,2026-03-01,8350.68,0,0,No Answer,Paid,8350.68
LN20127,AGT145,2026-03-01,6519.73,0,0,No Answer,Paid,6519.73
LN20128,AGT132,2026-03-01,11192.29,0,0,No Answer,Paid,11192.29
LN20129,AGT134,2026-03-01,27367.73,30,2,Promise To Pay,Partial,8210.32
LN20130,AGT133,2026-03-01,24971.02,0,0,Responsive,Paid,24971.02
LN20131,AGT115,2026-03-01,9739.94,15,1,No Answer,Unpaid,0.0
LN20132,AGT109,2026-03-01,10733.1,15,1,Promise To Pay,Partial,3219.93
LN20133,AGT164,2026-03-01,21137.12,30,2,Promise To Pay,Partial,6341.14
LN20134,AGT133,2026-03-01,25758.5,60,3,No Answer,Unpaid,0.0
LN20135,AGT146,2026-03-01,28212.91,90,4,Responsive,Partial,14106.45
LN20136,AGT100,2026-03-01,27076.77,30,2,Promise To Pay,Partial,8123.03
LN20137,AGT135,2026-03-01,5109.89,15,1,Promise To Pay,Partial,1532.97
LN20138,AGT156,2026-03-01,19247.33,0,0,No Answer,Paid,19247.33
LN20139,AGT109,2026-03-01,20565.52,30,2,No Answer,Unpaid,0.0
LN20140,AGT168,2026-03-01,31691.32,15,1,Promise To Pay,Partial,9507.4
LN20141,AGT162,2026-03-01,54182.43,60,3,Promise To Pay,Partial,16254.73
LN20142,AGT116,2026-03-01,4521.59,0,0,No Answer,Paid,4521.59
LN20143,AGT159,2026-03-01,11025.4,0,0,Promise To Pay,Paid,11025.4
LN20144,AGT144,2026-03-01,2452.99,0,0,No Answer,Paid,2452.99
LN20145,AGT150,2026-03-01,17107.67,30,2,Promise To Pay,Partial,5132.3
LN20146,AGT147,2026-03-01,13667.66,0,0,No Answer,Paid,13667.66
LN20147,AGT169,2026-03-01,11553.76,30,2,Promise To Pay,Partial,3466.13
LN20148,AGT109,2026-03-01,9685.56,0,0,Promise To Pay,Paid,9685.56
LN20149,AGT133,2026-03-01,15323.8,0,0,No Answer,Paid,15323.8
LN20150,AGT101,2026-03-01,6078.02,0,0,No Answer,Paid,6078.02
LN20151,AGT166,2026-03-01,3204.86,0,0,Promise To Pay,Paid,3204.86
LN20152,AGT114,2026-03-01,18933.97,30,2,Promise To Pay,Partial,5680.19
LN20153,AGT100,2026-03-01,16708.95,0,0,Promise To Pay,Paid,16708.95
LN20154,AGT115,2026-03-01,15896.09,30,2,No Answer,Unpaid,0.0
LN20155,AGT139,2026-03-01,6325.52,0,0,Promise To Pay,Paid,6325.52
LN20156,AGT109,2026-03-01,9596.58,0,0,No Answer,Paid,9596.58
LN20157,AGT104,2026-03-01,5049.37,0,0,Promise To Pay,Paid,5049.37
LN20158,AGT154,2026-03-01,11522.61,15,1,Promise To Pay,Partial,3456.78
LN20159,AGT145,2026-03-01,35823.08,30,2,No Answer,Unpaid,0.0
LN20160,AGT106,2026-03-01,37893.65,15,1,Responsive,Partial,18946.83
LN20161,AGT150,2026-03-01,18853.48,60,3,No Answer,Unpaid,0.0
LN20162,AGT119,2026-03-01,6936.75,0,0,Promise To Pay,Paid,6936.75
LN20163,AGT131,2026-03-01,12708.32,15,1,Promise To Pay,Partial,3812.5
LN20164,AGT142,2026-03-01,51357.33,90,4,Responsive,Partial,25678.67
LN20165,AGT111,2026-03-01,4280.61,30,2,No Answer,Unpaid,0.0
LN20166,AGT110,2026-03-01,6167.39,15,1,No Answer,Unpaid,0.0
LN20167,AGT164,2026-03-01,48340.04,60,3,No Answer,Unpaid,0.0
LN20168,AGT119,2026-03-01,9254.96,30,2,Responsive,Partial,4627.48
LN20169,AGT152,2026-03-01,22948.13,60,3,No Answer,Unpaid,0.0
LN20170,AGT165,2026-03-01,4447.51,0,0,Promise To Pay,Paid,4447.51
LN20171,AGT119,2026-03-01,7602.37,0,0,Promise To Pay,Paid,7602.37
LN20172,AGT153,2026-03-01,6468.41,0,0,Promise To Pay,Paid,6468.41
LN20173,AGT100,2026-03-01,2747.01,0,0,Responsive,Paid,2747.01
LN20174,AGT113,2026-03-01,42438.6,0,0,Promise To Pay,Paid,42438.6
LN20175,AGT161,2026-03-01,7543.81,15,1,Responsive,Paid,7543.81
LN20176,AGT172,2026-03-01,4287.01,15,1,Promise To Pay,Partial,1286.1
LN20177,AGT145,2026-03-01,5906.68,30,2,Promise To Pay,Partial,1772.0
LN20178,AGT120,2026-03-01,12614.52,15,1,Promise To Pay,Partial,3784.36
LN20179,AGT133,2026-03-01,35882.76,60,3,Responsive,Paid,35882.76
LN20180,AGT168,2026-03-01,22575.25,30,2,No Answer,Unpaid,0.0
LN20181,AGT164,2026-03-01,12316.35,0,0,Responsive,Paid,12316.35
LN20182,AGT115,2026-03-01,34158.49,90,4,Responsive,Partial,17079.24
LN20183,AGT146,2026-03-01,24638.23,60,3,Promise To Pay,Partial,7391.47
LN20184,AGT155,2026-03-01,1424.72,15,1,Responsive,Partial,712.36
LN20185,AGT120,2026-03-01,13587.29,0,0,No Answer,Paid,13587.29
LN20186,AGT127,2026-03-01,50238.45,30,2,No Answer,Unpaid,0.0
LN20187,AGT130,2026-03-01,9162.16,0,0,Promise To Pay,Paid,9162.16
LN20188,AGT106,2026-03-01,3918.04,0,0,No Answer,Paid,3918.04
LN20189,AGT107,2026-03-01,3243.68,0,0,Responsive,Paid,3243.68
LN20190,AGT118,2026-03-01,10436.23,0,0,Promise To Pay,Paid,10436.23
LN20191,AGT132,2026-03-01,17583.94,60,3,Promise To Pay,Partial,5275.18
LN20192,AGT125,2026-03-01,8840.46,15,1,Promise To Pay,Partial,2652.14
LN20193,AGT120,2026-03-01,2038.6,15,1,No Answer,Unpaid,0.0
LN20194,AGT171,2026-03-01,39849.44,30,2,No Answer,Unpaid,0.0
LN20195,AGT106,2026-03-01,26920.01,30,2,Promise To Pay,Partial,8076.0
LN20196,AGT145,2026-03-01,18157.51,90,4,Promise To Pay,Partial,5447.25
LN20197,AGT161,2026-03-01,4086.51,0,0,Promise To Pay,Paid,4086.51
LN20198,AGT155,2026-03-01,8801.79,30,2,Promise To Pay,Partial,2640.54
LN20199,AGT154,2026-03-01,7410.39,15,1,Responsive,Partial,3705.2
LN20200,AGT166,2026-03-01,22630.27,15,1,Responsive,Partial,11315.14
LN20201,AGT136,2026-03-01,13547.26,0,0,Promise To Pay,Paid,13547.26
LN20202,AGT109,2026-03-01,40018.72,90,4,Promise To Pay,Partial,12005.62
LN20203,AGT170,2026-03-01,2925.54,0,0,No Answer,Paid,2925.54
LN20204,AGT161,2026-03-01,4178.07,0,0,Promise To Pay,Paid,4178.07
LN20205,AGT137,2026-03-01,5879.68,0,0,No Answer,Paid,5879.68
LN20206,AGT149,2026-03-01,39517.47,60,3,No Answer,Unpaid,0.0
LN20207,AGT147,2026-03-01,28670.33,60,3,Responsive,Paid,28670.33
LN20208,AGT136,2026-03-01,10172.68,0,0,Promise To Pay,Paid,10172.68
LN20209,AGT132,2026-03-01,11682.66,0,0,Promise To Pay,Paid,11682.66
LN20210,AGT121,2026-03-01,4810.72,0,0,No Answer,Paid,4810.72
LN20211,AGT161,2026-03-01,6181.92,0,0,No Answer,Paid,6181.92
LN20212,AGT164,2026-03-01,2382.98,0,0,Responsive,Paid,2382.98
LN20213,AGT150,2026-03-01,38746.84,60,3,No Answer,Unpaid,0.0
LN20214,AGT104,2026-03-01,27711.67,30,2,Promise To Pay,Partial,8313.5
LN20215,AGT164,2026-03-01,26173.81,90,4,No Answer,Unpaid,0.0
LN20216,AGT132,2026-03-01,8055.36,0,0,Responsive,Paid,8055.36
LN20217,AGT168,2026-03-01,47583.81,30,2,Responsive,Partial,23791.9
LN20218,AGT105,2026-03-01,6860.39,15,1,Responsive,Paid,6860.39
LN20219,AGT132,2026-03-01,39140.33,30,2,No Answer,Unpaid,0.0
LN20220,AGT165,2026-03-01,19618.28,30,2,Responsive,Partial,9809.14
LN20221,AGT157,2026-03-01,4548.08,0,0,No Answer,Paid,4548.08
LN20222,AGT116,2026-03-01,21938.71,15,1,Promise To Pay,Partial,6581.61
LN20223,AGT115,2026-03-01,1701.09,15,1,No Answer,Unpaid,0.0
LN20224,AGT134,2026-03-01,30133.82,15,1,Responsive,Partial,15066.91
LN20225,AGT165,2026-03-01,10279.47,0,0,No Answer,Paid,10279.47
LN20226,AGT170,2026-03-01,6352.88,15,1,Promise To Pay,Partial,1905.86
LN20227,AGT116,2026-03-01,30689.37,60,3,Promise To Pay,Partial,9206.81
LN20228,AGT135,2026-03-01,6143.71,15,1,Responsive,Paid,6143.71
LN20229,AGT123,2026-03-01,1974.44,0,0,No Answer,Paid,1974.44
LN20230,AGT162,2026-03-01,92609.32,90,4,Promise To Pay,Partial,27782.8
LN20231,AGT139,2026-03-01,43352.17,30,2,No Answer,Unpaid,0.0
LN20232,AGT121,2026-03-01,8096.44,0,0,Responsive,Paid,8096.44
LN20233,AGT163,2026-03-01,10845.2,15,1,Promise To Pay,Partial,3253.56
LN20234,AGT131,2026-03-01,44088.02,60,3,Promise To Pay,Partial,13226.41
LN20235,AGT135,2026-03-01,36705.38,30,2,Promise To Pay,Partial,11011.61
LN20236,AGT119,2026-03-01,10595.94,30,2,Promise To Pay,Partial,3178.78
LN20237,AGT107,2026-03-01,8929.66,30,2,No Answer,Unpaid,0.0
LN20238,AGT161,2026-03-01,8187.28,30,2,No Answer,Unpaid,0.0
LN20239,AGT169,2026-03-01,18529.85,30,2,Promise To Pay,Partial,5558.95
LN20240,AGT123,2026-03-01,103717.4,60,3,Promise To Pay,Partial,31115.22
LN20241,AGT158,2026-03-01,6876.5,0,0,Promise To Pay,Paid,6876.5
LN20242,AGT153,2026-03-01,20036.73,90,4,Responsive,Partial,10018.36
LN20243,AGT173,2026-03-01,9557.08,15,1,Promise To Pay,Partial,2867.12
LN20244,AGT134,2026-03-01,3017.41,0,0,Promise To Pay,Paid,3017.41
LN20245,AGT120,2026-03-01,18937.85,30,2,No Answer,Unpaid,0.0
LN20246,AGT164,2026-03-01,18263.77,30,2,No Answer,Unpaid,0.0
LN20247,AGT152,2026-03-01,15515.46,0,0,Promise To Pay,Paid,15515.46
LN20248,AGT127,2026-03-01,17632.49,30,2,Responsive,Partial,8816.25
LN20249,AGT131,2026-03-01,12470.15,0,0,Promise To Pay,Paid,12470.15
LN20250,AGT104,2026-03-01,12160.54,15,1,Promise To Pay,Partial,3648.16
LN20251,AGT154,2026-03-01,10197.46,0,0,No Answer,Paid,10197.46
LN20252,AGT161,2026-03-01,2034.76,30,2,No Answer,Unpaid,0.0
LN20253,AGT168,2026-03-01,91945.97,30,2,Responsive,Paid,91945.97
LN20254,AGT136,2026-03-01,5676.12,0,0,Promise To Pay,Paid,5676.12
LN20255,AGT156,2026-03-01,7545.97,0,0,No Answer,Paid,7545.97
LN20256,AGT154,2026-03-01,20936.88,15,1,Responsive,Partial,10468.44
LN20257,AGT141,2026-03-01,7475.09,15,1,Responsive,Paid,7475.09
LN20258,AGT120,2026-03-01,10391.72,0,0,No Answer,Paid,10391.72
LN20259,AGT129,2026-03-01,7025.8,15,1,Promise To Pay,Partial,2107.74
LN20260,AGT139,2026-03-01,4470.06,30,2,Responsive,Partial,2235.03
LN20261,AGT129,2026-03-01,4898.86,0,0,Responsive,Paid,4898.86
LN20262,AGT146,2026-03-01,3377.86,0,0,No Answer,Paid,3377.86
LN20263,AGT135,2026-03-01,13118.71,15,1,Responsive,Paid,13118.71
LN20264,AGT155,2026-03-01,74917.24,30,2,Responsive,Paid,74917.24
LN20265,AGT154,2026-03-01,29062.09,0,0,No Answer,Paid,29062.09
LN20266,AGT105,2026-03-01,11861.95,0,0,Promise To Pay,Paid,11861.95
LN20267,AGT155,2026-03-01,51068.93,60,3,Responsive,Paid,51068.93
LN20268,AGT136,2026-03-01,5567.92,0,0,No Answer,Paid,5567.92
LN20269,AGT106,2026-03-01,5296.04,60,3,No Answer,Unpaid,0.0
LN20270,AGT154,2026-03-01,9451.34,0,0,Responsive,Paid,9451.34
LN20271,AGT140,2026-03-01,7751.66,0,0,Responsive,Paid,7751.66
LN20272,AGT125,2026-03-01,8812.67,0,0,Responsive,Paid,8812.67
LN20273,AGT128,2026-03-01,17991.42,30,2,No Answer,Unpaid,0.0
LN20274,AGT148,2026-03-01,29360.24,30,2,No Answer,Unpaid,0.0
LN20275,AGT115,2026-03-01,10570.74,0,0,Responsive,Paid,10570.74
LN20276,AGT149,2026-03-01,20913.55,30,2,Responsive,Paid,20913.55
LN20277,AGT173,2026-03-01,2651.34,0,0,No Answer,Paid,2651.34
LN20278,AGT173,2026-03-01,1755.82,0,0,No Answer,Paid,1755.82
LN20279,AGT119,2026-03-01,16536.94,15,1,Responsive,Paid,16536.94
LN20280,AGT148,2026-03-01,4502.63,15,1,Responsive,Partial,2251.32
LN20281,AGT119,2026-03-01,12944.58,0,0,No Answer,Paid,12944.58
LN20282,AGT174,2026-03-01,53298.01,90,4,No Answer,Unpaid,0.0
LN20283,AGT124,2026-03-01,7941.16,0,0,Responsive,Paid,7941.16
LN20284,AGT168,2026-03-01,34811.46,0,0,Promise To Pay,Paid,34811.46
LN20285,AGT173,2026-03-01,10755.19,0,0,Responsive,Paid,10755.19
LN20286,AGT109,2026-03-01,14025.36,15,1,No Answer,Unpaid,0.0
LN20287,AGT171,2026-03-01,27773.54,30,2,Promise To Pay,Partial,8332.06
LN20288,AGT114,2026-03-01,78200.8,30,2,No Answer,Unpaid,0.0
LN20289,AGT172,2026-03-01,43713.26,60,3,Responsive,Paid,43713.26
LN20290,AGT119,2026-03-01,7510.4,0,0,Responsive,Paid,7510.4
LN20291,AGT174,2026-03-01,10480.69,0,0,No Answer,Paid,10480.69
LN20292,AGT169,2026-03-01,9891.02,30,2,Promise To Pay,Partial,2967.31
LN20293,AGT157,2026-03-01,30862.85,15,1,No Answer,Unpaid,0.0
LN20294,AGT101,2026-03-01,10688.66,0,0,Promise To Pay,Paid,10688.66
LN20295,AGT115,2026-03-01,5883.07,15,1,Promise To Pay,Partial,1764.92
LN20296,AGT131,2026-03-01,1305.23,15,1,Promise To Pay,Partial,391.57
LN20297,AGT172,2026-03-01,11042.54,0,0,No Answer,Paid,11042.54
LN20298,AGT139,2026-03-01,17994.08,30,2,No Answer,Unpaid,0.0
LN20299,AGT124,2026-03-01,4388.75,15,1,Responsive,Paid,4388.75
LN20300,AGT144,2026-03-01,4705.19,30,2,No Answer,Unpaid,0.0
LN20301,AGT108,2026-03-01,22021.41,0,0,Responsive,Paid,22021.41
LN20302,AGT148,2026-03-01,27425.45,60,3,Promise To Pay,Partial,8227.64
LN20303,AGT137,2026-03-01,11606.9,0,0,No Answer,Paid,11606.9
LN20304,AGT148,2026-03-01,7438.77,60,3,Promise To Pay,Partial,2231.63
LN20305,AGT158,2026-03-01,30790.47,0,0,No Answer,Paid,30790.47
LN20306,AGT137,2026-03-01,12810.0,0,0,No Answer,Paid,12810.0
LN20307,AGT146,2026-03-01,108860.78,90,4,No Answer,Unpaid,0.0
LN20308,AGT145,2026-03-01,35458.77,30,2,Promise To Pay,Partial,10637.63
LN20309,AGT142,2026-03-01,8009.2,0,0,Responsive,Paid,8009.2
LN20310,AGT155,2026-03-01,13007.84,0,0,Promise To Pay,Paid,13007.84
LN20311,AGT130,2026-03-01,9306.23,0,0,No Answer,Paid,9306.23
LN20312,AGT147,2026-03-01,78699.12,90,4,Promise To Pay,Partial,23609.74
LN20313,AGT140,2026-03-01,2823.91,0,0,Responsive,Paid,2823.91
LN20314,AGT128,2026-03-01,29992.0,0,0,No Answer,Paid,29992.0
LN20315,AGT105,2026-03-01,9268.23,0,0,No Answer,Paid,9268.23
LN20316,AGT150,2026-03-01,5083.84,15,1,Promise To Pay,Partial,1525.15
LN20317,AGT104,2026-03-01,22744.19,90,4,Responsive,Partial,11372.09
LN20318,AGT168,2026-03-01,22791.55,0,0,Promise To Pay,Paid,22791.55
LN20319,AGT132,2026-03-01,4046.49,0,0,Promise To Pay,Paid,4046.49
LN20320,AGT138,2026-03-01,13893.6,0,0,Responsive,Paid,13893.6
LN20321,AGT168,2026-03-01,24419.78,30,2,Responsive,Paid,24419.78
LN20322,AGT115,2026-03-01,23896.79,30,2,Promise To Pay,Partial,7169.04
LN20323,AGT154,2026-03-01,2270.92,0,0,Responsive,Paid,2270.92
LN20324,AGT124,2026-03-01,8745.11,30,2,No Answer,Unpaid,0.0
LN20325,AGT168,2026-03-01,4927.88,30,2,No Answer,Unpaid,0.0
LN20326,AGT129,2026-03-01,7871.12,15,1,No Answer,Unpaid,0.0
LN20327,AGT111,2026-03-01,11435.15,15,1,Promise To Pay,Partial,3430.54
LN20328,AGT104,2026-03-01,4091.91,15,1,Responsive,Paid,4091.91
LN20329,AGT142,2026-03-01,41328.66,90,4,Promise To Pay,Partial,12398.6
LN20330,AGT134,2026-03-01,43613.91,30,2,Promise To Pay,Partial,13084.17
LN20331,AGT158,2026-03-01,20073.58,30,2,No Answer,Unpaid,0.0
LN20332,AGT173,2026-03-01,28442.46,30,2,Responsive,Partial,14221.23
LN20333,AGT167,2026-03-01,7914.46,0,0,No Answer,Paid,7914.46
LN20334,AGT109,2026-03-01,3646.3,15,1,No Answer,Unpaid,0.0
LN20335,AGT110,2026-03-01,16927.09,30,2,Promise To Pay,Partial,5078.13
LN20336,AGT148,2026-03-01,7805.22,60,3,No Answer,Unpaid,0.0
LN20337,AGT125,2026-03-01,1186.66,0,0,Promise To Pay,Paid,1186.66
LN20338,AGT166,2026-03-01,5339.27,0,0,No Answer,Paid,5339.27
LN20339,AGT133,2026-03-01,11664.46,60,3,Promise To Pay,Partial,3499.34
LN20340,AGT172,2026-03-01,6266.11,15,1,Responsive,Partial,3133.05
LN20341,AGT126,2026-03-01,3136.34,15,1,Promise To Pay,Partial,940.9
LN20342,AGT147,2026-03-01,5860.22,15,1,No Answer,Unpaid,0.0
LN20343,AGT164,2026-03-01,11410.88,15,1,No Answer,Unpaid,0.0
LN20344,AGT168,2026-03-01,8489.91,0,0,No Answer,Paid,8489.91
LN20345,AGT101,2026-03-01,3455.51,30,2,No Answer,Unpaid,0.0
LN20346,AGT123,2026-03-01,6152.62,0,0,No Answer,Paid,6152.62
LN20347,AGT114,2026-03-01,3202.42,0,0,No Answer,Paid,3202.42
LN20348,AGT169,2026-03-01,3366.01,15,1,No Answer,Unpaid,0.0
LN20349,AGT106,2026-03-01,27042.24,30,2,Responsive,Partial,13521.12
LN20350,AGT127,2026-03-01,33482.87,90,4,Promise To Pay,Partial,10044.86
LN20351,AGT173,2026-03-01,21617.47,60,3,No Answer,Unpaid,0.0
LN20352,AGT145,2026-03-01,8570.77,0,0,Responsive,Paid,8570.77
LN20353,AGT165,2026-03-01,6959.06,0,0,Promise To Pay,Paid,6959.06
LN20354,AGT119,2026-03-01,26380.97,0,0,Responsive,Paid,26380.97
LN20355,AGT102,2026-03-01,10857.45,0,0,Promise To Pay,Paid,10857.45
LN20356,AGT102,2026-03-01,19725.8,15,1,Responsive,Paid,19725.8
LN20357,AGT104,2026-03-01,8778.32,30,2,Promise To Pay,Partial,2633.5
LN20358,AGT173,2026-03-01,11424.9,0,0,Responsive,Paid,11424.9
LN20359,AGT160,2026-03-01,31451.97,90,4,Promise To Pay,Partial,9435.59
LN20360,AGT158,2026-03-01,7509.9,15,1,Promise To Pay,Partial,2252.97
LN20361,AGT149,2026-03-01,9650.27,0,0,No Answer,Paid,9650.27
LN20362,AGT162,2026-03-01,20328.73,30,2,No Answer,Unpaid,0.0
LN20363,AGT172,2026-03-01,4621.74,30,2,No Answer,Unpaid,0.0
LN20364,AGT167,2026-03-01,35599.43,60,3,Promise To Pay,Partial,10679.83
LN20365,AGT172,2026-03-01,7812.39,0,0,Promise To Pay,Paid,7812.39
LN20366,AGT156,2026-03-01,6799.9,0,0,Promise To Pay,Paid,6799.9
LN20367,AGT149,2026-03-01,2370.8,0,0,No Answer,Paid,2370.8
LN20368,AGT101,2026-03-01,7938.47,0,0,Promise To Pay,Paid,7938.47
LN20369,AGT145,2026-03-01,16386.89,30,2,No Answer,Unpaid,0.0
LN20370,AGT127,2026-03-01,14101.96,30,2,No Answer,Unpaid,0.0
LN20371,AGT157,2026-03-01,9998.41,0,0,No Answer,Paid,9998.41
LN20372,AGT105,2026-03-01,13354.87,0,0,Responsive,Paid,13354.87
LN20373,AGT139,2026-03-01,23765.41,60,3,Responsive,Partial,11882.7
LN20374,AGT107,2026-03-01,11206.03,15,1,No Answer,Unpaid,0.0
LN20375,AGT127,2026-03-01,6362.08,0,0,Responsive,Paid,6362.08
LN20376,AGT114,2026-03-01,3521.68,0,0,No Answer,Paid,3521.68
LN20377,AGT154,2026-03-01,24182.13,15,1,No Answer,Unpaid,0.0
LN20378,AGT100,2026-03-01,51343.07,30,2,No Answer,Unpaid,0.0
LN20379,AGT129,2026-03-01,5643.36,0,0,Promise To Pay,Paid,5643.36
LN20380,AGT101,2026-03-01,37861.47,90,4,Responsive,Partial,18930.74
LN20381,AGT118,2026-03-01,7261.13,0,0,Responsive,Paid,7261.13
LN20382,AGT103,2026-03-01,68216.89,60,3,Responsive,Partial,34108.44
LN20383,AGT109,2026-03-01,10083.9,0,0,Responsive,Paid,10083.9
LN20384,AGT100,2026-03-01,30013.65,30,2,No Answer,Unpaid,0.0
LN20385,AGT119,2026-03-01,10503.55,15,1,Promise To Pay,Partial,3151.06
LN20386,AGT102,2026-03-01,8464.13,15,1,Promise To Pay,Partial,2539.24
LN20387,AGT131,2026-03-01,12446.07,0,0,No Answer,Paid,12446.07
LN20388,AGT126,2026-03-01,23160.3,15,1,No Answer,Unpaid,0.0
LN20389,AGT171,2026-03-01,11312.68,0,0,Responsive,Paid,11312.68
LN20390,AGT170,2026-03-01,5565.18,0,0,No Answer,Paid,5565.18
LN20391,AGT160,2026-03-01,2059.8,0,0,Responsive,Paid,2059.8
LN20392,AGT155,2026-03-01,12204.72,90,4,No Answer,Unpaid,0.0
LN20393,AGT155,2026-03-01,5243.02,0,0,Promise To Pay,Paid,5243.02
LN20394,AGT113,2026-03-01,3759.85,0,0,Responsive,Paid,3759.85
LN20395,AGT166,2026-03-01,20262.12,15,1,Responsive,Partial,10131.06
LN20396,AGT122,2026-03-01,7709.11,0,0,Promise To Pay,Paid,7709.11
LN20397,AGT124,2026-03-01,32914.87,0,0,Responsive,Paid,32914.87
LN20398,AGT147,2026-03-01,39883.08,0,0,Responsive,Paid,39883.08
LN20399,AGT172,2026-03-01,4971.1,0,0,Promise To Pay,Paid,4971.1
LN20400,AGT123,2026-03-01,10367.14,15,1,Promise To Pay,Partial,3110.14
LN20401,AGT161,2026-03-01,41763.63,90,4,Responsive,Partial,20881.81
LN20402,AGT133,2026-03-01,25848.45,60,3,No Answer,Unpaid,0.0
LN20403,AGT128,2026-03-01,7364.64,0,0,Responsive,Paid,7364.64
LN20404,AGT113,2026-03-01,36294.99,30,2,Responsive,Paid,36294.99
LN20405,AGT167,2026-03-01,6373.21,0,0,Promise To Pay,Paid,6373.21
LN20406,AGT164,2026-03-01,13997.43,30,2,No Answer,Unpaid,0.0
LN20407,AGT121,2026-03-01,48162.88,60,3,Responsive,Paid,48162.88
LN20408,AGT122,2026-03-01,8564.32,30,2,No Answer,Unpaid,0.0
LN20409,AGT166,2026-03-01,16250.8,30,2,Responsive,Partial,8125.4
LN20410,AGT104,2026-03-01,2631.69,0,0,No Answer,Paid,2631.69
LN20411,AGT165,2026-03-01,6091.45,30,2,Promise To Pay,Partial,1827.43
LN20412,AGT102,2026-03-01,9559.74,0,0,No Answer,Paid,9559.74
LN20413,AGT161,2026-03-01,6685.99,0,0,Responsive,Paid,6685.99
LN20414,AGT115,2026-03-01,53035.84,0,0,Responsive,Paid,53035.84
LN20415,AGT146,2026-03-01,13448.16,0,0,Responsive,Paid,13448.16
LN20416,AGT111,2026-03-01,19628.23,90,4,Promise To Pay,Partial,5888.47
LN20417,AGT118,2026-03-01,5659.22,15,1,No Answer,Unpaid,0.0
LN20418,AGT174,2026-03-01,43426.3,60,3,No Answer,Unpaid,0.0
LN20419,AGT149,2026-03-01,65564.54,60,3,Responsive,Paid,65564.54
LN20420,AGT117,2026-03-01,2127.58,0,0,No Answer,Paid,2127.58
LN20421,AGT128,2026-03-01,13325.83,0,0,No Answer,Paid,13325.83
LN20422,AGT145,2026-03-01,10739.06,0,0,Promise To Pay,Paid,10739.06
LN20423,AGT146,2026-03-01,1254.75,15,1,Promise To Pay,Partial,376.43
LN20424,AGT122,2026-03-01,11844.08,15,1,No Answer,Unpaid,0.0
LN20425,AGT137,2026-03-01,6307.03,15,1,Promise To Pay,Partial,1892.11
LN20426,AGT119,2026-03-01,26376.57,30,2,No Answer,Unpaid,0.0
LN20427,AGT115,2026-03-01,11850.5,0,0,Responsive,Paid,11850.5
LN20428,AGT113,2026-03-01,14420.64,0,0,Responsive,Paid,14420.64
LN20429,AGT156,2026-03-01,3265.41,30,2,Promise To Pay,Partial,979.62
LN20430,AGT105,2026-03-01,1150.33,0,0,Responsive,Paid,1150.33
LN20431,AGT103,2026-03-01,10361.43,0,0,Responsive,Paid,10361.43
LN20432,AGT131,2026-03-01,4112.32,15,1,No Answer,Unpaid,0.0
LN20433,AGT166,2026-03-01,6599.75,0,0,Responsive,Paid,6599.75
LN20434,AGT165,2026-03-01,24837.66,60,3,Responsive,Paid,24837.66
LN20435,AGT153,2026-03-01,30613.41,0,0,Promise To Pay,Paid,30613.41
LN20436,AGT159,2026-03-01,6497.23,15,1,Promise To Pay,Partial,1949.17
LN20437,AGT119,2026-03-01,12821.64,15,1,Responsive,Partial,6410.82
LN20438,AGT119,2026-03-01,16915.85,30,2,Responsive,Paid,16915.85
LN20439,AGT137,2026-03-01,81451.26,60,3,Responsive,Partial,40725.63
LN20440,AGT101,2026-03-01,16494.96,0,0,Responsive,Paid,16494.96
LN20441,AGT157,2026-03-01,24385.76,60,3,Promise To Pay,Partial,7315.73
LN20442,AGT158,2026-03-01,5095.61,0,0,No Answer,Paid,5095.61
LN20443,AGT113,2026-03-01,15358.26,0,0,Responsive,Paid,15358.26
LN20444,AGT113,2026-03-01,6359.52,15,1,No Answer,Unpaid,0.0
LN20445,AGT110,2026-03-01,3224.65,0,0,No Answer,Paid,3224.65
LN20446,AGT152,2026-03-01,71026.66,30,2,No Answer,Unpaid,0.0
LN20447,AGT122,2026-03-01,22345.67,0,0,No Answer,Paid,22345.67
LN20448,AGT117,2026-03-01,4823.25,0,0,Responsive,Paid,4823.25
LN20449,AGT135,2026-03-01,34028.69,30,2,Responsive,Paid,34028.69
LN20450,AGT138,2026-03-01,9265.87,60,3,Promise To Pay,Partial,2779.76
LN20451,AGT121,2026-03-01,45139.79,60,3,Responsive,Partial,22569.9
LN20452,AGT171,2026-03-01,2735.4,0,0,No Answer,Paid,2735.4
LN20453,AGT164,2026-03-01,12711.6,0,0,No Answer,Paid,12711.6
LN20454,AGT105,2026-03-01,4310.6,0,0,Responsive,Paid,4310.6
LN20455,AGT130,2026-03-01,13694.48,15,1,No Answer,Unpaid,0.0
LN20456,AGT151,2026-03-01,19280.91,30,2,Responsive,Partial,9640.45
LN20457,AGT102,2026-03-01,11027.07,0,0,Promise To Pay,Paid,11027.07
LN20458,AGT109,2026-03-01,14816.51,90,4,Responsive,Partial,7408.26
LN20459,AGT119,2026-03-01,21179.1,0,0,No Answer,Paid,21179.1
LN20460,AGT134,2026-03-01,9496.54,0,0,Responsive,Paid,9496.54
LN20461,AGT109,2026-03-01,1660.24,15,1,No Answer,Unpaid,0.0
LN20462,AGT102,2026-03-01,5394.72,0,0,No Answer,Paid,5394.72
LN20463,AGT138,2026-03-01,3948.4,0,0,Promise To Pay,Paid,3948.4
LN20464,AGT105,2026-03-01,3273.22,0,0,Promise To Pay,Paid,3273.22
LN20465,AGT112,2026-03-01,1410.89,0,0,No Answer,Paid,1410.89
LN20466,AGT151,2026-03-01,20888.73,0,0,Promise To Pay,Paid,20888.73
LN20467,AGT174,2026-03-01,15232.35,0,0,Responsive,Paid,15232.35
LN20468,AGT133,2026-03-01,3667.04,30,2,Responsive,Partial,1833.52
LN20469,AGT140,2026-03-01,1414.19,15,1,Responsive,Partial,707.1
LN20470,AGT164,2026-03-01,4203.59,0,0,Promise To Pay,Paid,4203.59
LN20471,AGT171,2026-03-01,17121.64,0,0,Responsive,Paid,17121.64
LN20472,AGT147,2026-03-01,86183.11,30,2,Promise To Pay,Partial,25854.93
LN20473,AGT166,2026-03-01,4210.01,0,0,No Answer,Paid,4210.01
LN20474,AGT144,2026-03-01,4456.27,0,0,Responsive,Paid,4456.27
LN20475,AGT144,2026-03-01,11156.18,15,1,Responsive,Partial,5578.09
LN20476,AGT111,2026-03-01,5782.94,0,0,Responsive,Paid,5782.94
LN20477,AGT160,2026-03-01,3155.84,0,0,Promise To Pay,Paid,3155.84
LN20478,AGT156,2026-03-01,11294.56,0,0,Responsive,Paid,11294.56
LN20479,AGT118,2026-03-01,8357.02,0,0,No Answer,Paid,8357.02
LN20480,AGT121,2026-03-01,32940.57,60,3,Responsive,Partial,16470.28
LN20481,AGT166,2026-03-01,9627.01,15,1,Promise To Pay,Partial,2888.1
LN20482,AGT169,2026-03-01,32021.1,30,2,Responsive,Paid,32021.1
LN20483,AGT142,2026-03-01,5840.35,0,0,Responsive,Paid,5840.35
LN20484,AGT161,2026-03-01,11329.38,15,1,Promise To Pay,Partial,3398.81
LN20485,AGT129,2026-03-01,4910.65,30,2,No Answer,Unpaid,0.0
LN20486,AGT174,2026-03-01,7724.01,30,2,No Answer,Unpaid,0.0
LN20487,AGT168,2026-03-01,5486.0,30,2,Promise To Pay,Partial,1645.8
LN20488,AGT143,2026-03-01,12957.7,30,2,Responsive,Partial,6478.85
LN20489,AGT150,2026-03-01,6216.63,0,0,Promise To Pay,Paid,6216.63
LN20490,AGT108,2026-03-01,6118.78,0,0,Responsive,Paid,6118.78
LN20491,AGT172,2026-03-01,6218.64,15,1,Responsive,Paid,6218.64
LN20492,AGT164,2026-03-01,13662.83,0,0,Promise To Pay,Paid,13662.83
LN20493,AGT149,2026-03-01,15929.13,15,1,No Answer,Unpaid,0.0
LN20494,AGT151,2026-03-01,42863.93,90,4,No Answer,Unpaid,0.0
LN20495,AGT142,2026-03-01,2972.01,30,2,Responsive,Partial,1486.01
LN20496,AGT117,2026-03-01,35242.38,0,0,Promise To Pay,Paid,35242.38
LN20497,AGT130,2026-03-01,24512.35,0,0,Promise To Pay,Paid,24512.35
LN20498,AGT127,2026-03-01,2422.27,0,0,Promise To Pay,Paid,2422.27
LN20499,AGT139,2026-03-01,5337.48,0,0,Responsive,Paid,5337.48
LN20500,AGT139,2026-03-01,5914.88,0,0,Promise To Pay,Paid,5914.88
LN20501,AGT112,2026-03-01,127001.15,60,3,Promise To Pay,Partial,38100.34
LN20502,AGT140,2026-03-01,7710.42,0,0,Responsive,Paid,7710.42
LN20503,AGT144,2026-03-01,10012.89,15,1,No Answer,Unpaid,0.0
LN20504,AGT147,2026-03-01,12387.64,0,0,Promise To Pay,Paid,12387.64
LN20505,AGT128,2026-03-01,72122.69,30,2,No Answer,Unpaid,0.0
LN20506,AGT145,2026-03-01,56529.15,90,4,No Answer,Unpaid,0.0
LN20507,AGT122,2026-03-01,9756.11,0,0,Responsive,Paid,9756.11
LN20508,AGT130,2026-03-01,3863.88,60,3,Responsive,Paid,3863.88
LN20509,AGT160,2026-03-01,5257.87,0,0,No Answer,Paid,5257.87
LN20510,AGT161,2026-03-01,96062.47,60,3,No Answer,Unpaid,0.0
LN20511,AGT128,2026-03-01,10035.8,30,2,Responsive,Paid,10035.8
LN20512,AGT162,2026-03-01,7529.16,30,2,Promise To Pay,Partial,2258.75
LN20513,AGT104,2026-03-01,7809.05,0,0,No Answer,Paid,7809.05
LN20514,AGT101,2026-03-01,16132.89,15,1,No Answer,Unpaid,0.0
LN20515,AGT134,2026-03-01,5927.82,0,0,Responsive,Paid,5927.82
LN20516,AGT122,2026-03-01,7178.83,15,1,No Answer,Unpaid,0.0
LN20517,AGT122,2026-03-01,21283.35,60,3,Promise To Pay,Partial,6385.0
LN20518,AGT128,2026-03-01,11937.95,15,1,Promise To Pay,Partial,3581.39
LN20519,AGT137,2026-03-01,20018.02,30,2,Promise To Pay,Partial,6005.41
LN20520,AGT123,2026-03-01,23104.41,0,0,Promise To Pay,Paid,23104.41
LN20521,AGT159,2026-03-01,11247.22,0,0,Responsive,Paid,11247.22
LN20522,AGT114,2026-03-01,9842.15,30,2,Responsive,Paid,9842.15
LN20523,AGT114,2026-03-01,21745.8,15,1,Responsive,Partial,10872.9
LN20524,AGT107,2026-03-01,11121.69,60,3,Responsive,Partial,5560.85
LN20525,AGT168,2026-03-01,1671.89,0,0,Promise To Pay,Paid,1671.89
LN20526,AGT167,2026-03-01,20534.76,15,1,Responsive,Paid,20534.76
LN20527,AGT113,2026-03-01,7392.71,30,2,Promise To Pay,Partial,2217.81
LN20528,AGT109,2026-03-01,12180.16,60,3,Promise To Pay,Partial,3654.05
LN20529,AGT165,2026-03-01,4321.21,0,0,No Answer,Paid,4321.21
LN20530,AGT104,2026-03-01,45933.38,15,1,Responsive,Paid,45933.38
LN20531,AGT104,2026-03-01,12534.45,15,1,Promise To Pay,Partial,3760.34
LN20532,AGT152,2026-03-01,15449.85,30,2,No Answer,Unpaid,0.0
LN20533,AGT140,2026-03-01,17984.42,30,2,Promise To Pay,Partial,5395.33
LN20534,AGT136,2026-03-01,27344.29,0,0,No Answer,Paid,27344.29
LN20535,AGT146,2026-03-01,22715.99,30,2,Promise To Pay,Partial,6814.8
LN20536,AGT110,2026-03-01,8918.98,0,0,Promise To Pay,Paid,8918.98
LN20537,AGT163,2026-03-01,6382.05,0,0,Responsive,Paid,6382.05
LN20538,AGT153,2026-03-01,3950.43,0,0,No Answer,Paid,3950.43
LN20539,AGT155,2026-03-01,1307.48,15,1,Promise To Pay,Partial,392.24
LN20540,AGT100,2026-03-01,44438.19,30,2,Responsive,Paid,44438.19
LN20541,AGT120,2026-03-01,10915.73,15,1,Promise To Pay,Partial,3274.72
LN20542,AGT144,2026-03-01,21326.24,0,0,No Answer,Paid,21326.24
LN20543,AGT170,2026-03-01,48183.26,0,0,Responsive,Paid,48183.26
LN20544,AGT156,2026-03-01,5916.45,30,2,No Answer,Unpaid,0.0
LN20545,AGT119,2026-03-01,49330.68,90,4,Responsive,Partial,24665.34
LN20546,AGT140,2026-03-01,12168.15,30,2,Promise To Pay,Partial,3650.44
LN20547,AGT130,2026-03-01,35411.25,0,0,Responsive,Paid,35411.25
LN20548,AGT147,2026-03-01,22968.75,30,2,No Answer,Unpaid,0.0
LN20549,AGT163,2026-03-01,7941.07,0,0,Promise To Pay,Paid,7941.07
LN20550,AGT162,2026-03-01,14533.65,30,2,No Answer,Unpaid,0.0
LN20551,AGT152,2026-03-01,12986.14,30,2,Promise To Pay,Partial,3895.84
LN20552,AGT158,2026-03-01,8090.35,15,1,No Answer,Unpaid,0.0
LN20553,AGT172,2026-03-01,8893.9,0,0,No Answer,Paid,8893.9
LN20554,AGT119,2026-03-01,7726.23,15,1,No Answer,Unpaid,0.0
LN20555,AGT172,2026-03-01,78055.83,30,2,No Answer,Unpaid,0.0
LN20556,AGT137,2026-03-01,1561.79,0,0,No Answer,Paid,1561.79
LN20557,AGT164,2026-03-01,28163.59,60,3,Promise To Pay,Partial,8449.08
LN20558,AGT104,2026-03-01,28622.87,30,2,No Answer,Unpaid,0.0
LN20559,AGT101,2026-03-01,9420.87,0,0,No Answer,Paid,9420.87
LN20560,AGT150,2026-03-01,5469.31,15,1,Responsive,Paid,5469.31
LN20561,AGT137,2026-03-01,13953.83,15,1,Responsive,Paid,13953.83
LN20562,AGT170,2026-03-01,18321.0,0,0,Promise To Pay,Paid,18321.0
LN20563,AGT112,2026-03-01,5739.68,15,1,Responsive,Paid,5739.68
LN20564,AGT130,2026-03-01,10714.24,15,1,No Answer,Unpaid,0.0
LN20565,AGT150,2026-03-01,8209.76,0,0,Promise To Pay,Paid,8209.76
LN20566,AGT167,2026-03-01,6040.0,30,2,Promise To Pay,Partial,1812.0
LN20567,AGT162,2026-03-01,31212.23,0,0,Promise To Pay,Paid,31212.23
LN20568,AGT124,2026-03-01,12656.14,15,1,Promise To Pay,Partial,3796.84
LN20569,AGT101,2026-03-01,1556.13,15,1,No Answer,Unpaid,0.0
LN20570,AGT138,2026-03-01,65654.72,30,2,No Answer,Unpaid,0.0
LN20571,AGT130,2026-03-01,5984.42,15,1,Promise To Pay,Partial,1795.33
LN20572,AGT152,2026-03-01,24536.95,30,2,No Answer,Unpaid,0.0
LN20573,AGT148,2026-03-01,27644.04,60,3,Responsive,Partial,13822.02
LN20574,AGT155,2026-03-01,12476.17,0,0,No Answer,Paid,12476.17
LN20575,AGT116,2026-03-01,11261.53,0,0,No Answer,Paid,11261.53
LN20576,AGT115,2026-03-01,27454.48,90,4,No Answer,Unpaid,0.0
LN20577,AGT137,2026-03-01,6361.13,0,0,Promise To Pay,Paid,6361.13
LN20578,AGT101,2026-03-01,14949.03,60,3,Promise To Pay,Partial,4484.71
LN20579,AGT170,2026-03-01,6303.65,0,0,Responsive,Paid,6303.65
LN20580,AGT143,2026-03-01,10466.82,15,1,Promise To Pay,Partial,3140.05
LN20581,AGT115,2026-03-01,6885.91,90,4,Promise To Pay,Partial,2065.77
LN20582,AGT104,2026-03-01,62400.7,90,4,No Answer,Unpaid,0.0
LN20583,AGT112,2026-03-01,19095.21,15,1,Promise To Pay,Partial,5728.56
LN20584,AGT124,2026-03-01,45530.5,60,3,Responsive,Paid,45530.5
LN20585,AGT154,2026-03-01,19239.18,15,1,Responsive,Partial,9619.59
LN20586,AGT172,2026-03-01,12303.27,0,0,No Answer,Paid,12303.27
LN20587,AGT124,2026-03-01,7159.27,30,2,No Answer,Unpaid,0.0
LN20588,AGT119,2026-03-01,7289.47,15,1,No Answer,Unpaid,0.0
LN20589,AGT157,2026-03-01,5169.04,15,1,Responsive,Paid,5169.04
LN20590,AGT174,2026-03-01,6502.93,0,0,Promise To Pay,Paid,6502.93
LN20591,AGT137,2026-03-01,5834.68,30,2,Promise To Pay,Partial,1750.4
LN20592,AGT159,2026-03-01,9036.15,0,0,Promise To Pay,Paid,9036.15
LN20593,AGT173,2026-03-01,14189.68,15,1,No Answer,Unpaid,0.0
LN20594,AGT116,2026-03-01,39023.41,90,4,Responsive,Partial,19511.71
LN20595,AGT122,2026-03-01,21892.63,30,2,No Answer,Unpaid,0.0
LN20596,AGT162,2026-03-01,26363.33,0,0,Promise To Pay,Paid,26363.33
LN20597,AGT107,2026-03-01,21040.09,90,4,Responsive,Paid,21040.09
LN20598,AGT125,2026-03-01,16089.25,30,2,Promise To Pay,Partial,4826.77
LN20599,AGT108,2026-03-01,15150.86,0,0,Promise To Pay,Paid,15150.86
LN20600,AGT153,2026-03-01,16634.01,15,1,Promise To Pay,Partial,4990.2
LN20601,AGT110,2026-03-01,90392.92,30,2,Responsive,Partial,45196.46
LN20602,AGT149,2026-03-01,12445.86,15,1,Responsive,Partial,6222.93
LN20603,AGT157,2026-03-01,4693.51,90,4,Promise To Pay,Partial,1408.05
LN20604,AGT152,2026-03-01,1201.29,0,0,Promise To Pay,Paid,1201.29
LN20605,AGT154,2026-03-01,15917.64,15,1,Promise To Pay,Partial,4775.29
LN20606,AGT128,2026-03-01,8929.86,0,0,Responsive,Paid,8929.86
LN20607,AGT108,2026-03-01,7474.2,15,1,Responsive,Paid,7474.2
LN20608,AGT165,2026-03-01,4616.2,30,2,Promise To Pay,Partial,1384.86
LN20609,AGT166,2026-03-01,77452.0,30,2,Promise To Pay,Partial,23235.6
LN20610,AGT102,2026-03-01,11878.45,60,3,No Answer,Unpaid,0.0
LN20611,AGT140,2026-03-01,10856.75,0,0,Responsive,Paid,10856.75
LN20612,AGT104,2026-03-01,10977.48,0,0,Responsive,Paid,10977.48
LN20613,AGT174,2026-03-01,7681.11,15,1,Responsive,Paid,7681.11
LN20614,AGT110,2026-03-01,13022.9,15,1,No Answer,Unpaid,0.0
LN20615,AGT150,2026-03-01,13238.52,30,2,Responsive,Partial,6619.26
LN20616,AGT138,2026-03-01,25397.83,30,2,No Answer,Unpaid,0.0
LN20617,AGT128,2026-03-01,12730.0,15,1,No Answer,Unpaid,0.0
LN20618,AGT141,2026-03-01,58853.62,15,1,Promise To Pay,Partial,17656.09
LN20619,AGT144,2026-03-01,7495.24,0,0,Responsive,Paid,7495.24
LN20620,AGT157,2026-03-01,4922.89,0,0,No Answer,Paid,4922.89
LN20621,AGT114,2026-03-01,4374.42,0,0,No Answer,Paid,4374.42
LN20622,AGT146,2026-03-01,15535.06,0,0,Responsive,Paid,15535.06
LN20623,AGT145,2026-03-01,32896.73,30,2,Responsive,Partial,16448.37
LN20624,AGT142,2026-03-01,30856.25,90,4,No Answer,Unpaid,0.0
LN20625,AGT156,2026-03-01,22065.38,0,0,Promise To Pay,Paid,22065.38
LN20626,AGT100,2026-03-01,5077.56,0,0,No Answer,Paid,5077.56
LN20627,AGT157,2026-03-01,2905.02,0,0,No Answer,Paid,2905.02
LN20628,AGT171,2026-03-01,22951.26,0,0,Responsive,Paid,22951.26
LN20629,AGT137,2026-03-01,25356.47,0,0,Promise To Pay,Paid,25356.47
LN20630,AGT118,2026-03-01,61092.79,90,4,Responsive,Paid,61092.79
LN20631,AGT140,2026-03-01,6447.97,15,1,Promise To Pay,Partial,1934.39
LN20632,AGT171,2026-03-01,3197.42,30,2,No Answer,Unpaid,0.0
LN20633,AGT118,2026-03-01,4493.67,0,0,Responsive,Paid,4493.67
LN20634,AGT129,2026-03-01,4273.84,0,0,Promise To Pay,Paid,4273.84
LN20635,AGT136,2026-03-01,13993.47,0,0,Responsive,Paid,13993.47
LN20636,AGT167,2026-03-01,8404.98,15,1,No Answer,Unpaid,0.0
LN20637,AGT111,2026-03-01,1063.15,15,1,Promise To Pay,Partial,318.94
LN20638,AGT172,2026-03-01,33725.72,90,4,Responsive,Partial,16862.86
LN20639,AGT164,2026-03-01,11579.17,0,0,No Answer,Paid,11579.17
LN20640,AGT164,2026-03-01,11424.48,15,1,No Answer,Unpaid,0.0
LN20641,AGT113,2026-03-01,28089.17,0,0,No Answer,Paid,28089.17
LN20642,AGT132,2026-03-01,41430.8,60,3,Responsive,Partial,20715.4
LN20643,AGT149,2026-03-01,13187.75,0,0,Promise To Pay,Paid,13187.75
LN20644,AGT155,2026-03-01,22176.42,15,1,Responsive,Paid,22176.42
LN20645,AGT149,2026-03-01,11906.41,30,2,Promise To Pay,Partial,3571.92
LN20646,AGT170,2026-03-01,53745.87,90,4,Promise To Pay,Partial,16123.76
LN20647,AGT114,2026-03-01,9690.07,0,0,No Answer,Paid,9690.07
LN20648,AGT102,2026-03-01,12066.37,0,0,Responsive,Paid,12066.37
LN20649,AGT122,2026-03-01,13667.13,0,0,Promise To Pay,Paid,13667.13
LN20650,AGT166,2026-03-01,10046.54,15,1,No Answer,Unpaid,0.0
LN20651,AGT114,2026-03-01,23122.57,0,0,No Answer,Paid,23122.57
LN20652,AGT132,2026-03-01,1885.72,15,1,No Answer,Unpaid,0.0
LN20653,AGT132,2026-03-01,5034.13,0,0,Promise To Pay,Paid,5034.13
LN20654,AGT119,2026-03-01,1312.04,0,0,Responsive,Paid,1312.04
LN20655,AGT126,2026-03-01,15195.99,30,2,Promise To Pay,Partial,4558.8
LN20656,AGT139,2026-03-01,2737.51,60,3,No Answer,Unpaid,0.0
LN20657,AGT106,2026-03-01,46098.71,15,1,Promise To Pay,Partial,13829.61
LN20658,AGT133,2026-03-01,4393.89,0,0,Promise To Pay,Paid,4393.89
LN20659,AGT155,2026-03-01,6267.84,0,0,Responsive,Paid,6267.84
LN20660,AGT104,2026-03-01,915.24,0,0,Responsive,Paid,915.24
LN20661,AGT126,2026-03-01,33595.37,30,2,Responsive,Paid,33595.37
LN20662,AGT110,2026-03-01,1718.98,0,0,Promise To Pay,Paid,1718.98
LN20663,AGT164,2026-03-01,18048.66,0,0,Responsive,Paid,18048.66
LN20664,AGT159,2026-03-01,6460.33,30,2,No Answer,Unpaid,0.0
LN20665,AGT137,2026-03-01,8607.29,0,0,No Answer,Paid,8607.29
LN20666,AGT100,2026-03-01,76469.28,90,4,Responsive,Partial,38234.64
LN20667,AGT154,2026-03-01,13617.23,0,0,Responsive,Paid,13617.23
LN20668,AGT143,2026-03-01,36764.1,60,3,No Answer,Unpaid,0.0
LN20669,AGT137,2026-03-01,30662.49,90,4,Responsive,Paid,30662.49
LN20670,AGT110,2026-03-01,8234.15,0,0,Responsive,Paid,8234.15
LN20671,AGT145,2026-03-01,93767.74,60,3,No Answer,Unpaid,0.0
LN20672,AGT107,2026-03-01,7385.18,0,0,No Answer,Paid,7385.18
LN20673,AGT151,2026-03-01,7677.73,0,0,Promise To Pay,Paid,7677.73
LN20674,AGT170,2026-03-01,46022.08,90,4,No Answer,Unpaid,0.0
LN20675,AGT101,2026-03-01,9416.47,0,0,No Answer,Paid,9416.47
LN20676,AGT103,2026-03-01,11992.17,0,0,No Answer,Paid,11992.17
LN20677,AGT120,2026-03-01,5472.24,15,1,Responsive,Paid,5472.24
LN20678,AGT107,2026-03-01,12602.31,30,2,Responsive,Paid,12602.31
LN20679,AGT101,2026-03-01,5787.01,0,0,Responsive,Paid,5787.01
LN20680,AGT159,2026-03-01,33439.77,30,2,Promise To Pay,Partial,10031.93
LN20681,AGT124,2026-03-01,12334.11,15,1,No Answer,Unpaid,0.0
LN20682,AGT170,2026-03-01,18178.02,60,3,Promise To Pay,Partial,5453.41
LN20683,AGT147,2026-03-01,42927.18,90,4,Responsive,Paid,42927.18
LN20684,AGT132,2026-03-01,10569.46,15,1,Responsive,Partial,5284.73
LN20685,AGT103,2026-03-01,8530.68,15,1,Promise To Pay,Partial,2559.2
LN20686,AGT166,2026-03-01,10098.48,0,0,Responsive,Paid,10098.48
LN20687,AGT162,2026-03-01,23739.42,0,0,Promise To Pay,Paid,23739.42
LN20688,AGT171,2026-03-01,3556.15,30,2,Responsive,Paid,3556.15
LN20689,AGT127,2026-03-01,5263.85,0,0,No Answer,Paid,5263.85
LN20690,AGT169,2026-03-01,8907.1,0,0,Promise To Pay,Paid,8907.1
LN20691,AGT111,2026-03-01,46215.67,0,0,Promise To Pay,Paid,46215.67
LN20692,AGT145,2026-03-01,22942.12,60,3,Promise To Pay,Partial,6882.64
LN20693,AGT108,2026-03-01,33394.35,0,0,Responsive,Paid,33394.35
LN20694,AGT158,2026-03-01,18055.26,30,2,Promise To Pay,Partial,5416.58
LN20695,AGT128,2026-03-01,31596.4,0,0,Promise To Pay,Paid,31596.4
LN20696,AGT153,2026-03-01,5622.78,0,0,Responsive,Paid,5622.78
LN20697,AGT124,2026-03-01,7739.11,0,0,Responsive,Paid,7739.11
LN20698,AGT111,2026-03-01,8419.13,30,2,No Answer,Unpaid,0.0
LN20699,AGT172,2026-03-01,93768.01,60,3,No Answer,Unpaid,0.0
LN20700,AGT147,2026-03-01,23876.2,90,4,No Answer,Unpaid,0.0
LN20701,AGT105,2026-03-01,15379.85,0,0,No Answer,Paid,15379.85
LN20702,AGT151,2026-03-01,8058.91,15,1,Responsive,Paid,8058.91
LN20703,AGT162,2026-03-01,19855.15,0,0,Promise To Pay,Paid,19855.15
LN20704,AGT116,2026-03-01,7757.02,15,1,No Answer,Unpaid,0.0
LN20705,AGT137,2026-03-01,4236.72,0,0,No Answer,Paid,4236.72
LN20706,AGT124,2026-03-01,1727.9,0,0,Promise To Pay,Paid,1727.9
LN20707,AGT168,2026-03-01,44877.45,30,2,Responsive,Partial,22438.72
LN20708,AGT168,2026-03-01,11518.46,30,2,Responsive,Paid,11518.46
LN20709,AGT143,2026-03-01,11164.59,0,0,No Answer,Paid,11164.59
LN20710,AGT148,2026-03-01,24662.32,90,4,Promise To Pay,Partial,7398.7
LN20711,AGT143,2026-03-01,13527.84,30,2,Promise To Pay,Partial,4058.35
LN20712,AGT161,2026-03-01,6974.54,0,0,Responsive,Paid,6974.54
LN20713,AGT112,2026-03-01,6989.69,0,0,Responsive,Paid,6989.69
LN20714,AGT124,2026-03-01,28684.34,30,2,Promise To Pay,Partial,8605.3
LN20715,AGT139,2026-03-01,9699.5,15,1,No Answer,Unpaid,0.0
LN20716,AGT122,2026-03-01,17480.57,0,0,No Answer,Paid,17480.57
LN20717,AGT135,2026-03-01,7957.53,15,1,Responsive,Partial,3978.76
LN20718,AGT110,2026-03-01,21794.33,30,2,Promise To Pay,Partial,6538.3
LN20719,AGT132,2026-03-01,32902.24,0,0,Responsive,Paid,32902.24
LN20720,AGT170,2026-03-01,21317.81,0,0,Responsive,Paid,21317.81
LN20721,AGT147,2026-03-01,11744.98,30,2,Responsive,Paid,11744.98
LN20722,AGT143,2026-03-01,4745.81,60,3,Promise To Pay,Partial,1423.74
LN20723,AGT114,2026-03-01,8155.48,15,1,Responsive,Partial,4077.74
LN20724,AGT158,2026-03-01,4358.21,15,1,Responsive,Partial,2179.11
LN20725,AGT129,2026-03-01,43289.17,15,1,No Answer,Unpaid,0.0
LN20726,AGT174,2026-03-01,7352.19,15,1,No Answer,Unpaid,0.0
LN20727,AGT143,2026-03-01,14952.57,15,1,Promise To Pay,Partial,4485.77
LN20728,AGT134,2026-03-01,15446.87,60,3,No Answer,Unpaid,0.0
LN20729,AGT115,2026-03-01,11016.17,30,2,Promise To Pay,Partial,3304.85
LN20730,AGT112,2026-03-01,1338.48,0,0,Responsive,Paid,1338.48
LN20731,AGT158,2026-03-01,9139.32,0,0,Responsive,Paid,9139.32
LN20732,AGT129,2026-03-01,3360.51,0,0,Promise To Pay,Paid,3360.51
LN20733,AGT139,2026-03-01,25927.44,60,3,No Answer,Unpaid,0.0
LN20734,AGT117,2026-03-01,8638.03,15,1,Responsive,Partial,4319.02
LN20735,AGT157,2026-03-01,69246.43,90,4,No Answer,Unpaid,0.0
LN20736,AGT139,2026-03-01,2111.57,15,1,Promise To Pay,Partial,633.47
LN20737,AGT158,2026-03-01,3714.95,15,1,Promise To Pay,Partial,1114.48
LN20738,AGT155,2026-03-01,4359.78,0,0,Promise To Pay,Paid,4359.78
LN20739,AGT166,2026-03-01,3478.6,60,3,Promise To Pay,Partial,1043.58
LN20740,AGT122,2026-03-01,9854.14,0,0,No Answer,Paid,9854.14
LN20741,AGT124,2026-03-01,24739.78,0,0,Promise To Pay,Paid,24739.78
LN20742,AGT135,2026-03-01,26470.55,30,2,Promise To Pay,Partial,7941.16
LN20743,AGT114,2026-03-01,4589.56,0,0,No Answer,Paid,4589.56
LN20744,AGT110,2026-03-01,13004.23,60,3,Promise To Pay,Partial,3901.27
LN20745,AGT123,2026-03-01,7924.74,15,1,No Answer,Unpaid,0.0
LN20746,AGT130,2026-03-01,23933.46,30,2,Promise To Pay,Partial,7180.04
LN20747,AGT174,2026-03-01,10816.58,15,1,No Answer,Unpaid,0.0
LN20748,AGT101,2026-03-01,26568.24,90,4,Responsive,Paid,26568.24
LN20749,AGT112,2026-03-01,19731.26,15,1,Responsive,Paid,19731.26
LN20750,AGT115,2026-03-01,8317.51,15,1,Responsive,Partial,4158.76
LN20751,AGT132,2026-03-01,13346.8,15,1,Promise To Pay,Partial,4004.04
LN20752,AGT159,2026-03-01,3287.84,0,0,Promise To Pay,Paid,3287.84
LN20753,AGT119,2026-03-01,27336.98,60,3,Promise To Pay,Partial,8201.09
LN20754,AGT139,2026-03-01,30787.74,30,2,Responsive,Paid,30787.74
LN20755,AGT165,2026-03-01,25606.27,90,4,No Answer,Unpaid,0.0
LN20756,AGT127,2026-03-01,6031.35,15,1,No Answer,Unpaid,0.0
LN20757,AGT131,2026-03-01,15311.41,0,0,No Answer,Paid,15311.41
LN20758,AGT110,2026-03-01,7422.72,0,0,Promise To Pay,Paid,7422.72
LN20759,AGT149,2026-03-01,49970.58,60,3,Promise To Pay,Partial,14991.17
LN20760,AGT156,2026-03-01,31072.54,60,3,No Answer,Unpaid,0.0
LN20761,AGT122,2026-03-01,2840.01,30,2,Promise To Pay,Partial,852.0
LN20762,AGT120,2026-03-01,93885.4,90,4,Promise To Pay,Partial,28165.62
LN20763,AGT141,2026-03-01,8489.26,15,1,Promise To Pay,Partial,2546.78
LN20764,AGT107,2026-03-01,12440.73,30,2,Responsive,Partial,6220.36
LN20765,AGT143,2026-03-01,47295.26,90,4,No Answer,Unpaid,0.0
LN20766,AGT167,2026-03-01,3736.91,15,1,Promise To Pay,Partial,1121.07
LN20767,AGT105,2026-03-01,1977.41,0,0,No Answer,Paid,1977.41
LN20768,AGT130,2026-03-01,11862.88,0,0,Promise To Pay,Paid,11862.88
LN20769,AGT140,2026-03-01,4853.22,15,1,No Answer,Unpaid,0.0
LN20770,AGT137,2026-03-01,7376.95,30,2,Promise To Pay,Partial,2213.09
LN20771,AGT107,2026-03-01,28629.73,15,1,No Answer,Unpaid,0.0
LN20772,AGT133,2026-03-01,42845.45,60,3,No Answer,Unpaid,0.0
LN20773,AGT116,2026-03-01,11779.32,60,3,Promise To Pay,Partial,3533.8
LN20774,AGT101,2026-03-01,41629.1,30,2,Responsive,Paid,41629.1
LN20775,AGT111,2026-03-01,6828.4,0,0,No Answer,Paid,6828.4
LN20776,AGT119,2026-03-01,21275.39,30,2,No Answer,Unpaid,0.0
LN20777,AGT153,2026-03-01,140935.31,90,4,Responsive,Paid,140935.31
LN20778,AGT149,2026-03-01,40666.49,60,3,Responsive,Paid,40666.49
LN20779,AGT117,2026-03-01,52725.41,90,4,Promise To Pay,Partial,15817.62
LN20780,AGT137,2026-03-01,17894.27,0,0,Responsive,Paid,17894.27
LN20781,AGT172,2026-03-01,8452.32,0,0,Promise To Pay,Paid,8452.32
LN20782,AGT128,2026-03-01,29667.6,30,2,No Answer,Unpaid,0.0
LN20783,AGT154,2026-03-01,5749.55,0,0,Promise To Pay,Paid,5749.55
LN20784,AGT171,2026-03-01,19611.89,90,4,Responsive,Partial,9805.94
LN20785,AGT165,2026-03-01,19103.97,15,1,Promise To Pay,Partial,5731.19
LN20786,AGT103,2026-03-01,28519.17,60,3,Responsive,Paid,28519.17
LN20787,AGT129,2026-03-01,7637.28,15,1,Promise To Pay,Partial,2291.18
LN20788,AGT171,2026-03-01,37306.4,60,3,Responsive,Partial,18653.2
LN20789,AGT119,2026-03-01,81117.33,30,2,No Answer,Unpaid,0.0
LN20790,AGT161,2026-03-01,8760.57,30,2,No Answer,Unpaid,0.0
LN20791,AGT135,2026-03-01,22066.04,30,2,No Answer,Unpaid,0.0
LN20792,AGT104,2026-03-01,17505.0,60,3,Responsive,Paid,17505.0
LN20793,AGT150,2026-03-01,8174.05,0,0,Promise To Pay,Paid,8174.05
LN20794,AGT112,2026-03-01,14778.26,15,1,Promise To Pay,Partial,4433.48
LN20795,AGT152,2026-03-01,8884.65,0,0,Responsive,Paid,8884.65
LN20796,AGT128,2026-03-01,36483.66,90,4,Promise To Pay,Partial,10945.1
LN20797,AGT150,2026-03-01,17651.86,15,1,No Answer,Unpaid,0.0
LN20798,AGT122,2026-03-01,6568.56,0,0,Responsive,Paid,6568.56
LN20799,AGT167,2026-03-01,19378.56,90,4,Responsive,Paid,19378.56
LN20800,AGT115,2026-03-01,13912.24,60,3,No Answer,Unpaid,0.0
LN20801,AGT168,2026-03-01,5962.99,0,0,Responsive,Paid,5962.99
LN20802,AGT126,2026-03-01,10203.2,30,2,Responsive,Partial,5101.6
LN20803,AGT138,2026-03-01,11296.94,30,2,No Answer,Unpaid,0.0
LN20804,AGT149,2026-03-01,19498.48,60,3,Promise To Pay,Partial,5849.54
LN20805,AGT134,2026-03-01,9564.54,0,0,Promise To Pay,Paid,9564.54
LN20806,AGT101,2026-03-01,15096.81,30,2,Responsive,Paid,15096.81
LN20807,AGT118,2026-03-01,9088.26,0,0,Promise To Pay,Paid,9088.26
LN20808,AGT120,2026-03-01,4764.98,0,0,No Answer,Paid,4764.98
LN20809,AGT163,2026-03-01,12082.86,15,1,No Answer,Unpaid,0.0
LN20810,AGT156,2026-03-01,8648.75,15,1,Promise To Pay,Partial,2594.62
LN20811,AGT135,2026-03-01,31245.16,15,1,Promise To Pay,Partial,9373.55
LN20812,AGT140,2026-03-01,6866.22,0,0,Responsive,Paid,6866.22
LN20813,AGT142,2026-03-01,1832.43,0,0,Responsive,Paid,1832.43
LN20814,AGT121,2026-03-01,4532.02,30,2,No Answer,Unpaid,0.0
LN20815,AGT124,2026-03-01,2160.7,0,0,Responsive,Paid,2160.7
LN20816,AGT112,2026-03-01,15545.33,30,2,Responsive,Partial,7772.66
LN20817,AGT133,2026-03-01,21296.68,15,1,Promise To Pay,Partial,6389.0
LN20818,AGT103,2026-03-01,14346.97,0,0,Promise To Pay,Paid,14346.97
LN20819,AGT108,2026-03-01,28460.0,60,3,No Answer,Unpaid,0.0
LN20820,AGT101,2026-03-01,18541.13,15,1,Promise To Pay,Partial,5562.34
LN20821,AGT129,2026-03-01,31013.57,90,4,No Answer,Unpaid,0.0
LN20822,AGT156,2026-03-01,11647.52,15,1,No Answer,Unpaid,0.0
LN20823,AGT115,2026-03-01,10943.72,0,0,No Answer,Paid,10943.72
LN20824,AGT166,2026-03-01,2198.56,0,0,No Answer,Paid,2198.56
LN20825,AGT144,2026-03-01,17141.74,30,2,No Answer,Unpaid,0.0
LN20826,AGT122,2026-03-01,9022.67,0,0,No Answer,Paid,9022.67
LN20827,AGT174,2026-03-01,15800.66,0,0,Promise To Pay,Paid,15800.66
LN20828,AGT101,2026-03-01,2519.4,0,0,Responsive,Paid,2519.4
LN20829,AGT131,2026-03-01,3949.62,0,0,Promise To Pay,Paid,3949.62
LN20830,AGT117,2026-03-01,14379.3,0,0,Responsive,Paid,14379.3
LN20831,AGT118,2026-03-01,19594.85,0,0,No Answer,Paid,19594.85
LN20832,AGT106,2026-03-01,7250.99,15,1,Responsive,Partial,3625.49
LN20833,AGT152,2026-03-01,5645.87,0,0,Promise To Pay,Paid,5645.87
LN20834,AGT135,2026-03-01,22115.25,15,1,Responsive,Partial,11057.62
LN20835,AGT102,2026-03-01,11054.89,15,1,Responsive,Partial,5527.44
LN20836,AGT173,2026-03-01,47588.08,90,4,No Answer,Unpaid,0.0
LN20837,AGT118,2026-03-01,14315.26,0,0,Promise To Pay,Paid,14315.26
LN20838,AGT151,2026-03-01,12943.02,0,0,No Answer,Paid,12943.02
LN20839,AGT141,2026-03-01,12947.82,0,0,No Answer,Paid,12947.82
LN20840,AGT145,2026-03-01,5330.19,15,1,Promise To Pay,Partial,1599.06
LN20841,AGT156,2026-03-01,10180.85,60,3,No Answer,Unpaid,0.0
LN20842,AGT168,2026-03-01,3930.13,0,0,Responsive,Paid,3930.13
LN20843,AGT168,2026-03-01,60233.84,30,2,Responsive,Partial,30116.92
LN20844,AGT104,2026-03-01,2499.73,0,0,Promise To Pay,Paid,2499.73
LN20845,AGT122,2026-03-01,18851.55,30,2,Promise To Pay,Partial,5655.46
LN20846,AGT119,2026-03-01,25758.83,30,2,Promise To Pay,Partial,7727.65
LN20847,AGT115,2026-03-01,53551.82,90,4,Responsive,Partial,26775.91
LN20848,AGT136,2026-03-01,2153.66,0,0,Promise To Pay,Paid,2153.66
LN20849,AGT118,2026-03-01,2147.89,15,1,Responsive,Paid,2147.89
LN20850,AGT163,2026-03-01,4388.29,0,0,Responsive,Paid,4388.29
LN20851,AGT118,2026-03-01,19187.52,30,2,Promise To Pay,Partial,5756.26
LN20852,AGT163,2026-03-01,72461.58,30,2,No Answer,Unpaid,0.0
LN20853,AGT126,2026-03-01,2266.25,30,2,Promise To Pay,Partial,679.88
LN20854,AGT150,2026-03-01,41307.86,0,0,Responsive,Paid,41307.86
LN20855,AGT172,2026-03-01,7640.24,30,2,Promise To Pay,Partial,2292.07
LN20856,AGT169,2026-03-01,3637.09,0,0,Responsive,Paid,3637.09
LN20857,AGT151,2026-03-01,11716.47,0,0,No Answer,Paid,11716.47
LN20858,AGT157,2026-03-01,9700.89,0,0,No Answer,Paid,9700.89
LN20859,AGT159,2026-03-01,2979.86,15,1,Responsive,Paid,2979.86
LN20860,AGT123,2026-03-01,18872.35,90,4,Responsive,Paid,18872.35
LN20861,AGT134,2026-03-01,14198.55,0,0,Promise To Pay,Paid,14198.55
LN20862,AGT147,2026-03-01,69328.53,90,4,Responsive,Paid,69328.53
LN20863,AGT147,2026-03-01,6328.51,0,0,Responsive,Paid,6328.51
LN20864,AGT168,2026-03-01,6863.31,15,1,Responsive,Paid,6863.31
LN20865,AGT135,2026-03-01,21453.61,30,2,No Answer,Unpaid,0.0
LN20866,AGT168,2026-03-01,7411.19,15,1,No Answer,Unpaid,0.0
LN20867,AGT145,2026-03-01,6337.77,0,0,Promise To Pay,Paid,6337.77
LN20868,AGT132,2026-03-01,6983.2,15,1,No Answer,Unpaid,0.0
LN20869,AGT114,2026-03-01,3733.12,15,1,Promise To Pay,Partial,1119.94
LN20870,AGT148,2026-03-01,42868.78,30,2,Responsive,Partial,21434.39
LN20871,AGT128,2026-03-01,13760.07,0,0,No Answer,Paid,13760.07
LN20872,AGT115,2026-03-01,8842.89,60,3,Responsive,Partial,4421.44
LN20873,AGT120,2026-03-01,6553.68,30,2,No Answer,Unpaid,0.0
LN20874,AGT101,2026-03-01,12931.39,15,1,No Answer,Unpaid,0.0
LN20875,AGT155,2026-03-01,35231.35,60,3,No Answer,Unpaid,0.0
LN20876,AGT137,2026-03-01,35852.26,15,1,Promise To Pay,Partial,10755.68
LN20877,AGT141,2026-03-01,8565.26,0,0,Promise To Pay,Paid,8565.26
LN20878,AGT142,2026-03-01,15248.42,0,0,Promise To Pay,Paid,15248.42
LN20879,AGT126,2026-03-01,26601.64,0,0,Responsive,Paid,26601.64
LN20880,AGT120,2026-03-01,12788.1,0,0,No Answer,Paid,12788.1
LN20881,AGT125,2026-03-01,5160.82,60,3,Promise To Pay,Partial,1548.25
LN20882,AGT152,2026-03-01,15378.37,15,1,No Answer,Unpaid,0.0
LN20883,AGT128,2026-03-01,12226.33,0,0,Promise To Pay,Paid,12226.33
LN20884,AGT168,2026-03-01,38563.7,60,3,Promise To Pay,Partial,11569.11
LN20885,AGT125,2026-03-01,11844.71,0,0,Responsive,Paid,11844.71
LN20886,AGT133,2026-03-01,34562.67,90,4,Promise To Pay,Partial,10368.8
LN20887,AGT142,2026-03-01,6242.67,30,2,Promise To Pay,Partial,1872.8
LN20888,AGT102,2026-03-01,7961.96,0,0,No Answer,Paid,7961.96
LN20889,AGT114,2026-03-01,1544.74,0,0,Responsive,Paid,1544.74
LN20890,AGT115,2026-03-01,21456.03,30,2,Responsive,Partial,10728.01
LN20891,AGT112,2026-03-01,16247.87,60,3,Promise To Pay,Partial,4874.36
LN20892,AGT144,2026-03-01,12849.5,0,0,Responsive,Paid,12849.5
LN20893,AGT150,2026-03-01,12811.42,0,0,No Answer,Paid,12811.42
LN20894,AGT163,2026-03-01,16348.06,60,3,Promise To Pay,Partial,4904.42
LN20895,AGT164,2026-03-01,3931.43,30,2,Promise To Pay,Partial,1179.43
LN20896,AGT123,2026-03-01,33178.18,30,2,No Answer,Unpaid,0.0
LN20897,AGT123,2026-03-01,10594.01,0,0,Responsive,Paid,10594.01
LN20898,AGT107,2026-03-01,25402.35,60,3,Responsive,Partial,12701.17
LN20899,AGT157,2026-03-01,34314.64,30,2,Responsive,Partial,17157.32
LN20900,AGT102,2026-03-01,5792.51,15,1,Responsive,Paid,5792.51
LN20901,AGT162,2026-03-01,8919.09,15,1,No Answer,Unpaid,0.0
LN20902,AGT133,2026-03-01,14208.77,0,0,No Answer,Paid,14208.77
LN20903,AGT141,2026-03-01,81168.14,30,2,No Answer,Unpaid,0.0
LN20904,AGT110,2026-03-01,10372.54,0,0,No Answer,Paid,10372.54
LN20905,AGT159,2026-03-01,23876.09,30,2,Responsive,Paid,23876.09
LN20906,AGT164,2026-03-01,10955.83,15,1,No Answer,Unpaid,0.0
LN20907,AGT160,2026-03-01,2481.32,0,0,No Answer,Paid,2481.32
LN20908,AGT121,2026-03-01,3891.24,0,0,Responsive,Paid,3891.24
LN20909,AGT165,2026-03-01,35387.97,90,4,Responsive,Paid,35387.97
LN20910,AGT160,2026-03-01,7507.83,0,0,No Answer,Paid,7507.83
LN20911,AGT111,2026-03-01,4235.2,15,1,Responsive,Paid,4235.2
LN20912,AGT151,2026-03-01,13002.62,60,3,No Answer,Unpaid,0.0
LN20913,AGT115,2026-03-01,19845.46,60,3,No Answer,Unpaid,0.0
LN20914,AGT101,2026-03-01,20891.62,30,2,Responsive,Paid,20891.62
LN20915,AGT147,2026-03-01,53562.71,0,0,No Answer,Paid,53562.71
LN20916,AGT115,2026-03-01,5469.24,0,0,Promise To Pay,Paid,5469.24
LN20917,AGT131,2026-03-01,35914.53,0,0,No Answer,Paid,35914.53
LN20918,AGT160,2026-03-01,4485.73,0,0,Promise To Pay,Paid,4485.73
LN20919,AGT147,2026-03-01,13652.37,60,3,Promise To Pay,Partial,4095.71
LN20920,AGT134,2026-03-01,17972.16,30,2,No Answer,Unpaid,0.0
LN20921,AGT126,2026-03-01,5341.29,0,0,Responsive,Paid,5341.29
LN20922,AGT106,2026-03-01,4954.05,0,0,Promise To Pay,Paid,4954.05
LN20923,AGT129,2026-03-01,16033.18,15,1,No Answer,Unpaid,0.0
LN20924,AGT112,2026-03-01,8162.88,0,0,Promise To Pay,Paid,8162.88
LN20925,AGT111,2026-03-01,34444.22,0,0,Responsive,Paid,34444.22
LN20926,AGT129,2026-03-01,7098.91,60,3,Responsive,Paid,7098.91
LN20927,AGT120,2026-03-01,17670.08,30,2,Responsive,Paid,17670.08
LN20928,AGT108,2026-03-01,24236.48,30,2,Responsive,Partial,12118.24
LN20929,AGT129,2026-03-01,14695.1,30,2,Responsive,Paid,14695.1
LN20930,AGT161,2026-03-01,4958.56,0,0,Responsive,Paid,4958.56
LN20931,AGT101,2026-03-01,63570.14,60,3,Responsive,Partial,31785.07
LN20932,AGT168,2026-03-01,21178.93,90,4,Responsive,Partial,10589.47
LN20933,AGT105,2026-03-01,6706.83,0,0,Responsive,Paid,6706.83
LN20934,AGT129,2026-03-01,21982.0,90,4,Promise To Pay,Partial,6594.6
LN20935,AGT107,2026-03-01,11199.63,15,1,Responsive,Partial,5599.81
LN20936,AGT123,2026-03-01,4109.01,0,0,Promise To Pay,Paid,4109.01
LN20937,AGT160,2026-03-01,14592.83,15,1,Promise To Pay,Partial,4377.85
LN20938,AGT162,2026-03-01,17623.46,30,2,Responsive,Partial,8811.73
LN20939,AGT168,2026-03-01,73989.2,90,4,No Answer,Unpaid,0.0
LN20940,AGT165,2026-03-01,9167.68,0,0,Responsive,Paid,9167.68
LN20941,AGT147,2026-03-01,7602.75,90,4,Promise To Pay,Partial,2280.82
LN20942,AGT141,2026-03-01,22131.09,30,2,Promise To Pay,Partial,6639.33
LN20943,AGT109,2026-03-01,27237.17,15,1,Responsive,Paid,27237.17
LN20944,AGT173,2026-03-01,17010.06,90,4,Promise To Pay,Partial,5103.02
LN20945,AGT130,2026-03-01,7784.22,15,1,Responsive,Partial,3892.11
LN20946,AGT117,2026-03-01,30054.27,0,0,Responsive,Paid,30054.27
LN20947,AGT173,2026-03-01,4054.71,0,0,Promise To Pay,Paid,4054.71
LN20948,AGT136,2026-03-01,43555.34,30,2,Promise To Pay,Partial,13066.6
LN20949,AGT149,2026-03-01,4495.97,30,2,Responsive,Paid,4495.97
LN20950,AGT136,2026-03-01,29034.79,30,2,Responsive,Partial,14517.4
LN20951,AGT127,2026-03-01,8560.65,15,1,Responsive,Paid,8560.65
LN20952,AGT119,2026-03-01,5639.26,0,0,Promise To Pay,Paid,5639.26
LN20953,AGT145,2026-03-01,13284.95,0,0,No Answer,Paid,13284.95
LN20954,AGT113,2026-03-01,15949.9,30,2,Promise To Pay,Partial,4784.97
LN20955,AGT162,2026-03-01,13561.55,15,1,No Answer,Unpaid,0.0
LN20956,AGT157,2026-03-01,7509.77,15,1,No Answer,Unpaid,0.0
LN20957,AGT154,2026-03-01,4582.05,30,2,Promise To Pay,Partial,1374.62
LN20958,AGT136,2026-03-01,49419.95,90,4,Responsive,Partial,24709.97
LN20959,AGT162,2026-03-01,30505.55,15,1,No Answer,Unpaid,0.0
LN20960,AGT113,2026-03-01,8129.62,0,0,No Answer,Paid,8129.62
LN20961,AGT151,2026-03-01,2610.52,0,0,No Answer,Paid,2610.52
LN20962,AGT104,2026-03-01,4791.92,30,2,Responsive,Partial,2395.96
LN20963,AGT111,2026-03-01,6396.9,15,1,Responsive,Paid,6396.9
LN20964,AGT126,2026-03-01,31217.05,90,4,Promise To Pay,Partial,9365.11
LN20965,AGT108,2026-03-01,6607.84,0,0,Responsive,Paid,6607.84
LN20966,AGT108,2026-03-01,5644.21,0,0,No Answer,Paid,5644.21
LN20967,AGT156,2026-03-01,5688.53,15,1,No Answer,Unpaid,0.0
LN20968,AGT109,2026-03-01,33040.41,15,1,No Answer,Unpaid,0.0
LN20969,AGT136,2026-03-01,31153.01,0,0,Responsive,Paid,31153.01
LN20970,AGT151,2026-03-01,4906.57,15,1,Promise To Pay,Partial,1471.97
LN20971,AGT159,2026-03-01,16515.7,15,1,Promise To Pay,Partial,4954.71
LN20972,AGT135,2026-03-01,7942.87,15,1,No Answer,Unpaid,0.0
LN20973,AGT150,2026-03-01,17368.66,0,0,Responsive,Paid,17368.66
LN20974,AGT106,2026-03-01,26178.34,0,0,Responsive,Paid,26178.34
LN20975,AGT130,2026-03-01,7453.52,0,0,Promise To Pay,Paid,7453.52
LN20976,AGT126,2026-03-01,47137.44,30,2,No Answer,Unpaid,0.0
LN20977,AGT113,2026-03-01,15281.38,0,0,No Answer,Paid,15281.38
LN20978,AGT169,2026-03-01,11169.66,0,0,No Answer,Paid,11169.66
LN20979,AGT149,2026-03-01,9689.16,0,0,Responsive,Paid,9689.16
LN20980,AGT140,2026-03-01,93849.68,60,3,Promise To Pay,Partial,28154.9
LN20981,AGT150,2026-03-01,98199.14,90,4,No Answer,Unpaid,0.0
LN20982,AGT140,2026-03-01,16420.08,15,1,Promise To Pay,Partial,4926.02
LN20983,AGT169,2026-03-01,4853.36,0,0,No Answer,Paid,4853.36
LN20984,AGT127,2026-03-01,6891.43,0,0,Responsive,Paid,6891.43
LN20985,AGT149,2026-03-01,18448.74,0,0,No Answer,Paid,18448.74
LN20986,AGT134,2026-03-01,6779.27,0,0,No Answer,Paid,6779.27
LN20987,AGT129,2026-03-01,16754.52,0,0,No Answer,Paid,16754.52
LN20988,AGT132,2026-03-01,18352.12,15,1,No Answer,Unpaid,0.0
LN20989,AGT100,2026-03-01,26120.59,0,0,No Answer,Paid,26120.59
LN20990,AGT164,2026-03-01,78291.14,30,2,Promise To Pay,Partial,23487.34
LN20991,AGT137,2026-03-01,1225.35,15,1,Promise To Pay,Partial,367.6
LN20992,AGT168,2026-03-01,104386.5,60,3,No Answer,Unpaid,0.0
LN20993,AGT108,2026-03-01,16782.69,0,0,No Answer,Paid,16782.69
LN20994,AGT141,2026-03-01,29987.19,15,1,Responsive,Partial,14993.59
LN20995,AGT151,2026-03-01,16297.09,60,3,No Answer,Unpaid,0.0
LN20996,AGT145,2026-03-01,3350.04,0,0,Promise To Pay,Paid,3350.04
LN20997,AGT105,2026-03-01,48457.71,90,4,Promise To Pay,Partial,14537.31
LN20998,AGT149,2026-03-01,13181.8,30,2,No Answer,Unpaid,0.0
LN20999,AGT125,2026-03-01,42584.8,30,2,Responsive,Partial,21292.4
LN21000,AGT148,2026-03-01,8453.67,30,2,Promise To Pay,Partial,2536.1
LN21001,AGT167,2026-03-01,11237.37,15,1,Promise To Pay,Partial,3371.21
LN21002,AGT138,2026-03-01,15193.99,0,0,Responsive,Paid,15193.99
LN21003,AGT134,2026-03-01,12696.21,15,1,Responsive,Paid,12696.21
LN21004,AGT115,2026-03-01,5058.77,15,1,Responsive,Paid,5058.77
LN21005,AGT124,2026-03-01,15273.11,0,0,No Answer,Paid,15273.11
LN21006,AGT152,2026-03-01,19118.74,0,0,Responsive,Paid,19118.74
LN21007,AGT119,2026-03-01,43386.66,0,0,No Answer,Paid,43386.66
LN21008,AGT107,2026-03-01,17639.25,30,2,No Answer,Unpaid,0.0
LN21009,AGT128,2026-03-01,14136.32,0,0,No Answer,Paid,14136.32
LN21010,AGT130,2026-03-01,39180.63,0,0,Responsive,Paid,39180.63
LN21011,AGT153,2026-03-01,24896.21,90,4,No Answer,Unpaid,0.0
LN21012,AGT133,2026-03-01,3339.49,30,2,No Answer,Unpaid,0.0
LN21013,AGT144,2026-03-01,2491.8,30,2,No Answer,Unpaid,0.0
LN21014,AGT167,2026-03-01,11727.58,0,0,Responsive,Paid,11727.58
LN21015,AGT136,2026-03-01,14242.55,15,1,No Answer,Unpaid,0.0
LN21016,AGT138,2026-03-01,40545.56,60,3,Responsive,Partial,20272.78
LN21017,AGT163,2026-03-01,4130.49,0,0,No Answer,Paid,4130.49
LN21018,AGT144,2026-03-01,3119.93,15,1,Promise To Pay,Partial,935.98
LN21019,AGT151,2026-03-01,8214.31,15,1,Promise To Pay,Partial,2464.29
LN21020,AGT108,2026-03-01,32816.11,30,2,No Answer,Unpaid,0.0
LN21021,AGT152,2026-03-01,7497.46,0,0,Promise To Pay,Paid,7497.46
LN21022,AGT141,2026-03-01,14470.44,60,3,Promise To Pay,Partial,4341.13
LN21023,AGT130,2026-03-01,23309.89,30,2,No Answer,Unpaid,0.0
LN21024,AGT154,2026-03-01,6584.81,30,2,Responsive,Partial,3292.41
LN21025,AGT142,2026-03-01,60731.67,90,4,Responsive,Paid,60731.67
LN21026,AGT133,2026-03-01,7504.48,0,0,Responsive,Paid,7504.48
LN21027,AGT156,2026-03-01,38817.42,60,3,Responsive,Partial,19408.71
LN21028,AGT164,2026-03-01,9546.05,15,1,Responsive,Paid,9546.05
LN21029,AGT149,2026-03-01,12327.13,0,0,No Answer,Paid,12327.13
LN21030,AGT145,2026-03-01,12442.92,15,1,No Answer,Unpaid,0.0
LN21031,AGT172,2026-03-01,11000.72,0,0,No Answer,Paid,11000.72
LN21032,AGT169,2026-03-01,1643.33,0,0,Responsive,Paid,1643.33
LN21033,AGT111,2026-03-01,21687.59,30,2,Promise To Pay,Partial,6506.28
LN21034,AGT147,2026-03-01,3116.57,60,3,Promise To Pay,Partial,934.97
LN21035,AGT141,2026-03-01,1466.81,0,0,Responsive,Paid,1466.81
LN21036,AGT167,2026-03-01,8041.62,0,0,Responsive,Paid,8041.62
LN21037,AGT100,2026-03-01,115595.36,90,4,Responsive,Paid,115595.36
LN21038,AGT131,2026-03-01,13409.73,0,0,Responsive,Paid,13409.73
LN21039,AGT113,2026-03-01,106091.25,90,4,Promise To Pay,Partial,31827.38
LN21040,AGT116,2026-03-01,87822.66,90,4,Promise To Pay,Partial,26346.8
LN21041,AGT165,2026-03-01,23515.16,90,4,No Answer,Unpaid,0.0
LN21042,AGT105,2026-03-01,26632.74,30,2,Responsive,Partial,13316.37
LN21043,AGT110,2026-03-01,21085.56,30,2,Promise To Pay,Partial,6325.67
LN21044,AGT129,2026-03-01,7116.2,30,2,Responsive,Partial,3558.1
LN21045,AGT145,2026-03-01,2406.3,0,0,Responsive,Paid,2406.3
LN21046,AGT134,2026-03-01,4753.72,0,0,No Answer,Paid,4753.72
LN21047,AGT167,2026-03-01,25742.28,90,4,No Answer,Unpaid,0.0
LN21048,AGT102,2026-03-01,14056.47,60,3,No Answer,Unpaid,0.0
LN21049,AGT149,2026-03-01,74872.21,30,2,No Answer,Unpaid,0.0
LN21050,AGT122,2026-03-01,21942.81,60,3,Responsive,Paid,21942.81
LN21051,AGT162,2026-03-01,10624.62,0,0,Responsive,Paid,10624.62
LN21052,AGT173,2026-03-01,25242.23,30,2,No Answer,Unpaid,0.0
LN21053,AGT106,2026-03-01,16778.83,0,0,Promise To Pay,Paid,16778.83
LN21054,AGT147,2026-03-01,4153.41,0,0,No Answer,Paid,4153.41
LN21055,AGT130,2026-03-01,37864.93,90,4,Responsive,Paid,37864.93
LN21056,AGT127,2026-03-01,6363.43,30,2,Promise To Pay,Partial,1909.03
LN21057,AGT158,2026-03-01,2019.76,0,0,Promise To Pay,Paid,2019.76
LN21058,AGT104,2026-03-01,9906.6,0,0,Responsive,Paid,9906.6
LN21059,AGT171,2026-03-01,14655.05,60,3,No Answer,Unpaid,0.0
LN21060,AGT106,2026-03-01,1679.3,0,0,Responsive,Paid,1679.3
LN21061,AGT100,2026-03-01,10188.24,0,0,Promise To Pay,Paid,10188.24
LN21062,AGT122,2026-03-01,46413.59,15,1,Responsive,Paid,46413.59
LN21063,AGT143,2026-03-01,6007.52,15,1,Responsive,Paid,6007.52
LN21064,AGT130,2026-03-01,5549.33,0,0,Promise To Pay,Paid,5549.33
LN21065,AGT146,2026-03-01,3424.16,60,3,No Answer,Unpaid,0.0
LN21066,AGT153,2026-03-01,2929.44,15,1,Responsive,Paid,2929.44
LN21067,AGT135,2026-03-01,49796.61,90,4,No Answer,Unpaid,0.0
LN21068,AGT115,2026-03-01,19459.02,60,3,Responsive,Paid,19459.02
LN21069,AGT121,2026-03-01,37833.48,15,1,No Answer,Unpaid,0.0
LN21070,AGT162,2026-03-01,4893.4,15,1,Responsive,Paid,4893.4
LN21071,AGT168,2026-03-01,2356.15,0,0,Responsive,Paid,2356.15
LN21072,AGT168,2026-03-01,11897.47,0,0,Promise To Pay,Paid,11897.47
LN21073,AGT120,2026-03-01,4127.09,15,1,No Answer,Unpaid,0.0
LN21074,AGT113,2026-03-01,41445.48,0,0,Responsive,Paid,41445.48
LN21075,AGT157,2026-03-01,22545.26,90,4,Responsive,Partial,11272.63
LN21076,AGT137,2026-03-01,38825.65,0,0,Responsive,Paid,38825.65
LN21077,AGT146,2026-03-01,15184.06,30,2,Responsive,Partial,7592.03
LN21078,AGT167,2026-03-01,32317.68,60,3,Responsive,Paid,32317.68
LN21079,AGT173,2026-03-01,13382.7,0,0,Promise To Pay,Paid,13382.7
LN21080,AGT128,2026-03-01,1468.85,0,0,No Answer,Paid,1468.85
LN21081,AGT158,2026-03-01,4262.27,0,0,Responsive,Paid,4262.27
LN21082,AGT148,2026-03-01,36921.85,15,1,Promise To Pay,Partial,11076.55
LN21083,AGT116,2026-03-01,11719.67,0,0,Responsive,Paid,11719.67
LN21084,AGT144,2026-03-01,5287.31,15,1,No Answer,Unpaid,0.0
LN21085,AGT100,2026-03-01,26057.27,0,0,No Answer,Paid,26057.27
LN21086,AGT153,2026-03-01,11294.15,0,0,Responsive,Paid,11294.15
LN21087,AGT136,2026-03-01,5450.22,0,0,No Answer,Paid,5450.22
LN21088,AGT130,2026-03-01,29564.33,30,2,Promise To Pay,Partial,8869.3
LN21089,AGT147,2026-03-01,21796.25,0,0,No Answer,Paid,21796.25
LN21090,AGT160,2026-03-01,7180.0,0,0,Promise To Pay,Paid,7180.0
LN21091,AGT132,2026-03-01,10379.14,30,2,No Answer,Unpaid,0.0
LN21092,AGT118,2026-03-01,6215.74,15,1,Promise To Pay,Partial,1864.72
LN21093,AGT128,2026-03-01,27901.05,90,4,Responsive,Partial,13950.52
LN21094,AGT105,2026-03-01,10333.02,0,0,Responsive,Paid,10333.02
LN21095,AGT121,2026-03-01,4040.42,0,0,No Answer,Paid,4040.42
LN21096,AGT157,2026-03-01,29023.23,60,3,Promise To Pay,Partial,8706.97
LN21097,AGT122,2026-03-01,12373.1,60,3,Promise To Pay,Partial,3711.93
LN21098,AGT157,2026-03-01,72227.3,30,2,Responsive,Paid,72227.3
LN21099,AGT174,2026-03-01,9334.77,0,0,Responsive,Paid,9334.77
LN21100,AGT127,2026-03-01,9243.49,0,0,Responsive,Paid,9243.49
LN21101,AGT104,2026-03-01,3405.32,0,0,Responsive,Paid,3405.32
LN21102,AGT150,2026-03-01,23991.63,60,3,No Answer,Unpaid,0.0
LN21103,AGT172,2026-03-01,4141.18,15,1,Promise To Pay,Partial,1242.35
LN21104,AGT125,2026-03-01,8703.97,15,1,No Answer,Unpaid,0.0
LN21105,AGT118,2026-03-01,63538.79,60,3,Promise To Pay,Partial,19061.64
LN21106,AGT153,2026-03-01,6620.41,0,0,Promise To Pay,Paid,6620.41
LN21107,AGT124,2026-03-01,11222.58,0,0,Promise To Pay,Paid,11222.58
LN21108,AGT148,2026-03-01,8868.84,0,0,Responsive,Paid,8868.84
LN21109,AGT117,2026-03-01,14675.14,0,0,Responsive,Paid,14675.14
LN21110,AGT152,2026-03-01,4612.85,0,0,Responsive,Paid,4612.85
LN21111,AGT119,2026-03-01,1643.5,0,0,Responsive,Paid,1643.5
LN21112,AGT108,2026-03-01,40280.02,60,3,Responsive,Paid,40280.02
LN21113,AGT146,2026-03-01,5739.65,0,0,Promise To Pay,Paid,5739.65
LN21114,AGT114,2026-03-01,9223.29,0,0,Responsive,Paid,9223.29
LN21115,AGT150,2026-03-01,34318.24,15,1,No Answer,Unpaid,0.0
LN21116,AGT157,2026-03-01,3988.6,0,0,Responsive,Paid,3988.6
LN21117,AGT111,2026-03-01,1294.02,15,1,No Answer,Unpaid,0.0
LN21118,AGT156,2026-03-01,17505.98,0,0,Responsive,Paid,17505.98
LN21119,AGT124,2026-03-01,5769.14,0,0,Promise To Pay,Paid,5769.14
LN21120,AGT110,2026-03-01,1373.6,15,1,Promise To Pay,Partial,412.08
LN21121,AGT113,2026-03-01,42139.05,90,4,Responsive,Partial,21069.53
LN21122,AGT126,2026-03-01,6538.75,0,0,Responsive,Paid,6538.75
LN21123,AGT161,2026-03-01,10327.86,30,2,Promise To Pay,Partial,3098.36
LN21124,AGT146,2026-03-01,4529.39,0,0,Responsive,Paid,4529.39
LN21125,AGT138,2026-03-01,124919.67,90,4,No Answer,Unpaid,0.0
LN21126,AGT127,2026-03-01,2795.7,15,1,No Answer,Unpaid,0.0
LN21127,AGT167,2026-03-01,10484.36,0,0,No Answer,Paid,10484.36
LN21128,AGT120,2026-03-01,32173.7,15,1,Responsive,Partial,16086.85
LN21129,AGT138,2026-03-01,12707.6,0,0,No Answer,Paid,12707.6
LN21130,AGT161,2026-03-01,20729.99,60,3,Promise To Pay,Partial,6219.0
LN21131,AGT116,2026-03-01,62146.13,60,3,No Answer,Unpaid,0.0
LN21132,AGT114,2026-03-01,21907.62,0,0,Responsive,Paid,21907.62
LN21133,AGT136,2026-03-01,6143.14,15,1,Responsive,Partial,3071.57
LN21134,AGT126,2026-03-01,19973.62,30,2,Promise To Pay,Partial,5992.09
LN21135,AGT172,2026-03-01,3934.33,30,2,Responsive,Paid,3934.33
LN21136,AGT151,2026-03-01,24545.45,30,2,Promise To Pay,Partial,7363.64
LN21137,AGT102,2026-03-01,19000.86,30,2,Promise To Pay,Partial,5700.26
LN21138,AGT137,2026-03-01,7836.74,0,0,Responsive,Paid,7836.74
LN21139,AGT115,2026-03-01,7322.11,30,2,No Answer,Unpaid,0.0
LN21140,AGT102,2026-03-01,33400.59,60,3,Responsive,Partial,16700.29
LN21141,AGT160,2026-03-01,12043.67,60,3,Responsive,Partial,6021.84
LN21142,AGT116,2026-03-01,13040.05,0,0,Responsive,Paid,13040.05
LN21143,AGT139,2026-03-01,13061.1,0,0,Responsive,Paid,13061.1
LN21144,AGT122,2026-03-01,15495.89,30,2,Responsive,Paid,15495.89
LN21145,AGT166,2026-03-01,3719.29,90,4,Responsive,Paid,3719.29
LN21146,AGT161,2026-03-01,42430.62,0,0,No Answer,Paid,42430.62
LN21147,AGT109,2026-03-01,9057.23,30,2,Promise To Pay,Partial,2717.17
LN21148,AGT157,2026-03-01,46465.91,30,2,No Answer,Unpaid,0.0
LN21149,AGT173,2026-03-01,48768.01,0,0,Responsive,Paid,48768.01
LN21150,AGT136,2026-03-01,16717.36,30,2,Responsive,Paid,16717.36
LN21151,AGT123,2026-03-01,2389.51,15,1,Responsive,Partial,1194.76
LN21152,AGT150,2026-03-01,9110.89,15,1,No Answer,Unpaid,0.0
LN21153,AGT101,2026-03-01,19364.9,30,2,Responsive,Paid,19364.9
LN21154,AGT112,2026-03-01,11519.51,15,1,Responsive,Partial,5759.76
LN21155,AGT172,2026-03-01,39239.59,90,4,Promise To Pay,Partial,11771.88
LN21156,AGT104,2026-03-01,8624.14,0,0,Responsive,Paid,8624.14
LN21157,AGT102,2026-03-01,4149.39,0,0,Promise To Pay,Paid,4149.39
LN21158,AGT134,2026-03-01,15134.42,15,1,Promise To Pay,Partial,4540.33
LN21159,AGT131,2026-03-01,25126.54,30,2,Promise To Pay,Partial,7537.96
LN21160,AGT140,2026-03-01,6548.88,0,0,Promise To Pay,Paid,6548.88
LN21161,AGT148,2026-03-01,13177.35,0,0,Responsive,Paid,13177.35
LN21162,AGT139,2026-03-01,20481.35,15,1,Responsive,Paid,20481.35
LN21163,AGT112,2026-03-01,29528.99,30,2,No Answer,Unpaid,0.0
LN21164,AGT124,2026-03-01,11202.41,30,2,Responsive,Paid,11202.41
LN21165,AGT139,2026-03-01,21935.54,0,0,Promise To Pay,Paid,21935.54
LN21166,AGT127,2026-03-01,5989.58,15,1,Promise To Pay,Partial,1796.87
LN21167,AGT169,2026-03-01,13979.24,15,1,Responsive,Partial,6989.62
LN21168,AGT167,2026-03-01,11500.96,0,0,Promise To Pay,Paid,11500.96
LN21169,AGT116,2026-03-01,8992.49,60,3,Responsive,Paid,8992.49
LN21170,AGT131,2026-03-01,4427.37,0,0,Promise To Pay,Paid,4427.37
LN21171,AGT136,2026-03-01,24244.33,30,2,Promise To Pay,Partial,7273.3
LN21172,AGT144,2026-03-01,16776.09,60,3,No Answer,Unpaid,0.0
LN21173,AGT120,2026-03-01,6731.32,0,0,No Answer,Paid,6731.32
LN21174,AGT105,2026-03-01,24710.98,60,3,Promise To Pay,Partial,7413.29
LN21175,AGT107,2026-03-01,18919.31,90,4,Responsive,Paid,18919.31
LN21176,AGT169,2026-03-01,10535.79,0,0,No Answer,Paid,10535.79
LN21177,AGT104,2026-03-01,47353.69,30,2,Promise To Pay,Partial,14206.11
LN21178,AGT167,2026-03-01,5778.47,60,3,Responsive,Partial,2889.24
LN21179,AGT143,2026-03-01,4795.22,15,1,Promise To Pay,Partial,1438.57
LN21180,AGT170,2026-03-01,26630.62,30,2,Responsive,Partial,13315.31
LN21181,AGT157,2026-03-01,6203.7,0,0,Responsive,Paid,6203.7
LN21182,AGT107,2026-03-01,6593.37,15,1,Responsive,Paid,6593.37
LN21183,AGT157,2026-03-01,9033.28,0,0,Promise To Pay,Paid,9033.28
LN21184,AGT151,2026-03-01,49710.95,60,3,Responsive,Partial,24855.47
LN21185,AGT174,2026-03-01,6826.4,15,1,Responsive,Paid,6826.4
LN21186,AGT117,2026-03-01,59173.99,30,2,Promise To Pay,Partial,17752.2
LN21187,AGT167,2026-03-01,16794.56,15,1,Responsive,Paid,16794.56
LN21188,AGT135,2026-03-01,24068.32,30,2,Responsive,Partial,12034.16
LN21189,AGT122,2026-03-01,16664.83,0,0,Promise To Pay,Paid,16664.83
LN21190,AGT126,2026-03-01,24649.11,15,1,No Answer,Unpaid,0.0
LN21191,AGT171,2026-03-01,14962.63,0,0,Responsive,Paid,14962.63
LN21192,AGT127,2026-03-01,64054.75,90,4,Responsive,Partial,32027.38
LN21193,AGT104,2026-03-01,9033.87,0,0,Promise To Pay,Paid,9033.87
LN21194,AGT113,2026-03-01,33380.74,30,2,No Answer,Unpaid,0.0
LN21195,AGT166,2026-03-01,3975.82,90,4,No Answer,Unpaid,0.0
LN21196,AGT100,2026-03-01,11928.16,0,0,No Answer,Paid,11928.16
LN21197,AGT133,2026-03-01,11426.11,0,0,Promise To Pay,Paid,11426.11
LN21198,AGT172,2026-03-01,16418.86,90,4,Responsive,Paid,16418.86
LN21199,AGT130,2026-03-01,4396.61,0,0,Promise To Pay,Paid,4396.61
LN21200,AGT116,2026-03-01,25074.23,0,0,Promise To Pay,Paid,25074.23
LN21201,AGT162,2026-03-01,1667.73,0,0,No Answer,Paid,1667.73
LN21202,AGT126,2026-03-01,29938.61,0,0,Responsive,Paid,29938.61
LN21203,AGT118,2026-03-01,3174.3,15,1,Promise To Pay,Partial,952.29
LN21204,AGT137,2026-03-01,3558.38,0,0,Responsive,Paid,3558.38
LN21205,AGT163,2026-03-01,8215.23,0,0,No Answer,Paid,8215.23
LN21206,AGT157,2026-03-01,18301.83,90,4,Responsive,Partial,9150.92
LN21207,AGT167,2026-03-01,1082.71,15,1,Promise To Pay,Partial,324.81
LN21208,AGT115,2026-03-01,18356.78,60,3,Promise To Pay,Partial,5507.03
LN21209,AGT115,2026-03-01,22085.64,30,2,Promise To Pay,Partial,6625.69
LN21210,AGT142,2026-03-01,4238.36,0,0,Responsive,Paid,4238.36
LN21211,AGT139,2026-03-01,9954.21,0,0,No Answer,Paid,9954.21
LN21212,AGT153,2026-03-01,9153.83,0,0,Promise To Pay,Paid,9153.83
LN21213,AGT160,2026-03-01,8102.39,0,0,No Answer,Paid,8102.39
LN21214,AGT136,2026-03-01,13920.69,0,0,Responsive,Paid,13920.69
LN21215,AGT165,2026-03-01,6237.47,0,0,No Answer,Paid,6237.47
LN21216,AGT122,2026-03-01,2205.53,0,0,Promise To Pay,Paid,2205.53
LN21217,AGT121,2026-03-01,18067.05,30,2,Promise To Pay,Partial,5420.11
LN21218,AGT129,2026-03-01,10317.85,30,2,Responsive,Paid,10317.85
LN21219,AGT128,2026-03-01,8980.68,30,2,No Answer,Unpaid,0.0
LN21220,AGT136,2026-03-01,12986.99,60,3,No Answer,Unpaid,0.0
LN21221,AGT134,2026-03-01,17452.06,30,2,Responsive,Partial,8726.03
LN21222,AGT159,2026-03-01,38453.63,60,3,No Answer,Unpaid,0.0
LN21223,AGT174,2026-03-01,14499.62,15,1,Promise To Pay,Partial,4349.89
LN21224,AGT112,2026-03-01,11461.76,0,0,Responsive,Paid,11461.76
LN21225,AGT154,2026-03-01,7689.75,15,1,Responsive,Paid,7689.75
LN21226,AGT138,2026-03-01,40458.4,0,0,Responsive,Paid,40458.4
LN21227,AGT154,2026-03-01,10319.6,15,1,Promise To Pay,Partial,3095.88
LN21228,AGT158,2026-03-01,20046.77,30,2,Promise To Pay,Partial,6014.03
LN21229,AGT126,2026-03-01,24876.94,15,1,Responsive,Paid,24876.94
LN21230,AGT156,2026-03-01,29518.7,60,3,Responsive,Partial,14759.35
LN21231,AGT140,2026-03-01,49894.18,60,3,Promise To Pay,Partial,14968.25
LN21232,AGT119,2026-03-01,7438.73,60,3,No Answer,Unpaid,0.0
LN21233,AGT109,2026-03-01,7890.31,0,0,Promise To Pay,Paid,7890.31
LN21234,AGT133,2026-03-01,1841.26,15,1,No Answer,Unpaid,0.0
LN21235,AGT141,2026-03-01,20370.79,0,0,Promise To Pay,Paid,20370.79
LN21236,AGT173,2026-03-01,5723.33,15,1,No Answer,Unpaid,0.0
LN21237,AGT165,2026-03-01,7986.17,0,0,Responsive,Paid,7986.17
LN21238,AGT109,2026-03-01,43246.5,30,2,Responsive,Paid,43246.5
LN21239,AGT129,2026-03-01,8954.54,0,0,Promise To Pay,Paid,8954.54
LN21240,AGT166,2026-03-01,6791.32,0,0,Responsive,Paid,6791.32
LN21241,AGT126,2026-03-01,109647.87,90,4,Responsive,Paid,109647.87
LN21242,AGT163,2026-03-01,3642.92,30,2,Promise To Pay,Partial,1092.88
LN21243,AGT157,2026-03-01,13794.69,30,2,No Answer,Unpaid,0.0
LN21244,AGT139,2026-03-01,14296.39,0,0,Responsive,Paid,14296.39
LN21245,AGT106,2026-03-01,41438.4,60,3,No Answer,Unpaid,0.0
LN21246,AGT100,2026-03-01,2907.02,15,1,No Answer,Unpaid,0.0
LN21247,AGT112,2026-03-01,57324.31,30,2,Responsive,Partial,28662.15
LN21248,AGT167,2026-03-01,51712.33,30,2,Responsive,Partial,25856.17
LN21249,AGT148,2026-03-01,27099.18,60,3,No Answer,Unpaid,0.0
LN21250,AGT129,2026-03-01,5896.81,0,0,No Answer,Paid,5896.81
LN21251,AGT121,2026-03-01,14030.96,0,0,Responsive,Paid,14030.96
LN21252,AGT100,2026-03-01,8437.28,0,0,Responsive,Paid,8437.28
LN21253,AGT123,2026-03-01,3912.52,15,1,No Answer,Unpaid,0.0
LN21254,AGT117,2026-03-01,16777.47,0,0,Responsive,Paid,16777.47
LN21255,AGT173,2026-03-01,10630.79,0,0,No Answer,Paid,10630.79
LN21256,AGT113,2026-03-01,35006.3,15,1,Responsive,Partial,17503.15
LN21257,AGT144,2026-03-01,15145.13,90,4,Responsive,Paid,15145.13
LN21258,AGT141,2026-03-01,3425.79,30,2,Promise To Pay,Partial,1027.74
LN21259,AGT127,2026-03-01,11463.45,0,0,Responsive,Paid,11463.45
LN21260,AGT164,2026-03-01,38880.96,60,3,No Answer,Unpaid,0.0
LN21261,AGT128,2026-03-01,6677.15,60,3,Promise To Pay,Partial,2003.14
LN21262,AGT126,2026-03-01,13090.9,0,0,No Answer,Paid,13090.9
LN21263,AGT108,2026-03-01,20531.58,90,4,No Answer,Unpaid,0.0
LN21264,AGT115,2026-03-01,10462.56,15,1,Promise To Pay,Partial,3138.77
LN21265,AGT148,2026-03-01,1880.07,30,2,No Answer,Unpaid,0.0
LN21266,AGT143,2026-03-01,13474.76,60,3,No Answer,Unpaid,0.0
LN21267,AGT121,2026-03-01,13181.91,0,0,Promise To Pay,Paid,13181.91
LN21268,AGT142,2026-03-01,62662.97,60,3,Promise To Pay,Partial,18798.89
LN21269,AGT151,2026-03-01,11946.03,15,1,Promise To Pay,Partial,3583.81
LN21270,AGT172,2026-03-01,3815.44,0,0,Promise To Pay,Paid,3815.44
LN21271,AGT124,2026-03-01,31709.53,30,2,Responsive,Partial,15854.76
LN21272,AGT130,2026-03-01,10215.81,15,1,Responsive,Paid,10215.81
LN21273,AGT168,2026-03-01,34480.98,15,1,Responsive,Paid,34480.98
LN21274,AGT119,2026-03-01,14984.87,0,0,No Answer,Paid,14984.87
LN21275,AGT145,2026-03-01,4251.27,0,0,Promise To Pay,Paid,4251.27
LN21276,AGT142,2026-03-01,20198.91,0,0,Responsive,Paid,20198.91
LN21277,AGT122,2026-03-01,1818.49,15,1,No Answer,Unpaid,0.0
LN21278,AGT173,2026-03-01,15949.2,30,2,Responsive,Partial,7974.6
LN21279,AGT142,2026-03-01,9462.27,0,0,Promise To Pay,Paid,9462.27
LN21280,AGT154,2026-03-01,3280.24,0,0,Responsive,Paid,3280.24
LN21281,AGT117,2026-03-01,84822.1,60,3,Responsive,Partial,42411.05
LN21282,AGT166,2026-03-01,39665.67,60,3,Promise To Pay,Partial,11899.7
LN21283,AGT156,2026-03-01,16828.93,15,1,No Answer,Unpaid,0.0
LN21284,AGT139,2026-03-01,28542.73,30,2,Promise To Pay,Partial,8562.82
LN21285,AGT106,2026-03-01,15437.21,30,2,Responsive,Paid,15437.21
LN21286,AGT161,2026-03-01,12536.09,0,0,Responsive,Paid,12536.09
LN21287,AGT108,2026-03-01,16964.98,30,2,Promise To Pay,Partial,5089.49
LN21288,AGT154,2026-03-01,12207.21,0,0,No Answer,Paid,12207.21
LN21289,AGT157,2026-03-01,42781.25,15,1,No Answer,Unpaid,0.0
LN21290,AGT104,2026-03-01,14996.13,60,3,No Answer,Unpaid,0.0
LN21291,AGT149,2026-03-01,6378.89,30,2,No Answer,Unpaid,0.0
LN21292,AGT156,2026-03-01,5276.72,60,3,Responsive,Paid,5276.72
LN21293,AGT128,2026-03-01,26512.36,30,2,No Answer,Unpaid,0.0
LN21294,AGT133,2026-03-01,64324.25,30,2,Promise To Pay,Partial,19297.27
LN21295,AGT117,2026-03-01,4556.2,15,1,Responsive,Paid,4556.2
LN21296,AGT165,2026-03-01,12256.88,0,0,Promise To Pay,Paid,12256.88
LN21297,AGT104,2026-03-01,9409.06,0,0,Responsive,Paid,9409.06
LN21298,AGT166,2026-03-01,29168.83,30,2,Promise To Pay,Partial,8750.65
LN21299,AGT164,2026-03-01,2588.31,15,1,Promise To Pay,Partial,776.49
LN21300,AGT169,2026-03-01,62561.09,30,2,No Answer,Unpaid,0.0
LN21301,AGT148,2026-03-01,16981.07,30,2,Promise To Pay,Partial,5094.32
LN21302,AGT174,2026-03-01,124700.05,90,4,Responsive,Partial,62350.03
LN21303,AGT160,2026-03-01,10594.36,60,3,Promise To Pay,Partial,3178.31
LN21304,AGT138,2026-03-01,14329.31,0,0,Promise To Pay,Paid,14329.31
LN21305,AGT127,2026-03-01,6124.06,30,2,Responsive,Partial,3062.03
LN21306,AGT152,2026-03-01,20464.78,60,3,Responsive,Paid,20464.78
LN21307,AGT165,2026-03-01,13252.1,30,2,Responsive,Paid,13252.1
LN21308,AGT130,2026-03-01,18138.31,15,1,Promise To Pay,Partial,5441.49
LN21309,AGT165,2026-03-01,9702.36,0,0,Promise To Pay,Paid,9702.36
LN21310,AGT110,2026-03-01,2543.69,30,2,Promise To Pay,Partial,763.11
LN21311,AGT150,2026-03-01,2036.9,0,0,No Answer,Paid,2036.9
LN21312,AGT172,2026-03-01,1860.46,0,0,Promise To Pay,Paid,1860.46
LN21313,AGT171,2026-03-01,14344.11,30,2,Promise To Pay,Partial,4303.23
LN21314,AGT140,2026-03-01,19374.83,0,0,Responsive,Paid,19374.83
LN21315,AGT131,2026-03-01,12373.25,0,0,Promise To Pay,Paid,12373.25
LN21316,AGT108,2026-03-01,2572.73,30,2,Promise To Pay,Partial,771.82
LN21317,AGT151,2026-03-01,18155.03,60,3,No Answer,Unpaid,0.0
LN21318,AGT132,2026-03-01,15903.14,60,3,Promise To Pay,Partial,4770.94
LN21319,AGT142,2026-03-01,22586.65,90,4,No Answer,Unpaid,0.0
LN21320,AGT109,2026-03-01,10107.12,0,0,Responsive,Paid,10107.12
LN21321,AGT133,2026-03-01,24893.44,0,0,No Answer,Paid,24893.44
LN21322,AGT150,2026-03-01,30192.88,60,3,Promise To Pay,Partial,9057.86
LN21323,AGT121,2026-03-01,7851.06,30,2,No Answer,Unpaid,0.0
LN21324,AGT123,2026-03-01,20448.38,30,2,Responsive,Partial,10224.19
LN21325,AGT166,2026-03-01,43820.98,90,4,Promise To Pay,Partial,13146.29
LN21326,AGT109,2026-03-01,20636.6,30,2,Promise To Pay,Partial,6190.98
LN21327,AGT108,2026-03-01,11558.19,0,0,Responsive,Paid,11558.19
LN21328,AGT171,2026-03-01,3949.2,15,1,Promise To Pay,Partial,1184.76
LN21329,AGT166,2026-03-01,94266.22,30,2,Promise To Pay,Partial,28279.87
LN21330,AGT152,2026-03-01,6228.27,30,2,No Answer,Unpaid,0.0
LN21331,AGT166,2026-03-01,9839.65,0,0,Promise To Pay,Paid,9839.65
LN21332,AGT125,2026-03-01,30030.18,0,0,Promise To Pay,Paid,30030.18
LN21333,AGT144,2026-03-01,2407.55,0,0,No Answer,Paid,2407.55
LN21334,AGT102,2026-03-01,6075.43,15,1,Responsive,Partial,3037.72
LN21335,AGT132,2026-03-01,26830.58,30,2,No Answer,Unpaid,0.0
LN21336,AGT155,2026-03-01,11177.12,0,0,Responsive,Paid,11177.12
LN21337,AGT102,2026-03-01,3607.75,0,0,Promise To Pay,Paid,3607.75
LN21338,AGT141,2026-03-01,9481.54,0,0,Responsive,Paid,9481.54
LN21339,AGT170,2026-03-01,8225.08,15,1,Responsive,Paid,8225.08
LN21340,AGT174,2026-03-01,27603.86,15,1,Promise To Pay,Partial,8281.16
LN21341,AGT170,2026-03-01,3005.7,15,1,Promise To Pay,Partial,901.71
LN21342,AGT119,2026-03-01,4107.43,0,0,No Answer,Paid,4107.43
LN21343,AGT153,2026-03-01,5619.61,0,0,Promise To Pay,Paid,5619.61
LN21344,AGT121,2026-03-01,9212.01,0,0,Promise To Pay,Paid,9212.01
LN21345,AGT126,2026-03-01,43350.58,60,3,Responsive,Partial,21675.29
LN21346,AGT174,2026-03-01,3227.39,60,3,No Answer,Unpaid,0.0
LN21347,AGT124,2026-03-01,38949.92,0,0,Promise To Pay,Paid,38949.92
LN21348,AGT122,2026-03-01,5444.36,0,0,Responsive,Paid,5444.36
LN21349,AGT103,2026-03-01,2019.63,15,1,Promise To Pay,Partial,605.89
LN21350,AGT128,2026-03-01,8235.21,0,0,Responsive,Paid,8235.21
LN21351,AGT128,2026-03-01,10286.36,15,1,Promise To Pay,Partial,3085.91
LN21352,AGT152,2026-03-01,36489.0,60,3,No Answer,Unpaid,0.0
LN21353,AGT135,2026-03-01,13759.79,30,2,Promise To Pay,Partial,4127.94
LN21354,AGT147,2026-03-01,3481.99,30,2,No Answer,Unpaid,0.0
LN21355,AGT160,2026-03-01,105404.86,60,3,Responsive,Partial,52702.43
LN21356,AGT158,2026-03-01,3225.2,0,0,Promise To Pay,Paid,3225.2
LN21357,AGT119,2026-03-01,15081.76,0,0,Promise To Pay,Paid,15081.76
LN21358,AGT161,2026-03-01,8528.09,0,0,Responsive,Paid,8528.09
LN21359,AGT136,2026-03-01,49757.07,60,3,Responsive,Partial,24878.53
LN21360,AGT128,2026-03-01,1238.16,0,0,Promise To Pay,Paid,1238.16
LN21361,AGT112,2026-03-01,5909.21,0,0,No Answer,Paid,5909.21
LN21362,AGT170,2026-03-01,11195.8,60,3,Responsive,Partial,5597.9
LN21363,AGT148,2026-03-01,10934.14,15,1,No Answer,Unpaid,0.0
LN21364,AGT107,2026-03-01,7678.52,15,1,Promise To Pay,Partial,2303.56
LN21365,AGT166,2026-03-01,6514.21,0,0,Responsive,Paid,6514.21
LN21366,AGT151,2026-03-01,4158.2,0,0,Promise To Pay,Paid,4158.2
LN21367,AGT136,2026-03-01,74555.77,60,3,No Answer,Unpaid,0.0
LN21368,AGT151,2026-03-01,32583.36,60,3,Promise To Pay,Partial,9775.01
LN21369,AGT141,2026-03-01,5544.36,15,1,No Answer,Unpaid,0.0
LN21370,AGT118,2026-03-01,10370.03,0,0,Promise To Pay,Paid,10370.03
LN21371,AGT166,2026-03-01,7108.72,60,3,Responsive,Partial,3554.36
LN21372,AGT152,2026-03-01,171682.99,90,4,No Answer,Unpaid,0.0
LN21373,AGT113,2026-03-01,2678.29,15,1,No Answer,Unpaid,0.0
LN21374,AGT136,2026-03-01,2916.75,15,1,Responsive,Paid,2916.75
LN21375,AGT124,2026-03-01,6966.92,30,2,No Answer,Unpaid,0.0
LN21376,AGT144,2026-03-01,2715.84,0,0,Responsive,Paid,2715.84
LN21377,AGT101,2026-03-01,6443.17,30,2,No Answer,Unpaid,0.0
LN21378,AGT154,2026-03-01,21605.27,0,0,Promise To Pay,Paid,21605.27
LN21379,AGT110,2026-03-01,1555.98,15,1,Promise To Pay,Partial,466.79
LN21380,AGT133,2026-03-01,17791.39,0,0,Promise To Pay,Paid,17791.39
LN21381,AGT168,2026-03-01,5724.73,15,1,No Answer,Unpaid,0.0
LN21382,AGT128,2026-03-01,7959.37,60,3,Promise To Pay,Partial,2387.81
LN21383,AGT168,2026-03-01,21090.87,30,2,No Answer,Unpaid,0.0
LN21384,AGT169,2026-03-01,10494.41,0,0,Promise To Pay,Paid,10494.41
LN21385,AGT142,2026-03-01,2251.63,15,1,Promise To Pay,Partial,675.49
LN21386,AGT150,2026-03-01,27835.36,60,3,Responsive,Partial,13917.68
LN21387,AGT113,2026-03-01,4746.9,30,2,No Answer,Unpaid,0.0
LN21388,AGT109,2026-03-01,13647.97,15,1,Promise To Pay,Partial,4094.39
LN21389,AGT159,2026-03-01,11689.19,0,0,Promise To Pay,Paid,11689.19
LN21390,AGT153,2026-03-01,50090.25,30,2,No Answer,Unpaid,0.0
LN21391,AGT116,2026-03-01,19316.67,90,4,Promise To Pay,Partial,5795.0
LN21392,AGT156,2026-03-01,2910.04,0,0,Promise To Pay,Paid,2910.04
LN21393,AGT168,2026-03-01,60142.46,90,4,No Answer,Unpaid,0.0
LN21394,AGT172,2026-03-01,35666.79,90,4,Responsive,Partial,17833.4
LN21395,AGT101,2026-03-01,22151.24,60,3,No Answer,Unpaid,0.0
LN21396,AGT163,2026-03-01,37715.91,60,3,Responsive,Paid,37715.91
LN21397,AGT152,2026-03-01,107099.11,30,2,Responsive,Paid,107099.11
LN21398,AGT126,2026-03-01,5293.54,60,3,Responsive,Partial,2646.77
LN21399,AGT155,2026-03-01,6925.8,15,1,Responsive,Partial,3462.9
LN21400,AGT167,2026-03-01,66119.98,30,2,Promise To Pay,Partial,19835.99
LN21401,AGT168,2026-03-01,1236.29,15,1,No Answer,Unpaid,0.0
LN21402,AGT142,2026-03-01,78108.94,60,3,No Answer,Unpaid,0.0
LN21403,AGT111,2026-03-01,2472.72,0,0,No Answer,Paid,2472.72
LN21404,AGT153,2026-03-01,13312.18,0,0,No Answer,Paid,13312.18
LN21405,AGT117,2026-03-01,7617.72,0,0,Responsive,Paid,7617.72
LN21406,AGT125,2026-03-01,4593.17,0,0,No Answer,Paid,4593.17
LN21407,AGT160,2026-03-01,15492.87,15,1,Responsive,Partial,7746.44
LN21408,AGT161,2026-03-01,13603.93,60,3,No Answer,Unpaid,0.0
LN21409,AGT122,2026-03-01,19125.33,15,1,Responsive,Partial,9562.67
LN21410,AGT100,2026-03-01,5120.21,0,0,Promise To Pay,Paid,5120.21
LN21411,AGT161,2026-03-01,39640.36,90,4,Promise To Pay,Partial,11892.11
LN21412,AGT113,2026-03-01,1687.15,0,0,No Answer,Paid,1687.15
LN21413,AGT134,2026-03-01,48050.41,15,1,Responsive,Paid,48050.41
LN21414,AGT115,2026-03-01,41256.12,30,2,Responsive,Paid,41256.12
LN21415,AGT104,2026-03-01,42273.13,30,2,Promise To Pay,Partial,12681.94
LN21416,AGT137,2026-03-01,16271.89,0,0,Promise To Pay,Paid,16271.89
LN21417,AGT119,2026-03-01,11853.09,15,1,Responsive,Partial,5926.55
LN21418,AGT168,2026-03-01,20784.16,0,0,Responsive,Paid,20784.16
LN21419,AGT148,2026-03-01,11630.67,0,0,Promise To Pay,Paid,11630.67
LN21420,AGT154,2026-03-01,5819.13,15,1,Responsive,Partial,2909.57
LN21421,AGT106,2026-03-01,4029.85,0,0,Promise To Pay,Paid,4029.85
LN21422,AGT139,2026-03-01,66662.99,90,4,Promise To Pay,Partial,19998.9
LN21423,AGT156,2026-03-01,20599.65,0,0,No Answer,Paid,20599.65
LN21424,AGT104,2026-03-01,3448.69,0,0,No Answer,Paid,3448.69
LN21425,AGT109,2026-03-01,71620.72,90,4,Responsive,Partial,35810.36
LN21426,AGT128,2026-03-01,44163.05,30,2,Responsive,Partial,22081.53
LN21427,AGT102,2026-03-01,11840.85,0,0,Responsive,Paid,11840.85
LN21428,AGT167,2026-03-01,48052.81,60,3,No Answer,Unpaid,0.0
LN21429,AGT119,2026-03-01,15574.22,0,0,Responsive,Paid,15574.22
LN21430,AGT171,2026-03-01,24093.29,30,2,No Answer,Unpaid,0.0
LN21431,AGT166,2026-03-01,12983.86,15,1,Promise To Pay,Partial,3895.16
LN21432,AGT127,2026-03-01,2979.69,30,2,Responsive,Partial,1489.85
LN21433,AGT166,2026-03-01,35274.18,60,3,Promise To Pay,Partial,10582.25
LN21434,AGT147,2026-03-01,3025.36,15,1,Promise To Pay,Partial,907.61
LN21435,AGT144,2026-03-01,7670.59,30,2,Responsive,Paid,7670.59
LN21436,AGT125,2026-03-01,30508.48,0,0,Responsive,Paid,30508.48
LN21437,AGT109,2026-03-01,9236.99,0,0,No Answer,Paid,9236.99
LN21438,AGT134,2026-03-01,91464.69,60,3,Promise To Pay,Partial,27439.41
LN21439,AGT166,2026-03-01,3802.71,0,0,Responsive,Paid,3802.71
LN21440,AGT148,2026-03-01,41824.62,90,4,Responsive,Paid,41824.62
LN21441,AGT126,2026-03-01,28829.43,30,2,Promise To Pay,Partial,8648.83
LN21442,AGT123,2026-03-01,27477.2,60,3,Responsive,Paid,27477.2
LN21443,AGT168,2026-03-01,7554.67,60,3,No Answer,Unpaid,0.0
LN21444,AGT135,2026-03-01,10485.63,15,1,No Answer,Unpaid,0.0
LN21445,AGT114,2026-03-01,154597.8,60,3,Responsive,Paid,154597.8
LN21446,AGT145,2026-03-01,20920.53,30,2,No Answer,Unpaid,0.0
LN21447,AGT167,2026-03-01,22485.11,60,3,Responsive,Paid,22485.11
LN21448,AGT126,2026-03-01,9080.66,0,0,Responsive,Paid,9080.66
LN21449,AGT110,2026-03-01,54836.54,30,2,No Answer,Unpaid,0.0
LN21450,AGT137,2026-03-01,2290.5,15,1,No Answer,Unpaid,0.0
LN21451,AGT153,2026-03-01,4326.78,60,3,Promise To Pay,Partial,1298.03
LN21452,AGT105,2026-03-01,4356.64,30,2,No Answer,Unpaid,0.0
LN21453,AGT122,2026-03-01,11645.17,0,0,Responsive,Paid,11645.17
LN21454,AGT127,2026-03-01,50418.04,0,0,Responsive,Paid,50418.04
LN21455,AGT145,2026-03-01,21434.43,30,2,Responsive,Paid,21434.43
LN21456,AGT159,2026-03-01,14581.75,0,0,Responsive,Paid,14581.75
LN21457,AGT110,2026-03-01,28049.91,0,0,No Answer,Paid,28049.91
LN21458,AGT130,2026-03-01,28097.26,0,0,Responsive,Paid,28097.26
LN21459,AGT100,2026-03-01,8061.41,60,3,Promise To Pay,Partial,2418.42
LN21460,AGT158,2026-03-01,7145.58,30,2,No Answer,Unpaid,0.0
LN21461,AGT119,2026-03-01,6449.76,15,1,No Answer,Unpaid,0.0
LN21462,AGT162,2026-03-01,15994.16,0,0,Promise To Pay,Paid,15994.16
LN21463,AGT169,2026-03-01,21988.55,30,2,Responsive,Paid,21988.55
LN21464,AGT106,2026-03-01,22696.47,30,2,No Answer,Unpaid,0.0
LN21465,AGT142,2026-03-01,3962.7,30,2,Responsive,Paid,3962.7
LN21466,AGT163,2026-03-01,3573.59,0,0,Promise To Pay,Paid,3573.59
LN21467,AGT130,2026-03-01,14161.4,15,1,No Answer,Unpaid,0.0
LN21468,AGT169,2026-03-01,12228.84,0,0,Responsive,Paid,12228.84
LN21469,AGT148,2026-03-01,7669.44,0,0,No Answer,Paid,7669.44
LN21470,AGT136,2026-03-01,25751.43,30,2,No Answer,Unpaid,0.0
LN21471,AGT174,2026-03-01,9924.37,30,2,No Answer,Unpaid,0.0
LN21472,AGT110,2026-03-01,5056.03,60,3,No Answer,Unpaid,0.0
LN21473,AGT130,2026-03-01,43396.86,90,4,Responsive,Partial,21698.43
LN21474,AGT150,2026-03-01,17427.38,30,2,Responsive,Partial,8713.69
LN21475,AGT113,2026-03-01,5811.6,0,0,No Answer,Paid,5811.6
LN21476,AGT121,2026-03-01,12605.57,15,1,Responsive,Partial,6302.78
LN21477,AGT164,2026-03-01,82665.77,30,2,Promise To Pay,Partial,24799.73
LN21478,AGT138,2026-03-01,14463.32,0,0,No Answer,Paid,14463.32
LN21479,AGT104,2026-03-01,6870.43,60,3,No Answer,Unpaid,0.0
LN21480,AGT150,2026-03-01,783.96,0,0,Promise To Pay,Paid,783.96
LN21481,AGT156,2026-03-01,1414.32,15,1,Responsive,Partial,707.16
LN21482,AGT102,2026-03-01,4267.25,15,1,Responsive,Partial,2133.62
LN21483,AGT134,2026-03-01,10468.07,60,3,Promise To Pay,Partial,3140.42
LN21484,AGT158,2026-03-01,26721.91,0,0,Promise To Pay,Paid,26721.91
LN21485,AGT126,2026-03-01,17339.81,30,2,Responsive,Partial,8669.91
LN21486,AGT149,2026-03-01,4364.17,0,0,No Answer,Paid,4364.17
LN21487,AGT103,2026-03-01,2767.42,0,0,Responsive,Paid,2767.42
LN21488,AGT165,2026-03-01,27515.89,90,4,Promise To Pay,Partial,8254.77
LN21489,AGT137,2026-03-01,33231.28,60,3,No Answer,Unpaid,0.0
LN21490,AGT174,2026-03-01,10346.5,15,1,No Answer,Unpaid,0.0
LN21491,AGT107,2026-03-01,1850.84,15,1,No Answer,Unpaid,0.0
LN21492,AGT132,2026-03-01,20007.17,0,0,Promise To Pay,Paid,20007.17
LN21493,AGT166,2026-03-01,15807.03,30,2,Promise To Pay,Partial,4742.11
LN21494,AGT113,2026-03-01,23733.79,30,2,No Answer,Unpaid,0.0
LN21495,AGT128,2026-03-01,5359.97,0,0,Promise To Pay,Paid,5359.97
LN21496,AGT137,2026-03-01,2584.11,0,0,Promise To Pay,Paid,2584.11
LN21497,AGT139,2026-03-01,43968.73,60,3,Responsive,Partial,21984.37
LN21498,AGT115,2026-03-01,40821.08,60,3,Responsive,Paid,40821.08
LN21499,AGT169,2026-03-01,23721.61,15,1,No Answer,Unpaid,0.0
LN21500,AGT165,2026-03-01,4792.49,0,0,Responsive,Paid,4792.49
LN21501,AGT108,2026-03-01,7724.27,0,0,Responsive,Paid,7724.27
LN21502,AGT148,2026-03-01,18855.76,30,2,No Answer,Unpaid,0.0
LN21503,AGT126,2026-03-01,6973.89,0,0,Promise To Pay,Paid,6973.89
LN21504,AGT162,2026-03-01,40786.09,15,1,Promise To Pay,Partial,12235.83
LN21505,AGT134,2026-03-01,31505.8,0,0,Promise To Pay,Paid,31505.8
LN21506,AGT108,2026-03-01,35274.65,30,2,Responsive,Paid,35274.65
LN21507,AGT112,2026-03-01,23673.2,90,4,Promise To Pay,Partial,7101.96
LN21508,AGT149,2026-03-01,16697.24,15,1,Responsive,Partial,8348.62
LN21509,AGT164,2026-03-01,8154.14,0,0,Responsive,Paid,8154.14
LN21510,AGT102,2026-03-01,11641.94,15,1,Promise To Pay,Partial,3492.58
LN21511,AGT164,2026-03-01,3025.43,0,0,Promise To Pay,Paid,3025.43
LN21512,AGT164,2026-03-01,29804.9,30,2,Promise To Pay,Partial,8941.47
LN21513,AGT123,2026-03-01,4979.03,0,0,Promise To Pay,Paid,4979.03
LN21514,AGT131,2026-03-01,5341.37,60,3,No Answer,Unpaid,0.0
LN21515,AGT152,2026-03-01,18793.72,30,2,No Answer,Unpaid,0.0
LN21516,AGT141,2026-03-01,15272.11,15,1,Promise To Pay,Partial,4581.63
LN21517,AGT131,2026-03-01,8961.58,0,0,Responsive,Paid,8961.58
LN21518,AGT151,2026-03-01,9264.69,15,1,No Answer,Unpaid,0.0
LN21519,AGT159,2026-03-01,11230.37,15,1,No Answer,Unpaid,0.0
LN21520,AGT127,2026-03-01,2626.83,15,1,Promise To Pay,Partial,788.05
LN21521,AGT159,2026-03-01,12917.18,0,0,Responsive,Paid,12917.18
LN21522,AGT121,2026-03-01,48264.54,0,0,Promise To Pay,Paid,48264.54
LN21523,AGT123,2026-03-01,10244.16,60,3,Responsive,Paid,10244.16
LN21524,AGT156,2026-03-01,7839.97,15,1,Promise To Pay,Partial,2351.99
LN21525,AGT147,2026-03-01,19406.6,30,2,Responsive,Paid,19406.6
LN21526,AGT168,2026-03-01,3710.24,60,3,No Answer,Unpaid,0.0
LN21527,AGT115,2026-03-01,40559.69,0,0,Responsive,Paid,40559.69
LN21528,AGT102,2026-03-01,4925.48,60,3,Promise To Pay,Partial,1477.64
LN21529,AGT125,2026-03-01,14472.03,0,0,Promise To Pay,Paid,14472.03
LN21530,AGT138,2026-03-01,202528.5,90,4,No Answer,Unpaid,0.0
LN21531,AGT123,2026-03-01,37351.44,60,3,No Answer,Unpaid,0.0
LN21532,AGT154,2026-03-01,5339.25,0,0,Responsive,Paid,5339.25
LN21533,AGT153,2026-03-01,8338.75,0,0,No Answer,Paid,8338.75
LN21534,AGT163,2026-03-01,106109.14,90,4,Promise To Pay,Partial,31832.74
LN21535,AGT140,2026-03-01,22217.62,15,1,Promise To Pay,Partial,6665.29
LN21536,AGT165,2026-03-01,42148.57,90,4,Promise To Pay,Partial,12644.57
LN21537,AGT151,2026-03-01,29946.17,90,4,Promise To Pay,Partial,8983.85
LN21538,AGT146,2026-03-01,18958.24,30,2,Promise To Pay,Partial,5687.47
LN21539,AGT126,2026-03-01,6709.2,0,0,Responsive,Paid,6709.2
LN21540,AGT111,2026-03-01,34150.0,60,3,No Answer,Unpaid,0.0
LN21541,AGT105,2026-03-01,7911.05,0,0,Responsive,Paid,7911.05
LN21542,AGT121,2026-03-01,1948.71,15,1,Promise To Pay,Partial,584.61
LN21543,AGT101,2026-03-01,11136.54,0,0,Promise To Pay,Paid,11136.54
LN21544,AGT138,2026-03-01,24126.51,0,0,No Answer,Paid,24126.51
LN21545,AGT155,2026-03-01,5270.07,30,2,Promise To Pay,Partial,1581.02
LN21546,AGT140,2026-03-01,16598.33,0,0,Responsive,Paid,16598.33
LN21547,AGT140,2026-03-01,14931.86,15,1,Promise To Pay,Partial,4479.56
LN21548,AGT109,2026-03-01,9839.99,60,3,Responsive,Partial,4919.99
LN21549,AGT154,2026-03-01,30242.43,0,0,No Answer,Paid,30242.43
LN21550,AGT105,2026-03-01,4778.88,90,4,Responsive,Paid,4778.88
LN21551,AGT138,2026-03-01,3655.81,15,1,No Answer,Unpaid,0.0
LN21552,AGT128,2026-03-01,4196.36,30,2,Responsive,Paid,4196.36
LN21553,AGT161,2026-03-01,6055.44,0,0,Responsive,Paid,6055.44
LN21554,AGT130,2026-03-01,5952.61,0,0,No Answer,Paid,5952.61
LN21555,AGT128,2026-03-01,41281.67,30,2,No Answer,Unpaid,0.0
LN21556,AGT149,2026-03-01,62514.42,60,3,Responsive,Partial,31257.21
LN21557,AGT118,2026-03-01,96441.61,90,4,Responsive,Partial,48220.81
LN21558,AGT154,2026-03-01,21894.85,30,2,No Answer,Unpaid,0.0
LN21559,AGT161,2026-03-01,11559.74,0,0,No Answer,Paid,11559.74
LN21560,AGT157,2026-03-01,21858.96,0,0,Promise To Pay,Paid,21858.96
LN21561,AGT172,2026-03-01,11145.28,30,2,Responsive,Paid,11145.28
LN21562,AGT158,2026-03-01,36420.22,15,1,Promise To Pay,Partial,10926.07
LN21563,AGT127,2026-03-01,11566.08,15,1,Responsive,Partial,5783.04
LN21564,AGT117,2026-03-01,13839.3,0,0,No Answer,Paid,13839.3
LN21565,AGT100,2026-03-01,13008.17,0,0,Responsive,Paid,13008.17
LN21566,AGT102,2026-03-01,14675.34,15,1,No Answer,Unpaid,0.0
LN21567,AGT161,2026-03-01,13365.32,0,0,Responsive,Paid,13365.32
LN21568,AGT123,2026-03-01,5637.74,0,0,Promise To Pay,Paid,5637.74
LN21569,AGT132,2026-03-01,13033.96,15,1,Promise To Pay,Partial,3910.19
LN21570,AGT115,2026-03-01,17937.25,90,4,Responsive,Paid,17937.25
LN21571,AGT121,2026-03-01,3013.27,15,1,No Answer,Unpaid,0.0
LN21572,AGT172,2026-03-01,8689.48,60,3,No Answer,Unpaid,0.0
LN21573,AGT161,2026-03-01,4415.58,15,1,No Answer,Unpaid,0.0
LN21574,AGT140,2026-03-01,13984.92,30,2,Responsive,Partial,6992.46
LN21575,AGT157,2026-03-01,5174.21,15,1,No Answer,Unpaid,0.0
LN21576,AGT115,2026-03-01,40847.86,0,0,No Answer,Paid,40847.86
LN21577,AGT137,2026-03-01,9564.54,15,1,Promise To Pay,Partial,2869.36
LN21578,AGT140,2026-03-01,22117.85,0,0,Responsive,Paid,22117.85
LN21579,AGT119,2026-03-01,19477.74,0,0,No Answer,Paid,19477.74
LN21580,AGT133,2026-03-01,4139.96,0,0,Promise To Pay,Paid,4139.96
LN21581,AGT138,2026-03-01,8893.72,0,0,Responsive,Paid,8893.72
LN21582,AGT169,2026-03-01,12195.94,0,0,Promise To Pay,Paid,12195.94
LN21583,AGT120,2026-03-01,4332.7,0,0,Promise To Pay,Paid,4332.7
LN21584,AGT134,2026-03-01,121167.14,90,4,No Answer,Unpaid,0.0
LN21585,AGT114,2026-03-01,64573.38,60,3,Responsive,Partial,32286.69
LN21586,AGT114,2026-03-01,4161.45,0,0,No Answer,Paid,4161.45
LN21587,AGT159,2026-03-01,15728.7,0,0,No Answer,Paid,15728.7
LN21588,AGT153,2026-03-01,35042.03,15,1,Responsive,Paid,35042.03
LN21589,AGT157,2026-03-01,114909.31,60,3,No Answer,Unpaid,0.0
LN21590,AGT161,2026-03-01,52536.67,60,3,No Answer,Unpaid,0.0
LN21591,AGT146,2026-03-01,29005.75,30,2,No Answer,Unpaid,0.0
LN21592,AGT144,2026-03-01,11067.73,0,0,No Answer,Paid,11067.73
LN21593,AGT164,2026-03-01,34548.35,30,2,Promise To Pay,Partial,10364.5
LN21594,AGT166,2026-03-01,8151.59,15,1,Promise To Pay,Partial,2445.48
LN21595,AGT102,2026-03-01,7692.04,0,0,Responsive,Paid,7692.04
LN21596,AGT119,2026-03-01,44906.34,30,2,Promise To Pay,Partial,13471.9
LN21597,AGT153,2026-03-01,3395.08,0,0,Promise To Pay,Paid,3395.08
LN21598,AGT122,2026-03-01,8266.17,15,1,Promise To Pay,Partial,2479.85
LN21599,AGT125,2026-03-01,4969.92,30,2,Promise To Pay,Partial,1490.98
LN21600,AGT100,2026-03-01,3750.24,15,1,Promise To Pay,Partial,1125.07
LN21601,AGT146,2026-03-01,8200.46,0,0,No Answer,Paid,8200.46
LN21602,AGT161,2026-03-01,27857.45,30,2,Responsive,Paid,27857.45
LN21603,AGT168,2026-03-01,11093.44,30,2,No Answer,Unpaid,0.0
LN21604,AGT105,2026-03-01,14955.93,60,3,Responsive,Partial,7477.97
LN21605,AGT111,2026-03-01,38874.96,30,2,Responsive,Partial,19437.48
LN21606,AGT138,2026-03-01,17676.19,0,0,No Answer,Paid,17676.19
LN21607,AGT158,2026-03-01,6874.78,30,2,Promise To Pay,Partial,2062.43
LN21608,AGT120,2026-03-01,2813.03,0,0,Promise To Pay,Paid,2813.03
LN21609,AGT159,2026-03-01,16219.6,90,4,Responsive,Partial,8109.8
LN21610,AGT157,2026-03-01,34866.3,60,3,No Answer,Unpaid,0.0
LN21611,AGT141,2026-03-01,15891.99,0,0,No Answer,Paid,15891.99
LN21612,AGT110,2026-03-01,8605.4,30,2,No Answer,Unpaid,0.0
LN21613,AGT144,2026-03-01,24887.75,30,2,Promise To Pay,Partial,7466.32
LN21614,AGT106,2026-03-01,12610.78,90,4,Promise To Pay,Partial,3783.23
LN21615,AGT160,2026-03-01,7473.65,30,2,Promise To Pay,Partial,2242.09
LN21616,AGT154,2026-03-01,22584.43,60,3,Responsive,Partial,11292.22
LN21617,AGT139,2026-03-01,8978.91,0,0,Promise To Pay,Paid,8978.91
LN21618,AGT141,2026-03-01,22589.42,60,3,Responsive,Partial,11294.71
LN21619,AGT105,2026-03-01,4563.16,0,0,No Answer,Paid,4563.16
LN21620,AGT128,2026-03-01,13715.35,0,0,Responsive,Paid,13715.35
LN21621,AGT120,2026-03-01,30103.25,60,3,No Answer,Unpaid,0.0
LN21622,AGT136,2026-03-01,2959.85,30,2,Promise To Pay,Partial,887.95
LN21623,AGT133,2026-03-01,12935.24,0,0,No Answer,Paid,12935.24
LN21624,AGT100,2026-03-01,5092.46,0,0,Responsive,Paid,5092.46
LN21625,AGT127,2026-03-01,22970.97,0,0,No Answer,Paid,22970.97
LN21626,AGT157,2026-03-01,9499.1,60,3,Promise To Pay,Partial,2849.73
LN21627,AGT142,2026-03-01,10096.29,30,2,Responsive,Paid,10096.29
LN21628,AGT114,2026-03-01,3077.2,15,1,Responsive,Partial,1538.6
LN21629,AGT117,2026-03-01,23408.16,30,2,Responsive,Paid,23408.16
LN21630,AGT149,2026-03-01,9444.02,15,1,No Answer,Unpaid,0.0
LN21631,AGT140,2026-03-01,13673.1,60,3,Promise To Pay,Partial,4101.93
LN21632,AGT142,2026-03-01,20383.39,0,0,No Answer,Paid,20383.39
LN21633,AGT112,2026-03-01,2498.57,15,1,No Answer,Unpaid,0.0
LN21634,AGT140,2026-03-01,25097.83,30,2,Responsive,Partial,12548.92
LN21635,AGT117,2026-03-01,1263.31,0,0,No Answer,Paid,1263.31
LN21636,AGT106,2026-03-01,7718.83,0,0,Promise To Pay,Paid,7718.83
LN21637,AGT155,2026-03-01,14489.32,0,0,Responsive,Paid,14489.32
LN21638,AGT142,2026-03-01,5280.29,0,0,Responsive,Paid,5280.29
LN21639,AGT116,2026-03-01,33542.85,30,2,Responsive,Partial,16771.42
LN21640,AGT152,2026-03-01,12885.6,0,0,No Answer,Paid,12885.6
LN21641,AGT114,2026-03-01,22320.14,60,3,Responsive,Partial,11160.07
LN21642,AGT100,2026-03-01,5322.62,0,0,Responsive,Paid,5322.62
LN21643,AGT140,2026-03-01,5414.84,30,2,Responsive,Partial,2707.42
LN21644,AGT101,2026-03-01,15678.23,0,0,Promise To Pay,Paid,15678.23
LN21645,AGT135,2026-03-01,6479.99,0,0,Promise To Pay,Paid,6479.99
LN21646,AGT104,2026-03-01,1386.47,15,1,No Answer,Unpaid,0.0
LN21647,AGT157,2026-03-01,8049.26,90,4,No Answer,Unpaid,0.0
LN21648,AGT142,2026-03-01,4227.46,15,1,Responsive,Partial,2113.73
LN21649,AGT130,2026-03-01,57065.73,60,3,Responsive,Partial,28532.87
LN21650,AGT160,2026-03-01,24199.79,0,0,Promise To Pay,Paid,24199.79
LN21651,AGT128,2026-03-01,21061.61,60,3,No Answer,Unpaid,0.0
LN21652,AGT168,2026-03-01,9504.56,0,0,Responsive,Paid,9504.56
LN21653,AGT128,2026-03-01,9760.34,15,1,No Answer,Unpaid,0.0
LN21654,AGT166,2026-03-01,21298.94,0,0,Promise To Pay,Paid,21298.94
LN21655,AGT170,2026-03-01,4158.71,15,1,No Answer,Unpaid,0.0
LN21656,AGT101,2026-03-01,14451.49,15,1,Promise To Pay,Partial,4335.45
LN21657,AGT109,2026-03-01,30665.27,30,2,Responsive,Paid,30665.27
LN21658,AGT153,2026-03-01,13000.36,0,0,No Answer,Paid,13000.36
LN21659,AGT112,2026-03-01,7195.16,0,0,No Answer,Paid,7195.16
LN21660,AGT168,2026-03-01,5015.86,0,0,Responsive,Paid,5015.86
LN21661,AGT125,2026-03-01,8726.66,0,0,No Answer,Paid,8726.66
LN21662,AGT141,2026-03-01,141309.19,60,3,Responsive,Partial,70654.6
LN21663,AGT116,2026-03-01,23860.18,90,4,No Answer,Unpaid,0.0
LN21664,AGT139,2026-03-01,10510.03,15,1,Promise To Pay,Partial,3153.01
LN21665,AGT153,2026-03-01,33615.76,90,4,Responsive,Paid,33615.76
LN21666,AGT126,2026-03-01,53655.42,30,2,Responsive,Paid,53655.42
LN21667,AGT150,2026-03-01,3141.13,0,0,Promise To Pay,Paid,3141.13
LN21668,AGT119,2026-03-01,14923.14,30,2,No Answer,Unpaid,0.0
LN21669,AGT118,2026-03-01,15638.26,30,2,Promise To Pay,Partial,4691.48
LN21670,AGT161,2026-03-01,13564.33,15,1,Promise To Pay,Partial,4069.3
LN21671,AGT168,2026-03-01,5160.88,0,0,Responsive,Paid,5160.88
LN21672,AGT152,2026-03-01,5955.18,0,0,Promise To Pay,Paid,5955.18
LN21673,AGT100,2026-03-01,6352.28,15,1,Responsive,Partial,3176.14
LN21674,AGT117,2026-03-01,21994.18,15,1,No Answer,Unpaid,0.0
LN21675,AGT158,2026-03-01,22253.94,0,0,Promise To Pay,Paid,22253.94
LN21676,AGT100,2026-03-01,1607.84,15,1,No Answer,Unpaid,0.0
LN21677,AGT135,2026-03-01,12207.74,15,1,Responsive,Paid,12207.74
LN21678,AGT134,2026-03-01,16927.53,15,1,Promise To Pay,Partial,5078.26
LN21679,AGT171,2026-03-01,3586.16,0,0,Promise To Pay,Paid,3586.16
LN21680,AGT116,2026-03-01,15305.72,15,1,No Answer,Unpaid,0.0
LN21681,AGT172,2026-03-01,26078.08,30,2,Promise To Pay,Partial,7823.42
LN21682,AGT125,2026-03-01,2625.66,60,3,Responsive,Paid,2625.66
LN21683,AGT131,2026-03-01,4215.86,30,2,No Answer,Unpaid,0.0
LN21684,AGT106,2026-03-01,4303.52,90,4,No Answer,Unpaid,0.0
LN21685,AGT118,2026-03-01,23155.09,90,4,No Answer,Unpaid,0.0
LN21686,AGT166,2026-03-01,10807.32,15,1,No Answer,Unpaid,0.0
LN21687,AGT102,2026-03-01,10565.1,30,2,No Answer,Unpaid,0.0
LN21688,AGT116,2026-03-01,3756.04,15,1,No Answer,Unpaid,0.0
LN21689,AGT142,2026-03-01,101621.31,90,4,No Answer,Unpaid,0.0
LN21690,AGT157,2026-03-01,9243.02,0,0,Promise To Pay,Paid,9243.02
LN21691,AGT154,2026-03-01,5890.14,15,1,Responsive,Paid,5890.14
LN21692,AGT142,2026-03-01,13656.65,0,0,Promise To Pay,Paid,13656.65
LN21693,AGT119,2026-03-01,10333.78,0,0,Responsive,Paid,10333.78
LN21694,AGT115,2026-03-01,12539.78,0,0,Promise To Pay,Paid,12539.78
LN21695,AGT154,2026-03-01,11158.22,0,0,Promise To Pay,Paid,11158.22
LN21696,AGT174,2026-03-01,3040.08,30,2,Responsive,Partial,1520.04
LN21697,AGT165,2026-03-01,5478.52,30,2,No Answer,Unpaid,0.0
LN21698,AGT126,2026-03-01,5479.8,0,0,No Answer,Paid,5479.8
LN21699,AGT114,2026-03-01,22806.52,0,0,Promise To Pay,Paid,22806.52
LN21700,AGT124,2026-03-01,8432.44,0,0,Responsive,Paid,8432.44
LN21701,AGT170,2026-03-01,4786.4,0,0,No Answer,Paid,4786.4
LN21702,AGT115,2026-03-01,9644.46,15,1,No Answer,Unpaid,0.0
LN21703,AGT121,2026-03-01,4774.68,15,1,No Answer,Unpaid,0.0
LN21704,AGT104,2026-03-01,15983.69,0,0,Promise To Pay,Paid,15983.69
LN21705,AGT140,2026-03-01,2182.03,0,0,No Answer,Paid,2182.03
LN21706,AGT123,2026-03-01,12962.69,0,0,Promise To Pay,Paid,12962.69
LN21707,AGT172,2026-03-01,6225.85,15,1,Responsive,Partial,3112.93
LN21708,AGT148,2026-03-01,18205.41,15,1,Promise To Pay,Partial,5461.62
LN21709,AGT146,2026-03-01,9231.27,0,0,Promise To Pay,Paid,9231.27
LN21710,AGT173,2026-03-01,31050.27,60,3,Responsive,Paid,31050.27
LN21711,AGT106,2026-03-01,10692.37,0,0,No Answer,Paid,10692.37
LN21712,AGT107,2026-03-01,28914.85,60,3,No Answer,Unpaid,0.0
LN21713,AGT151,2026-03-01,13235.09,15,1,Promise To Pay,Partial,3970.53
LN21714,AGT171,2026-03-01,16851.65,30,2,No Answer,Unpaid,0.0
LN21715,AGT116,2026-03-01,7490.02,30,2,No Answer,Unpaid,0.0
LN21716,AGT152,2026-03-01,36200.43,60,3,Responsive,Partial,18100.22
LN21717,AGT121,2026-03-01,10183.58,30,2,Promise To Pay,Partial,3055.07
LN21718,AGT121,2026-03-01,4593.0,15,1,Responsive,Partial,2296.5
LN21719,AGT140,2026-03-01,11199.55,0,0,No Answer,Paid,11199.55
LN21720,AGT154,2026-03-01,11565.97,30,2,Promise To Pay,Partial,3469.79
LN21721,AGT138,2026-03-01,3124.04,15,1,No Answer,Unpaid,0.0
LN21722,AGT128,2026-03-01,3931.22,0,0,Promise To Pay,Paid,3931.22
LN21723,AGT141,2026-03-01,24877.44,0,0,No Answer,Paid,24877.44
LN21724,AGT144,2026-03-01,6726.03,0,0,Promise To Pay,Paid,6726.03
LN21725,AGT119,2026-03-01,16479.73,0,0,Promise To Pay,Paid,16479.73
LN21726,AGT173,2026-03-01,9006.46,30,2,Promise To Pay,Partial,2701.94
LN21727,AGT138,2026-03-01,15411.27,90,4,Promise To Pay,Partial,4623.38
LN21728,AGT115,2026-03-01,28177.72,0,0,No Answer,Paid,28177.72
LN21729,AGT116,2026-03-01,13807.4,60,3,No Answer,Unpaid,0.0
LN21730,AGT163,2026-03-01,22477.91,0,0,Responsive,Paid,22477.91
LN21731,AGT119,2026-03-01,2248.62,0,0,No Answer,Paid,2248.62
LN21732,AGT173,2026-03-01,18635.76,0,0,Responsive,Paid,18635.76
LN21733,AGT136,2026-03-01,21354.88,15,1,Responsive,Partial,10677.44
LN21734,AGT119,2026-03-01,33109.85,60,3,No Answer,Unpaid,0.0
LN21735,AGT112,2026-03-01,9349.24,30,2,Responsive,Paid,9349.24
LN21736,AGT144,2026-03-01,26612.5,60,3,Responsive,Paid,26612.5
LN21737,AGT115,2026-03-01,65382.34,30,2,No Answer,Unpaid,0.0
LN21738,AGT125,2026-03-01,16964.35,30,2,No Answer,Unpaid,0.0
LN21739,AGT152,2026-03-01,9541.12,30,2,Responsive,Paid,9541.12
LN21740,AGT170,2026-03-01,2471.68,15,1,No Answer,Unpaid,0.0
LN21741,AGT144,2026-03-01,22579.76,60,3,Promise To Pay,Partial,6773.93
LN21742,AGT169,2026-03-01,34823.53,15,1,Promise To Pay,Partial,10447.06
LN21743,AGT167,2026-03-01,25791.95,30,2,Responsive,Paid,25791.95
LN21744,AGT134,2026-03-01,134359.39,60,3,Promise To Pay,Partial,40307.82
LN21745,AGT127,2026-03-01,2500.4,15,1,Responsive,Partial,1250.2
LN21746,AGT171,2026-03-01,30493.14,60,3,Responsive,Partial,15246.57
LN21747,AGT132,2026-03-01,9524.81,30,2,Responsive,Partial,4762.4
LN21748,AGT123,2026-03-01,43088.71,30,2,Responsive,Paid,43088.71
LN21749,AGT108,2026-03-01,6605.82,0,0,Responsive,Paid,6605.82
LN21750,AGT154,2026-03-01,12810.59,30,2,Promise To Pay,Partial,3843.18
LN21751,AGT130,2026-03-01,9637.88,0,0,Responsive,Paid,9637.88
LN21752,AGT162,2026-03-01,3655.96,0,0,Responsive,Paid,3655.96
LN21753,AGT124,2026-03-01,21850.26,30,2,Responsive,Paid,21850.26
LN21754,AGT111,2026-03-01,40801.72,0,0,No Answer,Paid,40801.72
LN21755,AGT171,2026-03-01,44810.45,60,3,Promise To Pay,Partial,13443.13
LN21756,AGT174,2026-03-01,25518.4,60,3,No Answer,Unpaid,0.0
LN21757,AGT141,2026-03-01,32567.37,30,2,Responsive,Partial,16283.68
LN21758,AGT124,2026-03-01,18720.86,60,3,No Answer,Unpaid,0.0
LN21759,AGT121,2026-03-01,11880.64,15,1,Responsive,Partial,5940.32
LN21760,AGT107,2026-03-01,1539.7,0,0,Responsive,Paid,1539.7
LN21761,AGT115,2026-03-01,117487.29,60,3,Promise To Pay,Partial,35246.19
LN21762,AGT172,2026-03-01,10022.23,0,0,Promise To Pay,Paid,10022.23
LN21763,AGT131,2026-03-01,3479.29,15,1,Responsive,Partial,1739.64
LN21764,AGT102,2026-03-01,25498.95,0,0,No Answer,Paid,25498.95
LN21765,AGT163,2026-03-01,8292.75,90,4,No Answer,Unpaid,0.0
LN21766,AGT123,2026-03-01,39367.21,0,0,No Answer,Paid,39367.21
LN21767,AGT116,2026-03-01,37079.17,0,0,No Answer,Paid,37079.17
LN21768,AGT132,2026-03-01,21945.21,30,2,Promise To Pay,Partial,6583.56
LN21769,AGT128,2026-03-01,6262.57,0,0,Responsive,Paid,6262.57
LN21770,AGT114,2026-03-01,3178.06,0,0,Promise To Pay,Paid,3178.06
LN21771,AGT143,2026-03-01,6264.44,0,0,Promise To Pay,Paid,6264.44
LN21772,AGT143,2026-03-01,23348.51,30,2,No Answer,Unpaid,0.0
LN21773,AGT101,2026-03-01,2318.54,0,0,No Answer,Paid,2318.54
LN21774,AGT106,2026-03-01,9097.58,30,2,Responsive,Paid,9097.58
LN21775,AGT141,2026-03-01,21385.47,0,0,Promise To Pay,Paid,21385.47
LN21776,AGT108,2026-03-01,14597.17,15,1,Responsive,Partial,7298.59
LN21777,AGT166,2026-03-01,54689.88,90,4,No Answer,Unpaid,0.0
LN21778,AGT155,2026-03-01,9981.26,0,0,Responsive,Paid,9981.26
LN21779,AGT143,2026-03-01,4122.08,0,0,Promise To Pay,Paid,4122.08
LN21780,AGT125,2026-03-01,14630.84,0,0,No Answer,Paid,14630.84
LN21781,AGT114,2026-03-01,7320.1,0,0,Promise To Pay,Paid,7320.1
LN21782,AGT169,2026-03-01,40385.82,60,3,No Answer,Unpaid,0.0
LN21783,AGT135,2026-03-01,47719.75,15,1,Responsive,Partial,23859.88
LN21784,AGT130,2026-03-01,44215.55,60,3,No Answer,Unpaid,0.0
LN21785,AGT118,2026-03-01,12440.58,0,0,Promise To Pay,Paid,12440.58
LN21786,AGT163,2026-03-01,30501.64,90,4,Promise To Pay,Partial,9150.49
LN21787,AGT172,2026-03-01,18862.35,0,0,Promise To Pay,Paid,18862.35
LN21788,AGT163,2026-03-01,16691.57,0,0,Responsive,Paid,16691.57
LN21789,AGT154,2026-03-01,6647.56,15,1,Promise To Pay,Partial,1994.27
LN21790,AGT169,2026-03-01,3293.1,0,0,No Answer,Paid,3293.1
LN21791,AGT138,2026-03-01,20791.96,90,4,Responsive,Paid,20791.96
LN21792,AGT115,2026-03-01,23779.67,30,2,Promise To Pay,Partial,7133.9
LN21793,AGT121,2026-03-01,7959.41,0,0,Promise To Pay,Paid,7959.41
LN21794,AGT171,2026-03-01,64535.77,60,3,Responsive,Paid,64535.77
LN21795,AGT105,2026-03-01,35114.84,15,1,No Answer,Unpaid,0.0
LN21796,AGT142,2026-03-01,10513.44,30,2,Responsive,Partial,5256.72
LN21797,AGT142,2026-03-01,10343.28,0,0,Responsive,Paid,10343.28
LN21798,AGT105,2026-03-01,50890.62,60,3,Responsive,Partial,25445.31
LN21799,AGT101,2026-03-01,21768.1,30,2,No Answer,Unpaid,0.0
LN21800,AGT104,2026-03-01,11150.72,30,2,No Answer,Unpaid,0.0
LN21801,AGT172,2026-03-01,2565.62,0,0,Promise To Pay,Paid,2565.62
LN21802,AGT110,2026-03-01,15375.75,90,4,Responsive,Paid,15375.75
LN21803,AGT123,2026-03-01,10213.12,15,1,Responsive,Paid,10213.12
LN21804,AGT108,2026-03-01,22256.23,90,4,No Answer,Unpaid,0.0
LN21805,AGT147,2026-03-01,4856.33,15,1,Promise To Pay,Partial,1456.9
LN21806,AGT149,2026-03-01,48446.8,60,3,Responsive,Partial,24223.4
LN21807,AGT106,2026-03-01,15221.39,30,2,Promise To Pay,Partial,4566.42
LN21808,AGT109,2026-03-01,4021.04,15,1,Promise To Pay,Partial,1206.31
LN21809,AGT171,2026-03-01,22996.0,15,1,No Answer,Unpaid,0.0
LN21810,AGT152,2026-03-01,36341.61,0,0,Promise To Pay,Paid,36341.61
LN21811,AGT146,2026-03-01,2569.68,0,0,Responsive,Paid,2569.68
LN21812,AGT166,2026-03-01,5958.53,15,1,Promise To Pay,Partial,1787.56
LN21813,AGT108,2026-03-01,30052.29,30,2,Promise To Pay,Partial,9015.69
LN21814,AGT173,2026-03-01,3389.22,0,0,Promise To Pay,Paid,3389.22
LN21815,AGT160,2026-03-01,11156.8,90,4,Promise To Pay,Partial,3347.04
LN21816,AGT100,2026-03-01,15959.37,15,1,Responsive,Paid,15959.37
LN21817,AGT144,2026-03-01,4312.86,15,1,Responsive,Partial,2156.43
LN21818,AGT155,2026-03-01,22574.91,30,2,No Answer,Unpaid,0.0
LN21819,AGT136,2026-03-01,7773.98,60,3,Responsive,Partial,3886.99
LN21820,AGT101,2026-03-01,12760.06,0,0,No Answer,Paid,12760.06
LN21821,AGT106,2026-03-01,8197.85,0,0,Promise To Pay,Paid,8197.85
LN21822,AGT159,2026-03-01,8688.66,0,0,No Answer,Paid,8688.66
LN21823,AGT137,2026-03-01,4513.06,60,3,Promise To Pay,Partial,1353.92
LN21824,AGT162,2026-03-01,8770.51,0,0,No Answer,Paid,8770.51
LN21825,AGT133,2026-03-01,2887.51,15,1,No Answer,Unpaid,0.0
LN21826,AGT168,2026-03-01,39387.59,60,3,Responsive,Partial,19693.79
LN21827,AGT158,2026-03-01,33889.13,60,3,Responsive,Partial,16944.56
LN21828,AGT123,2026-03-01,13032.37,15,1,Responsive,Paid,13032.37
LN21829,AGT159,2026-03-01,5180.33,0,0,No Answer,Paid,5180.33
LN21830,AGT122,2026-03-01,9480.68,0,0,Promise To Pay,Paid,9480.68
LN21831,AGT112,2026-03-01,5718.28,0,0,Responsive,Paid,5718.28
LN21832,AGT143,2026-03-01,38761.46,90,4,No Answer,Unpaid,0.0
LN21833,AGT137,2026-03-01,5395.21,0,0,Promise To Pay,Paid,5395.21
LN21834,AGT129,2026-03-01,13776.89,30,2,No Answer,Unpaid,0.0
LN21835,AGT173,2026-03-01,9756.94,15,1,Promise To Pay,Partial,2927.08
LN21836,AGT129,2026-03-01,3526.44,0,0,No Answer,Paid,3526.44
LN21837,AGT166,2026-03-01,7230.58,0,0,No Answer,Paid,7230.58
LN21838,AGT131,2026-03-01,22692.04,60,3,Responsive,Paid,22692.04
LN21839,AGT172,2026-03-01,28386.76,60,3,Promise To Pay,Partial,8516.03
LN21840,AGT110,2026-03-01,7727.41,30,2,No Answer,Unpaid,0.0
LN21841,AGT168,2026-03-01,21892.76,30,2,Responsive,Paid,21892.76
LN21842,AGT106,2026-03-01,5285.0,0,0,Promise To Pay,Paid,5285.0
LN21843,AGT105,2026-03-01,13027.25,0,0,Responsive,Paid,13027.25
LN21844,AGT153,2026-03-01,19499.64,60,3,Responsive,Paid,19499.64
LN21845,AGT112,2026-03-01,7189.36,15,1,No Answer,Unpaid,0.0
LN21846,AGT100,2026-03-01,10251.07,0,0,No Answer,Paid,10251.07
LN21847,AGT147,2026-03-01,67518.85,30,2,Responsive,Partial,33759.43
LN21848,AGT103,2026-03-01,2723.57,15,1,Promise To Pay,Partial,817.07
LN21849,AGT167,2026-03-01,12504.59,0,0,Promise To Pay,Paid,12504.59
LN21850,AGT108,2026-03-01,4173.24,0,0,Promise To Pay,Paid,4173.24
LN21851,AGT154,2026-03-01,5609.3,0,0,Responsive,Paid,5609.3
LN21852,AGT141,2026-03-01,25564.53,30,2,No Answer,Unpaid,0.0
LN21853,AGT121,2026-03-01,22897.97,60,3,No Answer,Unpaid,0.0
LN21854,AGT139,2026-03-01,38159.86,15,1,No Answer,Unpaid,0.0
LN21855,AGT132,2026-03-01,11990.13,30,2,Responsive,Paid,11990.13
LN21856,AGT152,2026-03-01,6275.44,0,0,Promise To Pay,Paid,6275.44
LN21857,AGT112,2026-03-01,4509.89,0,0,Promise To Pay,Paid,4509.89
LN21858,AGT103,2026-03-01,11136.95,0,0,Responsive,Paid,11136.95
LN21859,AGT118,2026-03-01,13909.54,30,2,Promise To Pay,Partial,4172.86
LN21860,AGT139,2026-03-01,6172.48,15,1,No Answer,Unpaid,0.0
LN21861,AGT174,2026-03-01,2588.14,15,1,Responsive,Partial,1294.07
LN21862,AGT168,2026-03-01,58440.17,30,2,Responsive,Paid,58440.17
LN21863,AGT160,2026-03-01,11286.53,30,2,Responsive,Paid,11286.53
LN21864,AGT121,2026-03-01,25877.71,60,3,No Answer,Unpaid,0.0
LN21865,AGT126,2026-03-01,7963.0,0,0,Responsive,Paid,7963.0
LN21866,AGT127,2026-03-01,40899.66,60,3,Promise To Pay,Partial,12269.9
LN21867,AGT171,2026-03-01,8629.26,0,0,Promise To Pay,Paid,8629.26
LN21868,AGT101,2026-03-01,7138.78,0,0,Promise To Pay,Paid,7138.78
LN21869,AGT104,2026-03-01,6031.34,15,1,Promise To Pay,Partial,1809.4
LN21870,AGT162,2026-03-01,22436.6,0,0,Promise To Pay,Paid,22436.6
LN21871,AGT154,2026-03-01,59352.98,90,4,No Answer,Unpaid,0.0
LN21872,AGT118,2026-03-01,14299.75,30,2,No Answer,Unpaid,0.0
LN21873,AGT169,2026-03-01,12223.75,0,0,Promise To Pay,Paid,12223.75
LN21874,AGT128,2026-03-01,5489.49,0,0,No Answer,Paid,5489.49
LN21875,AGT115,2026-03-01,9497.44,15,1,Responsive,Paid,9497.44
LN21876,AGT108,2026-03-01,18741.74,30,2,Responsive,Partial,9370.87
LN21877,AGT128,2026-03-01,20812.45,30,2,No Answer,Unpaid,0.0
LN21878,AGT148,2026-03-01,2231.24,0,0,Responsive,Paid,2231.24
LN21879,AGT122,2026-03-01,1462.53,0,0,Promise To Pay,Paid,1462.53
LN21880,AGT163,2026-03-01,8044.82,15,1,Responsive,Paid,8044.82
LN21881,AGT166,2026-03-01,17317.81,0,0,Responsive,Paid,17317.81
LN21882,AGT132,2026-03-01,46497.8,30,2,Promise To Pay,Partial,13949.34
LN21883,AGT129,2026-03-01,19617.63,30,2,No Answer,Unpaid,0.0
LN21884,AGT169,2026-03-01,18963.39,30,2,Promise To Pay,Partial,5689.02
LN21885,AGT165,2026-03-01,35523.22,60,3,No Answer,Unpaid,0.0
LN21886,AGT146,2026-03-01,25133.38,90,4,Promise To Pay,Partial,7540.01
LN21887,AGT122,2026-03-01,3826.07,15,1,Responsive,Partial,1913.04
LN21888,AGT161,2026-03-01,6284.16,30,2,Responsive,Paid,6284.16
LN21889,AGT157,2026-03-01,17069.66,0,0,Responsive,Paid,17069.66
LN21890,AGT152,2026-03-01,6372.82,30,2,Promise To Pay,Partial,1911.85
LN21891,AGT108,2026-03-01,8023.51,0,0,Promise To Pay,Paid,8023.51
LN21892,AGT129,2026-03-01,51696.36,60,3,No Answer,Unpaid,0.0
LN21893,AGT116,2026-03-01,16200.44,60,3,No Answer,Unpaid,0.0
LN21894,AGT121,2026-03-01,7241.22,0,0,Promise To Pay,Paid,7241.22
LN21895,AGT113,2026-03-01,2926.97,0,0,Promise To Pay,Paid,2926.97
LN21896,AGT118,2026-03-01,9438.91,0,0,No Answer,Paid,9438.91
LN21897,AGT135,2026-03-01,13685.25,0,0,No Answer,Paid,13685.25
LN21898,AGT154,2026-03-01,20866.3,0,0,Responsive,Paid,20866.3
LN21899,AGT152,2026-03-01,30520.52,0,0,No Answer,Paid,30520.52
LN21900,AGT129,2026-03-01,11884.2,15,1,Responsive,Partial,5942.1
LN21901,AGT165,2026-03-01,3691.55,0,0,Responsive,Paid,3691.55
LN21902,AGT115,2026-03-01,33989.08,30,2,Promise To Pay,Partial,10196.72
LN21903,AGT162,2026-03-01,12509.63,90,4,No Answer,Unpaid,0.0
LN21904,AGT132,2026-03-01,8374.67,30,2,Responsive,Partial,4187.34
LN21905,AGT167,2026-03-01,3884.57,15,1,Responsive,Paid,3884.57
LN21906,AGT169,2026-03-01,10721.64,0,0,Responsive,Paid,10721.64
LN21907,AGT134,2026-03-01,6471.37,60,3,Promise To Pay,Partial,1941.41
LN21908,AGT143,2026-03-01,53437.24,90,4,Promise To Pay,Partial,16031.17
LN21909,AGT168,2026-03-01,7080.53,0,0,Responsive,Paid,7080.53
LN21910,AGT153,2026-03-01,12948.71,30,2,Responsive,Paid,12948.71
LN21911,AGT150,2026-03-01,29713.63,0,0,No Answer,Paid,29713.63
LN21912,AGT173,2026-03-01,2739.51,15,1,Promise To Pay,Partial,821.85
LN21913,AGT116,2026-03-01,31905.51,0,0,No Answer,Paid,31905.51
LN21914,AGT162,2026-03-01,23892.84,90,4,Promise To Pay,Partial,7167.85
LN21915,AGT124,2026-03-01,7692.07,0,0,Promise To Pay,Paid,7692.07
LN21916,AGT139,2026-03-01,5988.56,0,0,Responsive,Paid,5988.56
LN21917,AGT136,2026-03-01,91367.59,60,3,Promise To Pay,Partial,27410.28
LN21918,AGT129,2026-03-01,14660.89,0,0,Responsive,Paid,14660.89
LN21919,AGT103,2026-03-01,23255.23,0,0,No Answer,Paid,23255.23
LN21920,AGT146,2026-03-01,7750.26,0,0,Responsive,Paid,7750.26
LN21921,AGT114,2026-03-01,11739.51,0,0,Promise To Pay,Paid,11739.51
LN21922,AGT111,2026-03-01,10249.99,0,0,Promise To Pay,Paid,10249.99
LN21923,AGT161,2026-03-01,120108.49,60,3,Responsive,Partial,60054.25
LN21924,AGT109,2026-03-01,21219.8,0,0,Responsive,Paid,21219.8
LN21925,AGT128,2026-03-01,14235.11,0,0,Responsive,Paid,14235.11
LN21926,AGT159,2026-03-01,26702.29,30,2,Promise To Pay,Partial,8010.69
LN21927,AGT104,2026-03-01,17096.62,30,2,Responsive,Paid,17096.62
LN21928,AGT159,2026-03-01,28402.25,90,4,No Answer,Unpaid,0.0
LN21929,AGT148,2026-03-01,4566.85,0,0,No Answer,Paid,4566.85
LN21930,AGT155,2026-03-01,10572.38,0,0,No Answer,Paid,10572.38
LN21931,AGT121,2026-03-01,3013.5,15,1,No Answer,Unpaid,0.0
LN21932,AGT160,2026-03-01,29106.22,15,1,No Answer,Unpaid,0.0
LN21933,AGT171,2026-03-01,11260.06,15,1,Promise To Pay,Partial,3378.02
LN21934,AGT152,2026-03-01,18986.98,15,1,Promise To Pay,Partial,5696.09
LN21935,AGT108,2026-03-01,6726.32,0,0,Responsive,Paid,6726.32
LN21936,AGT118,2026-03-01,23275.49,0,0,Responsive,Paid,23275.49
LN21937,AGT153,2026-03-01,14958.36,60,3,Promise To Pay,Partial,4487.51
LN21938,AGT139,2026-03-01,6668.73,30,2,Responsive,Paid,6668.73
LN21939,AGT124,2026-03-01,16706.07,0,0,Responsive,Paid,16706.07
LN21940,AGT167,2026-03-01,21035.1,30,2,No Answer,Unpaid,0.0
LN21941,AGT113,2026-03-01,20580.88,30,2,Promise To Pay,Partial,6174.26
LN21942,AGT152,2026-03-01,15199.27,15,1,Promise To Pay,Partial,4559.78
LN21943,AGT148,2026-03-01,5242.39,15,1,Promise To Pay,Partial,1572.72
LN21944,AGT110,2026-03-01,12288.06,30,2,Promise To Pay,Partial,3686.42
LN21945,AGT129,2026-03-01,11117.45,0,0,Responsive,Paid,11117.45
LN21946,AGT117,2026-03-01,1664.91,0,0,Responsive,Paid,1664.91
LN21947,AGT154,2026-03-01,12268.83,30,2,Promise To Pay,Partial,3680.65
LN21948,AGT165,2026-03-01,17496.78,60,3,Responsive,Paid,17496.78
LN21949,AGT157,2026-03-01,11571.16,30,2,No Answer,Unpaid,0.0
LN21950,AGT111,2026-03-01,8794.16,15,1,Responsive,Partial,4397.08
LN21951,AGT121,2026-03-01,17811.52,15,1,Promise To Pay,Partial,5343.46
LN21952,AGT101,2026-03-01,9223.36,0,0,Promise To Pay,Paid,9223.36
LN21953,AGT145,2026-03-01,10584.72,0,0,No Answer,Paid,10584.72
LN21954,AGT135,2026-03-01,9415.99,15,1,Promise To Pay,Partial,2824.8
LN21955,AGT103,2026-03-01,1542.77,0,0,Promise To Pay,Paid,1542.77
LN21956,AGT122,2026-03-01,17417.66,30,2,Responsive,Partial,8708.83
LN21957,AGT103,2026-03-01,15750.5,0,0,Promise To Pay,Paid,15750.5
LN21958,AGT111,2026-03-01,3030.77,0,0,Responsive,Paid,3030.77
LN21959,AGT104,2026-03-01,23787.74,30,2,Responsive,Paid,23787.74
LN21960,AGT139,2026-03-01,2410.86,0,0,Responsive,Paid,2410.86
LN21961,AGT120,2026-03-01,17919.66,0,0,No Answer,Paid,17919.66
LN21962,AGT155,2026-03-01,25106.65,30,2,Promise To Pay,Partial,7531.99
LN21963,AGT104,2026-03-01,7560.75,0,0,Promise To Pay,Paid,7560.75
LN21964,AGT156,2026-03-01,15545.41,15,1,Responsive,Partial,7772.7
LN21965,AGT154,2026-03-01,20464.48,60,3,Promise To Pay,Partial,6139.34
LN21966,AGT125,2026-03-01,29169.68,90,4,Promise To Pay,Partial,8750.9
LN21967,AGT145,2026-03-01,8738.73,0,0,Promise To Pay,Paid,8738.73
LN21968,AGT157,2026-03-01,64444.99,60,3,No Answer,Unpaid,0.0
LN21969,AGT111,2026-03-01,2664.51,15,1,Responsive,Paid,2664.51
LN21970,AGT104,2026-03-01,5215.11,0,0,Promise To Pay,Paid,5215.11
LN21971,AGT153,2026-03-01,21397.28,60,3,Promise To Pay,Partial,6419.18
LN21972,AGT154,2026-03-01,15706.76,15,1,Promise To Pay,Partial,4712.03
LN21973,AGT138,2026-03-01,8511.09,30,2,No Answer,Unpaid,0.0
LN21974,AGT118,2026-03-01,8785.06,15,1,Responsive,Paid,8785.06
LN21975,AGT169,2026-03-01,3179.21,0,0,Responsive,Paid,3179.21
LN21976,AGT162,2026-03-01,3714.96,0,0,No Answer,Paid,3714.96
LN21977,AGT122,2026-03-01,25600.35,90,4,Responsive,Paid,25600.35
LN21978,AGT157,2026-03-01,25114.22,60,3,No Answer,Unpaid,0.0
LN21979,AGT112,2026-03-01,5067.25,15,1,No Answer,Unpaid,0.0
LN21980,AGT117,2026-03-01,19296.67,0,0,Promise To Pay,Paid,19296.67
LN21981,AGT137,2026-03-01,38293.02,15,1,No Answer,Unpaid,0.0
LN21982,AGT147,2026-03-01,8958.82,30,2,Responsive,Partial,4479.41
LN21983,AGT172,2026-03-01,28971.32,90,4,Promise To Pay,Partial,8691.4
LN21984,AGT168,2026-03-01,13597.56,0,0,Promise To Pay,Paid,13597.56
LN21985,AGT164,2026-03-01,3695.7,15,1,Responsive,Paid,3695.7
LN21986,AGT119,2026-03-01,27715.7,60,3,Promise To Pay,Partial,8314.71
LN21987,AGT161,2026-03-01,53110.61,15,1,No Answer,Unpaid,0.0
LN21988,AGT159,2026-03-01,17294.46,0,0,No Answer,Paid,17294.46
LN21989,AGT159,2026-03-01,45221.63,90,4,Promise To Pay,Partial,13566.49
LN21990,AGT141,2026-03-01,5562.5,0,0,No Answer,Paid,5562.5
LN21991,AGT106,2026-03-01,12466.42,0,0,No Answer,Paid,12466.42
LN21992,AGT150,2026-03-01,6912.33,30,2,Responsive,Paid,6912.33
LN21993,AGT136,2026-03-01,27862.78,60,3,Responsive,Paid,27862.78
LN21994,AGT114,2026-03-01,1789.65,0,0,Promise To Pay,Paid,1789.65
LN21995,AGT101,2026-03-01,17837.69,30,2,Promise To Pay,Partial,5351.31
LN21996,AGT138,2026-03-01,33012.45,0,0,No Answer,Paid,33012.45
LN21997,AGT167,2026-03-01,21601.76,90,4,No Answer,Unpaid,0.0
LN21998,AGT124,2026-03-01,11076.3,15,1,Promise To Pay,Partial,3322.89
LN21999,AGT145,2026-03-01,18093.66,0,0,No Answer,Paid,18093.66
LN22000,AGT155,2026-03-01,36276.83,90,4,No Answer,Unpaid,0.0
LN22001,AGT119,2026-03-01,53757.81,60,3,No Answer,Unpaid,0.0
LN22002,AGT155,2026-03-01,6747.85,0,0,Responsive,Paid,6747.85
LN22003,AGT122,2026-03-01,35558.58,90,4,Promise To Pay,Partial,10667.57
LN22004,AGT124,2026-03-01,62708.03,30,2,No Answer,Unpaid,0.0
LN22005,AGT163,2026-03-01,4595.61,0,0,Responsive,Paid,4595.61
LN22006,AGT120,2026-03-01,3155.28,0,0,Promise To Pay,Paid,3155.28
LN22007,AGT162,2026-03-01,14847.8,30,2,No Answer,Unpaid,0.0
LN22008,AGT112,2026-03-01,10721.54,0,0,No Answer,Paid,10721.54
LN22009,AGT151,2026-03-01,71517.83,90,4,Promise To Pay,Partial,21455.35
LN22010,AGT159,2026-03-01,9525.02,30,2,Responsive,Paid,9525.02
LN22011,AGT172,2026-03-01,10399.15,15,1,Responsive,Paid,10399.15
LN22012,AGT128,2026-03-01,1743.21,15,1,Promise To Pay,Partial,522.96
LN22013,AGT168,2026-03-01,23070.92,30,2,No Answer,Unpaid,0.0
LN22014,AGT100,2026-03-01,5165.1,0,0,Responsive,Paid,5165.1
LN22015,AGT155,2026-03-01,13428.23,0,0,No Answer,Paid,13428.23
LN22016,AGT172,2026-03-01,6797.94,15,1,No Answer,Unpaid,0.0
LN22017,AGT171,2026-03-01,2819.24,0,0,Responsive,Paid,2819.24
LN22018,AGT122,2026-03-01,8197.02,15,1,No Answer,Unpaid,0.0
LN22019,AGT132,2026-03-01,12754.79,30,2,Promise To Pay,Partial,3826.44
LN22020,AGT171,2026-03-01,11718.7,30,2,No Answer,Unpaid,0.0
LN22021,AGT152,2026-03-01,8265.42,0,0,Promise To Pay,Paid,8265.42
LN22022,AGT105,2026-03-01,9997.15,0,0,No Answer,Paid,9997.15
LN22023,AGT164,2026-03-01,18910.24,0,0,Responsive,Paid,18910.24
LN22024,AGT130,2026-03-01,8325.54,0,0,Responsive,Paid,8325.54
LN22025,AGT132,2026-03-01,2839.26,0,0,Promise To Pay,Paid,2839.26
LN22026,AGT133,2026-03-01,70281.51,60,3,Promise To Pay,Partial,21084.45
LN22027,AGT142,2026-03-01,16212.18,0,0,Responsive,Paid,16212.18
LN22028,AGT146,2026-03-01,33797.54,15,1,No Answer,Unpaid,0.0
LN22029,AGT113,2026-03-01,29043.97,60,3,Promise To Pay,Partial,8713.19
LN22030,AGT116,2026-03-01,7545.22,0,0,Responsive,Paid,7545.22
LN22031,AGT134,2026-03-01,10827.04,0,0,No Answer,Paid,10827.04
LN22032,AGT160,2026-03-01,1553.8,0,0,Responsive,Paid,1553.8
LN22033,AGT113,2026-03-01,5829.42,30,2,Promise To Pay,Partial,1748.83
LN22034,AGT139,2026-03-01,5096.29,30,2,Promise To Pay,Partial,1528.89
LN22035,AGT120,2026-03-01,44415.62,60,3,No Answer,Unpaid,0.0
LN22036,AGT131,2026-03-01,6093.56,15,1,Responsive,Partial,3046.78
LN22037,AGT170,2026-03-01,20049.73,0,0,Promise To Pay,Paid,20049.73
LN22038,AGT155,2026-03-01,7643.83,0,0,Responsive,Paid,7643.83
LN22039,AGT143,2026-03-01,34714.26,60,3,Promise To Pay,Partial,10414.28
LN22040,AGT154,2026-03-01,3881.32,0,0,Promise To Pay,Paid,3881.32
LN22041,AGT125,2026-03-01,12300.64,0,0,Responsive,Paid,12300.64
LN22042,AGT106,2026-03-01,68825.33,30,2,Promise To Pay,Partial,20647.6
LN22043,AGT173,2026-03-01,15394.43,0,0,Responsive,Paid,15394.43
LN22044,AGT144,2026-03-01,8317.69,30,2,Responsive,Partial,4158.85
LN22045,AGT106,2026-03-01,12002.91,0,0,Promise To Pay,Paid,12002.91
LN22046,AGT145,2026-03-01,14030.18,15,1,No Answer,Unpaid,0.0
LN22047,AGT141,2026-03-01,7892.78,0,0,No Answer,Paid,7892.78
LN22048,AGT123,2026-03-01,2868.87,15,1,Promise To Pay,Partial,860.66
LN22049,AGT156,2026-03-01,23744.1,30,2,Responsive,Paid,23744.1
LN22050,AGT154,2026-03-01,7703.86,0,0,No Answer,Paid,7703.86
LN22051,AGT131,2026-03-01,8056.61,30,2,No Answer,Unpaid,0.0
LN22052,AGT102,2026-03-01,12725.2,60,3,Responsive,Partial,6362.6
LN22053,AGT157,2026-03-01,17085.73,30,2,No Answer,Unpaid,0.0
LN22054,AGT146,2026-03-01,30771.54,90,4,Responsive,Partial,15385.77
LN22055,AGT103,2026-03-01,6547.29,0,0,No Answer,Paid,6547.29
LN22056,AGT157,2026-03-01,51712.27,90,4,Responsive,Paid,51712.27
LN22057,AGT124,2026-03-01,22333.25,30,2,Responsive,Partial,11166.62
LN22058,AGT130,2026-03-01,21290.05,0,0,Responsive,Paid,21290.05
LN22059,AGT150,2026-03-01,10678.96,30,2,No Answer,Unpaid,0.0
LN22060,AGT168,2026-03-01,7383.96,0,0,No Answer,Paid,7383.96
LN22061,AGT144,2026-03-01,8601.19,0,0,Responsive,Paid,8601.19
LN22062,AGT103,2026-03-01,30733.5,0,0,Responsive,Paid,30733.5
LN22063,AGT117,2026-03-01,9923.26,60,3,Promise To Pay,Partial,2976.98
LN22064,AGT161,2026-03-01,44969.69,0,0,Promise To Pay,Paid,44969.69
LN22065,AGT166,2026-03-01,1340.28,0,0,No Answer,Paid,1340.28
LN22066,AGT168,2026-03-01,23140.71,0,0,Promise To Pay,Paid,23140.71
LN22067,AGT110,2026-03-01,18067.87,0,0,No Answer,Paid,18067.87
LN22068,AGT131,2026-03-01,9532.4,0,0,Promise To Pay,Paid,9532.4
LN22069,AGT158,2026-03-01,40121.12,30,2,No Answer,Unpaid,0.0
LN22070,AGT108,2026-03-01,7157.29,0,0,No Answer,Paid,7157.29
LN22071,AGT155,2026-03-01,21670.79,30,2,No Answer,Unpaid,0.0
LN22072,AGT115,2026-03-01,51602.58,90,4,Promise To Pay,Partial,15480.77
LN22073,AGT163,2026-03-01,5920.75,0,0,Promise To Pay,Paid,5920.75
LN22074,AGT126,2026-03-01,16344.25,15,1,No Answer,Unpaid,0.0
LN22075,AGT163,2026-03-01,24664.75,15,1,Responsive,Paid,24664.75
LN22076,AGT165,2026-03-01,9403.38,0,0,No Answer,Paid,9403.38
LN22077,AGT107,2026-03-01,26268.51,90,4,No Answer,Unpaid,0.0
LN22078,AGT113,2026-03-01,49826.35,60,3,No Answer,Unpaid,0.0
LN22079,AGT101,2026-03-01,52869.39,15,1,No Answer,Unpaid,0.0
LN22080,AGT136,2026-03-01,41240.75,90,4,Responsive,Paid,41240.75
LN22081,AGT170,2026-03-01,5917.35,30,2,Promise To Pay,Partial,1775.21
LN22082,AGT109,2026-03-01,169964.5,90,4,Responsive,Paid,169964.5
LN22083,AGT151,2026-03-01,16228.94,60,3,Promise To Pay,Partial,4868.68
LN22084,AGT106,2026-03-01,2591.56,15,1,Responsive,Partial,1295.78
LN22085,AGT160,2026-03-01,17955.28,0,0,Promise To Pay,Paid,17955.28
LN22086,AGT159,2026-03-01,16793.67,0,0,Responsive,Paid,16793.67
LN22087,AGT135,2026-03-01,14680.05,30,2,No Answer,Unpaid,0.0
LN22088,AGT132,2026-03-01,4859.51,0,0,Promise To Pay,Paid,4859.51
LN22089,AGT152,2026-03-01,8778.25,30,2,No Answer,Unpaid,0.0
LN22090,AGT104,2026-03-01,6184.24,0,0,No Answer,Paid,6184.24
LN22091,AGT169,2026-03-01,15408.61,0,0,No Answer,Paid,15408.61
LN22092,AGT164,2026-03-01,1638.15,15,1,Responsive,Partial,819.08
LN22093,AGT103,2026-03-01,5805.13,60,3,Promise To Pay,Partial,1741.54
LN22094,AGT106,2026-03-01,8008.96,0,0,No Answer,Paid,8008.96
LN22095,AGT111,2026-03-01,13679.59,90,4,No Answer,Unpaid,0.0
LN22096,AGT110,2026-03-01,6937.7,0,0,Promise To Pay,Paid,6937.7
LN22097,AGT143,2026-03-01,9161.58,0,0,Promise To Pay,Paid,9161.58
LN22098,AGT100,2026-03-01,118250.77,90,4,Responsive,Partial,59125.39
LN22099,AGT161,2026-03-01,24859.94,30,2,No Answer,Unpaid,0.0
LN22100,AGT104,2026-03-01,15086.82,15,1,Responsive,Partial,7543.41
LN22101,AGT159,2026-03-01,4177.58,0,0,No Answer,Paid,4177.58
LN22102,AGT143,2026-03-01,10703.48,0,0,No Answer,Paid,10703.48
LN22103,AGT147,2026-03-01,31327.6,15,1,Promise To Pay,Partial,9398.28
LN22104,AGT151,2026-03-01,7163.18,0,0,Promise To Pay,Paid,7163.18
LN22105,AGT114,2026-03-01,10369.66,30,2,Responsive,Partial,5184.83
LN22106,AGT122,2026-03-01,6213.06,0,0,Promise To Pay,Paid,6213.06
LN22107,AGT135,2026-03-01,18853.25,0,0,No Answer,Paid,18853.25
LN22108,AGT168,2026-03-01,50015.01,90,4,Responsive,Paid,50015.01
LN22109,AGT154,2026-03-01,49610.41,90,4,Responsive,Partial,24805.21
LN22110,AGT174,2026-03-01,206543.13,90,4,Responsive,Partial,103271.57
LN22111,AGT164,2026-03-01,24021.77,60,3,Promise To Pay,Partial,7206.53
LN22112,AGT161,2026-03-01,42815.48,90,4,Responsive,Partial,21407.74
LN22113,AGT123,2026-03-01,5801.18,0,0,No Answer,Paid,5801.18
LN22114,AGT156,2026-03-01,11795.2,0,0,No Answer,Paid,11795.2
LN22115,AGT136,2026-03-01,7346.01,0,0,Responsive,Paid,7346.01
LN22116,AGT169,2026-03-01,24953.25,30,2,No Answer,Unpaid,0.0
LN22117,AGT158,2026-03-01,8873.23,0,0,Responsive,Paid,8873.23
LN22118,AGT123,2026-03-01,4971.91,0,0,No Answer,Paid,4971.91
LN22119,AGT132,2026-03-01,16201.31,30,2,Responsive,Partial,8100.65
LN22120,AGT123,2026-03-01,29426.05,0,0,Promise To Pay,Paid,29426.05
LN22121,AGT149,2026-03-01,4171.61,0,0,No Answer,Paid,4171.61
LN22122,AGT123,2026-03-01,12548.36,30,2,No Answer,Unpaid,0.0
LN22123,AGT122,2026-03-01,3335.1,15,1,Promise To Pay,Partial,1000.53
LN22124,AGT148,2026-03-01,10469.36,30,2,Responsive,Paid,10469.36
LN22125,AGT118,2026-03-01,3156.92,30,2,Promise To Pay,Partial,947.08
LN22126,AGT128,2026-03-01,9437.6,0,0,No Answer,Paid,9437.6
LN22127,AGT168,2026-03-01,27946.27,0,0,Promise To Pay,Paid,27946.27
LN22128,AGT163,2026-03-01,11533.45,0,0,Promise To Pay,Paid,11533.45
LN22129,AGT148,2026-03-01,5182.18,0,0,Promise To Pay,Paid,5182.18
LN22130,AGT167,2026-03-01,3862.92,0,0,No Answer,Paid,3862.92
LN22131,AGT162,2026-03-01,12568.29,0,0,Responsive,Paid,12568.29
LN22132,AGT134,2026-03-01,62077.85,90,4,Responsive,Partial,31038.92
LN22133,AGT166,2026-03-01,8439.71,30,2,Promise To Pay,Partial,2531.91
LN22134,AGT125,2026-03-01,15670.22,15,1,No Answer,Unpaid,0.0
LN22135,AGT164,2026-03-01,9538.4,0,0,No Answer,Paid,9538.4
LN22136,AGT160,2026-03-01,6251.5,15,1,Promise To Pay,Partial,1875.45
LN22137,AGT129,2026-03-01,27861.56,30,2,Promise To Pay,Partial,8358.47
LN22138,AGT134,2026-03-01,34754.02,15,1,Promise To Pay,Partial,10426.21
LN22139,AGT165,2026-03-01,6323.17,30,2,No Answer,Unpaid,0.0
LN22140,AGT156,2026-03-01,6182.53,0,0,Responsive,Paid,6182.53
LN22141,AGT118,2026-03-01,8857.42,15,1,Responsive,Paid,8857.42
LN22142,AGT166,2026-03-01,10945.03,30,2,Promise To Pay,Partial,3283.51
LN22143,AGT169,2026-03-01,25494.48,30,2,Responsive,Paid,25494.48
LN22144,AGT169,2026-03-01,14261.81,15,1,No Answer,Unpaid,0.0
LN22145,AGT131,2026-03-01,32902.54,0,0,Promise To Pay,Paid,32902.54
LN22146,AGT106,2026-03-01,11666.72,15,1,No Answer,Unpaid,0.0
LN22147,AGT170,2026-03-01,10365.0,0,0,Responsive,Paid,10365.0
LN22148,AGT147,2026-03-01,40215.68,60,3,Promise To Pay,Partial,12064.7
LN22149,AGT115,2026-03-01,37790.47,0,0,No Answer,Paid,37790.47
LN22150,AGT105,2026-03-01,6919.8,60,3,No Answer,Unpaid,0.0
LN22151,AGT174,2026-03-01,19825.48,90,4,Responsive,Partial,9912.74
LN22152,AGT156,2026-03-01,72840.5,90,4,Promise To Pay,Partial,21852.15
LN22153,AGT158,2026-03-01,7542.95,30,2,Responsive,Paid,7542.95
LN22154,AGT128,2026-03-01,10395.5,60,3,Promise To Pay,Partial,3118.65
LN22155,AGT172,2026-03-01,15353.4,0,0,Promise To Pay,Paid,15353.4
LN22156,AGT110,2026-03-01,21053.26,30,2,Promise To Pay,Partial,6315.98
LN22157,AGT141,2026-03-01,15937.44,0,0,Promise To Pay,Paid,15937.44
LN22158,AGT140,2026-03-01,15065.07,30,2,No Answer,Unpaid,0.0
LN22159,AGT103,2026-03-01,31041.75,60,3,Promise To Pay,Partial,9312.52
LN22160,AGT112,2026-03-01,13576.64,0,0,Responsive,Paid,13576.64
LN22161,AGT159,2026-03-01,30886.43,0,0,Promise To Pay,Paid,30886.43
LN22162,AGT107,2026-03-01,22906.21,0,0,No Answer,Paid,22906.21
LN22163,AGT146,2026-03-01,29474.61,0,0,No Answer,Paid,29474.61
LN22164,AGT169,2026-03-01,2888.26,0,0,Responsive,Paid,2888.26
LN22165,AGT120,2026-03-01,45314.29,90,4,No Answer,Unpaid,0.0
LN22166,AGT106,2026-03-01,11940.54,30,2,Responsive,Paid,11940.54
LN22167,AGT149,2026-03-01,14444.01,90,4,No Answer,Unpaid,0.0
LN22168,AGT167,2026-03-01,6737.85,0,0,No Answer,Paid,6737.85
LN22169,AGT147,2026-03-01,2923.2,0,0,Promise To Pay,Paid,2923.2
LN22170,AGT168,2026-03-01,41458.64,0,0,Responsive,Paid,41458.64
LN22171,AGT163,2026-03-01,68489.34,90,4,Promise To Pay,Partial,20546.8
LN22172,AGT170,2026-03-01,74908.51,30,2,Responsive,Partial,37454.25
LN22173,AGT136,2026-03-01,16665.12,90,4,Responsive,Partial,8332.56
LN22174,AGT123,2026-03-01,21149.36,15,1,Promise To Pay,Partial,6344.81
LN22175,AGT164,2026-03-01,7845.41,15,1,Responsive,Partial,3922.7
LN22176,AGT100,2026-03-01,20207.45,30,2,Promise To Pay,Partial,6062.23
LN22177,AGT171,2026-03-01,6621.72,0,0,Responsive,Paid,6621.72
LN22178,AGT149,2026-03-01,19409.86,60,3,Responsive,Partial,9704.93
LN22179,AGT137,2026-03-01,1056.72,15,1,Promise To Pay,Partial,317.02
LN22180,AGT131,2026-03-01,23385.05,30,2,Promise To Pay,Partial,7015.51
LN22181,AGT101,2026-03-01,13353.02,30,2,Responsive,Partial,6676.51
LN22182,AGT170,2026-03-01,40235.73,60,3,No Answer,Unpaid,0.0
LN22183,AGT136,2026-03-01,10357.58,30,2,Promise To Pay,Partial,3107.27
LN22184,AGT140,2026-03-01,10781.31,0,0,Promise To Pay,Paid,10781.31
LN22185,AGT108,2026-03-01,11283.52,0,0,Promise To Pay,Paid,11283.52
LN22186,AGT139,2026-03-01,9399.63,0,0,Promise To Pay,Paid,9399.63
LN22187,AGT124,2026-03-01,11756.43,0,0,Promise To Pay,Paid,11756.43
LN22188,AGT170,2026-03-01,2468.54,0,0,No Answer,Paid,2468.54
LN22189,AGT147,2026-03-01,15166.76,15,1,No Answer,Unpaid,0.0
LN22190,AGT114,2026-03-01,15071.53,15,1,No Answer,Unpaid,0.0
LN22191,AGT152,2026-03-01,4444.83,15,1,No Answer,Unpaid,0.0
LN22192,AGT131,2026-03-01,18946.91,0,0,No Answer,Paid,18946.91
LN22193,AGT109,2026-03-01,20187.05,15,1,Promise To Pay,Partial,6056.11
LN22194,AGT126,2026-03-01,37690.65,60,3,No Answer,Unpaid,0.0
LN22195,AGT107,2026-03-01,8088.38,0,0,Responsive,Paid,8088.38
LN22196,AGT114,2026-03-01,11227.01,15,1,Responsive,Partial,5613.51
LN22197,AGT143,2026-03-01,10286.26,0,0,Promise To Pay,Paid,10286.26
LN22198,AGT113,2026-03-01,6277.5,0,0,Promise To Pay,Paid,6277.5
LN22199,AGT165,2026-03-01,7996.06,15,1,No Answer,Unpaid,0.0
LN22200,AGT143,2026-03-01,62646.28,60,3,No Answer,Unpaid,0.0
LN22201,AGT131,2026-03-01,57395.19,30,2,Responsive,Paid,57395.19
LN22202,AGT156,2026-03-01,20445.69,0,0,Responsive,Paid,20445.69
LN22203,AGT117,2026-03-01,7679.07,0,0,Responsive,Paid,7679.07
LN22204,AGT163,2026-03-01,13406.17,30,2,Promise To Pay,Partial,4021.85
LN22205,AGT119,2026-03-01,17697.19,30,2,No Answer,Unpaid,0.0
LN22206,AGT114,2026-03-01,44936.99,60,3,Promise To Pay,Partial,13481.1
LN22207,AGT124,2026-03-01,16398.93,15,1,Responsive,Paid,16398.93
LN22208,AGT121,2026-03-01,3733.45,30,2,Responsive,Partial,1866.72
LN22209,AGT112,2026-03-01,4248.01,30,2,Promise To Pay,Partial,1274.4
LN22210,AGT131,2026-03-01,34627.74,30,2,Responsive,Partial,17313.87
LN22211,AGT165,2026-03-01,5630.78,60,3,Promise To Pay,Partial,1689.23
LN22212,AGT123,2026-03-01,1709.57,0,0,Promise To Pay,Paid,1709.57
LN22213,AGT123,2026-03-01,13203.41,0,0,No Answer,Paid,13203.41
LN22214,AGT109,2026-03-01,21033.14,0,0,Responsive,Paid,21033.14
LN22215,AGT104,2026-03-01,4558.83,90,4,Responsive,Paid,4558.83
LN22216,AGT127,2026-03-01,84107.63,30,2,Responsive,Paid,84107.63
LN22217,AGT160,2026-03-01,25319.6,0,0,Promise To Pay,Paid,25319.6
LN22218,AGT174,2026-03-01,7576.35,0,0,Promise To Pay,Paid,7576.35
LN22219,AGT140,2026-03-01,28865.08,0,0,No Answer,Paid,28865.08
LN22220,AGT109,2026-03-01,7150.41,60,3,No Answer,Unpaid,0.0
LN22221,AGT106,2026-03-01,6857.97,15,1,No Answer,Unpaid,0.0
LN22222,AGT110,2026-03-01,19671.38,30,2,Responsive,Partial,9835.69
LN22223,AGT126,2026-03-01,7308.94,0,0,No Answer,Paid,7308.94
LN22224,AGT150,2026-03-01,9058.18,30,2,Promise To Pay,Partial,2717.45
LN22225,AGT128,2026-03-01,13706.88,30,2,Responsive,Paid,13706.88
LN22226,AGT166,2026-03-01,10572.93,0,0,Responsive,Paid,10572.93
LN22227,AGT124,2026-03-01,4267.91,0,0,Responsive,Paid,4267.91
LN22228,AGT104,2026-03-01,25448.47,60,3,Responsive,Paid,25448.47
LN22229,AGT134,2026-03-01,5592.22,30,2,Promise To Pay,Partial,1677.67
LN22230,AGT157,2026-03-01,25358.63,15,1,Promise To Pay,Partial,7607.59
LN22231,AGT122,2026-03-01,13668.97,0,0,Promise To Pay,Paid,13668.97
LN22232,AGT155,2026-03-01,4349.19,0,0,No Answer,Paid,4349.19
LN22233,AGT150,2026-03-01,5403.43,15,1,Responsive,Partial,2701.72
LN22234,AGT120,2026-03-01,104534.76,60,3,Promise To Pay,Partial,31360.43
LN22235,AGT148,2026-03-01,14087.42,30,2,Responsive,Partial,7043.71
LN22236,AGT113,2026-03-01,35011.6,0,0,No Answer,Paid,35011.6
LN22237,AGT132,2026-03-01,9872.77,0,0,Promise To Pay,Paid,9872.77
LN22238,AGT117,2026-03-01,39671.51,15,1,No Answer,Unpaid,0.0
LN22239,AGT173,2026-03-01,10013.0,0,0,Responsive,Paid,10013.0
LN22240,AGT155,2026-03-01,1660.07,15,1,Promise To Pay,Partial,498.02
LN22241,AGT147,2026-03-01,20111.11,0,0,Promise To Pay,Paid,20111.11
LN22242,AGT155,2026-03-01,6157.84,0,0,No Answer,Paid,6157.84
LN22243,AGT115,2026-03-01,16920.22,30,2,No Answer,Unpaid,0.0
LN22244,AGT100,2026-03-01,18357.33,0,0,No Answer,Paid,18357.33
LN22245,AGT119,2026-03-01,9110.3,90,4,Responsive,Partial,4555.15
LN22246,AGT102,2026-03-01,5819.37,0,0,Promise To Pay,Paid,5819.37
LN22247,AGT112,2026-03-01,6823.09,15,1,Promise To Pay,Partial,2046.93
LN22248,AGT173,2026-03-01,14032.75,15,1,Responsive,Partial,7016.38
LN22249,AGT145,2026-03-01,52467.07,90,4,Promise To Pay,Partial,15740.12
LN22250,AGT142,2026-03-01,28289.15,0,0,Responsive,Paid,28289.15
LN22251,AGT166,2026-03-01,5375.45,60,3,Responsive,Paid,5375.45
LN22252,AGT147,2026-03-01,12638.94,0,0,No Answer,Paid,12638.94
LN22253,AGT143,2026-03-01,2886.49,15,1,Promise To Pay,Partial,865.95
LN22254,AGT131,2026-03-01,13071.58,30,2,Responsive,Partial,6535.79
LN22255,AGT118,2026-03-01,21860.91,30,2,Responsive,Paid,21860.91
LN22256,AGT158,2026-03-01,2310.62,0,0,Responsive,Paid,2310.62
LN22257,AGT156,2026-03-01,21953.93,30,2,No Answer,Unpaid,0.0
LN22258,AGT133,2026-03-01,10527.03,15,1,No Answer,Unpaid,0.0
LN22259,AGT133,2026-03-01,11709.55,0,0,Promise To Pay,Paid,11709.55
LN22260,AGT106,2026-03-01,13985.73,0,0,Promise To Pay,Paid,13985.73
LN22261,AGT124,2026-03-01,18183.27,30,2,Responsive,Paid,18183.27
LN22262,AGT122,2026-03-01,36411.17,0,0,No Answer,Paid,36411.17
LN22263,AGT116,2026-03-01,4785.44,0,0,No Answer,Paid,4785.44
LN22264,AGT161,2026-03-01,16265.04,60,3,Promise To Pay,Partial,4879.51
LN22265,AGT124,2026-03-01,12876.01,15,1,Promise To Pay,Partial,3862.8
LN22266,AGT174,2026-03-01,67318.65,30,2,No Answer,Unpaid,0.0
LN22267,AGT108,2026-03-01,11797.86,0,0,Responsive,Paid,11797.86
LN22268,AGT129,2026-03-01,18210.52,0,0,Responsive,Paid,18210.52
LN22269,AGT153,2026-03-01,2623.07,0,0,No Answer,Paid,2623.07
LN22270,AGT101,2026-03-01,24782.33,30,2,Promise To Pay,Partial,7434.7
LN22271,AGT135,2026-03-01,16649.47,15,1,No Answer,Unpaid,0.0
LN22272,AGT109,2026-03-01,7420.1,15,1,Responsive,Paid,7420.1
LN22273,AGT145,2026-03-01,81144.6,30,2,No Answer,Unpaid,0.0
LN22274,AGT140,2026-03-01,29550.39,30,2,Responsive,Partial,14775.19
LN22275,AGT152,2026-03-01,129354.47,60,3,Responsive,Partial,64677.24
LN22276,AGT129,2026-03-01,68847.62,90,4,Promise To Pay,Partial,20654.29
LN22277,AGT128,2026-03-01,9167.04,15,1,Promise To Pay,Partial,2750.11
LN22278,AGT129,2026-03-01,1625.53,0,0,Responsive,Paid,1625.53
LN22279,AGT102,2026-03-01,17050.31,0,0,Responsive,Paid,17050.31
LN22280,AGT166,2026-03-01,60962.16,90,4,Promise To Pay,Partial,18288.65
LN22281,AGT112,2026-03-01,4141.73,0,0,Responsive,Paid,4141.73
LN22282,AGT146,2026-03-01,12039.05,30,2,Promise To Pay,Partial,3611.71
LN22283,AGT137,2026-03-01,6065.75,60,3,Promise To Pay,Partial,1819.72
LN22284,AGT118,2026-03-01,12504.59,0,0,Promise To Pay,Paid,12504.59
LN22285,AGT161,2026-03-01,6082.93,15,1,No Answer,Unpaid,0.0
LN22286,AGT111,2026-03-01,16649.82,0,0,Promise To Pay,Paid,16649.82
LN22287,AGT113,2026-03-01,5113.88,0,0,Promise To Pay,Paid,5113.88
LN22288,AGT164,2026-03-01,3385.03,15,1,No Answer,Unpaid,0.0
LN22289,AGT112,2026-03-01,3348.38,15,1,Promise To Pay,Partial,1004.51
LN22290,AGT128,2026-03-01,6092.83,0,0,Promise To Pay,Paid,6092.83
LN22291,AGT158,2026-03-01,1229.42,0,0,No Answer,Paid,1229.42
LN22292,AGT134,2026-03-01,26742.09,15,1,Promise To Pay,Partial,8022.63
LN22293,AGT142,2026-03-01,4587.87,0,0,No Answer,Paid,4587.87
LN22294,AGT136,2026-03-01,16913.56,30,2,No Answer,Unpaid,0.0
LN22295,AGT144,2026-03-01,19668.05,30,2,Promise To Pay,Partial,5900.41
LN22296,AGT155,2026-03-01,1472.89,0,0,Responsive,Paid,1472.89
LN22297,AGT138,2026-03-01,5312.56,90,4,Responsive,Partial,2656.28
LN22298,AGT108,2026-03-01,2231.09,15,1,Responsive,Paid,2231.09
LN22299,AGT128,2026-03-01,10351.0,0,0,Responsive,Paid,10351.0
LN22300,AGT129,2026-03-01,40030.82,90,4,Responsive,Paid,40030.82
LN22301,AGT112,2026-03-01,78715.48,60,3,No Answer,Unpaid,0.0
LN22302,AGT101,2026-03-01,1346.38,0,0,Responsive,Paid,1346.38
LN22303,AGT102,2026-03-01,26670.8,90,4,Promise To Pay,Partial,8001.24
LN22304,AGT160,2026-03-01,32521.51,0,0,No Answer,Paid,32521.51
LN22305,AGT168,2026-03-01,12337.96,0,0,Responsive,Paid,12337.96
LN22306,AGT141,2026-03-01,22359.59,90,4,Responsive,Paid,22359.59
LN22307,AGT161,2026-03-01,9501.03,0,0,No Answer,Paid,9501.03
LN22308,AGT156,2026-03-01,15126.66,0,0,No Answer,Paid,15126.66
LN22309,AGT146,2026-03-01,18599.28,60,3,Promise To Pay,Partial,5579.78
LN22310,AGT102,2026-03-01,15738.11,30,2,Promise To Pay,Partial,4721.43
LN22311,AGT130,2026-03-01,2915.63,0,0,Promise To Pay,Paid,2915.63
LN22312,AGT135,2026-03-01,32884.82,15,1,No Answer,Unpaid,0.0
LN22313,AGT171,2026-03-01,12015.26,15,1,Promise To Pay,Partial,3604.58
LN22314,AGT160,2026-03-01,4382.59,30,2,Promise To Pay,Partial,1314.78
LN22315,AGT138,2026-03-01,8102.05,15,1,No Answer,Unpaid,0.0
LN22316,AGT102,2026-03-01,82065.1,60,3,No Answer,Unpaid,0.0
LN22317,AGT123,2026-03-01,825.71,0,0,Responsive,Paid,825.71
LN22318,AGT156,2026-03-01,19575.33,60,3,No Answer,Unpaid,0.0
LN22319,AGT150,2026-03-01,6395.19,15,1,Promise To Pay,Partial,1918.56
LN22320,AGT116,2026-03-01,5768.62,30,2,Responsive,Partial,2884.31
LN22321,AGT156,2026-03-01,14054.05,15,1,Promise To Pay,Partial,4216.21
LN22322,AGT142,2026-03-01,7833.36,0,0,Responsive,Paid,7833.36
LN22323,AGT138,2026-03-01,55544.5,30,2,Promise To Pay,Partial,16663.35
LN22324,AGT116,2026-03-01,5542.05,60,3,No Answer,Unpaid,0.0
LN22325,AGT165,2026-03-01,13094.89,30,2,Responsive,Paid,13094.89
LN22326,AGT147,2026-03-01,7898.54,0,0,Responsive,Paid,7898.54
LN22327,AGT162,2026-03-01,9127.58,15,1,No Answer,Unpaid,0.0
LN22328,AGT120,2026-03-01,6452.49,0,0,No Answer,Paid,6452.49
LN22329,AGT164,2026-03-01,14456.03,15,1,Promise To Pay,Partial,4336.81
LN22330,AGT150,2026-03-01,5533.78,15,1,Promise To Pay,Partial,1660.13
LN22331,AGT135,2026-03-01,27397.07,15,1,Promise To Pay,Partial,8219.12
LN22332,AGT109,2026-03-01,6156.55,0,0,Responsive,Paid,6156.55
LN22333,AGT153,2026-03-01,20063.19,0,0,Promise To Pay,Paid,20063.19
LN22334,AGT129,2026-03-01,9152.9,15,1,Promise To Pay,Partial,2745.87
LN22335,AGT138,2026-03-01,3297.34,15,1,Responsive,Paid,3297.34
LN22336,AGT149,2026-03-01,25926.0,0,0,Responsive,Paid,25926.0
LN22337,AGT169,2026-03-01,153689.71,90,4,No Answer,Unpaid,0.0
LN22338,AGT164,2026-03-01,15083.11,15,1,Promise To Pay,Partial,4524.93
LN22339,AGT115,2026-03-01,10818.05,15,1,No Answer,Unpaid,0.0
LN22340,AGT153,2026-03-01,3989.97,30,2,No Answer,Unpaid,0.0
LN22341,AGT149,2026-03-01,16531.62,0,0,Responsive,Paid,16531.62
LN22342,AGT138,2026-03-01,5658.25,0,0,Promise To Pay,Paid,5658.25
LN22343,AGT147,2026-03-01,9261.66,0,0,No Answer,Paid,9261.66
LN22344,AGT118,2026-03-01,10046.09,15,1,No Answer,Unpaid,0.0
LN22345,AGT166,2026-03-01,5955.55,30,2,No Answer,Unpaid,0.0
LN22346,AGT171,2026-03-01,26767.05,60,3,Responsive,Paid,26767.05
LN22347,AGT154,2026-03-01,7897.09,15,1,Promise To Pay,Partial,2369.13
LN22348,AGT158,2026-03-01,3191.29,0,0,No Answer,Paid,3191.29
LN22349,AGT154,2026-03-01,19299.68,0,0,Promise To Pay,Paid,19299.68
LN22350,AGT121,2026-03-01,2995.2,0,0,Responsive,Paid,2995.2
LN22351,AGT173,2026-03-01,19348.93,0,0,Responsive,Paid,19348.93
LN22352,AGT144,2026-03-01,4292.77,15,1,Responsive,Partial,2146.39
LN22353,AGT114,2026-03-01,8518.18,15,1,Responsive,Paid,8518.18
LN22354,AGT129,2026-03-01,97162.85,30,2,Responsive,Partial,48581.43
LN22355,AGT168,2026-03-01,1700.91,15,1,Promise To Pay,Partial,510.27
LN22356,AGT174,2026-03-01,5413.55,0,0,No Answer,Paid,5413.55
LN22357,AGT122,2026-03-01,4677.32,0,0,Promise To Pay,Paid,4677.32
LN22358,AGT157,2026-03-01,4049.01,0,0,Responsive,Paid,4049.01
LN22359,AGT169,2026-03-01,3787.9,0,0,No Answer,Paid,3787.9
LN22360,AGT105,2026-03-01,3608.35,15,1,No Answer,Unpaid,0.0
LN22361,AGT154,2026-03-01,4494.9,0,0,No Answer,Paid,4494.9
LN22362,AGT118,2026-03-01,9625.9,0,0,Responsive,Paid,9625.9
LN22363,AGT171,2026-03-01,9076.28,30,2,Promise To Pay,Partial,2722.88
LN22364,AGT140,2026-03-01,1355.18,0,0,Promise To Pay,Paid,1355.18
LN22365,AGT157,2026-03-01,8442.53,0,0,Responsive,Paid,8442.53
LN22366,AGT169,2026-03-01,1909.96,0,0,Responsive,Paid,1909.96
LN22367,AGT151,2026-03-01,8280.1,0,0,Promise To Pay,Paid,8280.1
LN22368,AGT172,2026-03-01,12092.57,0,0,Promise To Pay,Paid,12092.57
LN22369,AGT166,2026-03-01,3823.31,0,0,No Answer,Paid,3823.31
LN22370,AGT170,2026-03-01,7251.5,0,0,No Answer,Paid,7251.5
LN22371,AGT159,2026-03-01,14492.13,15,1,No Answer,Unpaid,0.0
LN22372,AGT141,2026-03-01,9600.05,30,2,No Answer,Unpaid,0.0
LN22373,AGT160,2026-03-01,60232.06,60,3,No Answer,Unpaid,0.0
LN22374,AGT120,2026-03-01,12768.2,30,2,No Answer,Unpaid,0.0
LN22375,AGT118,2026-03-01,7362.93,0,0,No Answer,Paid,7362.93
LN22376,AGT139,2026-03-01,22153.51,0,0,Promise To Pay,Paid,22153.51
LN22377,AGT165,2026-03-01,6589.17,0,0,Responsive,Paid,6589.17
LN22378,AGT150,2026-03-01,27160.04,30,2,Responsive,Partial,13580.02
LN22379,AGT165,2026-03-01,11701.33,0,0,No Answer,Paid,11701.33
LN22380,AGT125,2026-03-01,16847.0,0,0,Responsive,Paid,16847.0
LN22381,AGT154,2026-03-01,57377.3,0,0,No Answer,Paid,57377.3
LN22382,AGT150,2026-03-01,28228.66,90,4,Responsive,Paid,28228.66
LN22383,AGT144,2026-03-01,12966.62,15,1,Promise To Pay,Partial,3889.99
LN22384,AGT110,2026-03-01,7104.73,0,0,Responsive,Paid,7104.73
LN22385,AGT161,2026-03-01,9474.94,0,0,Responsive,Paid,9474.94
LN22386,AGT114,2026-03-01,17876.71,30,2,Responsive,Partial,8938.35
LN22387,AGT170,2026-03-01,9146.84,0,0,Promise To Pay,Paid,9146.84
LN22388,AGT104,2026-03-01,29598.71,30,2,Responsive,Paid,29598.71
LN22389,AGT141,2026-03-01,17940.43,30,2,Promise To Pay,Partial,5382.13
LN22390,AGT105,2026-03-01,16933.79,60,3,Responsive,Paid,16933.79
LN22391,AGT122,2026-03-01,35405.91,15,1,Promise To Pay,Partial,10621.77
LN22392,AGT158,2026-03-01,15783.83,30,2,No Answer,Unpaid,0.0
LN22393,AGT148,2026-03-01,8784.95,15,1,Responsive,Partial,4392.48
LN22394,AGT171,2026-03-01,36543.46,15,1,Promise To Pay,Partial,10963.04
LN22395,AGT143,2026-03-01,18293.74,30,2,Promise To Pay,Partial,5488.12
LN22396,AGT126,2026-03-01,125108.55,90,4,Promise To Pay,Partial,37532.57
LN22397,AGT117,2026-03-01,47000.7,60,3,Promise To Pay,Partial,14100.21
LN22398,AGT129,2026-03-01,15955.4,15,1,No Answer,Unpaid,0.0
LN22399,AGT141,2026-03-01,69893.23,60,3,Promise To Pay,Partial,20967.97
LN22400,AGT112,2026-03-01,17965.61,60,3,No Answer,Unpaid,0.0
LN22401,AGT156,2026-03-01,17327.58,0,0,Promise To Pay,Paid,17327.58
LN22402,AGT160,2026-03-01,30975.99,60,3,No Answer,Unpaid,0.0
LN22403,AGT122,2026-03-01,7657.99,0,0,Promise To Pay,Paid,7657.99
LN22404,AGT119,2026-03-01,2551.33,0,0,Responsive,Paid,2551.33
LN22405,AGT105,2026-03-01,8279.31,15,1,Responsive,Partial,4139.65
LN22406,AGT126,2026-03-01,25644.22,30,2,Responsive,Partial,12822.11
LN22407,AGT139,2026-03-01,3928.4,0,0,No Answer,Paid,3928.4
LN22408,AGT136,2026-03-01,12618.61,30,2,Responsive,Partial,6309.31
LN22409,AGT154,2026-03-01,9793.55,0,0,Responsive,Paid,9793.55
LN22410,AGT131,2026-03-01,15448.69,0,0,No Answer,Paid,15448.69
LN22411,AGT135,2026-03-01,7771.56,0,0,No Answer,Paid,7771.56
LN22412,AGT147,2026-03-01,2930.47,0,0,No Answer,Paid,2930.47
LN22413,AGT134,2026-03-01,6839.56,0,0,No Answer,Paid,6839.56
LN22414,AGT100,2026-03-01,6443.41,15,1,Promise To Pay,Partial,1933.02
LN22415,AGT167,2026-03-01,10840.41,0,0,Responsive,Paid,10840.41
LN22416,AGT162,2026-03-01,4215.09,0,0,Promise To Pay,Paid,4215.09
LN22417,AGT156,2026-03-01,10573.07,0,0,No Answer,Paid,10573.07
LN22418,AGT124,2026-03-01,13298.89,0,0,No Answer,Paid,13298.89
LN22419,AGT141,2026-03-01,5143.33,0,0,No Answer,Paid,5143.33
LN22420,AGT100,2026-03-01,40693.83,90,4,Promise To Pay,Partial,12208.15
LN22421,AGT154,2026-03-01,7071.97,15,1,Promise To Pay,Partial,2121.59
LN22422,AGT129,2026-03-01,7415.68,0,0,Responsive,Paid,7415.68
LN22423,AGT129,2026-03-01,3466.37,0,0,Responsive,Paid,3466.37
LN22424,AGT147,2026-03-01,31164.18,60,3,Responsive,Paid,31164.18
LN22425,AGT152,2026-03-01,17264.21,0,0,Responsive,Paid,17264.21
LN22426,AGT139,2026-03-01,8204.29,0,0,No Answer,Paid,8204.29
LN22427,AGT106,2026-03-01,11633.93,30,2,Responsive,Partial,5816.97
LN22428,AGT135,2026-03-01,8546.18,15,1,No Answer,Unpaid,0.0
LN22429,AGT136,2026-03-01,6990.31,60,3,No Answer,Unpaid,0.0
LN22430,AGT119,2026-03-01,9636.5,15,1,No Answer,Unpaid,0.0
LN22431,AGT109,2026-03-01,31379.27,90,4,Promise To Pay,Partial,9413.78
LN22432,AGT113,2026-03-01,6362.11,0,0,No Answer,Paid,6362.11
LN22433,AGT123,2026-03-01,14119.21,30,2,Responsive,Paid,14119.21
LN22434,AGT128,2026-03-01,7469.71,0,0,Responsive,Paid,7469.71
LN22435,AGT132,2026-03-01,10362.36,0,0,Promise To Pay,Paid,10362.36
LN22436,AGT122,2026-03-01,5758.15,30,2,Promise To Pay,Partial,1727.44
LN22437,AGT106,2026-03-01,12956.43,15,1,No Answer,Unpaid,0.0
LN22438,AGT126,2026-03-01,51294.41,60,3,No Answer,Unpaid,0.0
LN22439,AGT174,2026-03-01,9491.53,0,0,Promise To Pay,Paid,9491.53
LN22440,AGT153,2026-03-01,7686.42,0,0,Responsive,Paid,7686.42
LN22441,AGT100,2026-03-01,39413.8,0,0,No Answer,Paid,39413.8
LN22442,AGT130,2026-03-01,25062.02,0,0,Promise To Pay,Paid,25062.02
LN22443,AGT131,2026-03-01,2382.25,15,1,Responsive,Paid,2382.25
LN22444,AGT121,2026-03-01,2434.08,0,0,No Answer,Paid,2434.08
LN22445,AGT121,2026-03-01,14150.32,0,0,Promise To Pay,Paid,14150.32
LN22446,AGT167,2026-03-01,10257.97,60,3,Responsive,Partial,5128.98
LN22447,AGT130,2026-03-01,35662.52,0,0,No Answer,Paid,35662.52
LN22448,AGT137,2026-03-01,30505.49,0,0,Promise To Pay,Paid,30505.49
LN22449,AGT107,2026-03-01,1696.61,0,0,No Answer,Paid,1696.61
LN22450,AGT147,2026-03-01,3181.75,0,0,No Answer,Paid,3181.75
LN22451,AGT125,2026-03-01,90858.54,30,2,Promise To Pay,Partial,27257.56
LN22452,AGT171,2026-03-01,31200.79,60,3,Responsive,Paid,31200.79
LN22453,AGT103,2026-03-01,12440.46,15,1,No Answer,Unpaid,0.0
LN22454,AGT127,2026-03-01,23294.61,30,2,No Answer,Unpaid,0.0
LN22455,AGT147,2026-03-01,4286.19,0,0,No Answer,Paid,4286.19
LN22456,AGT139,2026-03-01,20329.29,60,3,Responsive,Partial,10164.65
LN22457,AGT158,2026-03-01,2101.13,15,1,No Answer,Unpaid,0.0
LN22458,AGT137,2026-03-01,13445.64,0,0,Responsive,Paid,13445.64
LN22459,AGT107,2026-03-01,17360.29,15,1,Responsive,Partial,8680.15
LN22460,AGT161,2026-03-01,19054.92,30,2,Promise To Pay,Partial,5716.48
LN22461,AGT139,2026-03-01,4544.96,30,2,Responsive,Partial,2272.48
LN22462,AGT124,2026-03-01,6705.63,30,2,No Answer,Unpaid,0.0
LN22463,AGT171,2026-03-01,70430.02,30,2,No Answer,Unpaid,0.0
LN22464,AGT129,2026-03-01,24201.95,0,0,No Answer,Paid,24201.95
LN22465,AGT155,2026-03-01,11588.11,60,3,Promise To Pay,Partial,3476.43
LN22466,AGT138,2026-03-01,13011.46,0,0,No Answer,Paid,13011.46
LN22467,AGT173,2026-03-01,6772.47,15,1,Promise To Pay,Partial,2031.74
LN22468,AGT101,2026-03-01,1572.29,0,0,No Answer,Paid,1572.29
LN22469,AGT172,2026-03-01,33338.71,90,4,No Answer,Unpaid,0.0
LN22470,AGT129,2026-03-01,6897.04,0,0,No Answer,Paid,6897.04
LN22471,AGT159,2026-03-01,3191.22,0,0,No Answer,Paid,3191.22
LN22472,AGT123,2026-03-01,1741.38,0,0,Responsive,Paid,1741.38
LN22473,AGT130,2026-03-01,4634.58,0,0,Responsive,Paid,4634.58
LN22474,AGT133,2026-03-01,25705.06,60,3,No Answer,Unpaid,0.0
LN22475,AGT156,2026-03-01,8654.47,90,4,Promise To Pay,Partial,2596.34
LN22476,AGT139,2026-03-01,6912.55,90,4,No Answer,Unpaid,0.0
LN22477,AGT119,2026-03-01,10293.66,60,3,Promise To Pay,Partial,3088.1
LN22478,AGT108,2026-03-01,6825.82,0,0,Promise To Pay,Paid,6825.82
LN22479,AGT169,2026-03-01,14713.84,0,0,Promise To Pay,Paid,14713.84
LN22480,AGT156,2026-03-01,16532.07,90,4,No Answer,Unpaid,0.0
LN22481,AGT152,2026-03-01,27743.14,30,2,Responsive,Paid,27743.14
LN22482,AGT139,2026-03-01,7529.89,0,0,Responsive,Paid,7529.89
LN22483,AGT106,2026-03-01,7913.11,0,0,Responsive,Paid,7913.11
LN22484,AGT166,2026-03-01,28804.5,60,3,Responsive,Partial,14402.25
LN22485,AGT128,2026-03-01,13207.82,30,2,Promise To Pay,Partial,3962.35
LN22486,AGT143,2026-03-01,17174.79,30,2,Promise To Pay,Partial,5152.44
LN22487,AGT122,2026-03-01,5207.89,0,0,Responsive,Paid,5207.89
LN22488,AGT172,2026-03-01,11387.06,30,2,No Answer,Unpaid,0.0
LN22489,AGT157,2026-03-01,21269.65,0,0,No Answer,Paid,21269.65
LN22490,AGT114,2026-03-01,15795.98,0,0,Promise To Pay,Paid,15795.98
LN22491,AGT169,2026-03-01,17621.2,90,4,No Answer,Unpaid,0.0
LN22492,AGT174,2026-03-01,6721.84,15,1,Promise To Pay,Partial,2016.55
LN22493,AGT144,2026-03-01,12145.85,60,3,Promise To Pay,Partial,3643.76
LN22494,AGT150,2026-03-01,19940.25,30,2,Promise To Pay,Partial,5982.07
LN22495,AGT115,2026-03-01,5807.68,0,0,No Answer,Paid,5807.68
LN22496,AGT121,2026-03-01,9031.54,60,3,Responsive,Partial,4515.77
LN22497,AGT134,2026-03-01,10351.05,0,0,Promise To Pay,Paid,10351.05
LN22498,AGT169,2026-03-01,10771.85,0,0,No Answer,Paid,10771.85
LN22499,AGT166,2026-03-01,14756.18,0,0,Promise To Pay,Paid,14756.18
LN22500,AGT157,2026-03-01,5881.51,30,2,Promise To Pay,Partial,1764.45
LN22501,AGT171,2026-03-01,15031.29,0,0,No Answer,Paid,15031.29
LN22502,AGT149,2026-03-01,15590.99,0,0,Responsive,Paid,15590.99
LN22503,AGT124,2026-03-01,11917.52,30,2,No Answer,Unpaid,0.0
LN22504,AGT143,2026-03-01,7902.04,15,1,No Answer,Unpaid,0.0
LN22505,AGT174,2026-03-01,103926.43,60,3,Responsive,Paid,103926.43
LN22506,AGT160,2026-03-01,11801.81,15,1,Promise To Pay,Partial,3540.54
LN22507,AGT149,2026-03-01,9875.37,0,0,No Answer,Paid,9875.37
LN22508,AGT169,2026-03-01,9776.07,15,1,No Answer,Unpaid,0.0
LN22509,AGT101,2026-03-01,11346.04,60,3,Responsive,Paid,11346.04
LN22510,AGT103,2026-03-01,24307.2,0,0,Promise To Pay,Paid,24307.2
LN22511,AGT169,2026-03-01,12141.27,60,3,Promise To Pay,Partial,3642.38
LN22512,AGT159,2026-03-01,11156.39,0,0,No Answer,Paid,11156.39
LN22513,AGT142,2026-03-01,759.53,15,1,No Answer,Unpaid,0.0
LN22514,AGT120,2026-03-01,29146.08,0,0,No Answer,Paid,29146.08
LN22515,AGT129,2026-03-01,12315.12,15,1,Responsive,Paid,12315.12
LN22516,AGT171,2026-03-01,7423.9,0,0,Responsive,Paid,7423.9
LN22517,AGT161,2026-03-01,37612.18,15,1,Responsive,Paid,37612.18
LN22518,AGT149,2026-03-01,8404.84,0,0,Responsive,Paid,8404.84
LN22519,AGT133,2026-03-01,23423.27,60,3,No Answer,Unpaid,0.0
LN22520,AGT131,2026-03-01,54208.05,15,1,Responsive,Partial,27104.03
LN22521,AGT131,2026-03-01,4774.07,0,0,No Answer,Paid,4774.07
LN22522,AGT138,2026-03-01,13034.38,30,2,Promise To Pay,Partial,3910.31
LN22523,AGT153,2026-03-01,7924.54,30,2,Promise To Pay,Partial,2377.36
LN22524,AGT136,2026-03-01,4109.71,15,1,No Answer,Unpaid,0.0
LN22525,AGT139,2026-03-01,23461.49,30,2,Responsive,Paid,23461.49
LN22526,AGT149,2026-03-01,48989.95,0,0,Responsive,Paid,48989.95
LN22527,AGT142,2026-03-01,8616.0,0,0,Responsive,Paid,8616.0
LN22528,AGT142,2026-03-01,4647.97,30,2,Responsive,Partial,2323.99
LN22529,AGT151,2026-03-01,6860.4,15,1,Promise To Pay,Partial,2058.12
LN22530,AGT115,2026-03-01,11813.78,0,0,No Answer,Paid,11813.78
LN22531,AGT143,2026-03-01,12034.07,0,0,No Answer,Paid,12034.07
LN22532,AGT104,2026-03-01,8491.08,15,1,No Answer,Unpaid,0.0
LN22533,AGT116,2026-03-01,31358.57,0,0,Responsive,Paid,31358.57
LN22534,AGT143,2026-03-01,11801.35,30,2,No Answer,Unpaid,0.0
LN22535,AGT141,2026-03-01,23630.67,30,2,Responsive,Partial,11815.33
LN22536,AGT151,2026-03-01,17081.89,0,0,Responsive,Paid,17081.89
LN22537,AGT149,2026-03-01,20903.11,60,3,Responsive,Partial,10451.56
LN22538,AGT111,2026-03-01,17150.65,90,4,No Answer,Unpaid,0.0
LN22539,AGT148,2026-03-01,51917.18,90,4,Promise To Pay,Partial,15575.15
LN22540,AGT136,2026-03-01,13639.72,0,0,No Answer,Paid,13639.72
LN22541,AGT116,2026-03-01,2168.85,0,0,No Answer,Paid,2168.85
LN22542,AGT110,2026-03-01,29434.99,30,2,Promise To Pay,Partial,8830.5
LN22543,AGT101,2026-03-01,16079.69,15,1,Promise To Pay,Partial,4823.91
LN22544,AGT147,2026-03-01,8825.98,0,0,Responsive,Paid,8825.98
LN22545,AGT144,2026-03-01,2196.13,0,0,Responsive,Paid,2196.13
LN22546,AGT149,2026-03-01,32533.99,0,0,Promise To Pay,Paid,32533.99
LN22547,AGT166,2026-03-01,3425.5,0,0,Promise To Pay,Paid,3425.5
LN22548,AGT148,2026-03-01,2436.22,0,0,No Answer,Paid,2436.22
LN22549,AGT163,2026-03-01,9869.55,15,1,No Answer,Unpaid,0.0
LN22550,AGT147,2026-03-01,4809.07,15,1,No Answer,Unpaid,0.0
LN22551,AGT173,2026-03-01,15501.85,30,2,Promise To Pay,Partial,4650.56
LN22552,AGT167,2026-03-01,6732.01,0,0,No Answer,Paid,6732.01
LN22553,AGT114,2026-03-01,17071.86,0,0,Promise To Pay,Paid,17071.86
LN22554,AGT172,2026-03-01,7156.58,60,3,Promise To Pay,Partial,2146.97
LN22555,AGT125,2026-03-01,6991.92,0,0,Promise To Pay,Paid,6991.92
LN22556,AGT102,2026-03-01,9237.69,0,0,Promise To Pay,Paid,9237.69
LN22557,AGT132,2026-03-01,5781.04,30,2,Promise To Pay,Partial,1734.31
LN22558,AGT148,2026-03-01,38942.0,90,4,Responsive,Partial,19471.0
LN22559,AGT103,2026-03-01,16136.34,30,2,No Answer,Unpaid,0.0
LN22560,AGT138,2026-03-01,15637.28,60,3,No Answer,Unpaid,0.0
LN22561,AGT165,2026-03-01,1924.46,0,0,Responsive,Paid,1924.46
LN22562,AGT144,2026-03-01,26331.24,30,2,Promise To Pay,Partial,7899.37
LN22563,AGT104,2026-03-01,13155.12,60,3,Responsive,Paid,13155.12
LN22564,AGT155,2026-03-01,15884.9,0,0,No Answer,Paid,15884.9
LN22565,AGT158,2026-03-01,35318.73,90,4,Promise To Pay,Partial,10595.62
LN22566,AGT142,2026-03-01,5160.2,60,3,No Answer,Unpaid,0.0
LN22567,AGT138,2026-03-01,38339.27,60,3,No Answer,Unpaid,0.0
LN22568,AGT134,2026-03-01,3296.36,0,0,Responsive,Paid,3296.36
LN22569,AGT113,2026-03-01,8772.24,0,0,Promise To Pay,Paid,8772.24
LN22570,AGT138,2026-03-01,47796.37,60,3,No Answer,Unpaid,0.0
LN22571,AGT144,2026-03-01,10364.75,0,0,No Answer,Paid,10364.75
LN22572,AGT133,2026-03-01,2157.74,0,0,Promise To Pay,Paid,2157.74
LN22573,AGT166,2026-03-01,5719.23,0,0,Responsive,Paid,5719.23
LN22574,AGT155,2026-03-01,5427.57,30,2,Responsive,Paid,5427.57
LN22575,AGT152,2026-03-01,37621.76,30,2,Promise To Pay,Partial,11286.53
LN22576,AGT156,2026-03-01,23454.82,0,0,Responsive,Paid,23454.82
LN22577,AGT130,2026-03-01,2223.67,0,0,No Answer,Paid,2223.67
LN22578,AGT169,2026-03-01,4257.35,0,0,Responsive,Paid,4257.35
LN22579,AGT139,2026-03-01,8216.39,0,0,No Answer,Paid,8216.39
LN22580,AGT117,2026-03-01,10452.6,0,0,No Answer,Paid,10452.6
LN22581,AGT140,2026-03-01,3305.27,30,2,No Answer,Unpaid,0.0
LN22582,AGT122,2026-03-01,13213.47,60,3,No Answer,Unpaid,0.0
LN22583,AGT172,2026-03-01,6928.24,15,1,Responsive,Partial,3464.12
LN22584,AGT156,2026-03-01,9802.15,90,4,No Answer,Unpaid,0.0
LN22585,AGT105,2026-03-01,16286.96,15,1,Promise To Pay,Partial,4886.09
LN22586,AGT172,2026-03-01,5235.78,0,0,Responsive,Paid,5235.78
LN22587,AGT139,2026-03-01,18732.65,30,2,Promise To Pay,Partial,5619.8
LN22588,AGT101,2026-03-01,969.37,0,0,Promise To Pay,Paid,969.37
LN22589,AGT158,2026-03-01,3435.89,60,3,No Answer,Unpaid,0.0
LN22590,AGT162,2026-03-01,12197.95,0,0,No Answer,Paid,12197.95
LN22591,AGT122,2026-03-01,7191.28,0,0,Promise To Pay,Paid,7191.28
LN22592,AGT119,2026-03-01,11315.15,0,0,Promise To Pay,Paid,11315.15
LN22593,AGT156,2026-03-01,26970.3,90,4,No Answer,Unpaid,0.0
LN22594,AGT109,2026-03-01,31852.52,60,3,Responsive,Partial,15926.26
LN22595,AGT141,2026-03-01,10261.93,0,0,No Answer,Paid,10261.93
LN22596,AGT165,2026-03-01,23071.9,30,2,Promise To Pay,Partial,6921.57
LN22597,AGT136,2026-03-01,13045.78,0,0,Responsive,Paid,13045.78
LN22598,AGT163,2026-03-01,3757.76,0,0,No Answer,Paid,3757.76
LN22599,AGT126,2026-03-01,20303.9,30,2,Promise To Pay,Partial,6091.17
LN22600,AGT101,2026-03-01,2316.74,0,0,No Answer,Paid,2316.74
LN22601,AGT146,2026-03-01,44831.87,0,0,Responsive,Paid,44831.87
LN22602,AGT120,2026-03-01,4354.1,0,0,No Answer,Paid,4354.1
LN22603,AGT122,2026-03-01,20659.0,30,2,No Answer,Unpaid,0.0
LN22604,AGT169,2026-03-01,23981.05,30,2,No Answer,Unpaid,0.0
LN22605,AGT168,2026-03-01,27328.72,60,3,Responsive,Partial,13664.36
LN22606,AGT144,2026-03-01,2634.88,15,1,No Answer,Unpaid,0.0
LN22607,AGT137,2026-03-01,2229.07,15,1,Responsive,Partial,1114.54
LN22608,AGT130,2026-03-01,25876.28,30,2,No Answer,Unpaid,0.0
LN22609,AGT159,2026-03-01,14539.33,0,0,No Answer,Paid,14539.33
LN22610,AGT155,2026-03-01,16414.22,30,2,Responsive,Paid,16414.22
LN22611,AGT170,2026-03-01,8726.64,30,2,No Answer,Unpaid,0.0
LN22612,AGT149,2026-03-01,53030.35,60,3,Promise To Pay,Partial,15909.1
LN22613,AGT142,2026-03-01,29015.23,90,4,No Answer,Unpaid,0.0
LN22614,AGT122,2026-03-01,16534.51,30,2,No Answer,Unpaid,0.0
LN22615,AGT174,2026-03-01,27829.44,60,3,Promise To Pay,Partial,8348.83
LN22616,AGT109,2026-03-01,1312.72,15,1,No Answer,Unpaid,0.0
LN22617,AGT166,2026-03-01,20352.93,90,4,Responsive,Paid,20352.93
LN22618,AGT174,2026-03-01,8355.54,30,2,Responsive,Partial,4177.77
LN22619,AGT108,2026-03-01,11286.71,15,1,No Answer,Unpaid,0.0
LN22620,AGT163,2026-03-01,128857.79,90,4,No Answer,Unpaid,0.0
LN22621,AGT107,2026-03-01,5796.34,60,3,No Answer,Unpaid,0.0
LN22622,AGT160,2026-03-01,51039.35,30,2,Responsive,Partial,25519.67
LN22623,AGT132,2026-03-01,9039.43,0,0,Responsive,Paid,9039.43
LN22624,AGT104,2026-03-01,6454.06,0,0,Responsive,Paid,6454.06
LN22625,AGT116,2026-03-01,7088.26,15,1,Responsive,Partial,3544.13
LN22626,AGT173,2026-03-01,12013.52,30,2,Promise To Pay,Partial,3604.06
LN22627,AGT174,2026-03-01,7576.02,15,1,No Answer,Unpaid,0.0
LN22628,AGT131,2026-03-01,3002.12,15,1,No Answer,Unpaid,0.0
LN22629,AGT111,2026-03-01,10663.21,0,0,No Answer,Paid,10663.21
LN22630,AGT167,2026-03-01,177830.32,90,4,Responsive,Partial,88915.16
LN22631,AGT134,2026-03-01,18674.0,15,1,No Answer,Unpaid,0.0
LN22632,AGT142,2026-03-01,12027.88,0,0,Responsive,Paid,12027.88
LN22633,AGT119,2026-03-01,10565.13,0,0,Promise To Pay,Paid,10565.13
LN22634,AGT119,2026-03-01,3631.26,30,2,Responsive,Paid,3631.26
LN22635,AGT173,2026-03-01,24018.14,30,2,Promise To Pay,Partial,7205.44
LN22636,AGT107,2026-03-01,6773.47,15,1,No Answer,Unpaid,0.0
LN22637,AGT117,2026-03-01,76945.87,30,2,No Answer,Unpaid,0.0
LN22638,AGT158,2026-03-01,16042.5,0,0,Promise To Pay,Paid,16042.5
LN22639,AGT169,2026-03-01,3041.54,15,1,No Answer,Unpaid,0.0
LN22640,AGT148,2026-03-01,34680.84,30,2,No Answer,Unpaid,0.0
LN22641,AGT105,2026-03-01,17027.68,30,2,Responsive,Paid,17027.68
LN22642,AGT120,2026-03-01,37039.51,30,2,Responsive,Partial,18519.76
LN22643,AGT146,2026-03-01,8427.71,15,1,Responsive,Paid,8427.71
LN22644,AGT131,2026-03-01,67615.42,30,2,Responsive,Paid,67615.42
LN22645,AGT103,2026-03-01,20336.05,0,0,Responsive,Paid,20336.05
LN22646,AGT102,2026-03-01,13298.91,15,1,Promise To Pay,Partial,3989.67
LN22647,AGT146,2026-03-01,16046.82,30,2,No Answer,Unpaid,0.0
LN22648,AGT151,2026-03-01,10421.43,0,0,Responsive,Paid,10421.43
LN22649,AGT156,2026-03-01,25527.5,0,0,No Answer,Paid,25527.5
LN22650,AGT162,2026-03-01,16459.57,0,0,No Answer,Paid,16459.57
LN22651,AGT107,2026-03-01,48737.65,90,4,Responsive,Paid,48737.65
LN22652,AGT103,2026-03-01,30700.58,60,3,Promise To Pay,Partial,9210.17
LN22653,AGT148,2026-03-01,21481.92,0,0,Promise To Pay,Paid,21481.92
LN22654,AGT160,2026-03-01,10699.97,30,2,Promise To Pay,Partial,3209.99
LN22655,AGT152,2026-03-01,10264.97,90,4,Responsive,Partial,5132.48
LN22656,AGT160,2026-03-01,5423.26,0,0,No Answer,Paid,5423.26
LN22657,AGT109,2026-03-01,11200.97,15,1,Responsive,Paid,11200.97
LN22658,AGT110,2026-03-01,8231.17,0,0,Promise To Pay,Paid,8231.17
LN22659,AGT129,2026-03-01,3583.22,30,2,Promise To Pay,Partial,1074.97
LN22660,AGT113,2026-03-01,7719.02,30,2,No Answer,Unpaid,0.0
LN22661,AGT123,2026-03-01,9937.92,90,4,No Answer,Unpaid,0.0
LN22662,AGT119,2026-03-01,10311.15,0,0,No Answer,Paid,10311.15
LN22663,AGT155,2026-03-01,16627.26,90,4,Responsive,Paid,16627.26
LN22664,AGT104,2026-03-01,108957.72,30,2,No Answer,Unpaid,0.0
LN22665,AGT157,2026-03-01,24550.3,0,0,No Answer,Paid,24550.3
LN22666,AGT117,2026-03-01,1901.82,0,0,No Answer,Paid,1901.82
LN22667,AGT134,2026-03-01,6449.34,0,0,No Answer,Paid,6449.34
LN22668,AGT118,2026-03-01,16859.5,0,0,Responsive,Paid,16859.5
LN22669,AGT119,2026-03-01,14180.9,15,1,No Answer,Unpaid,0.0
LN22670,AGT101,2026-03-01,7808.94,15,1,Promise To Pay,Partial,2342.68
LN22671,AGT104,2026-03-01,9227.29,90,4,Promise To Pay,Partial,2768.19
LN22672,AGT143,2026-03-01,4247.77,0,0,Promise To Pay,Paid,4247.77
LN22673,AGT168,2026-03-01,37060.65,15,1,Responsive,Paid,37060.65
LN22674,AGT140,2026-03-01,23364.11,90,4,No Answer,Unpaid,0.0
LN22675,AGT158,2026-03-01,13283.03,0,0,No Answer,Paid,13283.03
LN22676,AGT165,2026-03-01,2491.73,30,2,No Answer,Unpaid,0.0
LN22677,AGT114,2026-03-01,6972.1,0,0,Promise To Pay,Paid,6972.1
LN22678,AGT150,2026-03-01,1707.97,0,0,Promise To Pay,Paid,1707.97
LN22679,AGT172,2026-03-01,15708.35,30,2,Responsive,Partial,7854.18
LN22680,AGT155,2026-03-01,13551.82,15,1,Responsive,Partial,6775.91
LN22681,AGT165,2026-03-01,8487.13,90,4,No Answer,Unpaid,0.0
LN22682,AGT115,2026-03-01,16038.47,15,1,Promise To Pay,Partial,4811.54
LN22683,AGT151,2026-03-01,9195.96,0,0,No Answer,Paid,9195.96
LN22684,AGT112,2026-03-01,12551.86,0,0,Promise To Pay,Paid,12551.86
LN22685,AGT147,2026-03-01,7598.89,0,0,Promise To Pay,Paid,7598.89
LN22686,AGT114,2026-03-01,13757.74,15,1,No Answer,Unpaid,0.0
LN22687,AGT123,2026-03-01,10230.23,0,0,Promise To Pay,Paid,10230.23
LN22688,AGT171,2026-03-01,11766.01,15,1,Promise To Pay,Partial,3529.8
LN22689,AGT147,2026-03-01,91568.58,30,2,Promise To Pay,Partial,27470.57
LN22690,AGT120,2026-03-01,23375.43,30,2,Promise To Pay,Partial,7012.63
LN22691,AGT107,2026-03-01,13062.69,30,2,Responsive,Paid,13062.69
LN22692,AGT114,2026-03-01,29155.86,30,2,Responsive,Paid,29155.86
LN22693,AGT113,2026-03-01,14857.8,0,0,Promise To Pay,Paid,14857.8
LN22694,AGT106,2026-03-01,46327.1,15,1,No Answer,Unpaid,0.0
LN22695,AGT148,2026-03-01,10928.06,0,0,Responsive,Paid,10928.06
LN22696,AGT161,2026-03-01,25263.65,90,4,Promise To Pay,Partial,7579.1
LN22697,AGT140,2026-03-01,2549.32,15,1,Promise To Pay,Partial,764.8
LN22698,AGT101,2026-03-01,8482.76,90,4,Promise To Pay,Partial,2544.83
LN22699,AGT173,2026-03-01,13820.56,30,2,Responsive,Partial,6910.28
LN22700,AGT147,2026-03-01,7208.26,30,2,Promise To Pay,Partial,2162.48
LN22701,AGT155,2026-03-01,12453.42,30,2,Responsive,Partial,6226.71
LN22702,AGT127,2026-03-01,29567.66,15,1,Promise To Pay,Partial,8870.3
LN22703,AGT109,2026-03-01,5831.85,0,0,Responsive,Paid,5831.85
LN22704,AGT156,2026-03-01,5857.47,0,0,Promise To Pay,Paid,5857.47
LN22705,AGT139,2026-03-01,6123.0,15,1,Promise To Pay,Partial,1836.9
LN22706,AGT161,2026-03-01,9384.17,0,0,Responsive,Paid,9384.17
LN22707,AGT111,2026-03-01,29362.77,30,2,Promise To Pay,Partial,8808.83
LN22708,AGT151,2026-03-01,9168.92,60,3,No Answer,Unpaid,0.0
LN22709,AGT114,2026-03-01,4097.66,15,1,Promise To Pay,Partial,1229.3
LN22710,AGT138,2026-03-01,6980.38,0,0,No Answer,Paid,6980.38
LN22711,AGT144,2026-03-01,1031.85,0,0,Promise To Pay,Paid,1031.85
LN22712,AGT124,2026-03-01,8903.87,0,0,Responsive,Paid,8903.87
LN22713,AGT121,2026-03-01,48525.83,0,0,Responsive,Paid,48525.83
LN22714,AGT147,2026-03-01,15433.71,0,0,Responsive,Paid,15433.71
LN22715,AGT157,2026-03-01,8365.38,15,1,No Answer,Unpaid,0.0
LN22716,AGT105,2026-03-01,11179.62,15,1,Promise To Pay,Partial,3353.89
LN22717,AGT157,2026-03-01,7911.94,15,1,Responsive,Paid,7911.94
LN22718,AGT105,2026-03-01,13475.99,0,0,Promise To Pay,Paid,13475.99
LN22719,AGT127,2026-03-01,40226.04,15,1,Promise To Pay,Partial,12067.81
LN22720,AGT108,2026-03-01,7271.47,30,2,Responsive,Paid,7271.47
LN22721,AGT112,2026-03-01,14313.8,60,3,No Answer,Unpaid,0.0
LN22722,AGT155,2026-03-01,117221.3,90,4,Responsive,Paid,117221.3
LN22723,AGT109,2026-03-01,37702.84,90,4,Responsive,Paid,37702.84
LN22724,AGT129,2026-03-01,6805.99,0,0,Promise To Pay,Paid,6805.99
LN22725,AGT119,2026-03-01,20035.64,0,0,Promise To Pay,Paid,20035.64
LN22726,AGT104,2026-03-01,8600.91,0,0,Responsive,Paid,8600.91
LN22727,AGT147,2026-03-01,29526.57,30,2,Promise To Pay,Partial,8857.97
LN22728,AGT119,2026-03-01,12384.06,0,0,Responsive,Paid,12384.06
LN22729,AGT169,2026-03-01,9223.32,15,1,Promise To Pay,Partial,2767.0
LN22730,AGT166,2026-03-01,44333.57,0,0,No Answer,Paid,44333.57
LN22731,AGT152,2026-03-01,10042.52,30,2,No Answer,Unpaid,0.0
LN22732,AGT148,2026-03-01,25790.19,90,4,Responsive,Partial,12895.09
LN22733,AGT155,2026-03-01,2129.0,0,0,No Answer,Paid,2129.0
LN22734,AGT124,2026-03-01,5060.04,0,0,No Answer,Paid,5060.04
LN22735,AGT166,2026-03-01,16888.48,30,2,Promise To Pay,Partial,5066.54
LN22736,AGT145,2026-03-01,54630.67,0,0,Responsive,Paid,54630.67
LN22737,AGT148,2026-03-01,5471.46,0,0,No Answer,Paid,5471.46
LN22738,AGT110,2026-03-01,21635.72,90,4,Responsive,Partial,10817.86
LN22739,AGT119,2026-03-01,5489.13,0,0,No Answer,Paid,5489.13
LN22740,AGT136,2026-03-01,6765.82,0,0,No Answer,Paid,6765.82
LN22741,AGT160,2026-03-01,75969.19,30,2,Responsive,Partial,37984.6
LN22742,AGT101,2026-03-01,3934.39,0,0,Promise To Pay,Paid,3934.39
LN22743,AGT144,2026-03-01,29276.35,30,2,Promise To Pay,Partial,8782.9
LN22744,AGT142,2026-03-01,12706.21,15,1,Responsive,Paid,12706.21
LN22745,AGT103,2026-03-01,36633.71,30,2,No Answer,Unpaid,0.0
LN22746,AGT169,2026-03-01,3692.14,15,1,Promise To Pay,Partial,1107.64
LN22747,AGT120,2026-03-01,15482.81,30,2,Responsive,Paid,15482.81
LN22748,AGT104,2026-03-01,50140.54,30,2,Responsive,Partial,25070.27
LN22749,AGT124,2026-03-01,9081.12,15,1,No Answer,Unpaid,0.0
LN22750,AGT126,2026-03-01,44093.79,90,4,No Answer,Unpaid,0.0
LN22751,AGT103,2026-03-01,39511.5,60,3,No Answer,Unpaid,0.0
LN22752,AGT154,2026-03-01,7523.68,0,0,Responsive,Paid,7523.68
LN22753,AGT163,2026-03-01,25279.92,30,2,No Answer,Unpaid,0.0
LN22754,AGT133,2026-03-01,15382.7,30,2,Responsive,Partial,7691.35
LN22755,AGT137,2026-03-01,26244.29,30,2,Promise To Pay,Partial,7873.29
LN22756,AGT157,2026-03-01,2725.82,0,0,No Answer,Paid,2725.82
LN22757,AGT172,2026-03-01,14248.87,0,0,No Answer,Paid,14248.87
LN22758,AGT156,2026-03-01,27255.15,0,0,Promise To Pay,Paid,27255.15
LN22759,AGT145,2026-03-01,16190.44,15,1,Promise To Pay,Partial,4857.13
LN22760,AGT124,2026-03-01,11906.07,0,0,Responsive,Paid,11906.07
LN22761,AGT164,2026-03-01,21480.23,0,0,No Answer,Paid,21480.23
LN22762,AGT159,2026-03-01,10555.6,0,0,Promise To Pay,Paid,10555.6
LN22763,AGT147,2026-03-01,11695.74,0,0,Promise To Pay,Paid,11695.74
LN22764,AGT165,2026-03-01,96366.75,30,2,Promise To Pay,Partial,28910.02
LN22765,AGT100,2026-03-01,43096.07,60,3,No Answer,Unpaid,0.0
LN22766,AGT128,2026-03-01,5805.95,0,0,No Answer,Paid,5805.95
LN22767,AGT106,2026-03-01,1267.4,0,0,Promise To Pay,Paid,1267.4
LN22768,AGT154,2026-03-01,50408.67,90,4,No Answer,Unpaid,0.0
LN22769,AGT100,2026-03-01,32062.31,30,2,Promise To Pay,Partial,9618.69
LN22770,AGT118,2026-03-01,8723.62,60,3,Promise To Pay,Partial,2617.09
LN22771,AGT125,2026-03-01,13173.5,30,2,Responsive,Paid,13173.5
LN22772,AGT123,2026-03-01,21807.37,0,0,Responsive,Paid,21807.37
LN22773,AGT106,2026-03-01,98987.14,90,4,No Answer,Unpaid,0.0
LN22774,AGT113,2026-03-01,8513.19,0,0,Promise To Pay,Paid,8513.19
LN22775,AGT101,2026-03-01,5345.05,0,0,Promise To Pay,Paid,5345.05
LN22776,AGT138,2026-03-01,10201.03,30,2,No Answer,Unpaid,0.0
LN22777,AGT100,2026-03-01,6782.35,0,0,Responsive,Paid,6782.35
LN22778,AGT100,2026-03-01,19089.4,0,0,Promise To Pay,Paid,19089.4
LN22779,AGT113,2026-03-01,21970.74,0,0,Promise To Pay,Paid,21970.74
LN22780,AGT167,2026-03-01,2927.44,15,1,No Answer,Unpaid,0.0
LN22781,AGT134,2026-03-01,17425.69,90,4,Responsive,Paid,17425.69
LN22782,AGT127,2026-03-01,11683.57,0,0,Promise To Pay,Paid,11683.57
LN22783,AGT119,2026-03-01,33602.62,0,0,Responsive,Paid,33602.62
LN22784,AGT101,2026-03-01,14068.54,30,2,Promise To Pay,Partial,4220.56
LN22785,AGT125,2026-03-01,10506.86,15,1,No Answer,Unpaid,0.0
LN22786,AGT160,2026-03-01,9136.16,15,1,No Answer,Unpaid,0.0
LN22787,AGT133,2026-03-01,17898.11,0,0,Responsive,Paid,17898.11
LN22788,AGT135,2026-03-01,6649.7,0,0,Responsive,Paid,6649.7
LN22789,AGT100,2026-03-01,25118.74,30,2,Responsive,Paid,25118.74
LN22790,AGT119,2026-03-01,2623.52,0,0,No Answer,Paid,2623.52
LN22791,AGT122,2026-03-01,863.46,0,0,Responsive,Paid,863.46
LN22792,AGT157,2026-03-01,30060.34,60,3,Responsive,Paid,30060.34
LN22793,AGT145,2026-03-01,14199.72,15,1,Responsive,Partial,7099.86
LN22794,AGT125,2026-03-01,2845.58,0,0,No Answer,Paid,2845.58
LN22795,AGT145,2026-03-01,11113.81,15,1,No Answer,Unpaid,0.0
LN22796,AGT132,2026-03-01,5865.8,90,4,Responsive,Partial,2932.9
LN22797,AGT136,2026-03-01,11313.9,0,0,Promise To Pay,Paid,11313.9
LN22798,AGT130,2026-03-01,2161.95,0,0,No Answer,Paid,2161.95
LN22799,AGT133,2026-03-01,22280.25,60,3,No Answer,Unpaid,0.0
LN22800,AGT139,2026-03-01,15071.37,30,2,Responsive,Paid,15071.37
LN22801,AGT148,2026-03-01,31266.38,60,3,No Answer,Unpaid,0.0
LN22802,AGT102,2026-03-01,20349.7,30,2,Promise To Pay,Partial,6104.91
LN22803,AGT160,2026-03-01,25504.62,90,4,No Answer,Unpaid,0.0
LN22804,AGT173,2026-03-01,12304.68,0,0,Responsive,Paid,12304.68
LN22805,AGT170,2026-03-01,5509.04,15,1,No Answer,Unpaid,0.0
LN22806,AGT135,2026-03-01,10230.55,0,0,Promise To Pay,Paid,10230.55
LN22807,AGT135,2026-03-01,18321.83,0,0,Responsive,Paid,18321.83
LN22808,AGT119,2026-03-01,7751.34,0,0,No Answer,Paid,7751.34
LN22809,AGT148,2026-03-01,14547.13,0,0,Responsive,Paid,14547.13
LN22810,AGT170,2026-03-01,35331.46,30,2,Promise To Pay,Partial,10599.44
LN22811,AGT109,2026-03-01,6713.73,0,0,Responsive,Paid,6713.73
LN22812,AGT100,2026-03-01,18871.87,30,2,No Answer,Unpaid,0.0
LN22813,AGT125,2026-03-01,16728.9,0,0,No Answer,Paid,16728.9
LN22814,AGT107,2026-03-01,91044.02,30,2,No Answer,Unpaid,0.0
LN22815,AGT138,2026-03-01,15175.06,90,4,Responsive,Paid,15175.06
LN22816,AGT153,2026-03-01,13890.6,0,0,Promise To Pay,Paid,13890.6
LN22817,AGT143,2026-03-01,31820.56,30,2,No Answer,Unpaid,0.0
LN22818,AGT144,2026-03-01,2167.62,15,1,No Answer,Unpaid,0.0
LN22819,AGT130,2026-03-01,17519.18,0,0,Promise To Pay,Paid,17519.18
LN22820,AGT124,2026-03-01,21453.48,30,2,No Answer,Unpaid,0.0
LN22821,AGT160,2026-03-01,52456.27,60,3,No Answer,Unpaid,0.0
LN22822,AGT145,2026-03-01,2391.19,0,0,Promise To Pay,Paid,2391.19
LN22823,AGT149,2026-03-01,17293.86,30,2,No Answer,Unpaid,0.0
LN22824,AGT124,2026-03-01,10549.43,0,0,No Answer,Paid,10549.43
LN22825,AGT161,2026-03-01,9327.74,0,0,No Answer,Paid,9327.74
LN22826,AGT172,2026-03-01,4829.79,15,1,No Answer,Unpaid,0.0
LN22827,AGT169,2026-03-01,85011.59,90,4,Responsive,Paid,85011.59
LN22828,AGT113,2026-03-01,12441.67,30,2,Promise To Pay,Partial,3732.5
LN22829,AGT136,2026-03-01,6240.8,0,0,No Answer,Paid,6240.8
LN22830,AGT116,2026-03-01,53291.31,60,3,No Answer,Unpaid,0.0
LN22831,AGT121,2026-03-01,12754.3,15,1,Promise To Pay,Partial,3826.29
LN22832,AGT142,2026-03-01,29132.22,30,2,No Answer,Unpaid,0.0
LN22833,AGT137,2026-03-01,61821.81,30,2,Promise To Pay,Partial,18546.54
LN22834,AGT164,2026-03-01,5477.24,15,1,Responsive,Paid,5477.24
LN22835,AGT153,2026-03-01,11046.97,0,0,No Answer,Paid,11046.97
LN22836,AGT122,2026-03-01,39744.78,60,3,Promise To Pay,Partial,11923.43
LN22837,AGT162,2026-03-01,14927.19,15,1,Promise To Pay,Partial,4478.16
LN22838,AGT135,2026-03-01,1411.12,15,1,No Answer,Unpaid,0.0
LN22839,AGT102,2026-03-01,6552.8,0,0,Promise To Pay,Paid,6552.8
LN22840,AGT131,2026-03-01,3729.76,0,0,Promise To Pay,Paid,3729.76
LN22841,AGT102,2026-03-01,6319.37,0,0,Promise To Pay,Paid,6319.37
LN22842,AGT161,2026-03-01,21157.0,0,0,Responsive,Paid,21157.0
LN22843,AGT171,2026-03-01,42363.59,30,2,Responsive,Paid,42363.59
LN22844,AGT103,2026-03-01,14297.55,0,0,Promise To Pay,Paid,14297.55
LN22845,AGT150,2026-03-01,20149.68,0,0,Responsive,Paid,20149.68
LN22846,AGT161,2026-03-01,43650.51,90,4,Responsive,Paid,43650.51
LN22847,AGT169,2026-03-01,7911.9,15,1,Promise To Pay,Partial,2373.57
LN22848,AGT144,2026-03-01,3423.1,30,2,Promise To Pay,Partial,1026.93
LN22849,AGT129,2026-03-01,6459.79,30,2,Promise To Pay,Partial,1937.94
LN22850,AGT107,2026-03-01,8598.82,30,2,Responsive,Paid,8598.82
LN22851,AGT147,2026-03-01,6927.63,15,1,No Answer,Unpaid,0.0
LN22852,AGT109,2026-03-01,51796.62,60,3,Responsive,Partial,25898.31
LN22853,AGT149,2026-03-01,37378.41,60,3,No Answer,Unpaid,0.0
LN22854,AGT114,2026-03-01,18071.67,30,2,No Answer,Unpaid,0.0
LN22855,AGT131,2026-03-01,13694.16,0,0,No Answer,Paid,13694.16
LN22856,AGT152,2026-03-01,6115.58,0,0,Promise To Pay,Paid,6115.58
LN22857,AGT167,2026-03-01,6178.69,15,1,Responsive,Partial,3089.34
LN22858,AGT131,2026-03-01,13951.08,30,2,Responsive,Paid,13951.08
LN22859,AGT138,2026-03-01,4074.27,15,1,Responsive,Partial,2037.13
LN22860,AGT126,2026-03-01,34660.28,60,3,Promise To Pay,Partial,10398.08
LN22861,AGT110,2026-03-01,9012.1,0,0,Responsive,Paid,9012.1
LN22862,AGT171,2026-03-01,10799.56,0,0,No Answer,Paid,10799.56
LN22863,AGT116,2026-03-01,30839.81,30,2,No Answer,Unpaid,0.0
LN22864,AGT131,2026-03-01,5299.42,15,1,Responsive,Paid,5299.42
LN22865,AGT167,2026-03-01,38988.68,15,1,No Answer,Unpaid,0.0
LN22866,AGT117,2026-03-01,7141.59,30,2,Promise To Pay,Partial,2142.48
LN22867,AGT147,2026-03-01,83160.12,30,2,No Answer,Unpaid,0.0
LN22868,AGT118,2026-03-01,26016.94,30,2,Promise To Pay,Partial,7805.08
LN22869,AGT109,2026-03-01,21512.05,30,2,Responsive,Paid,21512.05
LN22870,AGT163,2026-03-01,32912.64,90,4,Responsive,Paid,32912.64
LN22871,AGT140,2026-03-01,5804.46,15,1,Promise To Pay,Partial,1741.34
LN22872,AGT135,2026-03-01,28349.47,30,2,No Answer,Unpaid,0.0
LN22873,AGT151,2026-03-01,21753.3,0,0,Promise To Pay,Paid,21753.3
LN22874,AGT110,2026-03-01,9327.94,30,2,Responsive,Paid,9327.94
LN22875,AGT170,2026-03-01,12229.7,60,3,Responsive,Partial,6114.85
LN22876,AGT102,2026-03-01,21999.0,15,1,Promise To Pay,Partial,6599.7
LN22877,AGT137,2026-03-01,11580.81,15,1,Promise To Pay,Partial,3474.24
LN22878,AGT170,2026-03-01,4135.59,60,3,Promise To Pay,Partial,1240.68
LN22879,AGT100,2026-03-01,3900.97,15,1,Promise To Pay,Partial,1170.29
LN22880,AGT141,2026-03-01,23242.0,0,0,Responsive,Paid,23242.0
LN22881,AGT119,2026-03-01,6776.14,0,0,Promise To Pay,Paid,6776.14
LN22882,AGT137,2026-03-01,75231.4,30,2,Responsive,Paid,75231.4
LN22883,AGT131,2026-03-01,8669.77,0,0,Responsive,Paid,8669.77
LN22884,AGT165,2026-03-01,9445.12,15,1,Promise To Pay,Partial,2833.54
LN22885,AGT131,2026-03-01,5876.34,15,1,Responsive,Paid,5876.34
LN22886,AGT122,2026-03-01,25948.86,30,2,Responsive,Partial,12974.43
LN22887,AGT165,2026-03-01,27942.47,30,2,Promise To Pay,Partial,8382.74
LN22888,AGT159,2026-03-01,11153.48,15,1,Responsive,Paid,11153.48
LN22889,AGT150,2026-03-01,39519.35,30,2,Responsive,Paid,39519.35
LN22890,AGT137,2026-03-01,82188.45,60,3,No Answer,Unpaid,0.0
LN22891,AGT134,2026-03-01,13429.98,15,1,Promise To Pay,Partial,4028.99
LN22892,AGT102,2026-03-01,11319.57,60,3,No Answer,Unpaid,0.0
LN22893,AGT125,2026-03-01,83247.28,90,4,Promise To Pay,Partial,24974.18
LN22894,AGT127,2026-03-01,10450.91,0,0,Responsive,Paid,10450.91
LN22895,AGT101,2026-03-01,9625.17,15,1,Promise To Pay,Partial,2887.55
LN22896,AGT127,2026-03-01,32754.33,0,0,Promise To Pay,Paid,32754.33
LN22897,AGT133,2026-03-01,23671.67,0,0,No Answer,Paid,23671.67
LN22898,AGT127,2026-03-01,27275.58,30,2,Promise To Pay,Partial,8182.67
LN22899,AGT119,2026-03-01,47771.06,30,2,No Answer,Unpaid,0.0
LN22900,AGT172,2026-03-01,133733.96,60,3,Responsive,Paid,133733.96
LN22901,AGT108,2026-03-01,8688.92,30,2,No Answer,Unpaid,0.0
LN22902,AGT168,2026-03-01,11234.15,30,2,Promise To Pay,Partial,3370.24
LN22903,AGT116,2026-03-01,53707.9,0,0,No Answer,Paid,53707.9
LN22904,AGT136,2026-03-01,38199.6,15,1,Responsive,Paid,38199.6
LN22905,AGT112,2026-03-01,7321.28,15,1,No Answer,Unpaid,0.0
LN22906,AGT115,2026-03-01,11973.74,30,2,Promise To Pay,Partial,3592.12
LN22907,AGT110,2026-03-01,37846.14,60,3,No Answer,Unpaid,0.0
LN22908,AGT130,2026-03-01,8288.53,60,3,Promise To Pay,Partial,2486.56
LN22909,AGT160,2026-03-01,53471.92,30,2,Promise To Pay,Partial,16041.58
LN22910,AGT171,2026-03-01,23916.21,0,0,No Answer,Paid,23916.21
LN22911,AGT169,2026-03-01,20155.55,90,4,Promise To Pay,Partial,6046.66
LN22912,AGT163,2026-03-01,20020.92,90,4,Promise To Pay,Partial,6006.28
LN22913,AGT167,2026-03-01,15182.69,60,3,Promise To Pay,Partial,4554.81
LN22914,AGT150,2026-03-01,14987.23,30,2,Responsive,Paid,14987.23
LN22915,AGT163,2026-03-01,16892.93,0,0,No Answer,Paid,16892.93
LN22916,AGT166,2026-03-01,10517.07,0,0,Responsive,Paid,10517.07
LN22917,AGT174,2026-03-01,5892.27,0,0,No Answer,Paid,5892.27
LN22918,AGT129,2026-03-01,8609.26,0,0,Promise To Pay,Paid,8609.26
LN22919,AGT149,2026-03-01,4688.27,15,1,No Answer,Unpaid,0.0
LN22920,AGT103,2026-03-01,10648.3,15,1,No Answer,Unpaid,0.0
LN22921,AGT173,2026-03-01,4988.43,30,2,Responsive,Paid,4988.43
LN22922,AGT102,2026-03-01,7882.8,0,0,Responsive,Paid,7882.8
LN22923,AGT168,2026-03-01,5033.95,90,4,No Answer,Unpaid,0.0
LN22924,AGT160,2026-03-01,14711.25,0,0,Responsive,Paid,14711.25
LN22925,AGT151,2026-03-01,7194.54,15,1,Promise To Pay,Partial,2158.36
LN22926,AGT127,2026-03-01,6505.7,30,2,No Answer,Unpaid,0.0
LN22927,AGT160,2026-03-01,3347.52,15,1,Responsive,Paid,3347.52
LN22928,AGT172,2026-03-01,35517.75,30,2,Promise To Pay,Partial,10655.32
LN22929,AGT128,2026-03-01,116077.28,60,3,Promise To Pay,Partial,34823.18
LN22930,AGT126,2026-03-01,11298.87,15,1,No Answer,Unpaid,0.0
LN22931,AGT110,2026-03-01,21358.42,30,2,Responsive,Paid,21358.42
LN22932,AGT105,2026-03-01,5617.03,15,1,Promise To Pay,Partial,1685.11
LN22933,AGT105,2026-03-01,11556.53,15,1,Responsive,Partial,5778.27
LN22934,AGT126,2026-03-01,16206.56,0,0,No Answer,Paid,16206.56
LN22935,AGT169,2026-03-01,14608.72,0,0,No Answer,Paid,14608.72
LN22936,AGT106,2026-03-01,5049.17,15,1,No Answer,Unpaid,0.0
LN22937,AGT109,2026-03-01,8822.1,30,2,No Answer,Unpaid,0.0
LN22938,AGT105,2026-03-01,6760.96,0,0,No Answer,Paid,6760.96
LN22939,AGT117,2026-03-01,11482.21,0,0,No Answer,Paid,11482.21
LN22940,AGT152,2026-03-01,4695.9,30,2,Responsive,Paid,4695.9
LN22941,AGT157,2026-03-01,4041.37,0,0,Promise To Pay,Paid,4041.37
LN22942,AGT128,2026-03-01,3911.56,15,1,Promise To Pay,Partial,1173.47
LN22943,AGT156,2026-03-01,105846.02,90,4,No Answer,Unpaid,0.0
LN22944,AGT120,2026-03-01,3267.55,30,2,No Answer,Unpaid,0.0
LN22945,AGT109,2026-03-01,2135.25,0,0,Responsive,Paid,2135.25
LN22946,AGT105,2026-03-01,6948.53,30,2,Promise To Pay,Partial,2084.56
LN22947,AGT161,2026-03-01,6216.62,0,0,No Answer,Paid,6216.62
LN22948,AGT127,2026-03-01,2371.94,0,0,Responsive,Paid,2371.94
LN22949,AGT139,2026-03-01,5126.7,0,0,Responsive,Paid,5126.7
LN22950,AGT115,2026-03-01,16127.23,0,0,Responsive,Paid,16127.23
LN22951,AGT118,2026-03-01,6387.63,30,2,Responsive,Partial,3193.82
LN22952,AGT150,2026-03-01,29565.32,60,3,Promise To Pay,Partial,8869.6
LN22953,AGT153,2026-03-01,27841.15,30,2,No Answer,Unpaid,0.0
LN22954,AGT127,2026-03-01,69254.82,90,4,No Answer,Unpaid,0.0
LN22955,AGT131,2026-03-01,7550.22,0,0,No Answer,Paid,7550.22
LN22956,AGT139,2026-03-01,13333.32,30,2,No Answer,Unpaid,0.0
LN22957,AGT123,2026-03-01,6362.4,0,0,Promise To Pay,Paid,6362.4
LN22958,AGT108,2026-03-01,8506.1,90,4,No Answer,Unpaid,0.0
LN22959,AGT154,2026-03-01,10638.81,0,0,No Answer,Paid,10638.81
LN22960,AGT156,2026-03-01,48605.79,60,3,Responsive,Paid,48605.79
LN22961,AGT167,2026-03-01,5470.57,0,0,Responsive,Paid,5470.57
LN22962,AGT137,2026-03-01,11734.5,0,0,Promise To Pay,Paid,11734.5
LN22963,AGT123,2026-03-01,14082.1,0,0,Promise To Pay,Paid,14082.1
LN22964,AGT174,2026-03-01,5155.68,0,0,Promise To Pay,Paid,5155.68
LN22965,AGT171,2026-03-01,2008.7,0,0,Responsive,Paid,2008.7
LN22966,AGT120,2026-03-01,19103.16,15,1,Responsive,Partial,9551.58
LN22967,AGT127,2026-03-01,32437.45,15,1,No Answer,Unpaid,0.0
LN22968,AGT139,2026-03-01,64583.05,90,4,Responsive,Paid,64583.05
LN22969,AGT165,2026-03-01,7434.81,15,1,Responsive,Paid,7434.81
LN22970,AGT173,2026-03-01,5200.01,15,1,Responsive,Paid,5200.01
LN22971,AGT112,2026-03-01,8910.43,0,0,Responsive,Paid,8910.43
LN22972,AGT144,2026-03-01,15181.11,15,1,Promise To Pay,Partial,4554.33
LN22973,AGT106,2026-03-01,5964.06,15,1,No Answer,Unpaid,0.0
LN22974,AGT138,2026-03-01,3694.04,0,0,No Answer,Paid,3694.04
LN22975,AGT170,2026-03-01,26042.44,30,2,Promise To Pay,Partial,7812.73
LN22976,AGT152,2026-03-01,22130.98,90,4,Promise To Pay,Partial,6639.29
LN22977,AGT174,2026-03-01,12030.36,0,0,Responsive,Paid,12030.36
LN22978,AGT138,2026-03-01,5850.18,0,0,No Answer,Paid,5850.18
LN22979,AGT118,2026-03-01,27177.68,30,2,No Answer,Unpaid,0.0
LN22980,AGT130,2026-03-01,24706.54,30,2,Responsive,Partial,12353.27
LN22981,AGT139,2026-03-01,14807.98,0,0,Promise To Pay,Paid,14807.98
LN22982,AGT145,2026-03-01,19234.38,30,2,Responsive,Partial,9617.19
LN22983,AGT164,2026-03-01,8698.36,15,1,Promise To Pay,Partial,2609.51
LN22984,AGT119,2026-03-01,86070.25,90,4,Responsive,Partial,43035.12
LN22985,AGT165,2026-03-01,13543.59,15,1,No Answer,Unpaid,0.0
LN22986,AGT173,2026-03-01,2728.97,15,1,Promise To Pay,Partial,818.69
LN22987,AGT142,2026-03-01,13073.45,60,3,Promise To Pay,Partial,3922.03
LN22988,AGT125,2026-03-01,66216.62,60,3,No Answer,Unpaid,0.0
LN22989,AGT138,2026-03-01,16699.34,90,4,Responsive,Paid,16699.34
LN22990,AGT151,2026-03-01,21941.01,60,3,Responsive,Partial,10970.5
LN22991,AGT102,2026-03-01,2952.24,15,1,No Answer,Unpaid,0.0
LN22992,AGT150,2026-03-01,4157.57,30,2,Promise To Pay,Partial,1247.27
LN22993,AGT117,2026-03-01,21205.75,60,3,Responsive,Paid,21205.75
LN22994,AGT147,2026-03-01,3365.18,15,1,Promise To Pay,Partial,1009.55
LN22995,AGT126,2026-03-01,22145.56,60,3,Responsive,Paid,22145.56
LN22996,AGT155,2026-03-01,15703.08,30,2,Responsive,Paid,15703.08
LN22997,AGT102,2026-03-01,9687.1,30,2,Promise To Pay,Partial,2906.13
LN22998,AGT137,2026-03-01,33079.56,90,4,Promise To Pay,Partial,9923.87
LN22999,AGT105,2026-03-01,27939.28,60,3,Promise To Pay,Partial,8381.78
LN23000,AGT114,2026-03-01,14057.53,0,0,No Answer,Paid,14057.53
LN23001,AGT171,2026-03-01,3694.75,15,1,Responsive,Partial,1847.38
LN23002,AGT117,2026-03-01,10510.0,0,0,No Answer,Paid,10510.0
LN23003,AGT144,2026-03-01,7154.47,0,0,No Answer,Paid,7154.47
LN23004,AGT145,2026-03-01,13575.29,0,0,No Answer,Paid,13575.29
LN23005,AGT126,2026-03-01,3415.31,15,1,Promise To Pay,Partial,1024.59
LN23006,AGT111,2026-03-01,1027.43,0,0,Promise To Pay,Paid,1027.43
LN23007,AGT132,2026-03-01,7336.98,15,1,Promise To Pay,Partial,2201.09
LN23008,AGT112,2026-03-01,4676.45,0,0,Promise To Pay,Paid,4676.45
LN23009,AGT130,2026-03-01,20406.1,15,1,Promise To Pay,Partial,6121.83
LN23010,AGT165,2026-03-01,9383.12,0,0,No Answer,Paid,9383.12
LN23011,AGT114,2026-03-01,7288.18,0,0,Promise To Pay,Paid,7288.18
LN23012,AGT100,2026-03-01,37635.62,60,3,Promise To Pay,Partial,11290.69
LN23013,AGT100,2026-03-01,17846.54,30,2,Promise To Pay,Partial,5353.96
LN23014,AGT149,2026-03-01,5966.25,90,4,Responsive,Paid,5966.25
LN23015,AGT109,2026-03-01,18943.26,30,2,No Answer,Unpaid,0.0
LN23016,AGT110,2026-03-01,4689.76,0,0,No Answer,Paid,4689.76
LN23017,AGT120,2026-03-01,4393.51,0,0,Promise To Pay,Paid,4393.51
LN23018,AGT168,2026-03-01,4422.8,0,0,Responsive,Paid,4422.8
LN23019,AGT110,2026-03-01,3956.88,30,2,No Answer,Unpaid,0.0
LN23020,AGT124,2026-03-01,5701.69,15,1,Responsive,Paid,5701.69
LN23021,AGT143,2026-03-01,9912.82,15,1,Promise To Pay,Partial,2973.85
LN23022,AGT147,2026-03-01,13001.06,15,1,Responsive,Partial,6500.53
LN23023,AGT169,2026-03-01,8612.81,0,0,Responsive,Paid,8612.81
LN23024,AGT114,2026-03-01,6075.14,0,0,Responsive,Paid,6075.14
LN23025,AGT154,2026-03-01,15942.45,30,2,No Answer,Unpaid,0.0
LN23026,AGT169,2026-03-01,5112.25,0,0,Promise To Pay,Paid,5112.25
LN23027,AGT117,2026-03-01,9250.05,0,0,Responsive,Paid,9250.05
LN23028,AGT171,2026-03-01,22491.49,30,2,No Answer,Unpaid,0.0
LN23029,AGT140,2026-03-01,8261.99,15,1,Promise To Pay,Partial,2478.6
LN23030,AGT119,2026-03-01,6562.65,30,2,Responsive,Partial,3281.32
LN23031,AGT157,2026-03-01,36853.12,60,3,No Answer,Unpaid,0.0
LN23032,AGT160,2026-03-01,30558.27,15,1,No Answer,Unpaid,0.0
LN23033,AGT106,2026-03-01,21611.22,15,1,No Answer,Unpaid,0.0
LN23034,AGT156,2026-03-01,8100.7,60,3,Promise To Pay,Partial,2430.21
LN23035,AGT163,2026-03-01,43959.03,90,4,Promise To Pay,Partial,13187.71
LN23036,AGT152,2026-03-01,25583.8,30,2,Promise To Pay,Partial,7675.14
LN23037,AGT113,2026-03-01,2489.06,0,0,Promise To Pay,Paid,2489.06
LN23038,AGT158,2026-03-01,18307.2,0,0,No Answer,Paid,18307.2
LN23039,AGT136,2026-03-01,7336.69,0,0,Promise To Pay,Paid,7336.69
LN23040,AGT110,2026-03-01,13914.16,15,1,Responsive,Paid,13914.16
LN23041,AGT154,2026-03-01,8750.47,30,2,Promise To Pay,Partial,2625.14
LN23042,AGT116,2026-03-01,31589.51,60,3,Promise To Pay,Partial,9476.85
LN23043,AGT152,2026-03-01,52056.14,90,4,No Answer,Unpaid,0.0
LN23044,AGT122,2026-03-01,18499.57,30,2,No Answer,Unpaid,0.0
LN23045,AGT155,2026-03-01,11984.09,0,0,Promise To Pay,Paid,11984.09
LN23046,AGT145,2026-03-01,2941.09,0,0,Promise To Pay,Paid,2941.09
LN23047,AGT108,2026-03-01,7786.54,15,1,No Answer,Unpaid,0.0
LN23048,AGT105,2026-03-01,3677.61,60,3,Promise To Pay,Partial,1103.28
LN23049,AGT144,2026-03-01,19736.13,30,2,Promise To Pay,Partial,5920.84
LN23050,AGT119,2026-03-01,15383.63,0,0,Promise To Pay,Paid,15383.63
LN23051,AGT134,2026-03-01,17920.03,0,0,Promise To Pay,Paid,17920.03
LN23052,AGT106,2026-03-01,4018.32,0,0,Promise To Pay,Paid,4018.32
LN23053,AGT106,2026-03-01,6602.42,15,1,Responsive,Partial,3301.21
LN23054,AGT158,2026-03-01,17103.73,30,2,No Answer,Unpaid,0.0
LN23055,AGT144,2026-03-01,42976.6,30,2,Responsive,Partial,21488.3
LN23056,AGT170,2026-03-01,3730.32,15,1,No Answer,Unpaid,0.0
LN23057,AGT149,2026-03-01,4141.15,30,2,Promise To Pay,Partial,1242.34
LN23058,AGT134,2026-03-01,6599.49,0,0,Responsive,Paid,6599.49
LN23059,AGT122,2026-03-01,11395.02,0,0,Promise To Pay,Paid,11395.02
LN23060,AGT125,2026-03-01,17085.2,30,2,No Answer,Unpaid,0.0
LN23061,AGT147,2026-03-01,16039.62,60,3,Responsive,Paid,16039.62
LN23062,AGT130,2026-03-01,2423.3,0,0,Responsive,Paid,2423.3
LN23063,AGT171,2026-03-01,16464.46,30,2,Promise To Pay,Partial,4939.34
LN23064,AGT130,2026-03-01,12258.95,0,0,No Answer,Paid,12258.95
LN23065,AGT164,2026-03-01,20354.63,30,2,No Answer,Unpaid,0.0
LN23066,AGT104,2026-03-01,22179.66,60,3,Responsive,Partial,11089.83
LN23067,AGT150,2026-03-01,11132.3,0,0,Promise To Pay,Paid,11132.3
LN23068,AGT147,2026-03-01,12187.57,0,0,No Answer,Paid,12187.57
LN23069,AGT152,2026-03-01,5092.46,0,0,Promise To Pay,Paid,5092.46
LN23070,AGT116,2026-03-01,20061.37,30,2,Promise To Pay,Partial,6018.41
LN23071,AGT126,2026-03-01,12649.82,0,0,Responsive,Paid,12649.82
LN23072,AGT167,2026-03-01,2329.97,15,1,No Answer,Unpaid,0.0
LN23073,AGT164,2026-03-01,38761.43,30,2,Responsive,Paid,38761.43
LN23074,AGT111,2026-03-01,12212.09,0,0,Responsive,Paid,12212.09
LN23075,AGT174,2026-03-01,21275.34,60,3,Promise To Pay,Partial,6382.6
LN23076,AGT160,2026-03-01,6348.17,0,0,Promise To Pay,Paid,6348.17
LN23077,AGT158,2026-03-01,8543.74,30,2,Promise To Pay,Partial,2563.12
LN23078,AGT156,2026-03-01,21190.81,0,0,Responsive,Paid,21190.81
LN23079,AGT104,2026-03-01,3126.28,30,2,Responsive,Partial,1563.14
LN23080,AGT119,2026-03-01,6211.66,30,2,No Answer,Unpaid,0.0
LN23081,AGT138,2026-03-01,16308.26,90,4,No Answer,Unpaid,0.0
LN23082,AGT116,2026-03-01,29956.13,60,3,No Answer,Unpaid,0.0
LN23083,AGT147,2026-03-01,10296.04,0,0,Responsive,Paid,10296.04
LN23084,AGT137,2026-03-01,4125.11,0,0,No Answer,Paid,4125.11
LN23085,AGT167,2026-03-01,22614.45,30,2,No Answer,Unpaid,0.0
LN23086,AGT142,2026-03-01,9049.56,0,0,Promise To Pay,Paid,9049.56
LN23087,AGT116,2026-03-01,6118.5,0,0,Promise To Pay,Paid,6118.5
LN23088,AGT151,2026-03-01,16190.95,30,2,Promise To Pay,Partial,4857.28
LN23089,AGT103,2026-03-01,10637.08,15,1,Responsive,Paid,10637.08
LN23090,AGT174,2026-03-01,41883.87,60,3,Promise To Pay,Partial,12565.16
LN23091,AGT170,2026-03-01,9069.44,0,0,No Answer,Paid,9069.44
LN23092,AGT167,2026-03-01,13391.08,60,3,Promise To Pay,Partial,4017.32
LN23093,AGT163,2026-03-01,16563.53,0,0,No Answer,Paid,16563.53
LN23094,AGT147,2026-03-01,7567.23,0,0,No Answer,Paid,7567.23
LN23095,AGT134,2026-03-01,14192.51,30,2,No Answer,Unpaid,0.0
LN23096,AGT149,2026-03-01,7211.31,0,0,Promise To Pay,Paid,7211.31
LN23097,AGT169,2026-03-01,9412.8,30,2,No Answer,Unpaid,0.0
LN23098,AGT129,2026-03-01,8099.33,0,0,Responsive,Paid,8099.33
LN23099,AGT118,2026-03-01,13246.39,15,1,Promise To Pay,Partial,3973.92
LN23100,AGT116,2026-03-01,4757.68,0,0,No Answer,Paid,4757.68
LN23101,AGT139,2026-03-01,11177.61,0,0,Promise To Pay,Paid,11177.61
LN23102,AGT110,2026-03-01,7161.95,0,0,Responsive,Paid,7161.95
LN23103,AGT121,2026-03-01,24776.12,60,3,Responsive,Partial,12388.06
LN23104,AGT113,2026-03-01,10723.99,60,3,Promise To Pay,Partial,3217.2
LN23105,AGT141,2026-03-01,39298.76,30,2,Promise To Pay,Partial,11789.63
LN23106,AGT120,2026-03-01,38806.91,30,2,Responsive,Paid,38806.91
LN23107,AGT161,2026-03-01,10060.4,0,0,Responsive,Paid,10060.4
LN23108,AGT116,2026-03-01,34551.62,15,1,Responsive,Partial,17275.81
LN23109,AGT154,2026-03-01,18500.79,15,1,Promise To Pay,Partial,5550.24
LN23110,AGT135,2026-03-01,23076.35,90,4,Responsive,Paid,23076.35
LN23111,AGT144,2026-03-01,7267.41,0,0,Responsive,Paid,7267.41
LN23112,AGT100,2026-03-01,41151.95,60,3,No Answer,Unpaid,0.0
LN23113,AGT174,2026-03-01,3191.88,30,2,No Answer,Unpaid,0.0
LN23114,AGT162,2026-03-01,3778.21,30,2,Responsive,Partial,1889.11
LN23115,AGT150,2026-03-01,5979.91,0,0,Responsive,Paid,5979.91
LN23116,AGT100,2026-03-01,15655.73,30,2,Responsive,Partial,7827.86
LN23117,AGT140,2026-03-01,39545.11,0,0,No Answer,Paid,39545.11
LN23118,AGT134,2026-03-01,39636.85,60,3,Responsive,Paid,39636.85
LN23119,AGT134,2026-03-01,18261.89,15,1,Promise To Pay,Partial,5478.57
LN23120,AGT112,2026-03-01,28824.41,90,4,Responsive,Partial,14412.2
LN23121,AGT150,2026-03-01,5529.66,15,1,Promise To Pay,Partial,1658.9
LN23122,AGT141,2026-03-01,13842.97,0,0,Responsive,Paid,13842.97
LN23123,AGT157,2026-03-01,30586.61,15,1,Promise To Pay,Partial,9175.98
LN23124,AGT153,2026-03-01,2592.89,0,0,Promise To Pay,Paid,2592.89
LN23125,AGT136,2026-03-01,17503.71,15,1,Promise To Pay,Partial,5251.11
LN23126,AGT147,2026-03-01,5271.92,15,1,Promise To Pay,Partial,1581.58
LN23127,AGT163,2026-03-01,21361.84,60,3,Promise To Pay,Partial,6408.55
LN23128,AGT168,2026-03-01,12912.04,0,0,Promise To Pay,Paid,12912.04
LN23129,AGT140,2026-03-01,11143.38,0,0,No Answer,Paid,11143.38
LN23130,AGT129,2026-03-01,5152.6,0,0,Responsive,Paid,5152.6
LN23131,AGT132,2026-03-01,1444.79,0,0,No Answer,Paid,1444.79
LN23132,AGT173,2026-03-01,14599.51,0,0,Promise To Pay,Paid,14599.51
LN23133,AGT172,2026-03-01,23753.2,90,4,Responsive,Partial,11876.6
LN23134,AGT171,2026-03-01,37404.77,90,4,No Answer,Unpaid,0.0
LN23135,AGT113,2026-03-01,15222.36,0,0,Promise To Pay,Paid,15222.36
LN23136,AGT136,2026-03-01,27892.55,60,3,No Answer,Unpaid,0.0
LN23137,AGT144,2026-03-01,2292.89,0,0,No Answer,Paid,2292.89
LN23138,AGT101,2026-03-01,17274.01,15,1,Promise To Pay,Partial,5182.2
LN23139,AGT146,2026-03-01,97542.19,30,2,Promise To Pay,Partial,29262.66
LN23140,AGT138,2026-03-01,16209.11,0,0,No Answer,Paid,16209.11
LN23141,AGT167,2026-03-01,3237.51,15,1,Promise To Pay,Partial,971.25
LN23142,AGT122,2026-03-01,9928.15,60,3,Responsive,Partial,4964.07
LN23143,AGT131,2026-03-01,15731.82,0,0,Responsive,Paid,15731.82
LN23144,AGT122,2026-03-01,38511.48,60,3,No Answer,Unpaid,0.0
LN23145,AGT148,2026-03-01,10233.68,15,1,No Answer,Unpaid,0.0
LN23146,AGT131,2026-03-01,4116.37,0,0,No Answer,Paid,4116.37
LN23147,AGT166,2026-03-01,37263.45,90,4,Responsive,Partial,18631.72
LN23148,AGT123,2026-03-01,48999.68,15,1,No Answer,Unpaid,0.0
LN23149,AGT116,2026-03-01,4046.96,0,0,Promise To Pay,Paid,4046.96
LN23150,AGT115,2026-03-01,7894.77,15,1,Promise To Pay,Partial,2368.43
LN23151,AGT146,2026-03-01,5033.03,0,0,No Answer,Paid,5033.03
LN23152,AGT157,2026-03-01,25161.43,90,4,Responsive,Partial,12580.72
LN23153,AGT119,2026-03-01,10278.04,60,3,Promise To Pay,Partial,3083.41
LN23154,AGT129,2026-03-01,1434.6,0,0,Promise To Pay,Paid,1434.6
LN23155,AGT128,2026-03-01,8946.75,0,0,No Answer,Paid,8946.75
LN23156,AGT143,2026-03-01,87560.47,90,4,No Answer,Unpaid,0.0
LN23157,AGT159,2026-03-01,4060.54,30,2,Promise To Pay,Partial,1218.16
LN23158,AGT105,2026-03-01,21819.2,15,1,No Answer,Unpaid,0.0
LN23159,AGT109,2026-03-01,65617.0,90,4,Responsive,Paid,65617.0
LN23160,AGT116,2026-03-01,13247.28,30,2,No Answer,Unpaid,0.0
LN23161,AGT132,2026-03-01,44480.07,0,0,Promise To Pay,Paid,44480.07
LN23162,AGT101,2026-03-01,5440.7,0,0,No Answer,Paid,5440.7
LN23163,AGT134,2026-03-01,51808.88,15,1,Promise To Pay,Partial,15542.66
LN23164,AGT120,2026-03-01,20453.09,90,4,Responsive,Partial,10226.55
LN23165,AGT128,2026-03-01,2734.91,0,0,No Answer,Paid,2734.91
LN23166,AGT107,2026-03-01,20433.7,30,2,Promise To Pay,Partial,6130.11
LN23167,AGT129,2026-03-01,14687.31,30,2,No Answer,Unpaid,0.0
LN23168,AGT134,2026-03-01,136685.84,60,3,Promise To Pay,Partial,41005.75
LN23169,AGT116,2026-03-01,19026.97,30,2,Promise To Pay,Partial,5708.09
LN23170,AGT163,2026-03-01,6762.1,0,0,Promise To Pay,Paid,6762.1
LN23171,AGT154,2026-03-01,20087.12,0,0,Promise To Pay,Paid,20087.12
LN23172,AGT135,2026-03-01,21321.96,0,0,No Answer,Paid,21321.96
LN23173,AGT152,2026-03-01,29679.94,60,3,No Answer,Unpaid,0.0
LN23174,AGT121,2026-03-01,5299.55,15,1,Promise To Pay,Partial,1589.87
LN23175,AGT154,2026-03-01,33261.17,90,4,Promise To Pay,Partial,9978.35
LN23176,AGT120,2026-03-01,30242.32,30,2,No Answer,Unpaid,0.0
LN23177,AGT139,2026-03-01,8506.01,15,1,Responsive,Paid,8506.01
LN23178,AGT168,2026-03-01,7049.22,0,0,No Answer,Paid,7049.22
LN23179,AGT103,2026-03-01,5049.56,15,1,No Answer,Unpaid,0.0
LN23180,AGT144,2026-03-01,6315.1,0,0,Promise To Pay,Paid,6315.1
LN23181,AGT146,2026-03-01,2826.26,0,0,Responsive,Paid,2826.26
LN23182,AGT139,2026-03-01,18576.03,0,0,Promise To Pay,Paid,18576.03
LN23183,AGT119,2026-03-01,14908.52,0,0,Promise To Pay,Paid,14908.52
LN23184,AGT120,2026-03-01,28330.71,15,1,Promise To Pay,Partial,8499.21
LN23185,AGT133,2026-03-01,8827.87,90,4,No Answer,Unpaid,0.0
LN23186,AGT136,2026-03-01,4668.74,30,2,No Answer,Unpaid,0.0
LN23187,AGT119,2026-03-01,63146.67,90,4,Promise To Pay,Partial,18944.0
LN23188,AGT154,2026-03-01,8604.33,0,0,No Answer,Paid,8604.33
LN23189,AGT120,2026-03-01,11259.23,0,0,No Answer,Paid,11259.23
LN23190,AGT161,2026-03-01,32082.54,0,0,No Answer,Paid,32082.54
LN23191,AGT125,2026-03-01,32472.21,15,1,Promise To Pay,Partial,9741.66
LN23192,AGT155,2026-03-01,29098.5,30,2,Promise To Pay,Partial,8729.55
LN23193,AGT106,2026-03-01,8580.83,15,1,Responsive,Partial,4290.41
LN23194,AGT138,2026-03-01,2426.67,0,0,Promise To Pay,Paid,2426.67
LN23195,AGT106,2026-03-01,32092.99,15,1,No Answer,Unpaid,0.0
LN23196,AGT112,2026-03-01,9102.92,0,0,Promise To Pay,Paid,9102.92
LN23197,AGT131,2026-03-01,30476.03,0,0,Responsive,Paid,30476.03
LN23198,AGT128,2026-03-01,4622.52,0,0,Responsive,Paid,4622.52
LN23199,AGT162,2026-03-01,6600.2,15,1,No Answer,Unpaid,0.0
LN23200,AGT140,2026-03-01,38941.97,90,4,Promise To Pay,Partial,11682.59
LN23201,AGT150,2026-03-01,6082.18,0,0,No Answer,Paid,6082.18
LN23202,AGT118,2026-03-01,104125.52,90,4,No Answer,Unpaid,0.0
LN23203,AGT116,2026-03-01,4985.83,15,1,No Answer,Unpaid,0.0
LN23204,AGT141,2026-03-01,16349.19,30,2,Responsive,Partial,8174.6
LN23205,AGT139,2026-03-01,22516.44,90,4,No Answer,Unpaid,0.0
LN23206,AGT155,2026-03-01,16756.54,15,1,No Answer,Unpaid,0.0
LN23207,AGT109,2026-03-01,20309.68,30,2,Promise To Pay,Partial,6092.9
LN23208,AGT116,2026-03-01,2336.96,15,1,No Answer,Unpaid,0.0
LN23209,AGT102,2026-03-01,14483.19,0,0,Promise To Pay,Paid,14483.19
LN23210,AGT101,2026-03-01,10022.42,0,0,Responsive,Paid,10022.42
LN23211,AGT102,2026-03-01,11481.82,0,0,Responsive,Paid,11481.82
LN23212,AGT121,2026-03-01,4552.26,0,0,Promise To Pay,Paid,4552.26
LN23213,AGT148,2026-03-01,39903.19,30,2,No Answer,Unpaid,0.0
LN23214,AGT108,2026-03-01,6345.12,0,0,Promise To Pay,Paid,6345.12
LN23215,AGT152,2026-03-01,4061.23,15,1,Responsive,Partial,2030.62
LN23216,AGT171,2026-03-01,80944.87,60,3,Responsive,Partial,40472.43
LN23217,AGT160,2026-03-01,17794.81,0,0,Responsive,Paid,17794.81
LN23218,AGT167,2026-03-01,34894.11,90,4,Promise To Pay,Partial,10468.23
LN23219,AGT111,2026-03-01,10253.94,0,0,No Answer,Paid,10253.94
LN23220,AGT164,2026-03-01,11059.23,0,0,Promise To Pay,Paid,11059.23
LN23221,AGT171,2026-03-01,16199.55,60,3,Responsive,Partial,8099.77
LN23222,AGT104,2026-03-01,5126.37,0,0,No Answer,Paid,5126.37
LN23223,AGT124,2026-03-01,26316.56,0,0,Responsive,Paid,26316.56
LN23224,AGT167,2026-03-01,12210.32,15,1,Promise To Pay,Partial,3663.1
LN23225,AGT133,2026-03-01,2512.25,0,0,Responsive,Paid,2512.25
LN23226,AGT130,2026-03-01,119274.16,90,4,No Answer,Unpaid,0.0
LN23227,AGT155,2026-03-01,22665.92,0,0,No Answer,Paid,22665.92
LN23228,AGT151,2026-03-01,4172.7,30,2,Responsive,Paid,4172.7
LN23229,AGT165,2026-03-01,2828.34,0,0,No Answer,Paid,2828.34
LN23230,AGT167,2026-03-01,2954.68,15,1,No Answer,Unpaid,0.0
LN23231,AGT156,2026-03-01,14754.91,0,0,Promise To Pay,Paid,14754.91
LN23232,AGT146,2026-03-01,9830.91,0,0,Promise To Pay,Paid,9830.91
LN23233,AGT130,2026-03-01,21281.4,15,1,Responsive,Partial,10640.7
LN23234,AGT102,2026-03-01,2718.07,15,1,No Answer,Unpaid,0.0
LN23235,AGT114,2026-03-01,5273.49,15,1,No Answer,Unpaid,0.0
LN23236,AGT136,2026-03-01,15878.3,30,2,Promise To Pay,Partial,4763.49
LN23237,AGT154,2026-03-01,18763.75,15,1,No Answer,Unpaid,0.0
LN23238,AGT113,2026-03-01,3096.39,15,1,No Answer,Unpaid,0.0
LN23239,AGT168,2026-03-01,20319.59,30,2,Responsive,Paid,20319.59
LN23240,AGT142,2026-03-01,66794.19,90,4,Responsive,Partial,33397.1
LN23241,AGT168,2026-03-01,4847.53,0,0,No Answer,Paid,4847.53
LN23242,AGT134,2026-03-01,2528.98,0,0,No Answer,Paid,2528.98
LN23243,AGT162,2026-03-01,6627.04,0,0,No Answer,Paid,6627.04
LN23244,AGT130,2026-03-01,14819.65,15,1,Responsive,Partial,7409.82
LN23245,AGT172,2026-03-01,19795.9,15,1,Promise To Pay,Partial,5938.77
LN23246,AGT144,2026-03-01,52405.07,30,2,Promise To Pay,Partial,15721.52
LN23247,AGT133,2026-03-01,70722.23,30,2,No Answer,Unpaid,0.0
LN23248,AGT106,2026-03-01,17056.0,60,3,Responsive,Paid,17056.0
LN23249,AGT129,2026-03-01,22992.06,60,3,Responsive,Partial,11496.03
LN23250,AGT153,2026-03-01,9606.33,0,0,Promise To Pay,Paid,9606.33
LN23251,AGT123,2026-03-01,8594.58,15,1,Responsive,Paid,8594.58
LN23252,AGT109,2026-03-01,154664.47,90,4,Responsive,Paid,154664.47
LN23253,AGT107,2026-03-01,42800.54,60,3,No Answer,Unpaid,0.0
LN23254,AGT146,2026-03-01,20984.14,0,0,No Answer,Paid,20984.14
LN23255,AGT107,2026-03-01,26804.13,30,2,Responsive,Partial,13402.07
LN23256,AGT105,2026-03-01,2770.24,30,2,No Answer,Unpaid,0.0
LN23257,AGT153,2026-03-01,8083.56,0,0,Promise To Pay,Paid,8083.56
LN23258,AGT174,2026-03-01,11875.89,0,0,Responsive,Paid,11875.89
LN23259,AGT140,2026-03-01,11771.77,0,0,Promise To Pay,Paid,11771.77
LN23260,AGT108,2026-03-01,2712.44,0,0,Promise To Pay,Paid,2712.44
LN23261,AGT127,2026-03-01,58238.01,90,4,Promise To Pay,Partial,17471.4
LN23262,AGT113,2026-03-01,14338.86,15,1,No Answer,Unpaid,0.0
LN23263,AGT174,2026-03-01,11437.18,0,0,Responsive,Paid,11437.18
LN23264,AGT171,2026-03-01,30212.89,0,0,Responsive,Paid,30212.89
LN23265,AGT133,2026-03-01,2736.12,30,2,Responsive,Partial,1368.06
LN23266,AGT117,2026-03-01,872.31,0,0,No Answer,Paid,872.31
LN23267,AGT162,2026-03-01,14407.82,0,0,Promise To Pay,Paid,14407.82
LN23268,AGT165,2026-03-01,2894.57,15,1,Promise To Pay,Partial,868.37
LN23269,AGT130,2026-03-01,9452.42,15,1,Promise To Pay,Partial,2835.73
LN23270,AGT104,2026-03-01,15926.68,60,3,No Answer,Unpaid,0.0
LN23271,AGT133,2026-03-01,7560.48,0,0,No Answer,Paid,7560.48
LN23272,AGT173,2026-03-01,2416.49,0,0,Promise To Pay,Paid,2416.49
LN23273,AGT139,2026-03-01,7099.44,15,1,No Answer,Unpaid,0.0
LN23274,AGT161,2026-03-01,12137.4,15,1,No Answer,Unpaid,0.0
LN23275,AGT119,2026-03-01,6083.22,0,0,Promise To Pay,Paid,6083.22
LN23276,AGT110,2026-03-01,7150.07,0,0,No Answer,Paid,7150.07
LN23277,AGT107,2026-03-01,10022.7,0,0,Responsive,Paid,10022.7
LN23278,AGT115,2026-03-01,63318.01,90,4,Responsive,Paid,63318.01
LN23279,AGT100,2026-03-01,15998.16,30,2,No Answer,Unpaid,0.0
LN23280,AGT151,2026-03-01,17157.14,0,0,Responsive,Paid,17157.14
LN23281,AGT123,2026-03-01,15873.54,60,3,Promise To Pay,Partial,4762.06
LN23282,AGT136,2026-03-01,7759.72,0,0,Responsive,Paid,7759.72
LN23283,AGT139,2026-03-01,11993.43,0,0,No Answer,Paid,11993.43
LN23284,AGT108,2026-03-01,36141.53,90,4,Promise To Pay,Partial,10842.46
LN23285,AGT145,2026-03-01,3663.55,15,1,Promise To Pay,Partial,1099.07
LN23286,AGT128,2026-03-01,185051.53,90,4,No Answer,Unpaid,0.0
LN23287,AGT129,2026-03-01,5461.77,60,3,Responsive,Partial,2730.89
LN23288,AGT101,2026-03-01,3701.39,30,2,Responsive,Paid,3701.39
LN23289,AGT163,2026-03-01,19316.6,0,0,Responsive,Paid,19316.6
LN23290,AGT139,2026-03-01,31431.75,90,4,Promise To Pay,Partial,9429.52
LN23291,AGT149,2026-03-01,5093.2,60,3,Responsive,Partial,2546.6
LN23292,AGT171,2026-03-01,9754.53,30,2,Promise To Pay,Partial,2926.36
LN23293,AGT123,2026-03-01,11330.33,0,0,Promise To Pay,Paid,11330.33
LN23294,AGT130,2026-03-01,5658.83,0,0,No Answer,Paid,5658.83
LN23295,AGT133,2026-03-01,7262.16,0,0,Promise To Pay,Paid,7262.16
LN23296,AGT143,2026-03-01,14068.31,30,2,Promise To Pay,Partial,4220.49
LN23297,AGT119,2026-03-01,6692.66,0,0,Responsive,Paid,6692.66
LN23298,AGT117,2026-03-01,3322.38,15,1,Responsive,Partial,1661.19
LN23299,AGT139,2026-03-01,9109.05,30,2,Promise To Pay,Partial,2732.71
LN23300,AGT164,2026-03-01,1713.4,15,1,No Answer,Unpaid,0.0
LN23301,AGT121,2026-03-01,5859.39,0,0,Promise To Pay,Paid,5859.39
LN23302,AGT126,2026-03-01,2334.72,0,0,Responsive,Paid,2334.72
LN23303,AGT145,2026-03-01,46177.59,90,4,Responsive,Partial,23088.79
LN23304,AGT145,2026-03-01,6999.89,0,0,Responsive,Paid,6999.89
LN23305,AGT156,2026-03-01,33487.95,60,3,Promise To Pay,Partial,10046.38
LN23306,AGT115,2026-03-01,8106.22,15,1,No Answer,Unpaid,0.0
LN23307,AGT120,2026-03-01,10603.29,30,2,Responsive,Paid,10603.29
LN23308,AGT139,2026-03-01,18456.03,0,0,No Answer,Paid,18456.03
LN23309,AGT142,2026-03-01,61038.97,60,3,Promise To Pay,Partial,18311.69
LN23310,AGT158,2026-03-01,4883.84,0,0,No Answer,Paid,4883.84
LN23311,AGT160,2026-03-01,11998.08,30,2,No Answer,Unpaid,0.0
LN23312,AGT113,2026-03-01,4128.3,0,0,Promise To Pay,Paid,4128.3
LN23313,AGT165,2026-03-01,24351.5,60,3,Promise To Pay,Partial,7305.45
LN23314,AGT155,2026-03-01,39661.8,90,4,No Answer,Unpaid,0.0
LN23315,AGT106,2026-03-01,14460.98,0,0,Promise To Pay,Paid,14460.98
LN23316,AGT165,2026-03-01,1226.05,15,1,No Answer,Unpaid,0.0
LN23317,AGT120,2026-03-01,17382.06,0,0,Responsive,Paid,17382.06
LN23318,AGT166,2026-03-01,19506.22,0,0,No Answer,Paid,19506.22
LN23319,AGT173,2026-03-01,47813.64,90,4,Responsive,Paid,47813.64
LN23320,AGT159,2026-03-01,12377.89,0,0,Responsive,Paid,12377.89
LN23321,AGT150,2026-03-01,19393.47,30,2,Responsive,Partial,9696.74
LN23322,AGT123,2026-03-01,8758.64,15,1,Promise To Pay,Partial,2627.59
LN23323,AGT139,2026-03-01,3323.17,15,1,Responsive,Partial,1661.59
LN23324,AGT103,2026-03-01,5937.65,0,0,Promise To Pay,Paid,5937.65
LN23325,AGT134,2026-03-01,11259.33,60,3,Responsive,Partial,5629.66
LN23326,AGT170,2026-03-01,8085.18,0,0,Promise To Pay,Paid,8085.18
LN23327,AGT158,2026-03-01,4939.75,0,0,No Answer,Paid,4939.75
LN23328,AGT118,2026-03-01,9859.93,0,0,Responsive,Paid,9859.93
LN23329,AGT170,2026-03-01,7734.23,15,1,Responsive,Partial,3867.11
LN23330,AGT149,2026-03-01,9917.48,30,2,Responsive,Paid,9917.48
LN23331,AGT145,2026-03-01,7813.39,0,0,No Answer,Paid,7813.39
LN23332,AGT124,2026-03-01,12868.37,0,0,Responsive,Paid,12868.37
LN23333,AGT136,2026-03-01,21909.37,90,4,Responsive,Paid,21909.37
LN23334,AGT169,2026-03-01,2851.85,30,2,Promise To Pay,Partial,855.55
LN23335,AGT118,2026-03-01,8303.65,30,2,No Answer,Unpaid,0.0
LN23336,AGT118,2026-03-01,27369.97,60,3,Promise To Pay,Partial,8210.99
LN23337,AGT133,2026-03-01,29594.81,0,0,No Answer,Paid,29594.81
LN23338,AGT152,2026-03-01,17715.38,60,3,Responsive,Paid,17715.38
LN23339,AGT110,2026-03-01,9933.63,15,1,Responsive,Paid,9933.63
LN23340,AGT148,2026-03-01,12126.14,30,2,Responsive,Partial,6063.07
LN23341,AGT130,2026-03-01,3062.18,0,0,Responsive,Paid,3062.18
LN23342,AGT147,2026-03-01,53939.75,90,4,Promise To Pay,Partial,16181.92
LN23343,AGT160,2026-03-01,35618.35,90,4,Responsive,Partial,17809.17
LN23344,AGT148,2026-03-01,11207.17,0,0,No Answer,Paid,11207.17
LN23345,AGT133,2026-03-01,3021.13,0,0,No Answer,Paid,3021.13
LN23346,AGT166,2026-03-01,23512.49,0,0,No Answer,Paid,23512.49
LN23347,AGT117,2026-03-01,41400.72,0,0,Promise To Pay,Paid,41400.72
LN23348,AGT138,2026-03-01,7935.39,15,1,Promise To Pay,Partial,2380.62
LN23349,AGT174,2026-03-01,7741.56,15,1,Responsive,Partial,3870.78
LN23350,AGT139,2026-03-01,60926.82,90,4,Promise To Pay,Partial,18278.05
LN23351,AGT115,2026-03-01,25743.02,30,2,No Answer,Unpaid,0.0
LN23352,AGT159,2026-03-01,10835.03,15,1,Promise To Pay,Partial,3250.51
LN23353,AGT154,2026-03-01,2665.67,15,1,Responsive,Paid,2665.67
LN23354,AGT149,2026-03-01,68029.57,30,2,Responsive,Partial,34014.79
LN23355,AGT126,2026-03-01,11120.53,0,0,No Answer,Paid,11120.53
LN23356,AGT117,2026-03-01,29079.8,15,1,Promise To Pay,Partial,8723.94
LN23357,AGT138,2026-03-01,22555.87,30,2,No Answer,Unpaid,0.0
LN23358,AGT148,2026-03-01,8171.68,0,0,Responsive,Paid,8171.68
LN23359,AGT108,2026-03-01,7338.59,0,0,Responsive,Paid,7338.59
LN23360,AGT168,2026-03-01,18492.81,30,2,No Answer,Unpaid,0.0
LN23361,AGT159,2026-03-01,19163.05,60,3,No Answer,Unpaid,0.0
LN23362,AGT158,2026-03-01,1630.45,15,1,Responsive,Partial,815.23
LN23363,AGT163,2026-03-01,93120.34,30,2,Promise To Pay,Partial,27936.1
LN23364,AGT130,2026-03-01,20595.32,0,0,Promise To Pay,Paid,20595.32
LN23365,AGT130,2026-03-01,1764.97,0,0,Responsive,Paid,1764.97
LN23366,AGT166,2026-03-01,3702.77,0,0,No Answer,Paid,3702.77
LN23367,AGT174,2026-03-01,25091.52,60,3,No Answer,Unpaid,0.0
LN23368,AGT133,2026-03-01,18938.19,60,3,Responsive,Paid,18938.19
LN23369,AGT107,2026-03-01,5944.81,0,0,Responsive,Paid,5944.81
LN23370,AGT165,2026-03-01,12449.05,15,1,Responsive,Paid,12449.05
LN23371,AGT121,2026-03-01,13398.01,30,2,No Answer,Unpaid,0.0
LN23372,AGT160,2026-03-01,19213.33,15,1,Responsive,Partial,9606.67
LN23373,AGT110,2026-03-01,7558.13,60,3,No Answer,Unpaid,0.0
LN23374,AGT110,2026-03-01,47708.59,30,2,Promise To Pay,Partial,14312.58
LN23375,AGT113,2026-03-01,4012.08,15,1,No Answer,Unpaid,0.0
LN23376,AGT152,2026-03-01,7025.99,0,0,Promise To Pay,Paid,7025.99
LN23377,AGT110,2026-03-01,47662.33,15,1,Promise To Pay,Partial,14298.7
LN23378,AGT112,2026-03-01,9276.03,0,0,Responsive,Paid,9276.03
LN23379,AGT126,2026-03-01,24625.82,0,0,No Answer,Paid,24625.82
LN23380,AGT121,2026-03-01,4828.25,30,2,No Answer,Unpaid,0.0
LN23381,AGT172,2026-03-01,9654.19,30,2,Promise To Pay,Partial,2896.26
LN23382,AGT159,2026-03-01,222760.46,90,4,No Answer,Unpaid,0.0
LN23383,AGT153,2026-03-01,49173.55,60,3,Promise To Pay,Partial,14752.07
LN23384,AGT145,2026-03-01,38710.08,90,4,No Answer,Unpaid,0.0
LN23385,AGT160,2026-03-01,6378.24,0,0,Promise To Pay,Paid,6378.24
LN23386,AGT159,2026-03-01,972.81,0,0,Responsive,Paid,972.81
LN23387,AGT143,2026-03-01,47846.28,90,4,Promise To Pay,Partial,14353.88
LN23388,AGT156,2026-03-01,4825.89,0,0,Responsive,Paid,4825.89
LN23389,AGT149,2026-03-01,4659.71,0,0,No Answer,Paid,4659.71
LN23390,AGT116,2026-03-01,29548.29,0,0,No Answer,Paid,29548.29
LN23391,AGT166,2026-03-01,9917.56,60,3,Promise To Pay,Partial,2975.27
LN23392,AGT165,2026-03-01,10339.25,15,1,No Answer,Unpaid,0.0
LN23393,AGT148,2026-03-01,13695.88,0,0,No Answer,Paid,13695.88
LN23394,AGT136,2026-03-01,2414.59,0,0,Promise To Pay,Paid,2414.59
LN23395,AGT127,2026-03-01,3094.9,0,0,Responsive,Paid,3094.9
LN23396,AGT159,2026-03-01,10744.76,0,0,Promise To Pay,Paid,10744.76
LN23397,AGT107,2026-03-01,46290.39,90,4,Promise To Pay,Partial,13887.12
LN23398,AGT143,2026-03-01,25799.29,30,2,Promise To Pay,Partial,7739.79
LN23399,AGT174,2026-03-01,12961.57,30,2,Promise To Pay,Partial,3888.47
LN23400,AGT144,2026-03-01,27754.2,0,0,Responsive,Paid,27754.2
LN23401,AGT146,2026-03-01,25900.4,0,0,Responsive,Paid,25900.4
LN23402,AGT168,2026-03-01,79617.23,30,2,Responsive,Paid,79617.23
LN23403,AGT137,2026-03-01,12072.75,15,1,Responsive,Paid,12072.75
LN23404,AGT140,2026-03-01,13380.4,30,2,No Answer,Unpaid,0.0
LN23405,AGT109,2026-03-01,11626.35,30,2,No Answer,Unpaid,0.0
LN23406,AGT149,2026-03-01,9054.04,15,1,Responsive,Paid,9054.04
LN23407,AGT134,2026-03-01,5120.75,0,0,Promise To Pay,Paid,5120.75
LN23408,AGT140,2026-03-01,12343.89,90,4,Responsive,Paid,12343.89
LN23409,AGT136,2026-03-01,5147.69,0,0,Responsive,Paid,5147.69
LN23410,AGT125,2026-03-01,8033.4,0,0,No Answer,Paid,8033.4
LN23411,AGT145,2026-03-01,17979.64,90,4,No Answer,Unpaid,0.0
LN23412,AGT121,2026-03-01,2829.85,0,0,Promise To Pay,Paid,2829.85
LN23413,AGT102,2026-03-01,2457.03,30,2,Responsive,Paid,2457.03
LN23414,AGT149,2026-03-01,8725.84,15,1,Promise To Pay,Partial,2617.75
LN23415,AGT124,2026-03-01,12188.9,15,1,Responsive,Paid,12188.9
LN23416,AGT147,2026-03-01,5045.44,0,0,Promise To Pay,Paid,5045.44
LN23417,AGT149,2026-03-01,11383.59,60,3,No Answer,Unpaid,0.0
LN23418,AGT133,2026-03-01,24087.52,60,3,Responsive,Paid,24087.52
LN23419,AGT171,2026-03-01,58085.41,90,4,No Answer,Unpaid,0.0
LN23420,AGT141,2026-03-01,64138.72,30,2,No Answer,Unpaid,0.0
LN23421,AGT124,2026-03-01,9997.51,0,0,No Answer,Paid,9997.51
LN23422,AGT157,2026-03-01,4477.79,15,1,No Answer,Unpaid,0.0
LN23423,AGT125,2026-03-01,1145.27,15,1,Promise To Pay,Partial,343.58
LN23424,AGT161,2026-03-01,8841.32,30,2,No Answer,Unpaid,0.0
LN23425,AGT107,2026-03-01,14117.71,15,1,Promise To Pay,Partial,4235.31
LN23426,AGT146,2026-03-01,5561.27,60,3,No Answer,Unpaid,0.0
LN23427,AGT117,2026-03-01,45148.56,60,3,No Answer,Unpaid,0.0
LN23428,AGT168,2026-03-01,46684.42,60,3,Responsive,Paid,46684.42
LN23429,AGT142,2026-03-01,30721.83,0,0,Responsive,Paid,30721.83
LN23430,AGT172,2026-03-01,6169.1,0,0,Promise To Pay,Paid,6169.1
LN23431,AGT109,2026-03-01,23888.12,0,0,Responsive,Paid,23888.12
LN23432,AGT112,2026-03-01,13380.95,30,2,Promise To Pay,Partial,4014.28
LN23433,AGT112,2026-03-01,15421.47,15,1,Promise To Pay,Partial,4626.44
LN23434,AGT100,2026-03-01,7758.45,0,0,Responsive,Paid,7758.45
LN23435,AGT154,2026-03-01,5186.23,0,0,Promise To Pay,Paid,5186.23
LN23436,AGT171,2026-03-01,16158.32,0,0,Responsive,Paid,16158.32
LN23437,AGT112,2026-03-01,18979.06,30,2,Responsive,Paid,18979.06
LN23438,AGT135,2026-03-01,8586.35,0,0,Promise To Pay,Paid,8586.35
LN23439,AGT172,2026-03-01,6973.41,30,2,Promise To Pay,Partial,2092.02
LN23440,AGT127,2026-03-01,28058.94,30,2,Promise To Pay,Partial,8417.68
LN23441,AGT136,2026-03-01,35830.99,90,4,Responsive,Partial,17915.49
LN23442,AGT166,2026-03-01,28760.21,0,0,Responsive,Paid,28760.21
LN23443,AGT134,2026-03-01,5386.82,0,0,Responsive,Paid,5386.82
LN23444,AGT167,2026-03-01,22593.04,30,2,Promise To Pay,Partial,6777.91
LN23445,AGT111,2026-03-01,16411.84,30,2,Responsive,Partial,8205.92
LN23446,AGT160,2026-03-01,11624.13,15,1,Responsive,Paid,11624.13
LN23447,AGT170,2026-03-01,8264.88,0,0,Promise To Pay,Paid,8264.88
LN23448,AGT121,2026-03-01,11337.04,15,1,Promise To Pay,Partial,3401.11
LN23449,AGT101,2026-03-01,5292.0,0,0,No Answer,Paid,5292.0
LN23450,AGT107,2026-03-01,12775.17,30,2,Responsive,Partial,6387.59
LN23451,AGT152,2026-03-01,17335.52,90,4,Promise To Pay,Partial,5200.66
LN23452,AGT152,2026-03-01,24417.96,30,2,No Answer,Unpaid,0.0
LN23453,AGT142,2026-03-01,22771.46,60,3,No Answer,Unpaid,0.0
LN23454,AGT103,2026-03-01,51475.98,90,4,Promise To Pay,Partial,15442.79
LN23455,AGT159,2026-03-01,32136.23,30,2,Promise To Pay,Partial,9640.87
LN23456,AGT136,2026-03-01,9740.23,0,0,Responsive,Paid,9740.23
LN23457,AGT164,2026-03-01,14736.28,30,2,No Answer,Unpaid,0.0
LN23458,AGT109,2026-03-01,6947.2,0,0,Promise To Pay,Paid,6947.2
LN23459,AGT114,2026-03-01,30657.04,0,0,Promise To Pay,Paid,30657.04
LN23460,AGT134,2026-03-01,10132.72,15,1,Promise To Pay,Partial,3039.82
LN23461,AGT166,2026-03-01,21082.56,0,0,No Answer,Paid,21082.56
LN23462,AGT159,2026-03-01,103621.94,90,4,Responsive,Paid,103621.94
LN23463,AGT119,2026-03-01,11152.39,0,0,Responsive,Paid,11152.39
LN23464,AGT131,2026-03-01,30383.29,60,3,Responsive,Paid,30383.29
LN23465,AGT115,2026-03-01,14561.25,15,1,No Answer,Unpaid,0.0
LN23466,AGT139,2026-03-01,2678.24,15,1,Promise To Pay,Partial,803.47
LN23467,AGT106,2026-03-01,40515.86,90,4,Promise To Pay,Partial,12154.76
LN23468,AGT133,2026-03-01,119635.53,90,4,Responsive,Partial,59817.76
LN23469,AGT125,2026-03-01,72526.1,30,2,Responsive,Partial,36263.05
LN23470,AGT157,2026-03-01,17624.01,90,4,No Answer,Unpaid,0.0
LN23471,AGT112,2026-03-01,11987.78,15,1,No Answer,Unpaid,0.0
LN23472,AGT145,2026-03-01,23101.99,30,2,No Answer,Unpaid,0.0
LN23473,AGT118,2026-03-01,22166.35,60,3,Responsive,Partial,11083.17
LN23474,AGT157,2026-03-01,7823.39,30,2,No Answer,Unpaid,0.0
LN23475,AGT166,2026-03-01,21944.5,30,2,Responsive,Partial,10972.25
LN23476,AGT140,2026-03-01,7671.04,15,1,Promise To Pay,Partial,2301.31
LN23477,AGT110,2026-03-01,4650.51,15,1,No Answer,Unpaid,0.0
LN23478,AGT160,2026-03-01,34559.13,0,0,Promise To Pay,Paid,34559.13
LN23479,AGT134,2026-03-01,28960.8,30,2,No Answer,Unpaid,0.0
LN23480,AGT138,2026-03-01,11146.38,0,0,No Answer,Paid,11146.38
LN23481,AGT102,2026-03-01,19144.83,60,3,No Answer,Unpaid,0.0
LN23482,AGT129,2026-03-01,4777.14,0,0,Promise To Pay,Paid,4777.14
LN23483,AGT131,2026-03-01,6823.62,15,1,Responsive,Paid,6823.62
LN23484,AGT112,2026-03-01,1970.79,0,0,No Answer,Paid,1970.79
LN23485,AGT117,2026-03-01,17368.11,60,3,No Answer,Unpaid,0.0
LN23486,AGT147,2026-03-01,18957.11,60,3,No Answer,Unpaid,0.0
LN23487,AGT135,2026-03-01,28507.22,90,4,Promise To Pay,Partial,8552.17
LN23488,AGT130,2026-03-01,47479.59,60,3,Promise To Pay,Partial,14243.88
LN23489,AGT128,2026-03-01,14568.35,60,3,Responsive,Paid,14568.35
LN23490,AGT152,2026-03-01,11196.07,0,0,Responsive,Paid,11196.07
LN23491,AGT163,2026-03-01,11460.57,15,1,No Answer,Unpaid,0.0
LN23492,AGT170,2026-03-01,10344.48,30,2,No Answer,Unpaid,0.0
LN23493,AGT151,2026-03-01,6288.45,0,0,No Answer,Paid,6288.45
LN23494,AGT120,2026-03-01,17792.52,15,1,Responsive,Paid,17792.52
LN23495,AGT159,2026-03-01,9138.57,0,0,No Answer,Paid,9138.57
LN23496,AGT118,2026-03-01,6851.96,0,0,No Answer,Paid,6851.96
LN23497,AGT128,2026-03-01,8467.53,15,1,Promise To Pay,Partial,2540.26
LN23498,AGT112,2026-03-01,6743.3,0,0,Promise To Pay,Paid,6743.3
LN23499,AGT172,2026-03-01,34412.63,0,0,Responsive,Paid,34412.63
LN23500,AGT110,2026-03-01,7896.01,0,0,No Answer,Paid,7896.01
LN23501,AGT109,2026-03-01,12498.56,30,2,No Answer,Unpaid,0.0
LN23502,AGT130,2026-03-01,26222.37,0,0,No Answer,Paid,26222.37
LN23503,AGT134,2026-03-01,34066.12,15,1,No Answer,Unpaid,0.0
LN23504,AGT147,2026-03-01,4450.7,0,0,Promise To Pay,Paid,4450.7
LN23505,AGT151,2026-03-01,65361.34,60,3,Promise To Pay,Partial,19608.4
LN23506,AGT103,2026-03-01,24085.84,15,1,No Answer,Unpaid,0.0
LN23507,AGT140,2026-03-01,8122.05,30,2,Responsive,Paid,8122.05
LN23508,AGT120,2026-03-01,103741.32,60,3,No Answer,Unpaid,0.0
LN23509,AGT154,2026-03-01,15255.5,0,0,Responsive,Paid,15255.5
LN23510,AGT100,2026-03-01,35527.54,90,4,Responsive,Partial,17763.77
LN23511,AGT110,2026-03-01,4335.19,0,0,No Answer,Paid,4335.19
LN23512,AGT104,2026-03-01,11559.68,0,0,Promise To Pay,Paid,11559.68
LN23513,AGT123,2026-03-01,6885.5,0,0,Promise To Pay,Paid,6885.5
LN23514,AGT144,2026-03-01,30101.13,0,0,No Answer,Paid,30101.13
LN23515,AGT149,2026-03-01,39381.21,90,4,No Answer,Unpaid,0.0
LN23516,AGT119,2026-03-01,15312.15,0,0,No Answer,Paid,15312.15
LN23517,AGT113,2026-03-01,3338.17,0,0,Responsive,Paid,3338.17
LN23518,AGT139,2026-03-01,15442.11,0,0,Promise To Pay,Paid,15442.11
LN23519,AGT102,2026-03-01,3051.03,0,0,Responsive,Paid,3051.03
LN23520,AGT132,2026-03-01,3511.03,0,0,Responsive,Paid,3511.03
LN23521,AGT153,2026-03-01,1966.45,0,0,No Answer,Paid,1966.45
LN23522,AGT144,2026-03-01,6693.32,0,0,Promise To Pay,Paid,6693.32
LN23523,AGT131,2026-03-01,53432.17,90,4,Promise To Pay,Partial,16029.65
LN23524,AGT103,2026-03-01,20520.82,0,0,Promise To Pay,Paid,20520.82
LN23525,AGT158,2026-03-01,10077.93,60,3,Responsive,Paid,10077.93
LN23526,AGT143,2026-03-01,5174.25,0,0,Promise To Pay,Paid,5174.25
LN23527,AGT164,2026-03-01,68003.1,90,4,Promise To Pay,Partial,20400.93
LN23528,AGT162,2026-03-01,4562.37,0,0,Responsive,Paid,4562.37
LN23529,AGT134,2026-03-01,6859.9,0,0,No Answer,Paid,6859.9
LN23530,AGT110,2026-03-01,46873.53,60,3,Responsive,Paid,46873.53
LN23531,AGT141,2026-03-01,7353.64,15,1,Promise To Pay,Partial,2206.09
LN23532,AGT148,2026-03-01,60932.65,60,3,Responsive,Paid,60932.65
LN23533,AGT148,2026-03-01,13260.33,30,2,Responsive,Paid,13260.33
LN23534,AGT112,2026-03-01,2631.4,0,0,Responsive,Paid,2631.4
LN23535,AGT164,2026-03-01,6132.08,15,1,No Answer,Unpaid,0.0
LN23536,AGT128,2026-03-01,32796.01,90,4,Responsive,Partial,16398.01
LN23537,AGT139,2026-03-01,15320.32,90,4,Responsive,Partial,7660.16
LN23538,AGT121,2026-03-01,15863.02,30,2,Responsive,Partial,7931.51
LN23539,AGT111,2026-03-01,15548.08,0,0,Promise To Pay,Paid,15548.08
LN23540,AGT137,2026-03-01,12370.31,15,1,Responsive,Partial,6185.15
LN23541,AGT162,2026-03-01,24392.47,60,3,No Answer,Unpaid,0.0
LN23542,AGT100,2026-03-01,5691.63,0,0,No Answer,Paid,5691.63
LN23543,AGT117,2026-03-01,14741.72,15,1,Promise To Pay,Partial,4422.52
LN23544,AGT141,2026-03-01,4114.1,0,0,Promise To Pay,Paid,4114.1
LN23545,AGT166,2026-03-01,15805.15,0,0,Promise To Pay,Paid,15805.15
LN23546,AGT124,2026-03-01,16777.71,15,1,No Answer,Unpaid,0.0
LN23547,AGT170,2026-03-01,7828.51,0,0,No Answer,Paid,7828.51
LN23548,AGT138,2026-03-01,8759.3,0,0,Responsive,Paid,8759.3
LN23549,AGT130,2026-03-01,5405.49,0,0,Promise To Pay,Paid,5405.49
LN23550,AGT151,2026-03-01,6817.15,15,1,Promise To Pay,Partial,2045.14
LN23551,AGT140,2026-03-01,15835.21,0,0,Responsive,Paid,15835.21
LN23552,AGT124,2026-03-01,61412.86,90,4,Promise To Pay,Partial,18423.86
LN23553,AGT123,2026-03-01,3084.91,0,0,Responsive,Paid,3084.91
LN23554,AGT147,2026-03-01,35489.62,30,2,Responsive,Partial,17744.81
LN23555,AGT150,2026-03-01,38642.43,60,3,Promise To Pay,Partial,11592.73
LN23556,AGT118,2026-03-01,10755.65,0,0,No Answer,Paid,10755.65
LN23557,AGT163,2026-03-01,15389.78,0,0,No Answer,Paid,15389.78
LN23558,AGT119,2026-03-01,6813.24,90,4,No Answer,Unpaid,0.0
LN23559,AGT112,2026-03-01,8266.45,0,0,No Answer,Paid,8266.45
LN23560,AGT170,2026-03-01,8769.3,0,0,Responsive,Paid,8769.3
LN23561,AGT153,2026-03-01,30608.02,60,3,Promise To Pay,Partial,9182.41
LN23562,AGT108,2026-03-01,6801.47,15,1,Promise To Pay,Partial,2040.44
LN23563,AGT152,2026-03-01,2109.6,0,0,No Answer,Paid,2109.6
LN23564,AGT133,2026-03-01,46590.84,30,2,Responsive,Paid,46590.84
LN23565,AGT114,2026-03-01,54985.29,60,3,No Answer,Unpaid,0.0
LN23566,AGT122,2026-03-01,18734.34,30,2,No Answer,Unpaid,0.0
LN23567,AGT167,2026-03-01,7471.55,15,1,No Answer,Unpaid,0.0
LN23568,AGT111,2026-03-01,6324.46,0,0,Promise To Pay,Paid,6324.46
LN23569,AGT129,2026-03-01,11771.85,0,0,No Answer,Paid,11771.85
LN23570,AGT119,2026-03-01,6059.76,0,0,No Answer,Paid,6059.76
LN23571,AGT153,2026-03-01,13365.01,0,0,Promise To Pay,Paid,13365.01
LN23572,AGT174,2026-03-01,32255.53,90,4,Promise To Pay,Partial,9676.66
LN23573,AGT159,2026-03-01,5475.4,15,1,Responsive,Partial,2737.7
LN23574,AGT169,2026-03-01,15510.64,15,1,Responsive,Partial,7755.32
LN23575,AGT148,2026-03-01,17951.79,0,0,No Answer,Paid,17951.79
LN23576,AGT155,2026-03-01,5053.44,60,3,Responsive,Partial,2526.72
LN23577,AGT147,2026-03-01,2792.08,15,1,No Answer,Unpaid,0.0
LN23578,AGT170,2026-03-01,3615.85,15,1,Responsive,Partial,1807.92
LN23579,AGT157,2026-03-01,11153.06,0,0,Responsive,Paid,11153.06
LN23580,AGT166,2026-03-01,13265.36,15,1,Promise To Pay,Partial,3979.61
LN23581,AGT161,2026-03-01,1809.24,0,0,Responsive,Paid,1809.24
LN23582,AGT155,2026-03-01,11235.65,15,1,Responsive,Partial,5617.82
LN23583,AGT174,2026-03-01,1192.18,0,0,Responsive,Paid,1192.18
LN23584,AGT128,2026-03-01,34540.53,60,3,Promise To Pay,Partial,10362.16
LN23585,AGT112,2026-03-01,42012.87,90,4,No Answer,Unpaid,0.0
LN23586,AGT102,2026-03-01,2605.57,0,0,No Answer,Paid,2605.57
LN23587,AGT115,2026-03-01,33161.52,15,1,No Answer,Unpaid,0.0
LN23588,AGT128,2026-03-01,11481.5,0,0,Responsive,Paid,11481.5
LN23589,AGT159,2026-03-01,7616.67,0,0,No Answer,Paid,7616.67
LN23590,AGT144,2026-03-01,14225.63,15,1,Responsive,Partial,7112.81
LN23591,AGT128,2026-03-01,5548.45,30,2,Responsive,Paid,5548.45
LN23592,AGT154,2026-03-01,20814.41,60,3,Responsive,Partial,10407.2
LN23593,AGT117,2026-03-01,4605.64,0,0,Responsive,Paid,4605.64
LN23594,AGT101,2026-03-01,28926.35,30,2,Responsive,Partial,14463.17
LN23595,AGT107,2026-03-01,50373.5,90,4,Promise To Pay,Partial,15112.05
LN23596,AGT145,2026-03-01,49386.27,60,3,No Answer,Unpaid,0.0
LN23597,AGT105,2026-03-01,7203.29,0,0,Responsive,Paid,7203.29
LN23598,AGT111,2026-03-01,19988.04,15,1,Promise To Pay,Partial,5996.41
LN23599,AGT164,2026-03-01,36679.0,30,2,Promise To Pay,Partial,11003.7
LN23600,AGT155,2026-03-01,9729.67,30,2,Promise To Pay,Partial,2918.9
LN23601,AGT118,2026-03-01,52697.08,60,3,Promise To Pay,Partial,15809.12
LN23602,AGT173,2026-03-01,28667.09,60,3,Responsive,Partial,14333.55
LN23603,AGT161,2026-03-01,8184.24,15,1,Promise To Pay,Partial,2455.27
LN23604,AGT113,2026-03-01,3005.55,0,0,No Answer,Paid,3005.55
LN23605,AGT161,2026-03-01,17024.98,0,0,Promise To Pay,Paid,17024.98
LN23606,AGT107,2026-03-01,4243.08,0,0,No Answer,Paid,4243.08
LN23607,AGT170,2026-03-01,22377.16,60,3,Responsive,Paid,22377.16
LN23608,AGT160,2026-03-01,43444.51,60,3,Responsive,Paid,43444.51
LN23609,AGT108,2026-03-01,21270.6,30,2,No Answer,Unpaid,0.0
LN23610,AGT166,2026-03-01,11992.84,30,2,Responsive,Partial,5996.42
LN23611,AGT170,2026-03-01,10832.26,0,0,Responsive,Paid,10832.26
LN23612,AGT156,2026-03-01,8504.3,0,0,Promise To Pay,Paid,8504.3
LN23613,AGT154,2026-03-01,9795.28,15,1,Responsive,Paid,9795.28
LN23614,AGT161,2026-03-01,6766.2,15,1,Promise To Pay,Partial,2029.86
LN23615,AGT146,2026-03-01,6278.13,0,0,Promise To Pay,Paid,6278.13
LN23616,AGT120,2026-03-01,7634.84,0,0,Promise To Pay,Paid,7634.84
LN23617,AGT112,2026-03-01,3839.86,15,1,No Answer,Unpaid,0.0
LN23618,AGT158,2026-03-01,26271.74,60,3,Promise To Pay,Partial,7881.52
LN23619,AGT158,2026-03-01,12264.4,0,0,No Answer,Paid,12264.4
LN23620,AGT150,2026-03-01,32800.94,60,3,Responsive,Partial,16400.47
LN23621,AGT128,2026-03-01,13679.84,15,1,No Answer,Unpaid,0.0
LN23622,AGT114,2026-03-01,17963.99,30,2,No Answer,Unpaid,0.0
LN23623,AGT132,2026-03-01,14149.09,15,1,Promise To Pay,Partial,4244.73
LN23624,AGT152,2026-03-01,15765.41,0,0,Promise To Pay,Paid,15765.41
LN23625,AGT136,2026-03-01,5177.06,0,0,Responsive,Paid,5177.06
LN23626,AGT141,2026-03-01,3379.71,15,1,Promise To Pay,Partial,1013.91
LN23627,AGT170,2026-03-01,24616.21,30,2,Responsive,Paid,24616.21
LN23628,AGT116,2026-03-01,6531.16,60,3,No Answer,Unpaid,0.0
LN23629,AGT148,2026-03-01,1623.09,0,0,Promise To Pay,Paid,1623.09
LN23630,AGT165,2026-03-01,23943.43,30,2,No Answer,Unpaid,0.0
LN23631,AGT139,2026-03-01,31720.87,0,0,Responsive,Paid,31720.87
LN23632,AGT134,2026-03-01,11250.52,15,1,Responsive,Paid,11250.52
LN23633,AGT103,2026-03-01,36236.02,15,1,No Answer,Unpaid,0.0
LN23634,AGT130,2026-03-01,7042.76,0,0,Promise To Pay,Paid,7042.76
LN23635,AGT159,2026-03-01,131153.64,90,4,No Answer,Unpaid,0.0
LN23636,AGT106,2026-03-01,7558.71,60,3,Responsive,Paid,7558.71
LN23637,AGT131,2026-03-01,8964.82,15,1,Responsive,Paid,8964.82
LN23638,AGT105,2026-03-01,4027.74,60,3,Responsive,Paid,4027.74
LN23639,AGT128,2026-03-01,10941.14,30,2,No Answer,Unpaid,0.0
LN23640,AGT154,2026-03-01,971.49,0,0,No Answer,Paid,971.49
LN23641,AGT150,2026-03-01,19428.79,0,0,Promise To Pay,Paid,19428.79
LN23642,AGT131,2026-03-01,13835.26,0,0,Responsive,Paid,13835.26
LN23643,AGT101,2026-03-01,4814.5,0,0,No Answer,Paid,4814.5
LN23644,AGT172,2026-03-01,18490.14,30,2,Promise To Pay,Partial,5547.04
LN23645,AGT132,2026-03-01,26737.14,30,2,Promise To Pay,Partial,8021.14
LN23646,AGT145,2026-03-01,35382.49,60,3,Promise To Pay,Partial,10614.75
LN23647,AGT104,2026-03-01,14031.93,0,0,Promise To Pay,Paid,14031.93
LN23648,AGT123,2026-03-01,44038.49,60,3,Promise To Pay,Partial,13211.55
LN23649,AGT109,2026-03-01,19170.98,15,1,Responsive,Partial,9585.49
LN23650,AGT164,2026-03-01,51178.22,90,4,Promise To Pay,Partial,15353.47
LN23651,AGT160,2026-03-01,42548.45,60,3,No Answer,Unpaid,0.0
LN23652,AGT134,2026-03-01,12661.25,30,2,Responsive,Partial,6330.62
LN23653,AGT168,2026-03-01,12862.14,30,2,Promise To Pay,Partial,3858.64
LN23654,AGT130,2026-03-01,5095.46,0,0,Promise To Pay,Paid,5095.46
LN23655,AGT140,2026-03-01,6181.95,0,0,Promise To Pay,Paid,6181.95
LN23656,AGT136,2026-03-01,3770.75,0,0,Responsive,Paid,3770.75
LN23657,AGT106,2026-03-01,14435.65,0,0,No Answer,Paid,14435.65
LN23658,AGT141,2026-03-01,33563.85,90,4,Responsive,Partial,16781.92
LN23659,AGT154,2026-03-01,11812.5,30,2,Responsive,Partial,5906.25
LN23660,AGT155,2026-03-01,40433.3,0,0,Promise To Pay,Paid,40433.3
LN23661,AGT141,2026-03-01,8078.97,0,0,Responsive,Paid,8078.97
LN23662,AGT155,2026-03-01,16316.56,0,0,No Answer,Paid,16316.56
LN23663,AGT150,2026-03-01,8652.07,15,1,Responsive,Partial,4326.03
LN23664,AGT146,2026-03-01,13837.46,90,4,No Answer,Unpaid,0.0
LN23665,AGT144,2026-03-01,94230.26,60,3,Promise To Pay,Partial,28269.08
LN23666,AGT134,2026-03-01,6355.24,90,4,No Answer,Unpaid,0.0
LN23667,AGT152,2026-03-01,12388.08,15,1,Promise To Pay,Partial,3716.42
LN23668,AGT127,2026-03-01,61762.75,90,4,No Answer,Unpaid,0.0
LN23669,AGT165,2026-03-01,7110.3,15,1,No Answer,Unpaid,0.0
LN23670,AGT104,2026-03-01,23370.39,30,2,Responsive,Partial,11685.19
LN23671,AGT124,2026-03-01,21911.05,60,3,Responsive,Partial,10955.52
LN23672,AGT116,2026-03-01,34371.63,60,3,No Answer,Unpaid,0.0
LN23673,AGT149,2026-03-01,10967.56,15,1,Promise To Pay,Partial,3290.27
LN23674,AGT139,2026-03-01,14556.41,0,0,No Answer,Paid,14556.41
LN23675,AGT171,2026-03-01,12450.56,15,1,Responsive,Paid,12450.56
LN23676,AGT143,2026-03-01,6486.59,90,4,Promise To Pay,Partial,1945.98
LN23677,AGT156,2026-03-01,10156.47,0,0,Responsive,Paid,10156.47
LN23678,AGT165,2026-03-01,16545.45,30,2,Promise To Pay,Partial,4963.64
LN23679,AGT153,2026-03-01,50029.06,60,3,Responsive,Partial,25014.53
LN23680,AGT127,2026-03-01,16783.49,0,0,Responsive,Paid,16783.49
LN23681,AGT132,2026-03-01,77143.92,30,2,No Answer,Unpaid,0.0
LN23682,AGT100,2026-03-01,7840.39,0,0,Responsive,Paid,7840.39
LN23683,AGT157,2026-03-01,7699.16,0,0,No Answer,Paid,7699.16
LN23684,AGT109,2026-03-01,12234.68,0,0,No Answer,Paid,12234.68
LN23685,AGT134,2026-03-01,7597.99,0,0,No Answer,Paid,7597.99
LN23686,AGT141,2026-03-01,9920.26,0,0,No Answer,Paid,9920.26
LN23687,AGT169,2026-03-01,6437.07,0,0,Promise To Pay,Paid,6437.07
LN23688,AGT126,2026-03-01,29657.57,15,1,Responsive,Paid,29657.57
LN23689,AGT142,2026-03-01,30528.32,30,2,Responsive,Paid,30528.32
LN23690,AGT136,2026-03-01,8732.19,15,1,No Answer,Unpaid,0.0
LN23691,AGT108,2026-03-01,28686.33,30,2,Responsive,Paid,28686.33
LN23692,AGT156,2026-03-01,13653.95,60,3,Promise To Pay,Partial,4096.19
LN23693,AGT109,2026-03-01,39809.85,30,2,No Answer,Unpaid,0.0
LN23694,AGT110,2026-03-01,9035.31,15,1,Responsive,Paid,9035.31
LN23695,AGT153,2026-03-01,2255.69,0,0,Responsive,Paid,2255.69
LN23696,AGT158,2026-03-01,18178.94,15,1,Responsive,Paid,18178.94
LN23697,AGT138,2026-03-01,22806.71,0,0,Responsive,Paid,22806.71
LN23698,AGT118,2026-03-01,7586.8,0,0,No Answer,Paid,7586.8
LN23699,AGT101,2026-03-01,25111.92,30,2,Responsive,Partial,12555.96
LN23700,AGT117,2026-03-01,20357.91,0,0,No Answer,Paid,20357.91
LN23701,AGT143,2026-03-01,46156.99,90,4,No Answer,Unpaid,0.0
LN23702,AGT143,2026-03-01,34175.23,0,0,No Answer,Paid,34175.23
LN23703,AGT140,2026-03-01,8705.24,15,1,No Answer,Unpaid,0.0
LN23704,AGT104,2026-03-01,12577.34,0,0,Responsive,Paid,12577.34
LN23705,AGT167,2026-03-01,11941.01,0,0,No Answer,Paid,11941.01
LN23706,AGT117,2026-03-01,2778.75,0,0,Responsive,Paid,2778.75
LN23707,AGT131,2026-03-01,4423.57,0,0,No Answer,Paid,4423.57
LN23708,AGT155,2026-03-01,8853.69,15,1,No Answer,Unpaid,0.0
LN23709,AGT164,2026-03-01,30842.49,0,0,Responsive,Paid,30842.49
LN23710,AGT153,2026-03-01,13910.24,0,0,Responsive,Paid,13910.24
LN23711,AGT139,2026-03-01,12090.41,0,0,Promise To Pay,Paid,12090.41
LN23712,AGT102,2026-03-01,20276.01,60,3,Promise To Pay,Partial,6082.8
LN23713,AGT133,2026-03-01,11864.82,30,2,Promise To Pay,Partial,3559.45
LN23714,AGT120,2026-03-01,64609.3,30,2,Promise To Pay,Partial,19382.79
LN23715,AGT166,2026-03-01,13636.43,15,1,Promise To Pay,Partial,4090.93
LN23716,AGT167,2026-03-01,19046.9,60,3,Responsive,Paid,19046.9
LN23717,AGT149,2026-03-01,36048.92,0,0,No Answer,Paid,36048.92
LN23718,AGT167,2026-03-01,32937.7,30,2,Promise To Pay,Partial,9881.31
LN23719,AGT165,2026-03-01,2138.66,30,2,No Answer,Unpaid,0.0
LN23720,AGT154,2026-03-01,29462.92,30,2,Promise To Pay,Partial,8838.88
LN23721,AGT135,2026-03-01,7885.73,15,1,Responsive,Paid,7885.73
LN23722,AGT130,2026-03-01,23510.48,60,3,No Answer,Unpaid,0.0
LN23723,AGT159,2026-03-01,31551.55,30,2,Responsive,Partial,15775.77
LN23724,AGT143,2026-03-01,83410.83,60,3,No Answer,Unpaid,0.0
LN23725,AGT158,2026-03-01,112951.13,60,3,No Answer,Unpaid,0.0
LN23726,AGT155,2026-03-01,5636.59,15,1,Promise To Pay,Partial,1690.98
LN23727,AGT165,2026-03-01,15723.47,0,0,Responsive,Paid,15723.47
LN23728,AGT137,2026-03-01,36068.19,15,1,Responsive,Paid,36068.19
LN23729,AGT112,2026-03-01,18679.84,0,0,No Answer,Paid,18679.84
LN23730,AGT106,2026-03-01,6758.44,0,0,No Answer,Paid,6758.44
LN23731,AGT149,2026-03-01,4500.34,0,0,Responsive,Paid,4500.34
LN23732,AGT127,2026-03-01,42053.49,90,4,Promise To Pay,Partial,12616.05
LN23733,AGT107,2026-03-01,27944.62,30,2,No Answer,Unpaid,0.0
LN23734,AGT107,2026-03-01,4785.75,0,0,No Answer,Paid,4785.75
LN23735,AGT155,2026-03-01,7283.1,60,3,Responsive,Partial,3641.55
LN23736,AGT156,2026-03-01,27968.2,60,3,Responsive,Paid,27968.2
LN23737,AGT148,2026-03-01,71388.94,30,2,No Answer,Unpaid,0.0
LN23738,AGT102,2026-03-01,6421.39,0,0,No Answer,Paid,6421.39
LN23739,AGT116,2026-03-01,37782.17,60,3,Responsive,Partial,18891.08
LN23740,AGT111,2026-03-01,7734.76,0,0,No Answer,Paid,7734.76
LN23741,AGT110,2026-03-01,3136.15,0,0,Promise To Pay,Paid,3136.15
LN23742,AGT103,2026-03-01,7895.34,0,0,Responsive,Paid,7895.34
LN23743,AGT103,2026-03-01,25927.68,0,0,Promise To Pay,Paid,25927.68
LN23744,AGT132,2026-03-01,2569.37,15,1,Responsive,Partial,1284.68
LN23745,AGT143,2026-03-01,1727.38,15,1,No Answer,Unpaid,0.0
LN23746,AGT156,2026-03-01,10312.64,15,1,Responsive,Paid,10312.64
LN23747,AGT114,2026-03-01,12547.17,0,0,No Answer,Paid,12547.17
LN23748,AGT133,2026-03-01,47918.33,90,4,No Answer,Unpaid,0.0
LN23749,AGT166,2026-03-01,24853.85,30,2,Responsive,Partial,12426.92
LN23750,AGT167,2026-03-01,7318.18,15,1,Promise To Pay,Partial,2195.45
LN23751,AGT154,2026-03-01,10037.77,0,0,Promise To Pay,Paid,10037.77
LN23752,AGT155,2026-03-01,2966.19,30,2,Responsive,Paid,2966.19
LN23753,AGT128,2026-03-01,31956.32,90,4,No Answer,Unpaid,0.0
LN23754,AGT110,2026-03-01,5115.03,15,1,No Answer,Unpaid,0.0
LN23755,AGT132,2026-03-01,29488.56,30,2,Promise To Pay,Partial,8846.57
LN23756,AGT130,2026-03-01,39181.05,30,2,Responsive,Paid,39181.05
LN23757,AGT173,2026-03-01,16291.03,15,1,No Answer,Unpaid,0.0
LN23758,AGT157,2026-03-01,3978.02,0,0,Promise To Pay,Paid,3978.02
LN23759,AGT149,2026-03-01,21518.79,0,0,No Answer,Paid,21518.79
LN23760,AGT120,2026-03-01,10152.57,0,0,Responsive,Paid,10152.57
LN23761,AGT128,2026-03-01,33060.3,30,2,No Answer,Unpaid,0.0
LN23762,AGT161,2026-03-01,21801.8,90,4,No Answer,Unpaid,0.0
LN23763,AGT157,2026-03-01,43812.4,90,4,No Answer,Unpaid,0.0
LN23764,AGT106,2026-03-01,7866.33,15,1,Responsive,Paid,7866.33
LN23765,AGT133,2026-03-01,4188.42,0,0,Responsive,Paid,4188.42
LN23766,AGT139,2026-03-01,7470.63,0,0,Responsive,Paid,7470.63
LN23767,AGT173,2026-03-01,2693.6,15,1,Responsive,Partial,1346.8
LN23768,AGT110,2026-03-01,2945.03,0,0,No Answer,Paid,2945.03
LN23769,AGT100,2026-03-01,7962.04,0,0,Responsive,Paid,7962.04
LN23770,AGT139,2026-03-01,19650.77,30,2,No Answer,Unpaid,0.0
LN23771,AGT146,2026-03-01,11910.59,0,0,Promise To Pay,Paid,11910.59
LN23772,AGT152,2026-03-01,8691.39,0,0,Promise To Pay,Paid,8691.39
LN23773,AGT127,2026-03-01,11284.14,0,0,Promise To Pay,Paid,11284.14
LN23774,AGT120,2026-03-01,32271.96,60,3,Promise To Pay,Partial,9681.59
LN23775,AGT159,2026-03-01,7166.38,15,1,Promise To Pay,Partial,2149.91
LN23776,AGT124,2026-03-01,2264.57,0,0,No Answer,Paid,2264.57
LN23777,AGT142,2026-03-01,11628.31,15,1,Promise To Pay,Partial,3488.49
LN23778,AGT126,2026-03-01,3051.58,15,1,Responsive,Paid,3051.58
LN23779,AGT124,2026-03-01,4152.62,0,0,Promise To Pay,Paid,4152.62
LN23780,AGT164,2026-03-01,3843.81,15,1,Responsive,Paid,3843.81
LN23781,AGT168,2026-03-01,4833.16,0,0,No Answer,Paid,4833.16
LN23782,AGT145,2026-03-01,13357.69,0,0,Promise To Pay,Paid,13357.69
LN23783,AGT127,2026-03-01,13858.46,15,1,Promise To Pay,Partial,4157.54
LN23784,AGT151,2026-03-01,17981.79,15,1,No Answer,Unpaid,0.0
LN23785,AGT174,2026-03-01,4774.22,0,0,Promise To Pay,Paid,4774.22
LN23786,AGT160,2026-03-01,6504.72,60,3,Promise To Pay,Partial,1951.42
LN23787,AGT105,2026-03-01,9040.46,0,0,Promise To Pay,Paid,9040.46
LN23788,AGT156,2026-03-01,21584.99,15,1,No Answer,Unpaid,0.0
LN23789,AGT119,2026-03-01,9217.93,0,0,No Answer,Paid,9217.93
LN23790,AGT145,2026-03-01,6197.04,0,0,Responsive,Paid,6197.04
LN23791,AGT108,2026-03-01,2003.71,0,0,Responsive,Paid,2003.71
LN23792,AGT142,2026-03-01,19414.3,30,2,Promise To Pay,Partial,5824.29
LN23793,AGT161,2026-03-01,32982.8,30,2,Responsive,Partial,16491.4
LN23794,AGT114,2026-03-01,13800.24,15,1,No Answer,Unpaid,0.0
LN23795,AGT160,2026-03-01,1874.76,0,0,No Answer,Paid,1874.76
LN23796,AGT146,2026-03-01,50978.71,90,4,Promise To Pay,Partial,15293.61
LN23797,AGT162,2026-03-01,9031.07,0,0,No Answer,Paid,9031.07
LN23798,AGT124,2026-03-01,25578.59,0,0,Responsive,Paid,25578.59
LN23799,AGT127,2026-03-01,13314.25,30,2,Responsive,Partial,6657.12
LN23800,AGT129,2026-03-01,6418.03,15,1,Promise To Pay,Partial,1925.41
LN23801,AGT147,2026-03-01,14494.64,90,4,Promise To Pay,Partial,4348.39
LN23802,AGT101,2026-03-01,15654.78,90,4,No Answer,Unpaid,0.0
LN23803,AGT114,2026-03-01,8907.92,15,1,No Answer,Unpaid,0.0
LN23804,AGT154,2026-03-01,38219.06,0,0,Responsive,Paid,38219.06
LN23805,AGT147,2026-03-01,5143.87,15,1,No Answer,Unpaid,0.0
LN23806,AGT152,2026-03-01,3633.26,30,2,Promise To Pay,Partial,1089.98
LN23807,AGT147,2026-03-01,7764.29,0,0,Responsive,Paid,7764.29
LN23808,AGT125,2026-03-01,11216.86,15,1,Responsive,Partial,5608.43
LN23809,AGT102,2026-03-01,60538.71,90,4,No Answer,Unpaid,0.0
LN23810,AGT137,2026-03-01,19244.29,0,0,No Answer,Paid,19244.29
LN23811,AGT114,2026-03-01,11067.57,0,0,No Answer,Paid,11067.57
LN23812,AGT116,2026-03-01,6932.79,0,0,Responsive,Paid,6932.79
LN23813,AGT143,2026-03-01,5234.02,30,2,Responsive,Partial,2617.01
LN23814,AGT151,2026-03-01,2120.07,15,1,No Answer,Unpaid,0.0
LN23815,AGT163,2026-03-01,24852.05,30,2,No Answer,Unpaid,0.0
LN23816,AGT148,2026-03-01,31138.94,30,2,No Answer,Unpaid,0.0
LN23817,AGT160,2026-03-01,22933.26,0,0,Responsive,Paid,22933.26
LN23818,AGT157,2026-03-01,5779.43,0,0,Responsive,Paid,5779.43
LN23819,AGT151,2026-03-01,25240.52,15,1,Responsive,Partial,12620.26
LN23820,AGT164,2026-03-01,7649.85,0,0,Promise To Pay,Paid,7649.85
LN23821,AGT147,2026-03-01,1740.56,0,0,Responsive,Paid,1740.56
LN23822,AGT158,2026-03-01,23187.86,30,2,No Answer,Unpaid,0.0
LN23823,AGT124,2026-03-01,7235.81,0,0,No Answer,Paid,7235.81
LN23824,AGT114,2026-03-01,1416.45,15,1,Promise To Pay,Partial,424.94
LN23825,AGT174,2026-03-01,21406.27,0,0,Promise To Pay,Paid,21406.27
LN23826,AGT150,2026-03-01,19241.63,30,2,Responsive,Paid,19241.63
LN23827,AGT129,2026-03-01,10930.03,0,0,No Answer,Paid,10930.03
LN23828,AGT106,2026-03-01,46997.14,60,3,Promise To Pay,Partial,14099.14
LN23829,AGT132,2026-03-01,113175.57,90,4,Responsive,Paid,113175.57
LN23830,AGT108,2026-03-01,53390.6,30,2,Responsive,Paid,53390.6
LN23831,AGT113,2026-03-01,5749.06,0,0,No Answer,Paid,5749.06
LN23832,AGT108,2026-03-01,6873.62,15,1,Promise To Pay,Partial,2062.09
LN23833,AGT152,2026-03-01,8231.29,15,1,Responsive,Partial,4115.65
LN23834,AGT128,2026-03-01,12127.99,90,4,No Answer,Unpaid,0.0
LN23835,AGT139,2026-03-01,18330.5,30,2,Responsive,Partial,9165.25
LN23836,AGT147,2026-03-01,12179.13,0,0,Responsive,Paid,12179.13
LN23837,AGT158,2026-03-01,20562.18,0,0,Promise To Pay,Paid,20562.18
LN23838,AGT166,2026-03-01,38326.76,90,4,No Answer,Unpaid,0.0
LN23839,AGT172,2026-03-01,12291.7,30,2,Responsive,Partial,6145.85
LN23840,AGT103,2026-03-01,33218.39,30,2,Responsive,Partial,16609.19
LN23841,AGT119,2026-03-01,9101.74,0,0,Promise To Pay,Paid,9101.74
LN23842,AGT129,2026-03-01,8503.83,30,2,Promise To Pay,Partial,2551.15
LN23843,AGT163,2026-03-01,20657.47,30,2,Responsive,Paid,20657.47
LN23844,AGT125,2026-03-01,3299.95,0,0,Responsive,Paid,3299.95
LN23845,AGT158,2026-03-01,13373.97,30,2,Promise To Pay,Partial,4012.19
LN23846,AGT149,2026-03-01,9431.47,0,0,Responsive,Paid,9431.47
LN23847,AGT122,2026-03-01,15636.16,30,2,Promise To Pay,Partial,4690.85
LN23848,AGT114,2026-03-01,33243.1,60,3,No Answer,Unpaid,0.0
LN23849,AGT134,2026-03-01,7938.47,0,0,Promise To Pay,Paid,7938.47
LN23850,AGT163,2026-03-01,11925.81,15,1,Responsive,Paid,11925.81
LN23851,AGT128,2026-03-01,16222.62,60,3,Promise To Pay,Partial,4866.79
LN23852,AGT132,2026-03-01,6454.04,15,1,No Answer,Unpaid,0.0
LN23853,AGT105,2026-03-01,5041.8,30,2,No Answer,Unpaid,0.0
LN23854,AGT113,2026-03-01,13364.75,0,0,No Answer,Paid,13364.75
LN23855,AGT133,2026-03-01,23551.79,30,2,No Answer,Unpaid,0.0
LN23856,AGT140,2026-03-01,9144.52,30,2,Responsive,Paid,9144.52
LN23857,AGT149,2026-03-01,29409.34,0,0,Responsive,Paid,29409.34
LN23858,AGT170,2026-03-01,8937.18,15,1,No Answer,Unpaid,0.0
LN23859,AGT151,2026-03-01,4634.96,0,0,Promise To Pay,Paid,4634.96
LN23860,AGT109,2026-03-01,11451.12,0,0,Responsive,Paid,11451.12
LN23861,AGT139,2026-03-01,1225.18,0,0,Promise To Pay,Paid,1225.18
LN23862,AGT147,2026-03-01,3238.59,15,1,Responsive,Partial,1619.3
LN23863,AGT172,2026-03-01,11693.41,30,2,Responsive,Paid,11693.41
LN23864,AGT157,2026-03-01,27877.22,60,3,No Answer,Unpaid,0.0
LN23865,AGT172,2026-03-01,6947.81,15,1,Promise To Pay,Partial,2084.34
LN23866,AGT145,2026-03-01,19564.45,60,3,Responsive,Partial,9782.23
LN23867,AGT101,2026-03-01,2169.27,15,1,No Answer,Unpaid,0.0
LN23868,AGT159,2026-03-01,15663.48,0,0,No Answer,Paid,15663.48
LN23869,AGT105,2026-03-01,66866.18,30,2,No Answer,Unpaid,0.0
LN23870,AGT101,2026-03-01,3416.34,15,1,No Answer,Unpaid,0.0
LN23871,AGT110,2026-03-01,6479.28,0,0,Promise To Pay,Paid,6479.28
LN23872,AGT154,2026-03-01,25700.11,15,1,Promise To Pay,Partial,7710.03
LN23873,AGT121,2026-03-01,24951.99,90,4,Responsive,Paid,24951.99
LN23874,AGT154,2026-03-01,5465.59,0,0,Promise To Pay,Paid,5465.59
LN23875,AGT160,2026-03-01,4832.42,30,2,Promise To Pay,Partial,1449.73
LN23876,AGT140,2026-03-01,35588.49,60,3,Promise To Pay,Partial,10676.55
LN23877,AGT123,2026-03-01,29977.35,0,0,Promise To Pay,Paid,29977.35
LN23878,AGT142,2026-03-01,4004.36,15,1,Promise To Pay,Partial,1201.31
LN23879,AGT100,2026-03-01,1391.02,15,1,Promise To Pay,Partial,417.31
LN23880,AGT129,2026-03-01,25012.86,60,3,Responsive,Partial,12506.43
LN23881,AGT152,2026-03-01,10708.52,90,4,Responsive,Partial,5354.26
LN23882,AGT143,2026-03-01,14125.94,0,0,Responsive,Paid,14125.94
LN23883,AGT168,2026-03-01,3968.6,0,0,No Answer,Paid,3968.6
LN23884,AGT147,2026-03-01,45166.75,0,0,No Answer,Paid,45166.75
LN23885,AGT126,2026-03-01,9464.79,0,0,Responsive,Paid,9464.79
LN23886,AGT102,2026-03-01,4069.71,0,0,No Answer,Paid,4069.71
LN23887,AGT111,2026-03-01,17555.72,30,2,Responsive,Partial,8777.86
LN23888,AGT154,2026-03-01,10586.19,15,1,No Answer,Unpaid,0.0
LN23889,AGT136,2026-03-01,22812.62,30,2,Promise To Pay,Partial,6843.79
LN23890,AGT115,2026-03-01,27838.41,30,2,Responsive,Partial,13919.2
LN23891,AGT101,2026-03-01,2257.81,0,0,Promise To Pay,Paid,2257.81
LN23892,AGT163,2026-03-01,49746.39,60,3,Promise To Pay,Partial,14923.92
LN23893,AGT127,2026-03-01,18621.62,60,3,No Answer,Unpaid,0.0
LN23894,AGT143,2026-03-01,20494.33,60,3,No Answer,Unpaid,0.0
LN23895,AGT140,2026-03-01,11307.28,0,0,Promise To Pay,Paid,11307.28
LN23896,AGT167,2026-03-01,4605.53,15,1,Responsive,Paid,4605.53
LN23897,AGT128,2026-03-01,9850.71,15,1,Promise To Pay,Partial,2955.21
LN23898,AGT143,2026-03-01,7314.09,15,1,No Answer,Unpaid,0.0
LN23899,AGT120,2026-03-01,4201.01,90,4,No Answer,Unpaid,0.0
LN23900,AGT157,2026-03-01,4466.62,0,0,Promise To Pay,Paid,4466.62
LN23901,AGT141,2026-03-01,25953.95,60,3,Responsive,Partial,12976.98
LN23902,AGT113,2026-03-01,7186.99,15,1,No Answer,Unpaid,0.0
LN23903,AGT130,2026-03-01,21464.13,0,0,Responsive,Paid,21464.13
LN23904,AGT105,2026-03-01,30000.43,90,4,Responsive,Paid,30000.43
LN23905,AGT106,2026-03-01,26930.83,30,2,Responsive,Paid,26930.83
LN23906,AGT102,2026-03-01,24919.05,15,1,No Answer,Unpaid,0.0
LN23907,AGT130,2026-03-01,7700.35,0,0,No Answer,Paid,7700.35
LN23908,AGT169,2026-03-01,8968.42,60,3,Promise To Pay,Partial,2690.53
LN23909,AGT133,2026-03-01,16296.45,60,3,No Answer,Unpaid,0.0
LN23910,AGT100,2026-03-01,44578.22,60,3,Responsive,Paid,44578.22
LN23911,AGT116,2026-03-01,1789.63,0,0,No Answer,Paid,1789.63
LN23912,AGT152,2026-03-01,10841.44,0,0,Responsive,Paid,10841.44
LN23913,AGT158,2026-03-01,2062.19,15,1,No Answer,Unpaid,0.0
LN23914,AGT141,2026-03-01,28277.75,90,4,No Answer,Unpaid,0.0
LN23915,AGT115,2026-03-01,19594.76,30,2,Promise To Pay,Partial,5878.43
LN23916,AGT159,2026-03-01,7110.38,15,1,No Answer,Unpaid,0.0
LN23917,AGT101,2026-03-01,9621.04,15,1,No Answer,Unpaid,0.0
LN23918,AGT127,2026-03-01,42729.98,60,3,Promise To Pay,Partial,12818.99
LN23919,AGT101,2026-03-01,12386.4,0,0,Responsive,Paid,12386.4
LN23920,AGT171,2026-03-01,68287.46,30,2,Responsive,Paid,68287.46
LN23921,AGT170,2026-03-01,10135.55,30,2,Promise To Pay,Partial,3040.66
LN23922,AGT173,2026-03-01,9454.5,0,0,Promise To Pay,Paid,9454.5
LN23923,AGT168,2026-03-01,2298.43,0,0,Promise To Pay,Paid,2298.43
LN23924,AGT147,2026-03-01,12630.85,15,1,Promise To Pay,Partial,3789.26
LN23925,AGT158,2026-03-01,6123.19,15,1,Responsive,Partial,3061.59
LN23926,AGT116,2026-03-01,16225.99,15,1,Promise To Pay,Partial,4867.8
LN23927,AGT123,2026-03-01,16996.62,15,1,No Answer,Unpaid,0.0
LN23928,AGT112,2026-03-01,17092.34,0,0,Promise To Pay,Paid,17092.34
LN23929,AGT133,2026-03-01,35940.51,60,3,Promise To Pay,Partial,10782.15
LN23930,AGT133,2026-03-01,9648.5,0,0,No Answer,Paid,9648.5
LN23931,AGT147,2026-03-01,106564.24,60,3,Promise To Pay,Partial,31969.27
LN23932,AGT160,2026-03-01,23028.28,30,2,Promise To Pay,Partial,6908.48
LN23933,AGT115,2026-03-01,23537.18,60,3,No Answer,Unpaid,0.0
LN23934,AGT101,2026-03-01,63371.03,60,3,No Answer,Unpaid,0.0
LN23935,AGT111,2026-03-01,15606.57,0,0,Promise To Pay,Paid,15606.57
LN23936,AGT114,2026-03-01,36145.15,60,3,Responsive,Partial,18072.58
LN23937,AGT172,2026-03-01,46907.82,90,4,No Answer,Unpaid,0.0
LN23938,AGT150,2026-03-01,13422.82,15,1,Promise To Pay,Partial,4026.85
LN23939,AGT110,2026-03-01,15662.27,30,2,Responsive,Paid,15662.27
LN23940,AGT172,2026-03-01,9697.33,15,1,Responsive,Partial,4848.66
LN23941,AGT124,2026-03-01,2545.06,15,1,Responsive,Paid,2545.06
LN23942,AGT106,2026-03-01,10375.89,60,3,Responsive,Partial,5187.94
LN23943,AGT156,2026-03-01,6940.27,0,0,Promise To Pay,Paid,6940.27
LN23944,AGT111,2026-03-01,28919.43,60,3,Responsive,Partial,14459.72
LN23945,AGT154,2026-03-01,3732.12,0,0,Responsive,Paid,3732.12
LN23946,AGT104,2026-03-01,11255.93,0,0,Promise To Pay,Paid,11255.93
LN23947,AGT117,2026-03-01,6781.86,0,0,Responsive,Paid,6781.86
LN23948,AGT173,2026-03-01,16158.9,15,1,Promise To Pay,Partial,4847.67
LN23949,AGT161,2026-03-01,70177.96,30,2,No Answer,Unpaid,0.0
LN23950,AGT167,2026-03-01,30034.22,30,2,Promise To Pay,Partial,9010.27
LN23951,AGT122,2026-03-01,26807.89,90,4,Responsive,Partial,13403.94
LN23952,AGT112,2026-03-01,53583.13,30,2,Promise To Pay,Partial,16074.94
LN23953,AGT130,2026-03-01,974.95,0,0,Responsive,Paid,974.95
LN23954,AGT107,2026-03-01,25091.38,60,3,Responsive,Paid,25091.38
LN23955,AGT169,2026-03-01,5440.41,0,0,Responsive,Paid,5440.41
LN23956,AGT152,2026-03-01,10516.02,0,0,Responsive,Paid,10516.02
LN23957,AGT128,2026-03-01,8204.61,15,1,Promise To Pay,Partial,2461.38
LN23958,AGT139,2026-03-01,7288.42,0,0,No Answer,Paid,7288.42
LN23959,AGT166,2026-03-01,14489.68,15,1,No Answer,Unpaid,0.0
LN23960,AGT112,2026-03-01,16755.32,15,1,No Answer,Unpaid,0.0
LN23961,AGT161,2026-03-01,4546.73,0,0,Responsive,Paid,4546.73
LN23962,AGT127,2026-03-01,11653.11,30,2,Promise To Pay,Partial,3495.93
LN23963,AGT126,2026-03-01,5791.66,30,2,Promise To Pay,Partial,1737.5
LN23964,AGT120,2026-03-01,21449.65,60,3,No Answer,Unpaid,0.0
LN23965,AGT142,2026-03-01,19710.46,30,2,No Answer,Unpaid,0.0
LN23966,AGT102,2026-03-01,4197.02,15,1,Responsive,Partial,2098.51
LN23967,AGT132,2026-03-01,7528.59,0,0,Responsive,Paid,7528.59
LN23968,AGT116,2026-03-01,3519.79,0,0,Responsive,Paid,3519.79
LN23969,AGT100,2026-03-01,18300.98,30,2,Responsive,Partial,9150.49
LN23970,AGT155,2026-03-01,47930.93,0,0,Promise To Pay,Paid,47930.93
LN23971,AGT112,2026-03-01,6286.26,0,0,Responsive,Paid,6286.26
LN23972,AGT103,2026-03-01,63464.42,60,3,Promise To Pay,Partial,19039.33
LN23973,AGT137,2026-03-01,45106.98,0,0,Responsive,Paid,45106.98
LN23974,AGT128,2026-03-01,1070.39,0,0,No Answer,Paid,1070.39
LN23975,AGT174,2026-03-01,51096.96,15,1,No Answer,Unpaid,0.0
LN23976,AGT116,2026-03-01,15276.86,0,0,Promise To Pay,Paid,15276.86
LN23977,AGT130,2026-03-01,3289.65,0,0,No Answer,Paid,3289.65
LN23978,AGT123,2026-03-01,32351.12,90,4,No Answer,Unpaid,0.0
LN23979,AGT100,2026-03-01,3532.12,15,1,Promise To Pay,Partial,1059.64
LN23980,AGT139,2026-03-01,7188.33,15,1,Promise To Pay,Partial,2156.5
LN23981,AGT148,2026-03-01,11392.58,0,0,No Answer,Paid,11392.58
LN23982,AGT125,2026-03-01,13876.73,30,2,Responsive,Partial,6938.36
LN23983,AGT137,2026-03-01,14369.64,0,0,No Answer,Paid,14369.64
LN23984,AGT158,2026-03-01,9181.49,0,0,No Answer,Paid,9181.49
LN23985,AGT153,2026-03-01,31218.44,60,3,Promise To Pay,Partial,9365.53
LN23986,AGT141,2026-03-01,12068.38,15,1,Promise To Pay,Partial,3620.51
LN23987,AGT157,2026-03-01,31263.11,60,3,Responsive,Partial,15631.56
LN23988,AGT161,2026-03-01,8601.0,30,2,Promise To Pay,Partial,2580.3
LN23989,AGT106,2026-03-01,4044.86,0,0,Responsive,Paid,4044.86
LN23990,AGT170,2026-03-01,7753.75,60,3,Promise To Pay,Partial,2326.12
LN23991,AGT131,2026-03-01,9309.93,15,1,Responsive,Paid,9309.93
LN23992,AGT105,2026-03-01,11436.58,0,0,Responsive,Paid,11436.58
LN23993,AGT171,2026-03-01,16987.27,30,2,Responsive,Paid,16987.27
LN23994,AGT157,2026-03-01,40566.22,30,2,Promise To Pay,Partial,12169.87
LN23995,AGT111,2026-03-01,34928.92,15,1,Promise To Pay,Partial,10478.68
LN23996,AGT121,2026-03-01,6847.62,30,2,Promise To Pay,Partial,2054.29
LN23997,AGT128,2026-03-01,148394.25,60,3,Promise To Pay,Partial,44518.28
LN23998,AGT110,2026-03-01,5173.25,0,0,Responsive,Paid,5173.25
LN23999,AGT102,2026-03-01,28270.14,60,3,Promise To Pay,Partial,8481.04
LN24000,AGT140,2026-03-01,14871.92,15,1,Responsive,Paid,14871.92
LN24001,AGT148,2026-03-01,20098.66,30,2,No Answer,Unpaid,0.0
LN24002,AGT117,2026-03-01,9125.31,0,0,No Answer,Paid,9125.31
LN24003,AGT128,2026-03-01,3723.77,15,1,Promise To Pay,Partial,1117.13
LN24004,AGT120,2026-03-01,49332.76,30,2,Promise To Pay,Partial,14799.83
LN24005,AGT124,2026-03-01,7930.58,0,0,No Answer,Paid,7930.58
LN24006,AGT169,2026-03-01,26889.04,30,2,Responsive,Paid,26889.04
LN24007,AGT163,2026-03-01,2496.84,15,1,Responsive,Paid,2496.84
LN24008,AGT108,2026-03-01,12948.28,0,0,No Answer,Paid,12948.28
LN24009,AGT101,2026-03-01,9116.56,30,2,Promise To Pay,Partial,2734.97
LN24010,AGT170,2026-03-01,13352.92,0,0,Responsive,Paid,13352.92
LN24011,AGT102,2026-03-01,4456.66,0,0,No Answer,Paid,4456.66
LN24012,AGT111,2026-03-01,1944.81,15,1,No Answer,Unpaid,0.0
LN24013,AGT142,2026-03-01,13928.29,60,3,Responsive,Partial,6964.15
LN24014,AGT137,2026-03-01,6117.93,0,0,Promise To Pay,Paid,6117.93
LN24015,AGT161,2026-03-01,23944.15,15,1,Responsive,Paid,23944.15
LN24016,AGT149,2026-03-01,24619.49,60,3,Promise To Pay,Partial,7385.85
LN24017,AGT166,2026-03-01,9246.66,0,0,No Answer,Paid,9246.66
LN24018,AGT118,2026-03-01,16730.59,15,1,Promise To Pay,Partial,5019.18
LN24019,AGT109,2026-03-01,23680.71,60,3,Responsive,Partial,11840.35
LN24020,AGT148,2026-03-01,11006.47,15,1,Responsive,Paid,11006.47
LN24021,AGT118,2026-03-01,6370.34,30,2,Promise To Pay,Partial,1911.1
LN24022,AGT169,2026-03-01,8381.72,0,0,Responsive,Paid,8381.72
LN24023,AGT151,2026-03-01,41832.73,0,0,Responsive,Paid,41832.73
LN24024,AGT126,2026-03-01,21202.79,60,3,No Answer,Unpaid,0.0
LN24025,AGT139,2026-03-01,27241.86,30,2,Responsive,Paid,27241.86
LN24026,AGT171,2026-03-01,2727.2,15,1,Responsive,Partial,1363.6
LN24027,AGT147,2026-03-01,11200.98,15,1,Responsive,Partial,5600.49
LN24028,AGT140,2026-03-01,6152.31,0,0,Promise To Pay,Paid,6152.31
LN24029,AGT140,2026-03-01,6460.21,15,1,Promise To Pay,Partial,1938.06
LN24030,AGT130,2026-03-01,35120.49,60,3,Promise To Pay,Partial,10536.15
LN24031,AGT107,2026-03-01,54085.5,30,2,Responsive,Paid,54085.5
LN24032,AGT138,2026-03-01,24801.07,0,0,No Answer,Paid,24801.07
LN24033,AGT114,2026-03-01,22808.23,0,0,Responsive,Paid,22808.23
LN24034,AGT172,2026-03-01,36853.2,0,0,No Answer,Paid,36853.2
LN24035,AGT127,2026-03-01,11583.17,60,3,No Answer,Unpaid,0.0
LN24036,AGT103,2026-03-01,20323.83,90,4,Promise To Pay,Partial,6097.15
LN24037,AGT109,2026-03-01,11703.39,15,1,Promise To Pay,Partial,3511.02
LN24038,AGT147,2026-03-01,26636.27,30,2,No Answer,Unpaid,0.0
LN24039,AGT166,2026-03-01,4065.24,0,0,Promise To Pay,Paid,4065.24
LN24040,AGT134,2026-03-01,1335.75,15,1,Responsive,Partial,667.88
LN24041,AGT110,2026-03-01,11178.85,0,0,Promise To Pay,Paid,11178.85
LN24042,AGT122,2026-03-01,10627.09,0,0,Responsive,Paid,10627.09
LN24043,AGT110,2026-03-01,28998.66,90,4,No Answer,Unpaid,0.0
LN24044,AGT109,2026-03-01,27086.12,30,2,Promise To Pay,Partial,8125.84
LN24045,AGT152,2026-03-01,16085.49,30,2,Responsive,Partial,8042.74
LN24046,AGT109,2026-03-01,33904.39,60,3,Promise To Pay,Partial,10171.32
LN24047,AGT157,2026-03-01,19378.42,0,0,No Answer,Paid,19378.42
LN24048,AGT136,2026-03-01,20052.37,15,1,Responsive,Paid,20052.37
LN24049,AGT111,2026-03-01,6846.91,15,1,No Answer,Unpaid,0.0
LN24050,AGT155,2026-03-01,10195.71,30,2,No Answer,Unpaid,0.0
LN24051,AGT118,2026-03-01,55967.53,60,3,Responsive,Paid,55967.53
LN24052,AGT170,2026-03-01,11480.31,15,1,No Answer,Unpaid,0.0
LN24053,AGT144,2026-03-01,6566.8,90,4,Promise To Pay,Partial,1970.04
LN24054,AGT112,2026-03-01,1022.7,15,1,Responsive,Partial,511.35
LN24055,AGT144,2026-03-01,42460.26,90,4,Responsive,Paid,42460.26
LN24056,AGT149,2026-03-01,40700.35,60,3,Responsive,Paid,40700.35
LN24057,AGT145,2026-03-01,12614.57,0,0,No Answer,Paid,12614.57
LN24058,AGT110,2026-03-01,25791.29,60,3,Promise To Pay,Partial,7737.39
LN24059,AGT110,2026-03-01,11732.7,0,0,Responsive,Paid,11732.7
LN24060,AGT104,2026-03-01,7978.29,15,1,Responsive,Partial,3989.14
LN24061,AGT132,2026-03-01,7259.43,30,2,Responsive,Partial,3629.72
LN24062,AGT167,2026-03-01,12562.18,60,3,No Answer,Unpaid,0.0
LN24063,AGT125,2026-03-01,14308.3,60,3,Responsive,Partial,7154.15
LN24064,AGT108,2026-03-01,6171.26,0,0,No Answer,Paid,6171.26
LN24065,AGT126,2026-03-01,3857.35,0,0,Promise To Pay,Paid,3857.35
LN24066,AGT127,2026-03-01,6561.89,15,1,Responsive,Paid,6561.89
LN24067,AGT101,2026-03-01,14772.04,0,0,No Answer,Paid,14772.04
LN24068,AGT119,2026-03-01,26546.11,30,2,Responsive,Partial,13273.06
LN24069,AGT123,2026-03-01,12925.12,0,0,Responsive,Paid,12925.12
LN24070,AGT102,2026-03-01,25974.48,60,3,Responsive,Paid,25974.48
LN24071,AGT168,2026-03-01,14520.64,0,0,Promise To Pay,Paid,14520.64
LN24072,AGT119,2026-03-01,6506.36,60,3,Responsive,Partial,3253.18
LN24073,AGT151,2026-03-01,12587.52,30,2,No Answer,Unpaid,0.0
LN24074,AGT123,2026-03-01,19420.48,90,4,Responsive,Paid,19420.48
LN24075,AGT152,2026-03-01,19493.23,60,3,Responsive,Paid,19493.23
LN24076,AGT146,2026-03-01,69773.54,90,4,Responsive,Partial,34886.77
LN24077,AGT131,2026-03-01,2099.54,0,0,Promise To Pay,Paid,2099.54
LN24078,AGT137,2026-03-01,16887.93,60,3,Promise To Pay,Partial,5066.38
LN24079,AGT172,2026-03-01,8105.03,0,0,Responsive,Paid,8105.03
LN24080,AGT133,2026-03-01,13416.54,30,2,No Answer,Unpaid,0.0
LN24081,AGT125,2026-03-01,19277.18,0,0,Promise To Pay,Paid,19277.18
LN24082,AGT101,2026-03-01,7703.14,15,1,No Answer,Unpaid,0.0
LN24083,AGT118,2026-03-01,20432.11,90,4,Promise To Pay,Partial,6129.63
LN24084,AGT140,2026-03-01,13755.83,15,1,Responsive,Paid,13755.83
LN24085,AGT140,2026-03-01,5629.49,15,1,Responsive,Paid,5629.49
LN24086,AGT123,2026-03-01,10941.0,0,0,Promise To Pay,Paid,10941.0
LN24087,AGT134,2026-03-01,9346.0,0,0,No Answer,Paid,9346.0
LN24088,AGT148,2026-03-01,16440.46,90,4,Promise To Pay,Partial,4932.14
LN24089,AGT103,2026-03-01,6435.46,30,2,No Answer,Unpaid,0.0
LN24090,AGT125,2026-03-01,30807.27,60,3,Responsive,Partial,15403.64
LN24091,AGT153,2026-03-01,18654.16,30,2,Responsive,Partial,9327.08
LN24092,AGT134,2026-03-01,17842.26,30,2,Promise To Pay,Partial,5352.68
LN24093,AGT103,2026-03-01,3562.73,15,1,No Answer,Unpaid,0.0
LN24094,AGT167,2026-03-01,4664.38,15,1,Promise To Pay,Partial,1399.31
LN24095,AGT116,2026-03-01,30829.82,15,1,No Answer,Unpaid,0.0
LN24096,AGT124,2026-03-01,14526.98,0,0,Promise To Pay,Paid,14526.98
LN24097,AGT166,2026-03-01,16324.24,15,1,No Answer,Unpaid,0.0
LN24098,AGT125,2026-03-01,15655.65,0,0,Responsive,Paid,15655.65
LN24099,AGT145,2026-03-01,16496.2,30,2,Promise To Pay,Partial,4948.86
LN24100,AGT168,2026-03-01,19615.28,0,0,Promise To Pay,Paid,19615.28
LN24101,AGT168,2026-03-01,9654.43,60,3,Promise To Pay,Partial,2896.33
LN24102,AGT166,2026-03-01,53026.95,30,2,Responsive,Paid,53026.95
LN24103,AGT160,2026-03-01,12029.82,15,1,Promise To Pay,Partial,3608.95
LN24104,AGT138,2026-03-01,1565.95,0,0,Responsive,Paid,1565.95
LN24105,AGT161,2026-03-01,5919.88,0,0,Promise To Pay,Paid,5919.88
LN24106,AGT127,2026-03-01,17764.97,0,0,Promise To Pay,Paid,17764.97
LN24107,AGT115,2026-03-01,18755.31,30,2,Responsive,Partial,9377.66
LN24108,AGT118,2026-03-01,21108.71,0,0,Promise To Pay,Paid,21108.71
LN24109,AGT154,2026-03-01,4209.77,30,2,No Answer,Unpaid,0.0
LN24110,AGT168,2026-03-01,2097.99,0,0,No Answer,Paid,2097.99
LN24111,AGT135,2026-03-01,18952.49,15,1,Responsive,Partial,9476.25
LN24112,AGT137,2026-03-01,60266.44,30,2,Responsive,Partial,30133.22
LN24113,AGT123,2026-03-01,17584.08,15,1,No Answer,Unpaid,0.0
LN24114,AGT155,2026-03-01,11731.16,15,1,Promise To Pay,Partial,3519.35
LN24115,AGT144,2026-03-01,8415.78,60,3,Responsive,Paid,8415.78
LN24116,AGT112,2026-03-01,23211.81,60,3,No Answer,Unpaid,0.0
LN24117,AGT108,2026-03-01,4510.0,0,0,No Answer,Paid,4510.0
LN24118,AGT137,2026-03-01,34211.07,90,4,No Answer,Unpaid,0.0
LN24119,AGT126,2026-03-01,11120.95,0,0,No Answer,Paid,11120.95
LN24120,AGT124,2026-03-01,9760.26,30,2,Responsive,Paid,9760.26
LN24121,AGT119,2026-03-01,14585.57,0,0,Promise To Pay,Paid,14585.57
LN24122,AGT108,2026-03-01,6946.4,30,2,Responsive,Paid,6946.4
LN24123,AGT172,2026-03-01,18205.85,90,4,Responsive,Partial,9102.92
LN24124,AGT126,2026-03-01,8871.42,0,0,No Answer,Paid,8871.42
LN24125,AGT143,2026-03-01,2982.87,15,1,No Answer,Unpaid,0.0
LN24126,AGT132,2026-03-01,30904.43,90,4,Responsive,Paid,30904.43
LN24127,AGT146,2026-03-01,28591.41,0,0,Promise To Pay,Paid,28591.41
LN24128,AGT129,2026-03-01,15474.36,30,2,Promise To Pay,Partial,4642.31
LN24129,AGT122,2026-03-01,18050.36,90,4,No Answer,Unpaid,0.0
LN24130,AGT126,2026-03-01,6384.11,15,1,No Answer,Unpaid,0.0
LN24131,AGT118,2026-03-01,8921.95,60,3,Promise To Pay,Partial,2676.59
LN24132,AGT135,2026-03-01,8124.76,0,0,Responsive,Paid,8124.76
LN24133,AGT120,2026-03-01,15630.62,60,3,Promise To Pay,Partial,4689.19
LN24134,AGT164,2026-03-01,27302.67,60,3,Responsive,Partial,13651.33
LN24135,AGT148,2026-03-01,6527.46,60,3,Responsive,Partial,3263.73
LN24136,AGT169,2026-03-01,69475.82,60,3,Responsive,Partial,34737.91
LN24137,AGT119,2026-03-01,3165.49,15,1,Responsive,Partial,1582.74
LN24138,AGT123,2026-03-01,7947.89,0,0,Responsive,Paid,7947.89
LN24139,AGT161,2026-03-01,5999.93,15,1,Promise To Pay,Partial,1799.98
LN24140,AGT150,2026-03-01,29164.62,0,0,Responsive,Paid,29164.62
LN24141,AGT142,2026-03-01,13596.27,30,2,Promise To Pay,Partial,4078.88
LN24142,AGT118,2026-03-01,1778.67,0,0,Promise To Pay,Paid,1778.67
LN24143,AGT129,2026-03-01,3248.34,15,1,Responsive,Paid,3248.34
LN24144,AGT118,2026-03-01,34679.92,15,1,Promise To Pay,Partial,10403.98
LN24145,AGT136,2026-03-01,14898.81,0,0,Promise To Pay,Paid,14898.81
LN24146,AGT133,2026-03-01,9705.31,0,0,No Answer,Paid,9705.31
LN24147,AGT118,2026-03-01,9009.37,15,1,No Answer,Unpaid,0.0
LN24148,AGT170,2026-03-01,23182.26,30,2,No Answer,Unpaid,0.0
LN24149,AGT169,2026-03-01,10770.72,0,0,Responsive,Paid,10770.72
LN24150,AGT124,2026-03-01,6134.12,15,1,Responsive,Paid,6134.12
LN24151,AGT160,2026-03-01,9813.46,0,0,Responsive,Paid,9813.46
LN24152,AGT162,2026-03-01,19020.57,60,3,Responsive,Partial,9510.28
LN24153,AGT131,2026-03-01,3953.28,0,0,Responsive,Paid,3953.28
LN24154,AGT145,2026-03-01,9601.12,15,1,No Answer,Unpaid,0.0
LN24155,AGT115,2026-03-01,1897.92,15,1,Promise To Pay,Partial,569.38
LN24156,AGT129,2026-03-01,22583.11,0,0,Promise To Pay,Paid,22583.11
LN24157,AGT105,2026-03-01,4032.33,15,1,Promise To Pay,Partial,1209.7
LN24158,AGT114,2026-03-01,2322.03,0,0,Responsive,Paid,2322.03
LN24159,AGT137,2026-03-01,5804.83,30,2,No Answer,Unpaid,0.0
LN24160,AGT142,2026-03-01,19638.86,30,2,No Answer,Unpaid,0.0
LN24161,AGT120,2026-03-01,3030.92,0,0,Promise To Pay,Paid,3030.92
LN24162,AGT103,2026-03-01,6215.31,30,2,No Answer,Unpaid,0.0
LN24163,AGT121,2026-03-01,12335.11,90,4,Promise To Pay,Partial,3700.53
LN24164,AGT154,2026-03-01,47081.25,15,1,Promise To Pay,Partial,14124.38
LN24165,AGT150,2026-03-01,12843.95,30,2,Promise To Pay,Partial,3853.18
LN24166,AGT172,2026-03-01,11241.04,30,2,No Answer,Unpaid,0.0
LN24167,AGT151,2026-03-01,7071.69,15,1,Promise To Pay,Partial,2121.51
LN24168,AGT172,2026-03-01,9967.73,30,2,No Answer,Unpaid,0.0
LN24169,AGT136,2026-03-01,2389.22,30,2,Promise To Pay,Partial,716.77
LN24170,AGT110,2026-03-01,37875.32,0,0,Promise To Pay,Paid,37875.32
LN24171,AGT145,2026-03-01,7443.47,0,0,Promise To Pay,Paid,7443.47
LN24172,AGT166,2026-03-01,12049.97,0,0,No Answer,Paid,12049.97
LN24173,AGT126,2026-03-01,6552.04,0,0,Responsive,Paid,6552.04
LN24174,AGT111,2026-03-01,8725.54,0,0,Responsive,Paid,8725.54
LN24175,AGT134,2026-03-01,9298.34,0,0,Responsive,Paid,9298.34
LN24176,AGT158,2026-03-01,30275.73,60,3,Promise To Pay,Partial,9082.72
LN24177,AGT149,2026-03-01,6566.45,15,1,No Answer,Unpaid,0.0
LN24178,AGT142,2026-03-01,24517.42,60,3,No Answer,Unpaid,0.0
LN24179,AGT103,2026-03-01,2368.48,0,0,No Answer,Paid,2368.48
LN24180,AGT114,2026-03-01,16682.71,15,1,Responsive,Paid,16682.71
LN24181,AGT160,2026-03-01,90906.99,60,3,No Answer,Unpaid,0.0
LN24182,AGT130,2026-03-01,33636.05,90,4,Promise To Pay,Partial,10090.82
LN24183,AGT128,2026-03-01,21550.07,15,1,Promise To Pay,Partial,6465.02
LN24184,AGT157,2026-03-01,15074.34,0,0,Responsive,Paid,15074.34
LN24185,AGT108,2026-03-01,57804.18,90,4,No Answer,Unpaid,0.0
LN24186,AGT118,2026-03-01,20145.79,60,3,No Answer,Unpaid,0.0
LN24187,AGT114,2026-03-01,6818.76,0,0,No Answer,Paid,6818.76
LN24188,AGT154,2026-03-01,10221.57,0,0,Responsive,Paid,10221.57
LN24189,AGT122,2026-03-01,13997.02,60,3,Promise To Pay,Partial,4199.11
LN24190,AGT130,2026-03-01,58452.1,0,0,Promise To Pay,Paid,58452.1
LN24191,AGT101,2026-03-01,1673.09,0,0,Responsive,Paid,1673.09
LN24192,AGT125,2026-03-01,36111.7,90,4,Promise To Pay,Partial,10833.51
LN24193,AGT105,2026-03-01,6669.24,30,2,Responsive,Paid,6669.24
LN24194,AGT169,2026-03-01,5799.01,15,1,Responsive,Paid,5799.01
LN24195,AGT149,2026-03-01,33023.94,15,1,No Answer,Unpaid,0.0
LN24196,AGT125,2026-03-01,54435.4,90,4,Promise To Pay,Partial,16330.62
LN24197,AGT171,2026-03-01,4984.1,0,0,Promise To Pay,Paid,4984.1
LN24198,AGT138,2026-03-01,7100.17,15,1,Promise To Pay,Partial,2130.05
LN24199,AGT157,2026-03-01,10505.89,0,0,No Answer,Paid,10505.89
LN24200,AGT152,2026-03-01,2897.22,15,1,No Answer,Unpaid,0.0
LN24201,AGT137,2026-03-01,13294.33,0,0,No Answer,Paid,13294.33
LN24202,AGT156,2026-03-01,13908.31,30,2,Responsive,Paid,13908.31
LN24203,AGT158,2026-03-01,9282.24,60,3,No Answer,Unpaid,0.0
LN24204,AGT157,2026-03-01,78575.02,60,3,No Answer,Unpaid,0.0
LN24205,AGT139,2026-03-01,4550.79,0,0,Responsive,Paid,4550.79
LN24206,AGT112,2026-03-01,40994.15,90,4,Promise To Pay,Partial,12298.25
LN24207,AGT160,2026-03-01,13912.38,0,0,Promise To Pay,Paid,13912.38
LN24208,AGT143,2026-03-01,26127.95,30,2,Responsive,Partial,13063.98
LN24209,AGT138,2026-03-01,7509.94,0,0,Promise To Pay,Paid,7509.94
LN24210,AGT114,2026-03-01,25487.88,90,4,No Answer,Unpaid,0.0
LN24211,AGT112,2026-03-01,21320.04,30,2,No Answer,Unpaid,0.0
LN24212,AGT164,2026-03-01,14681.16,0,0,Responsive,Paid,14681.16
LN24213,AGT158,2026-03-01,16050.1,15,1,Responsive,Paid,16050.1
LN24214,AGT153,2026-03-01,7811.06,15,1,Promise To Pay,Partial,2343.32
LN24215,AGT169,2026-03-01,11911.38,0,0,Promise To Pay,Paid,11911.38
LN24216,AGT147,2026-03-01,2999.59,15,1,Responsive,Partial,1499.8
LN24217,AGT165,2026-03-01,14383.74,0,0,Promise To Pay,Paid,14383.74
LN24218,AGT174,2026-03-01,24243.71,0,0,Promise To Pay,Paid,24243.71
LN24219,AGT156,2026-03-01,11633.37,15,1,Responsive,Paid,11633.37
LN24220,AGT168,2026-03-01,7552.53,0,0,Responsive,Paid,7552.53
LN24221,AGT111,2026-03-01,10982.92,0,0,Responsive,Paid,10982.92
LN24222,AGT158,2026-03-01,15824.45,0,0,Responsive,Paid,15824.45
LN24223,AGT136,2026-03-01,20225.81,30,2,Promise To Pay,Partial,6067.74
LN24224,AGT128,2026-03-01,22348.04,15,1,No Answer,Unpaid,0.0
LN24225,AGT153,2026-03-01,43166.18,0,0,No Answer,Paid,43166.18
LN24226,AGT107,2026-03-01,10264.6,0,0,Responsive,Paid,10264.6
LN24227,AGT109,2026-03-01,30384.02,60,3,Responsive,Partial,15192.01
LN24228,AGT172,2026-03-01,13370.67,30,2,Promise To Pay,Partial,4011.2
LN24229,AGT147,2026-03-01,6418.39,0,0,Responsive,Paid,6418.39
LN24230,AGT131,2026-03-01,12994.65,15,1,Responsive,Partial,6497.32
LN24231,AGT159,2026-03-01,24344.14,0,0,Responsive,Paid,24344.14
LN24232,AGT113,2026-03-01,11944.88,15,1,No Answer,Unpaid,0.0
LN24233,AGT131,2026-03-01,8466.18,0,0,Promise To Pay,Paid,8466.18
LN24234,AGT165,2026-03-01,21577.97,60,3,No Answer,Unpaid,0.0
LN24235,AGT146,2026-03-01,5671.81,15,1,Promise To Pay,Partial,1701.54
LN24236,AGT170,2026-03-01,3697.42,90,4,No Answer,Unpaid,0.0
LN24237,AGT119,2026-03-01,14444.89,0,0,No Answer,Paid,14444.89
LN24238,AGT147,2026-03-01,8210.05,0,0,Promise To Pay,Paid,8210.05
LN24239,AGT164,2026-03-01,3018.36,0,0,Responsive,Paid,3018.36
LN24240,AGT102,2026-03-01,3062.77,0,0,Promise To Pay,Paid,3062.77
LN24241,AGT101,2026-03-01,73424.64,30,2,Promise To Pay,Partial,22027.39
LN24242,AGT118,2026-03-01,9075.16,60,3,Promise To Pay,Partial,2722.55
LN24243,AGT135,2026-03-01,3708.37,15,1,No Answer,Unpaid,0.0
LN24244,AGT138,2026-03-01,21630.99,30,2,No Answer,Unpaid,0.0
LN24245,AGT123,2026-03-01,18118.25,30,2,Promise To Pay,Partial,5435.47
LN24246,AGT137,2026-03-01,9683.29,0,0,Responsive,Paid,9683.29
LN24247,AGT112,2026-03-01,9674.04,0,0,No Answer,Paid,9674.04
LN24248,AGT116,2026-03-01,8716.71,0,0,Responsive,Paid,8716.71
LN24249,AGT151,2026-03-01,3910.21,0,0,No Answer,Paid,3910.21
LN24250,AGT126,2026-03-01,13947.61,0,0,Promise To Pay,Paid,13947.61
LN24251,AGT142,2026-03-01,18315.36,60,3,No Answer,Unpaid,0.0
LN24252,AGT104,2026-03-01,7212.58,15,1,Responsive,Paid,7212.58
LN24253,AGT140,2026-03-01,10720.78,0,0,No Answer,Paid,10720.78
LN24254,AGT171,2026-03-01,18833.61,90,4,Responsive,Partial,9416.81
LN24255,AGT140,2026-03-01,1450.33,0,0,Responsive,Paid,1450.33
LN24256,AGT169,2026-03-01,3165.18,15,1,No Answer,Unpaid,0.0
LN24257,AGT122,2026-03-01,7838.96,15,1,Promise To Pay,Partial,2351.69
LN24258,AGT157,2026-03-01,20853.29,30,2,Promise To Pay,Partial,6255.99
LN24259,AGT124,2026-03-01,7267.14,30,2,Promise To Pay,Partial,2180.14
LN24260,AGT146,2026-03-01,14661.89,15,1,Responsive,Paid,14661.89
LN24261,AGT115,2026-03-01,23397.9,90,4,No Answer,Unpaid,0.0
LN24262,AGT119,2026-03-01,2137.96,0,0,No Answer,Paid,2137.96
LN24263,AGT162,2026-03-01,43917.06,60,3,Responsive,Partial,21958.53
LN24264,AGT173,2026-03-01,37872.36,60,3,No Answer,Unpaid,0.0
LN24265,AGT134,2026-03-01,7884.73,0,0,Responsive,Paid,7884.73
LN24266,AGT103,2026-03-01,21787.97,30,2,No Answer,Unpaid,0.0
LN24267,AGT142,2026-03-01,7830.89,30,2,Responsive,Paid,7830.89
LN24268,AGT149,2026-03-01,24403.72,60,3,Responsive,Partial,12201.86
LN24269,AGT146,2026-03-01,35088.07,60,3,Promise To Pay,Partial,10526.42
LN24270,AGT117,2026-03-01,18400.34,30,2,Responsive,Partial,9200.17
LN24271,AGT166,2026-03-01,8561.14,0,0,Responsive,Paid,8561.14
LN24272,AGT171,2026-03-01,48145.51,30,2,No Answer,Unpaid,0.0
LN24273,AGT127,2026-03-01,22033.7,30,2,No Answer,Unpaid,0.0
LN24274,AGT138,2026-03-01,31730.4,90,4,Promise To Pay,Partial,9519.12
LN24275,AGT101,2026-03-01,9108.96,30,2,No Answer,Unpaid,0.0
LN24276,AGT132,2026-03-01,9776.42,90,4,Responsive,Partial,4888.21
LN24277,AGT173,2026-03-01,25252.36,90,4,Promise To Pay,Partial,7575.71
LN24278,AGT145,2026-03-01,25384.48,30,2,Promise To Pay,Partial,7615.34
LN24279,AGT173,2026-03-01,30904.42,90,4,Responsive,Partial,15452.21
LN24280,AGT172,2026-03-01,17191.42,0,0,Responsive,Paid,17191.42
LN24281,AGT118,2026-03-01,11282.22,0,0,No Answer,Paid,11282.22
LN24282,AGT135,2026-03-01,31616.31,30,2,Promise To Pay,Partial,9484.89
LN24283,AGT135,2026-03-01,8543.72,0,0,Promise To Pay,Paid,8543.72
LN24284,AGT108,2026-03-01,6996.86,0,0,Responsive,Paid,6996.86
LN24285,AGT108,2026-03-01,9194.86,0,0,Responsive,Paid,9194.86
LN24286,AGT141,2026-03-01,2801.07,0,0,Promise To Pay,Paid,2801.07
LN24287,AGT101,2026-03-01,7411.99,15,1,No Answer,Unpaid,0.0
LN24288,AGT106,2026-03-01,21131.33,15,1,No Answer,Unpaid,0.0
LN24289,AGT131,2026-03-01,26538.59,15,1,Promise To Pay,Partial,7961.58
LN24290,AGT108,2026-03-01,28701.54,90,4,Promise To Pay,Partial,8610.46
LN24291,AGT172,2026-03-01,29282.83,0,0,Promise To Pay,Paid,29282.83
LN24292,AGT117,2026-03-01,7309.14,15,1,Responsive,Partial,3654.57
LN24293,AGT166,2026-03-01,14183.25,30,2,Responsive,Partial,7091.62
LN24294,AGT144,2026-03-01,7530.43,0,0,Promise To Pay,Paid,7530.43
LN24295,AGT134,2026-03-01,1030.54,15,1,Promise To Pay,Partial,309.16
LN24296,AGT148,2026-03-01,50806.47,15,1,Responsive,Partial,25403.24
LN24297,AGT108,2026-03-01,7641.8,0,0,Responsive,Paid,7641.8
LN24298,AGT131,2026-03-01,13110.3,15,1,No Answer,Unpaid,0.0
LN24299,AGT167,2026-03-01,14931.57,0,0,Responsive,Paid,14931.57
LN24300,AGT171,2026-03-01,9345.37,15,1,No Answer,Unpaid,0.0
LN24301,AGT155,2026-03-01,13197.25,90,4,No Answer,Unpaid,0.0
LN24302,AGT131,2026-03-01,4295.47,0,0,Promise To Pay,Paid,4295.47
LN24303,AGT159,2026-03-01,3561.18,90,4,No Answer,Unpaid,0.0
LN24304,AGT100,2026-03-01,22275.57,30,2,Responsive,Partial,11137.78
LN24305,AGT166,2026-03-01,3587.9,15,1,No Answer,Unpaid,0.0
LN24306,AGT127,2026-03-01,37564.12,0,0,Responsive,Paid,37564.12
LN24307,AGT137,2026-03-01,5280.59,15,1,Promise To Pay,Partial,1584.18
LN24308,AGT168,2026-03-01,10135.05,0,0,Responsive,Paid,10135.05
LN24309,AGT129,2026-03-01,11813.56,30,2,Promise To Pay,Partial,3544.07
LN24310,AGT136,2026-03-01,12414.63,30,2,Responsive,Paid,12414.63
LN24311,AGT157,2026-03-01,43368.17,60,3,No Answer,Unpaid,0.0
LN24312,AGT146,2026-03-01,13906.97,60,3,Promise To Pay,Partial,4172.09
LN24313,AGT157,2026-03-01,23692.44,60,3,Responsive,Paid,23692.44
LN24314,AGT105,2026-03-01,55460.96,90,4,Promise To Pay,Partial,16638.29
LN24315,AGT141,2026-03-01,52556.56,0,0,No Answer,Paid,52556.56
LN24316,AGT102,2026-03-01,124918.61,60,3,Promise To Pay,Partial,37475.58
LN24317,AGT102,2026-03-01,15525.25,0,0,Responsive,Paid,15525.25
LN24318,AGT125,2026-03-01,28212.13,60,3,Promise To Pay,Partial,8463.64
LN24319,AGT160,2026-03-01,66014.56,30,2,No Answer,Unpaid,0.0
LN24320,AGT134,2026-03-01,10511.1,0,0,Promise To Pay,Paid,10511.1
LN24321,AGT172,2026-03-01,16265.71,0,0,Responsive,Paid,16265.71
LN24322,AGT172,2026-03-01,10555.34,0,0,No Answer,Paid,10555.34
LN24323,AGT107,2026-03-01,11618.68,30,2,Promise To Pay,Partial,3485.6
LN24324,AGT152,2026-03-01,5794.57,0,0,Responsive,Paid,5794.57
LN24325,AGT170,2026-03-01,40075.08,15,1,Responsive,Partial,20037.54
LN24326,AGT122,2026-03-01,7303.16,0,0,Promise To Pay,Paid,7303.16
LN24327,AGT129,2026-03-01,13021.09,15,1,Responsive,Partial,6510.55
LN24328,AGT141,2026-03-01,6907.05,15,1,Responsive,Partial,3453.53
LN24329,AGT147,2026-03-01,3942.6,0,0,No Answer,Paid,3942.6
LN24330,AGT168,2026-03-01,11368.78,30,2,Promise To Pay,Partial,3410.63
LN24331,AGT113,2026-03-01,4185.06,15,1,Responsive,Partial,2092.53
LN24332,AGT130,2026-03-01,40330.95,60,3,Responsive,Paid,40330.95
LN24333,AGT160,2026-03-01,22733.93,0,0,No Answer,Paid,22733.93
LN24334,AGT172,2026-03-01,10342.42,15,1,Promise To Pay,Partial,3102.73
LN24335,AGT166,2026-03-01,9869.9,0,0,Promise To Pay,Paid,9869.9
LN24336,AGT132,2026-03-01,6628.99,15,1,No Answer,Unpaid,0.0
LN24337,AGT111,2026-03-01,36452.04,60,3,Responsive,Paid,36452.04
LN24338,AGT143,2026-03-01,6205.65,0,0,Responsive,Paid,6205.65
LN24339,AGT162,2026-03-01,17125.58,0,0,Responsive,Paid,17125.58
LN24340,AGT152,2026-03-01,3425.71,0,0,Promise To Pay,Paid,3425.71
LN24341,AGT108,2026-03-01,13964.74,15,1,Promise To Pay,Partial,4189.42
LN24342,AGT153,2026-03-01,4229.04,15,1,No Answer,Unpaid,0.0
LN24343,AGT157,2026-03-01,12183.46,0,0,Promise To Pay,Paid,12183.46
LN24344,AGT131,2026-03-01,14849.51,15,1,Promise To Pay,Partial,4454.85
LN24345,AGT110,2026-03-01,6475.94,0,0,No Answer,Paid,6475.94
LN24346,AGT139,2026-03-01,19834.78,30,2,No Answer,Unpaid,0.0
LN24347,AGT121,2026-03-01,1655.22,0,0,Promise To Pay,Paid,1655.22
LN24348,AGT153,2026-03-01,9465.69,15,1,Promise To Pay,Partial,2839.71
LN24349,AGT173,2026-03-01,12101.78,15,1,Responsive,Paid,12101.78
LN24350,AGT167,2026-03-01,48085.36,30,2,No Answer,Unpaid,0.0
LN24351,AGT137,2026-03-01,11249.88,30,2,Responsive,Paid,11249.88
LN24352,AGT116,2026-03-01,121438.35,90,4,Promise To Pay,Partial,36431.5
LN24353,AGT112,2026-03-01,22980.37,0,0,No Answer,Paid,22980.37
LN24354,AGT147,2026-03-01,27171.19,15,1,Promise To Pay,Partial,8151.36
LN24355,AGT137,2026-03-01,5476.31,30,2,Promise To Pay,Partial,1642.89
LN24356,AGT160,2026-03-01,5160.73,15,1,Responsive,Partial,2580.36
LN24357,AGT100,2026-03-01,15590.18,0,0,Responsive,Paid,15590.18
LN24358,AGT170,2026-03-01,3090.58,0,0,Promise To Pay,Paid,3090.58
LN24359,AGT105,2026-03-01,14914.31,30,2,Responsive,Partial,7457.15
LN24360,AGT150,2026-03-01,8529.71,15,1,No Answer,Unpaid,0.0
LN24361,AGT160,2026-03-01,5904.13,0,0,Promise To Pay,Paid,5904.13
LN24362,AGT131,2026-03-01,13977.15,60,3,Promise To Pay,Partial,4193.14
LN24363,AGT114,2026-03-01,9990.19,0,0,No Answer,Paid,9990.19
LN24364,AGT137,2026-03-01,20701.54,0,0,Promise To Pay,Paid,20701.54
LN24365,AGT102,2026-03-01,7385.0,15,1,No Answer,Unpaid,0.0
LN24366,AGT155,2026-03-01,20617.88,30,2,No Answer,Unpaid,0.0
LN24367,AGT103,2026-03-01,5698.73,15,1,No Answer,Unpaid,0.0
LN24368,AGT166,2026-03-01,52689.45,60,3,Promise To Pay,Partial,15806.83
LN24369,AGT154,2026-03-01,9165.86,0,0,Responsive,Paid,9165.86
LN24370,AGT119,2026-03-01,9403.01,15,1,Responsive,Paid,9403.01
LN24371,AGT148,2026-03-01,15018.74,30,2,Promise To Pay,Partial,4505.62
LN24372,AGT161,2026-03-01,2478.0,15,1,Responsive,Partial,1239.0
LN24373,AGT151,2026-03-01,2800.08,0,0,No Answer,Paid,2800.08
LN24374,AGT156,2026-03-01,34008.79,0,0,No Answer,Paid,34008.79
LN24375,AGT100,2026-03-01,5476.21,30,2,Responsive,Partial,2738.11
LN24376,AGT132,2026-03-01,69270.98,30,2,Responsive,Partial,34635.49
LN24377,AGT165,2026-03-01,44881.3,60,3,Responsive,Paid,44881.3
LN24378,AGT101,2026-03-01,4504.53,0,0,No Answer,Paid,4504.53
LN24379,AGT148,2026-03-01,7138.49,30,2,Promise To Pay,Partial,2141.55
LN24380,AGT129,2026-03-01,5815.54,60,3,Responsive,Paid,5815.54
LN24381,AGT167,2026-03-01,9897.49,30,2,Promise To Pay,Partial,2969.25
LN24382,AGT163,2026-03-01,7202.5,30,2,Promise To Pay,Partial,2160.75
LN24383,AGT152,2026-03-01,12103.11,0,0,Promise To Pay,Paid,12103.11
LN24384,AGT132,2026-03-01,9228.62,15,1,Responsive,Paid,9228.62
LN24385,AGT157,2026-03-01,31573.97,90,4,No Answer,Unpaid,0.0
LN24386,AGT134,2026-03-01,8191.87,15,1,Promise To Pay,Partial,2457.56
LN24387,AGT139,2026-03-01,9364.68,0,0,No Answer,Paid,9364.68
LN24388,AGT102,2026-03-01,33925.75,60,3,Responsive,Partial,16962.88
LN24389,AGT112,2026-03-01,12201.3,0,0,Responsive,Paid,12201.3
LN24390,AGT107,2026-03-01,2534.95,30,2,Responsive,Partial,1267.47
LN24391,AGT141,2026-03-01,20768.49,60,3,No Answer,Unpaid,0.0
LN24392,AGT160,2026-03-01,12266.08,0,0,No Answer,Paid,12266.08
LN24393,AGT141,2026-03-01,30946.99,0,0,Responsive,Paid,30946.99
LN24394,AGT144,2026-03-01,22258.23,30,2,Promise To Pay,Partial,6677.47
LN24395,AGT164,2026-03-01,27544.67,90,4,Responsive,Paid,27544.67
LN24396,AGT136,2026-03-01,9648.18,60,3,No Answer,Unpaid,0.0
LN24397,AGT119,2026-03-01,71852.47,60,3,No Answer,Unpaid,0.0
LN24398,AGT169,2026-03-01,8942.05,30,2,No Answer,Unpaid,0.0
LN24399,AGT102,2026-03-01,9855.9,0,0,No Answer,Paid,9855.9
LN24400,AGT126,2026-03-01,17967.57,60,3,Responsive,Partial,8983.78
LN24401,AGT126,2026-03-01,2352.42,0,0,Promise To Pay,Paid,2352.42
LN24402,AGT108,2026-03-01,15158.75,30,2,No Answer,Unpaid,0.0
LN24403,AGT115,2026-03-01,4652.14,15,1,Responsive,Paid,4652.14
LN24404,AGT154,2026-03-01,3591.21,15,1,Responsive,Partial,1795.61
LN24405,AGT140,2026-03-01,15279.68,30,2,Responsive,Paid,15279.68
LN24406,AGT137,2026-03-01,19111.71,30,2,Promise To Pay,Partial,5733.51
LN24407,AGT112,2026-03-01,130282.02,90,4,Promise To Pay,Partial,39084.61
LN24408,AGT133,2026-03-01,21100.75,60,3,No Answer,Unpaid,0.0
LN24409,AGT119,2026-03-01,10577.9,15,1,No Answer,Unpaid,0.0
LN24410,AGT170,2026-03-01,3132.12,0,0,Responsive,Paid,3132.12
LN24411,AGT126,2026-03-01,9451.27,15,1,Responsive,Paid,9451.27
LN24412,AGT141,2026-03-01,6405.5,0,0,Responsive,Paid,6405.5
LN24413,AGT116,2026-03-01,8976.2,0,0,Responsive,Paid,8976.2
LN24414,AGT109,2026-03-01,14241.65,0,0,Promise To Pay,Paid,14241.65
LN24415,AGT125,2026-03-01,10179.77,30,2,Responsive,Paid,10179.77
LN24416,AGT172,2026-03-01,31478.28,60,3,No Answer,Unpaid,0.0
LN24417,AGT132,2026-03-01,34393.2,60,3,Responsive,Paid,34393.2
LN24418,AGT128,2026-03-01,52753.04,90,4,Promise To Pay,Partial,15825.91
LN24419,AGT122,2026-03-01,7601.05,0,0,Responsive,Paid,7601.05
LN24420,AGT169,2026-03-01,7127.57,60,3,No Answer,Unpaid,0.0
LN24421,AGT116,2026-03-01,55103.65,30,2,Responsive,Paid,55103.65
LN24422,AGT120,2026-03-01,14961.85,0,0,No Answer,Paid,14961.85
LN24423,AGT143,2026-03-01,11964.85,0,0,No Answer,Paid,11964.85
LN24424,AGT102,2026-03-01,1876.25,0,0,Responsive,Paid,1876.25
LN24425,AGT117,2026-03-01,23140.86,30,2,No Answer,Unpaid,0.0
LN24426,AGT119,2026-03-01,26564.76,0,0,Promise To Pay,Paid,26564.76
LN24427,AGT144,2026-03-01,11072.63,0,0,No Answer,Paid,11072.63
LN24428,AGT113,2026-03-01,6528.12,15,1,Responsive,Partial,3264.06
LN24429,AGT149,2026-03-01,3416.83,0,0,Responsive,Paid,3416.83
LN24430,AGT148,2026-03-01,10771.7,60,3,Promise To Pay,Partial,3231.51
LN24431,AGT152,2026-03-01,16440.47,60,3,Promise To Pay,Partial,4932.14
LN24432,AGT106,2026-03-01,38561.87,90,4,Promise To Pay,Partial,11568.56
LN24433,AGT105,2026-03-01,3231.11,0,0,No Answer,Paid,3231.11
LN24434,AGT131,2026-03-01,1304.41,15,1,No Answer,Unpaid,0.0
LN24435,AGT161,2026-03-01,12526.9,15,1,Promise To Pay,Partial,3758.07
LN24436,AGT118,2026-03-01,10034.23,15,1,Promise To Pay,Partial,3010.27
LN24437,AGT172,2026-03-01,5606.65,0,0,No Answer,Paid,5606.65
LN24438,AGT116,2026-03-01,1970.19,0,0,No Answer,Paid,1970.19
LN24439,AGT128,2026-03-01,36333.87,15,1,Promise To Pay,Partial,10900.16
LN24440,AGT154,2026-03-01,24444.68,0,0,Promise To Pay,Paid,24444.68
LN24441,AGT135,2026-03-01,15535.62,0,0,Responsive,Paid,15535.62
LN24442,AGT109,2026-03-01,8422.83,15,1,No Answer,Unpaid,0.0
LN24443,AGT151,2026-03-01,7881.37,60,3,No Answer,Unpaid,0.0
LN24444,AGT160,2026-03-01,38476.59,60,3,No Answer,Unpaid,0.0
LN24445,AGT162,2026-03-01,9989.96,0,0,Responsive,Paid,9989.96
LN24446,AGT133,2026-03-01,5529.01,0,0,No Answer,Paid,5529.01
LN24447,AGT174,2026-03-01,14718.3,0,0,Responsive,Paid,14718.3
LN24448,AGT141,2026-03-01,52615.75,15,1,Promise To Pay,Partial,15784.72
LN24449,AGT112,2026-03-01,5156.0,15,1,Responsive,Paid,5156.0
LN24450,AGT105,2026-03-01,8395.31,60,3,Responsive,Partial,4197.65
LN24451,AGT102,2026-03-01,7491.03,0,0,Responsive,Paid,7491.03
LN24452,AGT113,2026-03-01,132257.46,90,4,Responsive,Paid,132257.46
LN24453,AGT153,2026-03-01,10992.16,15,1,No Answer,Unpaid,0.0
LN24454,AGT137,2026-03-01,19028.57,15,1,Responsive,Paid,19028.57
LN24455,AGT165,2026-03-01,43745.78,60,3,Promise To Pay,Partial,13123.73
LN24456,AGT125,2026-03-01,31421.02,60,3,Promise To Pay,Partial,9426.31
LN24457,AGT114,2026-03-01,3395.51,30,2,Promise To Pay,Partial,1018.65
LN24458,AGT118,2026-03-01,12091.64,60,3,No Answer,Unpaid,0.0
LN24459,AGT113,2026-03-01,44103.38,60,3,Responsive,Partial,22051.69
LN24460,AGT157,2026-03-01,5657.65,0,0,Promise To Pay,Paid,5657.65
LN24461,AGT173,2026-03-01,4634.57,0,0,Promise To Pay,Paid,4634.57
LN24462,AGT102,2026-03-01,21675.61,60,3,No Answer,Unpaid,0.0
LN24463,AGT173,2026-03-01,12034.13,0,0,Promise To Pay,Paid,12034.13
LN24464,AGT149,2026-03-01,12727.22,0,0,Responsive,Paid,12727.22
LN24465,AGT113,2026-03-01,9442.64,15,1,No Answer,Unpaid,0.0
LN24466,AGT156,2026-03-01,4272.48,0,0,Responsive,Paid,4272.48
LN24467,AGT105,2026-03-01,36993.87,60,3,Promise To Pay,Partial,11098.16
LN24468,AGT121,2026-03-01,43937.33,15,1,Responsive,Paid,43937.33
LN24469,AGT144,2026-03-01,55719.04,60,3,Promise To Pay,Partial,16715.71
LN24470,AGT160,2026-03-01,7431.45,15,1,No Answer,Unpaid,0.0
LN24471,AGT107,2026-03-01,25380.32,30,2,Promise To Pay,Partial,7614.1
LN24472,AGT130,2026-03-01,4068.08,0,0,Responsive,Paid,4068.08
LN24473,AGT129,2026-03-01,7306.17,0,0,Promise To Pay,Paid,7306.17
LN24474,AGT150,2026-03-01,19091.25,60,3,Promise To Pay,Partial,5727.38
LN24475,AGT124,2026-03-01,15627.25,0,0,Responsive,Paid,15627.25
LN24476,AGT171,2026-03-01,4920.95,15,1,Promise To Pay,Partial,1476.28
LN24477,AGT159,2026-03-01,7488.35,0,0,No Answer,Paid,7488.35
LN24478,AGT119,2026-03-01,80211.35,60,3,Responsive,Paid,80211.35
LN24479,AGT131,2026-03-01,29337.7,30,2,Promise To Pay,Partial,8801.31
LN24480,AGT174,2026-03-01,1095.45,0,0,No Answer,Paid,1095.45
LN24481,AGT126,2026-03-01,8587.29,0,0,Promise To Pay,Paid,8587.29
LN24482,AGT116,2026-03-01,14567.66,60,3,No Answer,Unpaid,0.0
LN24483,AGT170,2026-03-01,34328.77,30,2,Responsive,Paid,34328.77
LN24484,AGT162,2026-03-01,1088.98,0,0,No Answer,Paid,1088.98
LN24485,AGT105,2026-03-01,15879.77,0,0,No Answer,Paid,15879.77
LN24486,AGT152,2026-03-01,8901.54,0,0,No Answer,Paid,8901.54
LN24487,AGT150,2026-03-01,2360.76,0,0,Responsive,Paid,2360.76
LN24488,AGT122,2026-03-01,6437.63,0,0,No Answer,Paid,6437.63
LN24489,AGT168,2026-03-01,29566.07,0,0,Promise To Pay,Paid,29566.07
LN24490,AGT113,2026-03-01,17175.56,0,0,No Answer,Paid,17175.56
LN24491,AGT103,2026-03-01,30061.42,30,2,No Answer,Unpaid,0.0
LN24492,AGT113,2026-03-01,15091.43,30,2,No Answer,Unpaid,0.0
LN24493,AGT135,2026-03-01,28944.06,0,0,Responsive,Paid,28944.06
LN24494,AGT169,2026-03-01,8814.85,0,0,Promise To Pay,Paid,8814.85
LN24495,AGT147,2026-03-01,4438.2,0,0,Responsive,Paid,4438.2
LN24496,AGT107,2026-03-01,44036.4,30,2,Responsive,Paid,44036.4
LN24497,AGT172,2026-03-01,38304.55,60,3,Promise To Pay,Partial,11491.36
LN24498,AGT111,2026-03-01,9179.88,30,2,Responsive,Paid,9179.88
LN24499,AGT164,2026-03-01,28010.55,0,0,No Answer,Paid,28010.55
LN24500,AGT117,2026-03-01,12973.49,0,0,Promise To Pay,Paid,12973.49
LN24501,AGT156,2026-03-01,17791.82,60,3,Promise To Pay,Partial,5337.55
LN24502,AGT123,2026-03-01,12029.83,0,0,No Answer,Paid,12029.83
LN24503,AGT113,2026-03-01,26952.1,0,0,Responsive,Paid,26952.1
LN24504,AGT141,2026-03-01,25213.01,15,1,Promise To Pay,Partial,7563.9
LN24505,AGT171,2026-03-01,45210.92,0,0,Responsive,Paid,45210.92
LN24506,AGT129,2026-03-01,5839.84,30,2,Responsive,Partial,2919.92
LN24507,AGT163,2026-03-01,6256.96,0,0,No Answer,Paid,6256.96
LN24508,AGT158,2026-03-01,11165.49,15,1,Promise To Pay,Partial,3349.65
LN24509,AGT151,2026-03-01,22479.13,60,3,Promise To Pay,Partial,6743.74
LN24510,AGT160,2026-03-01,54501.77,90,4,No Answer,Unpaid,0.0
LN24511,AGT109,2026-03-01,21465.33,0,0,Responsive,Paid,21465.33
LN24512,AGT134,2026-03-01,16233.45,0,0,Responsive,Paid,16233.45
LN24513,AGT168,2026-03-01,6546.82,0,0,Responsive,Paid,6546.82
LN24514,AGT115,2026-03-01,52983.02,0,0,No Answer,Paid,52983.02
LN24515,AGT164,2026-03-01,8526.36,0,0,No Answer,Paid,8526.36
LN24516,AGT174,2026-03-01,21874.34,30,2,Promise To Pay,Partial,6562.3
LN24517,AGT170,2026-03-01,9854.49,0,0,Promise To Pay,Paid,9854.49
LN24518,AGT146,2026-03-01,45448.67,60,3,No Answer,Unpaid,0.0
LN24519,AGT105,2026-03-01,10767.19,0,0,No Answer,Paid,10767.19
LN24520,AGT113,2026-03-01,12573.8,0,0,No Answer,Paid,12573.8
LN24521,AGT172,2026-03-01,11869.14,0,0,Responsive,Paid,11869.14
LN24522,AGT149,2026-03-01,64366.61,30,2,No Answer,Unpaid,0.0
LN24523,AGT164,2026-03-01,3303.03,30,2,Promise To Pay,Partial,990.91
LN24524,AGT164,2026-03-01,1930.7,0,0,Responsive,Paid,1930.7
LN24525,AGT147,2026-03-01,64644.63,30,2,No Answer,Unpaid,0.0
LN24526,AGT135,2026-03-01,2934.82,0,0,No Answer,Paid,2934.82
LN24527,AGT134,2026-03-01,21402.15,30,2,Promise To Pay,Partial,6420.65
LN24528,AGT150,2026-03-01,27600.39,15,1,No Answer,Unpaid,0.0
LN24529,AGT134,2026-03-01,11248.26,0,0,No Answer,Paid,11248.26
LN24530,AGT103,2026-03-01,55733.24,60,3,Promise To Pay,Partial,16719.97
LN24531,AGT141,2026-03-01,47418.91,0,0,No Answer,Paid,47418.91
LN24532,AGT168,2026-03-01,62196.31,60,3,Promise To Pay,Partial,18658.89
LN24533,AGT106,2026-03-01,9084.26,0,0,Responsive,Paid,9084.26
LN24534,AGT166,2026-03-01,65474.1,90,4,No Answer,Unpaid,0.0
LN24535,AGT146,2026-03-01,9891.24,0,0,Promise To Pay,Paid,9891.24
LN24536,AGT117,2026-03-01,34676.24,90,4,Responsive,Partial,17338.12
LN24537,AGT105,2026-03-01,2485.29,15,1,Responsive,Partial,1242.64
LN24538,AGT109,2026-03-01,6643.28,30,2,No Answer,Unpaid,0.0
LN24539,AGT110,2026-03-01,14920.16,30,2,Promise To Pay,Partial,4476.05
LN24540,AGT164,2026-03-01,10283.81,0,0,Responsive,Paid,10283.81
LN24541,AGT100,2026-03-01,7912.0,0,0,Promise To Pay,Paid,7912.0
LN24542,AGT141,2026-03-01,7373.0,30,2,No Answer,Unpaid,0.0
LN24543,AGT111,2026-03-01,2779.93,30,2,No Answer,Unpaid,0.0
LN24544,AGT150,2026-03-01,49907.22,60,3,Promise To Pay,Partial,14972.17
LN24545,AGT110,2026-03-01,22737.12,15,1,No Answer,Unpaid,0.0
LN24546,AGT158,2026-03-01,20610.32,30,2,Promise To Pay,Partial,6183.1
LN24547,AGT136,2026-03-01,10250.32,0,0,No Answer,Paid,10250.32
LN24548,AGT144,2026-03-01,2043.07,0,0,Promise To Pay,Paid,2043.07
LN24549,AGT143,2026-03-01,4215.9,0,0,No Answer,Paid,4215.9
LN24550,AGT106,2026-03-01,2413.42,0,0,Responsive,Paid,2413.42
LN24551,AGT130,2026-03-01,15741.42,30,2,Responsive,Paid,15741.42
LN24552,AGT140,2026-03-01,3909.33,60,3,Promise To Pay,Partial,1172.8
LN24553,AGT146,2026-03-01,24865.14,60,3,Promise To Pay,Partial,7459.54
LN24554,AGT134,2026-03-01,3612.45,0,0,No Answer,Paid,3612.45
LN24555,AGT109,2026-03-01,2959.01,0,0,Promise To Pay,Paid,2959.01
LN24556,AGT124,2026-03-01,4606.56,0,0,Promise To Pay,Paid,4606.56
LN24557,AGT115,2026-03-01,18250.29,60,3,Promise To Pay,Partial,5475.09
LN24558,AGT126,2026-03-01,52315.28,90,4,No Answer,Unpaid,0.0
LN24559,AGT124,2026-03-01,74728.58,30,2,No Answer,Unpaid,0.0
LN24560,AGT155,2026-03-01,1928.55,15,1,No Answer,Unpaid,0.0
LN24561,AGT171,2026-03-01,12012.89,15,1,Promise To Pay,Partial,3603.87
LN24562,AGT113,2026-03-01,9369.28,0,0,No Answer,Paid,9369.28
LN24563,AGT104,2026-03-01,2941.39,0,0,No Answer,Paid,2941.39
LN24564,AGT151,2026-03-01,2366.39,15,1,Promise To Pay,Partial,709.92
LN24565,AGT147,2026-03-01,7447.1,0,0,Promise To Pay,Paid,7447.1
LN24566,AGT138,2026-03-01,32636.0,30,2,No Answer,Unpaid,0.0
LN24567,AGT165,2026-03-01,21094.09,60,3,Responsive,Paid,21094.09
LN24568,AGT128,2026-03-01,7483.74,0,0,Responsive,Paid,7483.74
LN24569,AGT140,2026-03-01,14123.39,15,1,Promise To Pay,Partial,4237.02
LN24570,AGT123,2026-03-01,14001.98,0,0,Promise To Pay,Paid,14001.98
LN24571,AGT144,2026-03-01,14076.66,0,0,No Answer,Paid,14076.66
LN24572,AGT113,2026-03-01,15458.19,60,3,Promise To Pay,Partial,4637.46
LN24573,AGT169,2026-03-01,22537.02,30,2,Responsive,Partial,11268.51
LN24574,AGT133,2026-03-01,10547.13,0,0,Promise To Pay,Paid,10547.13
LN24575,AGT119,2026-03-01,29921.26,0,0,Responsive,Paid,29921.26
LN24576,AGT106,2026-03-01,12891.64,0,0,Responsive,Paid,12891.64
LN24577,AGT108,2026-03-01,22607.53,60,3,Responsive,Paid,22607.53
LN24578,AGT173,2026-03-01,25176.32,60,3,No Answer,Unpaid,0.0
LN24579,AGT153,2026-03-01,34306.57,60,3,Responsive,Partial,17153.28
LN24580,AGT170,2026-03-01,9581.65,0,0,Responsive,Paid,9581.65
LN24581,AGT170,2026-03-01,3580.6,0,0,No Answer,Paid,3580.6
LN24582,AGT124,2026-03-01,17387.82,15,1,Responsive,Partial,8693.91
LN24583,AGT151,2026-03-01,18600.46,60,3,Promise To Pay,Partial,5580.14
LN24584,AGT172,2026-03-01,9962.42,15,1,Promise To Pay,Partial,2988.73
LN24585,AGT129,2026-03-01,32701.65,30,2,Responsive,Partial,16350.83
LN24586,AGT149,2026-03-01,21318.89,60,3,Promise To Pay,Partial,6395.67
LN24587,AGT134,2026-03-01,4936.65,15,1,No Answer,Unpaid,0.0
LN24588,AGT104,2026-03-01,25318.03,30,2,Promise To Pay,Partial,7595.41
LN24589,AGT165,2026-03-01,3497.06,15,1,No Answer,Unpaid,0.0
LN24590,AGT167,2026-03-01,39334.65,60,3,Promise To Pay,Partial,11800.4
LN24591,AGT147,2026-03-01,27503.14,60,3,Responsive,Paid,27503.14
LN24592,AGT158,2026-03-01,14602.43,15,1,Promise To Pay,Partial,4380.73
LN24593,AGT149,2026-03-01,18085.56,60,3,Promise To Pay,Partial,5425.67
LN24594,AGT120,2026-03-01,19588.3,30,2,Promise To Pay,Partial,5876.49
LN24595,AGT174,2026-03-01,5748.99,60,3,Promise To Pay,Partial,1724.7
LN24596,AGT138,2026-03-01,38371.99,90,4,Responsive,Partial,19185.99
LN24597,AGT146,2026-03-01,1953.01,15,1,Responsive,Paid,1953.01
LN24598,AGT139,2026-03-01,4268.59,0,0,Promise To Pay,Paid,4268.59
LN24599,AGT150,2026-03-01,55415.34,90,4,No Answer,Unpaid,0.0
LN24600,AGT110,2026-03-01,13367.9,90,4,Promise To Pay,Partial,4010.37
LN24601,AGT101,2026-03-01,14444.27,30,2,Promise To Pay,Partial,4333.28
LN24602,AGT131,2026-03-01,34732.08,90,4,Responsive,Paid,34732.08
LN24603,AGT157,2026-03-01,23976.83,15,1,No Answer,Unpaid,0.0
LN24604,AGT129,2026-03-01,2404.34,30,2,Promise To Pay,Partial,721.3
LN24605,AGT131,2026-03-01,16389.51,90,4,No Answer,Unpaid,0.0
LN24606,AGT166,2026-03-01,10133.7,0,0,Promise To Pay,Paid,10133.7
LN24607,AGT152,2026-03-01,7508.98,90,4,No Answer,Unpaid,0.0
LN24608,AGT173,2026-03-01,4953.07,15,1,Responsive,Partial,2476.53
LN24609,AGT154,2026-03-01,24185.17,30,2,No Answer,Unpaid,0.0
LN24610,AGT154,2026-03-01,7094.98,15,1,Responsive,Paid,7094.98
LN24611,AGT151,2026-03-01,4247.47,0,0,Responsive,Paid,4247.47
LN24612,AGT144,2026-03-01,12320.52,0,0,Promise To Pay,Paid,12320.52
LN24613,AGT142,2026-03-01,14262.23,30,2,Promise To Pay,Partial,4278.67
LN24614,AGT163,2026-03-01,6235.58,30,2,Promise To Pay,Partial,1870.67
LN24615,AGT170,2026-03-01,4215.23,0,0,Promise To Pay,Paid,4215.23
LN24616,AGT147,2026-03-01,5361.86,30,2,Promise To Pay,Partial,1608.56
LN24617,AGT120,2026-03-01,13466.64,0,0,No Answer,Paid,13466.64
LN24618,AGT145,2026-03-01,14577.38,15,1,Promise To Pay,Partial,4373.21
LN24619,AGT136,2026-03-01,2981.33,15,1,No Answer,Unpaid,0.0
LN24620,AGT167,2026-03-01,42763.36,60,3,No Answer,Unpaid,0.0
LN24621,AGT110,2026-03-01,9062.11,0,0,Responsive,Paid,9062.11
LN24622,AGT131,2026-03-01,35203.73,30,2,Promise To Pay,Partial,10561.12
LN24623,AGT152,2026-03-01,20292.41,30,2,No Answer,Unpaid,0.0
LN24624,AGT167,2026-03-01,2752.6,0,0,Promise To Pay,Paid,2752.6
LN24625,AGT151,2026-03-01,8059.91,0,0,No Answer,Paid,8059.91
LN24626,AGT102,2026-03-01,10740.2,0,0,Responsive,Paid,10740.2
LN24627,AGT109,2026-03-01,12759.65,15,1,No Answer,Unpaid,0.0
LN24628,AGT170,2026-03-01,15860.4,0,0,Responsive,Paid,15860.4
LN24629,AGT106,2026-03-01,28640.25,60,3,Promise To Pay,Partial,8592.07
LN24630,AGT112,2026-03-01,36529.49,90,4,Responsive,Paid,36529.49
LN24631,AGT174,2026-03-01,14142.42,30,2,Responsive,Partial,7071.21
LN24632,AGT146,2026-03-01,8658.09,0,0,Responsive,Paid,8658.09
LN24633,AGT130,2026-03-01,16150.79,30,2,Responsive,Paid,16150.79
LN24634,AGT158,2026-03-01,28539.53,60,3,Responsive,Paid,28539.53
LN24635,AGT141,2026-03-01,66191.9,30,2,No Answer,Unpaid,0.0
LN24636,AGT119,2026-03-01,5705.04,0,0,No Answer,Paid,5705.04
LN24637,AGT124,2026-03-01,13095.89,15,1,Promise To Pay,Partial,3928.77
LN24638,AGT103,2026-03-01,24950.81,60,3,Responsive,Paid,24950.81
LN24639,AGT174,2026-03-01,4009.27,0,0,No Answer,Paid,4009.27
LN24640,AGT100,2026-03-01,3096.6,0,0,Responsive,Paid,3096.6
LN24641,AGT149,2026-03-01,2519.52,30,2,No Answer,Unpaid,0.0
LN24642,AGT149,2026-03-01,827.48,0,0,Promise To Pay,Paid,827.48
LN24643,AGT156,2026-03-01,29060.77,60,3,Promise To Pay,Partial,8718.23
LN24644,AGT151,2026-03-01,19749.83,30,2,Promise To Pay,Partial,5924.95
LN24645,AGT103,2026-03-01,51761.83,30,2,Promise To Pay,Partial,15528.55
LN24646,AGT107,2026-03-01,1425.89,0,0,No Answer,Paid,1425.89
LN24647,AGT174,2026-03-01,7845.77,15,1,Promise To Pay,Partial,2353.73
LN24648,AGT162,2026-03-01,2651.0,0,0,Promise To Pay,Paid,2651.0
LN24649,AGT100,2026-03-01,12050.47,15,1,Responsive,Paid,12050.47
LN24650,AGT112,2026-03-01,7673.7,0,0,No Answer,Paid,7673.7
LN24651,AGT165,2026-03-01,30613.83,0,0,Responsive,Paid,30613.83
LN24652,AGT116,2026-03-01,27234.89,90,4,Promise To Pay,Partial,8170.47
LN24653,AGT138,2026-03-01,7482.05,15,1,Responsive,Paid,7482.05
LN24654,AGT162,2026-03-01,38081.01,90,4,Promise To Pay,Partial,11424.3
LN24655,AGT126,2026-03-01,5302.14,0,0,Responsive,Paid,5302.14
LN24656,AGT111,2026-03-01,27923.12,90,4,Responsive,Partial,13961.56
LN24657,AGT113,2026-03-01,45249.53,0,0,No Answer,Paid,45249.53
LN24658,AGT144,2026-03-01,8830.06,0,0,No Answer,Paid,8830.06
LN24659,AGT140,2026-03-01,44554.03,0,0,Promise To Pay,Paid,44554.03
LN24660,AGT162,2026-03-01,3713.54,15,1,Responsive,Partial,1856.77
LN24661,AGT113,2026-03-01,1965.16,0,0,No Answer,Paid,1965.16
LN24662,AGT139,2026-03-01,7076.58,60,3,Promise To Pay,Partial,2122.97
LN24663,AGT157,2026-03-01,2953.82,0,0,Promise To Pay,Paid,2953.82
LN24664,AGT135,2026-03-01,11802.19,0,0,No Answer,Paid,11802.19
LN24665,AGT135,2026-03-01,21333.5,90,4,No Answer,Unpaid,0.0
LN24666,AGT107,2026-03-01,23318.95,30,2,Promise To Pay,Partial,6995.69
LN24667,AGT128,2026-03-01,12017.65,15,1,No Answer,Unpaid,0.0
LN24668,AGT160,2026-03-01,19451.98,30,2,Responsive,Partial,9725.99
LN24669,AGT124,2026-03-01,14757.74,0,0,Promise To Pay,Paid,14757.74
LN24670,AGT141,2026-03-01,48467.06,90,4,No Answer,Unpaid,0.0
LN24671,AGT142,2026-03-01,20670.9,90,4,No Answer,Unpaid,0.0
LN24672,AGT150,2026-03-01,16127.19,30,2,No Answer,Unpaid,0.0
LN24673,AGT149,2026-03-01,9213.35,15,1,No Answer,Unpaid,0.0
LN24674,AGT135,2026-03-01,11259.7,0,0,Responsive,Paid,11259.7
LN24675,AGT115,2026-03-01,28645.71,0,0,Responsive,Paid,28645.71
LN24676,AGT171,2026-03-01,25577.05,0,0,No Answer,Paid,25577.05
LN24677,AGT103,2026-03-01,37218.19,0,0,No Answer,Paid,37218.19
LN24678,AGT131,2026-03-01,29344.74,60,3,Responsive,Partial,14672.37
LN24679,AGT144,2026-03-01,5896.23,0,0,Promise To Pay,Paid,5896.23
LN24680,AGT114,2026-03-01,5451.79,0,0,Responsive,Paid,5451.79
LN24681,AGT165,2026-03-01,33634.09,30,2,No Answer,Unpaid,0.0
LN24682,AGT114,2026-03-01,14947.47,0,0,Responsive,Paid,14947.47
LN24683,AGT158,2026-03-01,2639.13,15,1,No Answer,Unpaid,0.0
LN24684,AGT134,2026-03-01,13624.64,0,0,Promise To Pay,Paid,13624.64
LN24685,AGT118,2026-03-01,13512.52,30,2,Responsive,Paid,13512.52
LN24686,AGT116,2026-03-01,26064.28,0,0,Promise To Pay,Paid,26064.28
LN24687,AGT127,2026-03-01,5048.0,15,1,Promise To Pay,Partial,1514.4
LN24688,AGT157,2026-03-01,13717.39,0,0,No Answer,Paid,13717.39
LN24689,AGT155,2026-03-01,10821.43,15,1,No Answer,Unpaid,0.0
LN24690,AGT129,2026-03-01,14575.05,90,4,Responsive,Paid,14575.05
LN24691,AGT102,2026-03-01,16721.86,0,0,No Answer,Paid,16721.86
LN24692,AGT162,2026-03-01,10260.38,15,1,Promise To Pay,Partial,3078.11
LN24693,AGT113,2026-03-01,7029.91,0,0,Responsive,Paid,7029.91
LN24694,AGT136,2026-03-01,30918.76,0,0,Promise To Pay,Paid,30918.76
LN24695,AGT162,2026-03-01,23595.25,30,2,Promise To Pay,Partial,7078.57
LN24696,AGT156,2026-03-01,3571.72,15,1,No Answer,Unpaid,0.0
LN24697,AGT102,2026-03-01,25815.2,15,1,Responsive,Partial,12907.6
LN24698,AGT165,2026-03-01,7362.25,30,2,Promise To Pay,Partial,2208.67
LN24699,AGT119,2026-03-01,53077.72,90,4,No Answer,Unpaid,0.0
LN24700,AGT101,2026-03-01,4444.7,0,0,Responsive,Paid,4444.7
LN24701,AGT156,2026-03-01,11206.29,15,1,No Answer,Unpaid,0.0
LN24702,AGT173,2026-03-01,8262.33,0,0,Responsive,Paid,8262.33
LN24703,AGT142,2026-03-01,21991.0,0,0,Responsive,Paid,21991.0
LN24704,AGT165,2026-03-01,24157.62,15,1,Responsive,Partial,12078.81
LN24705,AGT153,2026-03-01,1772.64,0,0,No Answer,Paid,1772.64
LN24706,AGT169,2026-03-01,8794.37,0,0,No Answer,Paid,8794.37
LN24707,AGT118,2026-03-01,8233.3,15,1,Promise To Pay,Partial,2469.99
LN24708,AGT162,2026-03-01,7082.92,0,0,No Answer,Paid,7082.92
LN24709,AGT122,2026-03-01,28502.24,0,0,Responsive,Paid,28502.24
LN24710,AGT118,2026-03-01,11605.75,0,0,No Answer,Paid,11605.75
LN24711,AGT133,2026-03-01,3473.52,15,1,Responsive,Partial,1736.76
LN24712,AGT145,2026-03-01,6751.19,15,1,Responsive,Paid,6751.19
LN24713,AGT151,2026-03-01,25757.07,60,3,Promise To Pay,Partial,7727.12
LN24714,AGT139,2026-03-01,9660.43,0,0,No Answer,Paid,9660.43
LN24715,AGT126,2026-03-01,65765.0,90,4,No Answer,Unpaid,0.0
LN24716,AGT115,2026-03-01,23284.88,30,2,Responsive,Partial,11642.44
LN24717,AGT110,2026-03-01,6593.96,0,0,Responsive,Paid,6593.96
LN24718,AGT166,2026-03-01,87186.66,30,2,No Answer,Unpaid,0.0
LN24719,AGT134,2026-03-01,5639.06,15,1,Responsive,Partial,2819.53
LN24720,AGT133,2026-03-01,6935.23,15,1,No Answer,Unpaid,0.0
LN24721,AGT153,2026-03-01,20688.66,0,0,Promise To Pay,Paid,20688.66
LN24722,AGT126,2026-03-01,41878.92,60,3,Responsive,Partial,20939.46
LN24723,AGT167,2026-03-01,13585.37,15,1,No Answer,Unpaid,0.0
LN24724,AGT141,2026-03-01,9876.99,30,2,Responsive,Paid,9876.99
LN24725,AGT152,2026-03-01,28349.48,30,2,Promise To Pay,Partial,8504.84
LN24726,AGT136,2026-03-01,22247.82,30,2,No Answer,Unpaid,0.0
LN24727,AGT126,2026-03-01,22460.53,0,0,Promise To Pay,Paid,22460.53
LN24728,AGT122,2026-03-01,8480.52,0,0,No Answer,Paid,8480.52
LN24729,AGT149,2026-03-01,18406.38,90,4,Promise To Pay,Partial,5521.91
LN24730,AGT123,2026-03-01,5025.86,0,0,No Answer,Paid,5025.86
LN24731,AGT166,2026-03-01,5223.4,90,4,Promise To Pay,Partial,1567.02
LN24732,AGT133,2026-03-01,24214.32,30,2,Responsive,Partial,12107.16
LN24733,AGT160,2026-03-01,4116.14,0,0,Promise To Pay,Paid,4116.14
LN24734,AGT113,2026-03-01,3583.29,0,0,Promise To Pay,Paid,3583.29
LN24735,AGT169,2026-03-01,33056.5,60,3,No Answer,Unpaid,0.0
LN24736,AGT146,2026-03-01,16319.34,60,3,No Answer,Unpaid,0.0
LN24737,AGT132,2026-03-01,20550.58,60,3,No Answer,Unpaid,0.0
LN24738,AGT102,2026-03-01,3360.3,0,0,Responsive,Paid,3360.3
LN24739,AGT126,2026-03-01,1854.44,15,1,Promise To Pay,Partial,556.33
LN24740,AGT170,2026-03-01,1767.43,0,0,Promise To Pay,Paid,1767.43
LN24741,AGT154,2026-03-01,10763.85,60,3,Responsive,Partial,5381.93
LN24742,AGT149,2026-03-01,13598.06,0,0,Promise To Pay,Paid,13598.06
LN24743,AGT105,2026-03-01,6583.62,0,0,Promise To Pay,Paid,6583.62
LN24744,AGT152,2026-03-01,21067.64,15,1,Responsive,Partial,10533.82
LN24745,AGT133,2026-03-01,16719.67,0,0,Promise To Pay,Paid,16719.67
LN24746,AGT139,2026-03-01,26498.5,30,2,Promise To Pay,Partial,7949.55
LN24747,AGT152,2026-03-01,8609.9,0,0,No Answer,Paid,8609.9
LN24748,AGT167,2026-03-01,3253.2,15,1,Promise To Pay,Partial,975.96
LN24749,AGT158,2026-03-01,25557.82,30,2,Promise To Pay,Partial,7667.35
LN24750,AGT137,2026-03-01,12393.86,15,1,No Answer,Unpaid,0.0
LN24751,AGT150,2026-03-01,11839.52,15,1,Responsive,Paid,11839.52
LN24752,AGT145,2026-03-01,3197.82,30,2,Promise To Pay,Partial,959.35
LN24753,AGT169,2026-03-01,7782.88,30,2,Promise To Pay,Partial,2334.86
LN24754,AGT168,2026-03-01,43575.11,60,3,No Answer,Unpaid,0.0
LN24755,AGT157,2026-03-01,49412.2,30,2,Promise To Pay,Partial,14823.66
LN24756,AGT168,2026-03-01,25729.58,90,4,No Answer,Unpaid,0.0
LN24757,AGT167,2026-03-01,16759.34,0,0,Promise To Pay,Paid,16759.34
LN24758,AGT168,2026-03-01,9404.3,60,3,No Answer,Unpaid,0.0
LN24759,AGT149,2026-03-01,26530.94,30,2,Promise To Pay,Partial,7959.28
LN24760,AGT169,2026-03-01,7873.41,0,0,No Answer,Paid,7873.41
LN24761,AGT113,2026-03-01,17206.32,90,4,Responsive,Paid,17206.32
LN24762,AGT165,2026-03-01,11299.64,30,2,Promise To Pay,Partial,3389.89
LN24763,AGT104,2026-03-01,12846.71,0,0,Responsive,Paid,12846.71
LN24764,AGT136,2026-03-01,15042.49,15,1,Promise To Pay,Partial,4512.75
LN24765,AGT102,2026-03-01,61491.92,90,4,Promise To Pay,Partial,18447.58
LN24766,AGT157,2026-03-01,13551.73,0,0,Responsive,Paid,13551.73
LN24767,AGT143,2026-03-01,24519.52,30,2,No Answer,Unpaid,0.0
LN24768,AGT150,2026-03-01,8348.53,0,0,No Answer,Paid,8348.53
LN24769,AGT110,2026-03-01,4934.18,0,0,Promise To Pay,Paid,4934.18
LN24770,AGT118,2026-03-01,28749.4,0,0,Promise To Pay,Paid,28749.4
LN24771,AGT111,2026-03-01,3826.7,0,0,Promise To Pay,Paid,3826.7
LN24772,AGT107,2026-03-01,56702.92,90,4,No Answer,Unpaid,0.0
LN24773,AGT152,2026-03-01,62117.63,90,4,Promise To Pay,Partial,18635.29
LN24774,AGT106,2026-03-01,9773.83,60,3,Promise To Pay,Partial,2932.15
LN24775,AGT143,2026-03-01,6205.46,30,2,Promise To Pay,Partial,1861.64
LN24776,AGT116,2026-03-01,15838.37,30,2,Responsive,Partial,7919.19
LN24777,AGT112,2026-03-01,19106.88,15,1,Responsive,Partial,9553.44
LN24778,AGT137,2026-03-01,8220.14,0,0,No Answer,Paid,8220.14
LN24779,AGT113,2026-03-01,8818.99,0,0,Responsive,Paid,8818.99
LN24780,AGT160,2026-03-01,10231.54,0,0,Responsive,Paid,10231.54
LN24781,AGT132,2026-03-01,9054.36,0,0,Promise To Pay,Paid,9054.36
LN24782,AGT171,2026-03-01,13752.69,30,2,Responsive,Paid,13752.69
LN24783,AGT136,2026-03-01,16360.27,0,0,Promise To Pay,Paid,16360.27
LN24784,AGT166,2026-03-01,51107.54,90,4,Promise To Pay,Partial,15332.26
LN24785,AGT151,2026-03-01,4359.27,0,0,Responsive,Paid,4359.27
LN24786,AGT155,2026-03-01,27065.7,0,0,No Answer,Paid,27065.7
LN24787,AGT101,2026-03-01,6014.64,0,0,No Answer,Paid,6014.64
LN24788,AGT148,2026-03-01,20017.59,0,0,No Answer,Paid,20017.59
LN24789,AGT169,2026-03-01,39694.53,30,2,Promise To Pay,Partial,11908.36
LN24790,AGT125,2026-03-01,6994.62,0,0,Promise To Pay,Paid,6994.62
LN24791,AGT127,2026-03-01,42247.0,30,2,Promise To Pay,Partial,12674.1
LN24792,AGT124,2026-03-01,28086.14,0,0,Responsive,Paid,28086.14
LN24793,AGT169,2026-03-01,13425.98,0,0,Responsive,Paid,13425.98
LN24794,AGT166,2026-03-01,6563.2,30,2,No Answer,Unpaid,0.0
LN24795,AGT158,2026-03-01,2118.97,30,2,Responsive,Partial,1059.48
LN24796,AGT108,2026-03-01,40816.67,90,4,No Answer,Unpaid,0.0
LN24797,AGT115,2026-03-01,66125.49,60,3,Promise To Pay,Partial,19837.65
LN24798,AGT148,2026-03-01,7896.18,30,2,Responsive,Paid,7896.18
LN24799,AGT164,2026-03-01,9928.76,0,0,Responsive,Paid,9928.76
LN24800,AGT172,2026-03-01,2663.87,0,0,Promise To Pay,Paid,2663.87
LN24801,AGT172,2026-03-01,27159.19,30,2,Responsive,Paid,27159.19
LN24802,AGT100,2026-03-01,6644.96,0,0,Promise To Pay,Paid,6644.96
LN24803,AGT105,2026-03-01,5399.33,30,2,Promise To Pay,Partial,1619.8
LN24804,AGT109,2026-03-01,5165.94,30,2,Promise To Pay,Partial,1549.78
LN24805,AGT121,2026-03-01,2946.63,0,0,Promise To Pay,Paid,2946.63
LN24806,AGT135,2026-03-01,20810.32,30,2,Responsive,Paid,20810.32
LN24807,AGT113,2026-03-01,15123.16,90,4,Promise To Pay,Partial,4536.95
LN24808,AGT145,2026-03-01,15922.99,15,1,Responsive,Partial,7961.49
LN24809,AGT147,2026-03-01,35375.5,60,3,Promise To Pay,Partial,10612.65
LN24810,AGT139,2026-03-01,27160.31,90,4,No Answer,Unpaid,0.0
LN24811,AGT112,2026-03-01,21888.05,60,3,Promise To Pay,Partial,6566.41
LN24812,AGT115,2026-03-01,11296.1,0,0,Promise To Pay,Paid,11296.1
LN24813,AGT100,2026-03-01,25028.43,0,0,Responsive,Paid,25028.43
LN24814,AGT166,2026-03-01,11758.71,0,0,Promise To Pay,Paid,11758.71
LN24815,AGT134,2026-03-01,26634.62,15,1,Responsive,Partial,13317.31
LN24816,AGT121,2026-03-01,41285.69,60,3,Promise To Pay,Partial,12385.71
LN24817,AGT131,2026-03-01,2188.92,0,0,Promise To Pay,Paid,2188.92
LN24818,AGT116,2026-03-01,10386.62,0,0,Responsive,Paid,10386.62
LN24819,AGT152,2026-03-01,12164.4,15,1,Responsive,Paid,12164.4
LN24820,AGT110,2026-03-01,51723.19,90,4,No Answer,Unpaid,0.0
LN24821,AGT172,2026-03-01,19069.52,0,0,Responsive,Paid,19069.52
LN24822,AGT174,2026-03-01,65567.49,90,4,No Answer,Unpaid,0.0
LN24823,AGT157,2026-03-01,13478.85,15,1,Responsive,Paid,13478.85
LN24824,AGT126,2026-03-01,9187.96,15,1,Promise To Pay,Partial,2756.39
LN24825,AGT157,2026-03-01,16805.41,30,2,No Answer,Unpaid,0.0
LN24826,AGT148,2026-03-01,87778.87,90,4,No Answer,Unpaid,0.0
LN24827,AGT172,2026-03-01,1928.78,15,1,No Answer,Unpaid,0.0
LN24828,AGT161,2026-03-01,22088.92,30,2,No Answer,Unpaid,0.0
LN24829,AGT117,2026-03-01,19740.41,0,0,Promise To Pay,Paid,19740.41
LN24830,AGT108,2026-03-01,7432.24,0,0,Promise To Pay,Paid,7432.24
LN24831,AGT114,2026-03-01,932.25,15,1,Responsive,Partial,466.12
LN24832,AGT139,2026-03-01,3817.8,15,1,No Answer,Unpaid,0.0
LN24833,AGT102,2026-03-01,4282.21,0,0,Responsive,Paid,4282.21
LN24834,AGT103,2026-03-01,12192.12,0,0,Responsive,Paid,12192.12
LN24835,AGT108,2026-03-01,24531.41,60,3,Responsive,Paid,24531.41
LN24836,AGT104,2026-03-01,25856.14,0,0,Responsive,Paid,25856.14
LN24837,AGT136,2026-03-01,28313.33,60,3,Responsive,Partial,14156.67
LN24838,AGT174,2026-03-01,30983.04,90,4,Responsive,Paid,30983.04
LN24839,AGT111,2026-03-01,70695.45,30,2,Promise To Pay,Partial,21208.63
LN24840,AGT100,2026-03-01,10583.17,0,0,Responsive,Paid,10583.17
LN24841,AGT150,2026-03-01,13690.39,0,0,No Answer,Paid,13690.39
LN24842,AGT117,2026-03-01,3424.54,15,1,No Answer,Unpaid,0.0
LN24843,AGT148,2026-03-01,21631.75,0,0,No Answer,Paid,21631.75
LN24844,AGT121,2026-03-01,20295.87,15,1,Promise To Pay,Partial,6088.76
LN24845,AGT101,2026-03-01,7085.1,15,1,Promise To Pay,Partial,2125.53
LN24846,AGT107,2026-03-01,24113.0,15,1,Responsive,Paid,24113.0
LN24847,AGT109,2026-03-01,11902.35,0,0,No Answer,Paid,11902.35
LN24848,AGT103,2026-03-01,43037.19,60,3,No Answer,Unpaid,0.0
LN24849,AGT121,2026-03-01,7646.35,15,1,Promise To Pay,Partial,2293.91
LN24850,AGT153,2026-03-01,7706.64,0,0,No Answer,Paid,7706.64
LN24851,AGT171,2026-03-01,26778.81,15,1,No Answer,Unpaid,0.0
LN24852,AGT131,2026-03-01,30016.82,60,3,Responsive,Partial,15008.41
LN24853,AGT100,2026-03-01,17360.0,90,4,Responsive,Partial,8680.0
LN24854,AGT170,2026-03-01,14629.22,60,3,Responsive,Paid,14629.22
LN24855,AGT132,2026-03-01,1427.45,0,0,Promise To Pay,Paid,1427.45
LN24856,AGT141,2026-03-01,31378.18,60,3,No Answer,Unpaid,0.0
LN24857,AGT157,2026-03-01,13842.1,0,0,Promise To Pay,Paid,13842.1
LN24858,AGT139,2026-03-01,10930.07,0,0,No Answer,Paid,10930.07
LN24859,AGT132,2026-03-01,14837.29,0,0,No Answer,Paid,14837.29
LN24860,AGT113,2026-03-01,70246.72,60,3,Responsive,Paid,70246.72
LN24861,AGT154,2026-03-01,12947.64,0,0,Promise To Pay,Paid,12947.64
LN24862,AGT153,2026-03-01,45052.86,60,3,Promise To Pay,Partial,13515.86
LN24863,AGT112,2026-03-01,12370.71,15,1,Promise To Pay,Partial,3711.21
LN24864,AGT130,2026-03-01,18789.86,0,0,Promise To Pay,Paid,18789.86
LN24865,AGT143,2026-03-01,15225.22,0,0,Promise To Pay,Paid,15225.22
LN24866,AGT139,2026-03-01,11204.39,90,4,No Answer,Unpaid,0.0
LN24867,AGT145,2026-03-01,3224.24,30,2,No Answer,Unpaid,0.0
LN24868,AGT136,2026-03-01,9523.39,30,2,No Answer,Unpaid,0.0
LN24869,AGT161,2026-03-01,12468.54,0,0,No Answer,Paid,12468.54
LN24870,AGT125,2026-03-01,48496.73,0,0,Promise To Pay,Paid,48496.73
LN24871,AGT156,2026-03-01,5299.8,60,3,No Answer,Unpaid,0.0
LN24872,AGT110,2026-03-01,20183.45,0,0,No Answer,Paid,20183.45
LN24873,AGT124,2026-03-01,6686.64,15,1,Promise To Pay,Partial,2005.99
LN24874,AGT122,2026-03-01,10349.44,0,0,Responsive,Paid,10349.44
LN24875,AGT172,2026-03-01,4298.51,15,1,No Answer,Unpaid,0.0
LN24876,AGT170,2026-03-01,8715.34,15,1,Responsive,Paid,8715.34
LN24877,AGT104,2026-03-01,3664.76,15,1,No Answer,Unpaid,0.0
LN24878,AGT144,2026-03-01,8408.78,0,0,Responsive,Paid,8408.78
LN24879,AGT149,2026-03-01,89301.72,60,3,No Answer,Unpaid,0.0
LN24880,AGT107,2026-03-01,37464.28,0,0,Responsive,Paid,37464.28
LN24881,AGT108,2026-03-01,38723.74,90,4,Promise To Pay,Partial,11617.12
LN24882,AGT168,2026-03-01,11020.99,15,1,Promise To Pay,Partial,3306.3
LN24883,AGT165,2026-03-01,29735.0,60,3,No Answer,Unpaid,0.0
LN24884,AGT142,2026-03-01,31924.57,60,3,Responsive,Paid,31924.57
LN24885,AGT127,2026-03-01,7429.03,0,0,Responsive,Paid,7429.03
LN24886,AGT126,2026-03-01,2737.4,0,0,No Answer,Paid,2737.4
LN24887,AGT120,2026-03-01,61639.87,90,4,No Answer,Unpaid,0.0
LN24888,AGT154,2026-03-01,20086.61,0,0,Promise To Pay,Paid,20086.61
LN24889,AGT114,2026-03-01,19800.36,30,2,Promise To Pay,Partial,5940.11
LN24890,AGT168,2026-03-01,44458.48,60,3,No Answer,Unpaid,0.0
LN24891,AGT162,2026-03-01,9234.41,0,0,No Answer,Paid,9234.41
LN24892,AGT115,2026-03-01,29772.21,30,2,Promise To Pay,Partial,8931.66
LN24893,AGT154,2026-03-01,9778.06,0,0,No Answer,Paid,9778.06
LN24894,AGT160,2026-03-01,7545.1,0,0,No Answer,Paid,7545.1
LN24895,AGT127,2026-03-01,4011.39,0,0,Responsive,Paid,4011.39
LN24896,AGT100,2026-03-01,39566.23,60,3,Responsive,Paid,39566.23
LN24897,AGT162,2026-03-01,11165.53,0,0,No Answer,Paid,11165.53
LN24898,AGT117,2026-03-01,2799.76,0,0,No Answer,Paid,2799.76
LN24899,AGT114,2026-03-01,22800.79,0,0,Promise To Pay,Paid,22800.79
LN24900,AGT162,2026-03-01,23733.36,30,2,Promise To Pay,Partial,7120.01
LN24901,AGT163,2026-03-01,5623.64,0,0,No Answer,Paid,5623.64
LN24902,AGT145,2026-03-01,12762.7,60,3,Promise To Pay,Partial,3828.81
LN24903,AGT160,2026-03-01,5395.03,0,0,Responsive,Paid,5395.03
LN24904,AGT116,2026-03-01,42164.44,60,3,Responsive,Partial,21082.22
LN24905,AGT151,2026-03-01,3271.44,15,1,Promise To Pay,Partial,981.43
LN24906,AGT148,2026-03-01,7482.03,0,0,No Answer,Paid,7482.03
LN24907,AGT166,2026-03-01,45987.39,60,3,No Answer,Unpaid,0.0
LN24908,AGT144,2026-03-01,27433.74,60,3,Promise To Pay,Partial,8230.12
LN24909,AGT147,2026-03-01,10702.04,0,0,Responsive,Paid,10702.04
LN24910,AGT145,2026-03-01,12234.07,15,1,Responsive,Partial,6117.03
LN24911,AGT131,2026-03-01,12571.45,0,0,Promise To Pay,Paid,12571.45
LN24912,AGT171,2026-03-01,28868.16,90,4,Responsive,Paid,28868.16
LN24913,AGT154,2026-03-01,22217.31,30,2,Promise To Pay,Partial,6665.19
LN24914,AGT169,2026-03-01,54703.55,15,1,No Answer,Unpaid,0.0
LN24915,AGT147,2026-03-01,11957.0,15,1,No Answer,Unpaid,0.0
LN24916,AGT107,2026-03-01,28696.0,60,3,No Answer,Unpaid,0.0
LN24917,AGT157,2026-03-01,14122.16,30,2,Promise To Pay,Partial,4236.65
LN24918,AGT166,2026-03-01,4727.12,0,0,Responsive,Paid,4727.12
LN24919,AGT139,2026-03-01,1584.7,0,0,Promise To Pay,Paid,1584.7
LN24920,AGT163,2026-03-01,35968.13,90,4,Promise To Pay,Partial,10790.44
LN24921,AGT125,2026-03-01,53264.19,90,4,Promise To Pay,Partial,15979.26
LN24922,AGT145,2026-03-01,3442.48,0,0,Responsive,Paid,3442.48
LN24923,AGT118,2026-03-01,1746.69,0,0,No Answer,Paid,1746.69
LN24924,AGT164,2026-03-01,12537.01,0,0,Promise To Pay,Paid,12537.01
LN24925,AGT100,2026-03-01,54578.72,90,4,No Answer,Unpaid,0.0
LN24926,AGT167,2026-03-01,1815.47,0,0,No Answer,Paid,1815.47
LN24927,AGT161,2026-03-01,9838.19,0,0,Promise To Pay,Paid,9838.19
LN24928,AGT156,2026-03-01,27519.74,60,3,No Answer,Unpaid,0.0
LN24929,AGT118,2026-03-01,14136.5,0,0,Promise To Pay,Paid,14136.5
LN24930,AGT147,2026-03-01,22059.4,30,2,Promise To Pay,Partial,6617.82
LN24931,AGT106,2026-03-01,37327.24,30,2,Responsive,Partial,18663.62
LN24932,AGT101,2026-03-01,17859.35,15,1,Responsive,Paid,17859.35
LN24933,AGT149,2026-03-01,2529.37,0,0,No Answer,Paid,2529.37
LN24934,AGT172,2026-03-01,8849.4,15,1,No Answer,Unpaid,0.0
LN24935,AGT174,2026-03-01,3761.68,0,0,Promise To Pay,Paid,3761.68
LN24936,AGT163,2026-03-01,16746.14,0,0,Responsive,Paid,16746.14
LN24937,AGT132,2026-03-01,17948.39,15,1,No Answer,Unpaid,0.0
LN24938,AGT137,2026-03-01,7214.34,60,3,Promise To Pay,Partial,2164.3
LN24939,AGT122,2026-03-01,9063.83,15,1,Promise To Pay,Partial,2719.15
LN24940,AGT117,2026-03-01,29758.81,15,1,Responsive,Paid,29758.81
LN24941,AGT107,2026-03-01,27104.96,90,4,No Answer,Unpaid,0.0
LN24942,AGT107,2026-03-01,18173.25,0,0,No Answer,Paid,18173.25
LN24943,AGT153,2026-03-01,25650.57,60,3,Responsive,Partial,12825.28
LN24944,AGT135,2026-03-01,18263.41,0,0,Responsive,Paid,18263.41
LN24945,AGT138,2026-03-01,77279.81,30,2,Promise To Pay,Partial,23183.94
LN24946,AGT148,2026-03-01,28885.31,30,2,No Answer,Unpaid,0.0
LN24947,AGT163,2026-03-01,6376.14,0,0,Promise To Pay,Paid,6376.14
LN24948,AGT130,2026-03-01,5621.45,0,0,No Answer,Paid,5621.45
LN24949,AGT169,2026-03-01,25143.01,90,4,Promise To Pay,Partial,7542.9
LN24950,AGT118,2026-03-01,35879.71,90,4,Promise To Pay,Partial,10763.91
LN24951,AGT171,2026-03-01,13857.9,0,0,Promise To Pay,Paid,13857.9
LN24952,AGT148,2026-03-01,11102.05,15,1,Responsive,Paid,11102.05
LN24953,AGT159,2026-03-01,4775.94,0,0,Responsive,Paid,4775.94
LN24954,AGT112,2026-03-01,2544.32,0,0,Promise To Pay,Paid,2544.32
LN24955,AGT150,2026-03-01,1520.38,0,0,Responsive,Paid,1520.38
LN24956,AGT118,2026-03-01,10188.57,15,1,Responsive,Partial,5094.28
LN24957,AGT109,2026-03-01,5054.55,0,0,No Answer,Paid,5054.55
LN24958,AGT132,2026-03-01,3827.55,0,0,No Answer,Paid,3827.55
LN24959,AGT122,2026-03-01,7354.53,0,0,Responsive,Paid,7354.53
LN24960,AGT161,2026-03-01,30663.33,0,0,No Answer,Paid,30663.33
LN24961,AGT111,2026-03-01,24547.53,15,1,No Answer,Unpaid,0.0
LN24962,AGT107,2026-03-01,3906.25,0,0,Promise To Pay,Paid,3906.25
LN24963,AGT131,2026-03-01,12062.51,0,0,No Answer,Paid,12062.51
LN24964,AGT173,2026-03-01,24822.62,30,2,No Answer,Unpaid,0.0
LN24965,AGT124,2026-03-01,23353.35,30,2,Responsive,Paid,23353.35
LN24966,AGT122,2026-03-01,6862.24,15,1,Responsive,Partial,3431.12
LN24967,AGT139,2026-03-01,79862.86,30,2,Promise To Pay,Partial,23958.86
LN24968,AGT102,2026-03-01,11621.98,15,1,Promise To Pay,Partial,3486.59
LN24969,AGT119,2026-03-01,4900.75,0,0,Responsive,Paid,4900.75
LN24970,AGT146,2026-03-01,60313.57,30,2,Promise To Pay,Partial,18094.07
LN24971,AGT125,2026-03-01,27892.19,15,1,Promise To Pay,Partial,8367.66
LN24972,AGT126,2026-03-01,23046.63,30,2,Responsive,Paid,23046.63
LN24973,AGT125,2026-03-01,24346.5,30,2,No Answer,Unpaid,0.0
LN24974,AGT122,2026-03-01,23284.36,30,2,Responsive,Partial,11642.18
LN24975,AGT135,2026-03-01,10473.41,0,0,No Answer,Paid,10473.41
LN24976,AGT105,2026-03-01,2121.98,0,0,Responsive,Paid,2121.98
LN24977,AGT131,2026-03-01,37798.59,30,2,Promise To Pay,Partial,11339.58
LN24978,AGT133,2026-03-01,63315.53,90,4,Promise To Pay,Partial,18994.66
LN24979,AGT137,2026-03-01,7286.04,0,0,No Answer,Paid,7286.04
LN24980,AGT174,2026-03-01,13489.71,60,3,No Answer,Unpaid,0.0
LN24981,AGT145,2026-03-01,49785.82,90,4,Responsive,Paid,49785.82
LN24982,AGT105,2026-03-01,8902.13,30,2,No Answer,Unpaid,0.0
LN24983,AGT104,2026-03-01,9809.13,0,0,Responsive,Paid,9809.13
LN24984,AGT165,2026-03-01,28171.32,30,2,Responsive,Paid,28171.32
LN24985,AGT149,2026-03-01,25713.07,15,1,Promise To Pay,Partial,7713.92
LN24986,AGT123,2026-03-01,22284.59,60,3,Responsive,Paid,22284.59
LN24987,AGT145,2026-03-01,45369.98,90,4,Responsive,Partial,22684.99
LN24988,AGT134,2026-03-01,10661.77,15,1,No Answer,Unpaid,0.0
LN24989,AGT170,2026-03-01,2819.57,0,0,Promise To Pay,Paid,2819.57
LN24990,AGT133,2026-03-01,17283.5,30,2,Responsive,Partial,8641.75
LN24991,AGT112,2026-03-01,16388.77,60,3,Promise To Pay,Partial,4916.63
LN24992,AGT116,2026-03-01,28935.81,30,2,Promise To Pay,Partial,8680.74
LN24993,AGT115,2026-03-01,18079.62,30,2,Promise To Pay,Partial,5423.89
LN24994,AGT164,2026-03-01,10557.3,0,0,Responsive,Paid,10557.3
LN24995,AGT141,2026-03-01,6645.36,15,1,Promise To Pay,Partial,1993.61
LN24996,AGT152,2026-03-01,8853.66,0,0,Promise To Pay,Paid,8853.66
LN24997,AGT168,2026-03-01,8661.83,0,0,No Answer,Paid,8661.83
LN24998,AGT102,2026-03-01,6277.35,0,0,Promise To Pay,Paid,6277.35
LN24999,AGT111,2026-03-01,38716.05,90,4,Promise To Pay,Partial,11614.82
LN25000,AGT140,2026-03-01,45325.23,60,3,Responsive,Paid,45325.23
LN25001,AGT150,2026-03-01,6882.18,0,0,Responsive,Paid,6882.18
LN25002,AGT100,2026-03-01,42071.33,90,4,Responsive,Paid,42071.33
LN25003,AGT153,2026-03-01,11671.47,15,1,No Answer,Unpaid,0.0
LN25004,AGT127,2026-03-01,41018.86,90,4,Responsive,Paid,41018.86
LN25005,AGT137,2026-03-01,18615.1,0,0,Promise To Pay,Paid,18615.1
LN25006,AGT138,2026-03-01,12418.16,30,2,No Answer,Unpaid,0.0
LN25007,AGT158,2026-03-01,68939.8,90,4,No Answer,Unpaid,0.0
LN25008,AGT117,2026-03-01,14099.97,0,0,Promise To Pay,Paid,14099.97
LN25009,AGT121,2026-03-01,36158.55,60,3,Promise To Pay,Partial,10847.57
LN25010,AGT110,2026-03-01,132609.68,90,4,No Answer,Unpaid,0.0
LN25011,AGT164,2026-03-01,18506.44,30,2,Promise To Pay,Partial,5551.93
LN25012,AGT103,2026-03-01,23134.06,60,3,Promise To Pay,Partial,6940.22
LN25013,AGT144,2026-03-01,113484.67,60,3,Promise To Pay,Partial,34045.4
LN25014,AGT120,2026-03-01,3274.96,15,1,Promise To Pay,Partial,982.49
LN25015,AGT117,2026-03-01,40246.45,30,2,Promise To Pay,Partial,12073.93
LN25016,AGT142,2026-03-01,3953.97,30,2,Responsive,Partial,1976.98
LN25017,AGT151,2026-03-01,5419.34,0,0,No Answer,Paid,5419.34
LN25018,AGT160,2026-03-01,11018.0,0,0,Responsive,Paid,11018.0
LN25019,AGT142,2026-03-01,16359.78,0,0,No Answer,Paid,16359.78
LN25020,AGT167,2026-03-01,4384.83,0,0,No Answer,Paid,4384.83
LN25021,AGT164,2026-03-01,14224.01,90,4,Responsive,Partial,7112.01
LN25022,AGT134,2026-03-01,23762.1,0,0,Promise To Pay,Paid,23762.1
LN25023,AGT152,2026-03-01,2880.28,0,0,No Answer,Paid,2880.28
LN25024,AGT150,2026-03-01,4391.6,0,0,Promise To Pay,Paid,4391.6
LN25025,AGT160,2026-03-01,4933.87,0,0,No Answer,Paid,4933.87
LN25026,AGT172,2026-03-01,19789.55,30,2,Responsive,Partial,9894.77
LN25027,AGT130,2026-03-01,9584.03,0,0,Promise To Pay,Paid,9584.03
LN25028,AGT149,2026-03-01,33378.82,0,0,Responsive,Paid,33378.82
LN25029,AGT110,2026-03-01,9181.34,0,0,Responsive,Paid,9181.34
LN25030,AGT130,2026-03-01,3830.67,30,2,No Answer,Unpaid,0.0
LN25031,AGT148,2026-03-01,2807.14,0,0,Promise To Pay,Paid,2807.14
LN25032,AGT121,2026-03-01,35034.65,90,4,No Answer,Unpaid,0.0
LN25033,AGT150,2026-03-01,12158.75,0,0,Responsive,Paid,12158.75
LN25034,AGT130,2026-03-01,17171.87,0,0,Responsive,Paid,17171.87
LN25035,AGT107,2026-03-01,11607.84,0,0,Promise To Pay,Paid,11607.84
LN25036,AGT108,2026-03-01,10289.06,0,0,Responsive,Paid,10289.06
LN25037,AGT142,2026-03-01,45071.77,0,0,No Answer,Paid,45071.77
LN25038,AGT123,2026-03-01,8203.0,0,0,No Answer,Paid,8203.0
LN25039,AGT118,2026-03-01,2802.42,15,1,Responsive,Paid,2802.42
LN25040,AGT161,2026-03-01,45945.49,90,4,Promise To Pay,Partial,13783.65
LN25041,AGT129,2026-03-01,15099.18,30,2,No Answer,Unpaid,0.0
LN25042,AGT101,2026-03-01,4593.74,0,0,Promise To Pay,Paid,4593.74
LN25043,AGT138,2026-03-01,5752.94,30,2,No Answer,Unpaid,0.0
LN25044,AGT127,2026-03-01,29031.63,90,4,No Answer,Unpaid,0.0
LN25045,AGT148,2026-03-01,12955.93,0,0,No Answer,Paid,12955.93
LN25046,AGT173,2026-03-01,45807.49,30,2,No Answer,Unpaid,0.0
LN25047,AGT109,2026-03-01,3403.46,0,0,Promise To Pay,Paid,3403.46
LN25048,AGT103,2026-03-01,153415.29,90,4,Promise To Pay,Partial,46024.59
LN25049,AGT119,2026-03-01,67262.17,30,2,Promise To Pay,Partial,20178.65
LN25050,AGT105,2026-03-01,4891.54,30,2,Responsive,Partial,2445.77
LN25051,AGT133,2026-03-01,36442.67,15,1,No Answer,Unpaid,0.0
LN25052,AGT118,2026-03-01,1276.01,15,1,No Answer,Unpaid,0.0
LN25053,AGT122,2026-03-01,7710.96,0,0,Promise To Pay,Paid,7710.96
LN25054,AGT107,2026-03-01,2962.37,15,1,Responsive,Paid,2962.37
LN25055,AGT164,2026-03-01,1838.32,15,1,Promise To Pay,Partial,551.5
LN25056,AGT152,2026-03-01,11057.67,60,3,Responsive,Paid,11057.67
LN25057,AGT104,2026-03-01,10808.12,15,1,Responsive,Paid,10808.12
LN25058,AGT171,2026-03-01,6025.7,30,2,No Answer,Unpaid,0.0
LN25059,AGT116,2026-03-01,7899.17,15,1,Responsive,Partial,3949.59
LN25060,AGT131,2026-03-01,34636.73,30,2,No Answer,Unpaid,0.0
LN25061,AGT151,2026-03-01,4894.24,0,0,Responsive,Paid,4894.24
LN25062,AGT158,2026-03-01,12210.8,15,1,No Answer,Unpaid,0.0
LN25063,AGT125,2026-03-01,28699.45,30,2,Promise To Pay,Partial,8609.83
LN25064,AGT172,2026-03-01,21789.5,60,3,Responsive,Partial,10894.75
LN25065,AGT143,2026-03-01,15095.58,0,0,No Answer,Paid,15095.58
LN25066,AGT135,2026-03-01,81238.03,60,3,Responsive,Partial,40619.01
LN25067,AGT103,2026-03-01,7282.7,30,2,No Answer,Unpaid,0.0
LN25068,AGT101,2026-03-01,90842.15,60,3,Responsive,Partial,45421.07
LN25069,AGT113,2026-03-01,17436.19,30,2,Responsive,Partial,8718.09
LN25070,AGT107,2026-03-01,4305.08,0,0,Responsive,Paid,4305.08
LN25071,AGT142,2026-03-01,62862.95,90,4,No Answer,Unpaid,0.0
LN25072,AGT106,2026-03-01,2844.64,15,1,No Answer,Unpaid,0.0
LN25073,AGT154,2026-03-01,1645.57,15,1,Promise To Pay,Partial,493.67
LN25074,AGT173,2026-03-01,7580.04,0,0,Responsive,Paid,7580.04
LN25075,AGT172,2026-03-01,8730.54,0,0,Promise To Pay,Paid,8730.54
LN25076,AGT155,2026-03-01,7268.57,0,0,Responsive,Paid,7268.57
LN25077,AGT123,2026-03-01,15772.4,30,2,Responsive,Paid,15772.4
LN25078,AGT128,2026-03-01,39903.86,90,4,No Answer,Unpaid,0.0
LN25079,AGT122,2026-03-01,17630.09,0,0,Promise To Pay,Paid,17630.09
LN25080,AGT121,2026-03-01,7849.53,0,0,No Answer,Paid,7849.53
LN25081,AGT115,2026-03-01,7870.07,0,0,Promise To Pay,Paid,7870.07
LN25082,AGT111,2026-03-01,11368.09,0,0,No Answer,Paid,11368.09
LN25083,AGT111,2026-03-01,5928.48,30,2,Promise To Pay,Partial,1778.54
LN25084,AGT146,2026-03-01,6896.79,0,0,Responsive,Paid,6896.79
LN25085,AGT123,2026-03-01,9947.64,0,0,Responsive,Paid,9947.64
LN25086,AGT132,2026-03-01,17162.18,30,2,Promise To Pay,Partial,5148.65
LN25087,AGT141,2026-03-01,13748.75,0,0,Responsive,Paid,13748.75
LN25088,AGT132,2026-03-01,13487.96,0,0,Promise To Pay,Paid,13487.96
LN25089,AGT113,2026-03-01,15316.26,15,1,No Answer,Unpaid,0.0
LN25090,AGT157,2026-03-01,8239.79,0,0,Responsive,Paid,8239.79
LN25091,AGT104,2026-03-01,5454.68,0,0,No Answer,Paid,5454.68
LN25092,AGT127,2026-03-01,1383.25,0,0,Promise To Pay,Paid,1383.25
LN25093,AGT138,2026-03-01,23514.14,0,0,Responsive,Paid,23514.14
LN25094,AGT128,2026-03-01,21818.07,0,0,Responsive,Paid,21818.07
LN25095,AGT157,2026-03-01,6906.9,0,0,Promise To Pay,Paid,6906.9
LN25096,AGT161,2026-03-01,22245.27,30,2,Responsive,Partial,11122.64
LN25097,AGT113,2026-03-01,5908.81,15,1,No Answer,Unpaid,0.0
LN25098,AGT116,2026-03-01,9151.39,30,2,Responsive,Partial,4575.69
LN25099,AGT147,2026-03-01,40286.92,15,1,Promise To Pay,Partial,12086.08
LN25100,AGT120,2026-03-01,15007.44,0,0,No Answer,Paid,15007.44
LN25101,AGT157,2026-03-01,6068.89,0,0,Promise To Pay,Paid,6068.89
LN25102,AGT171,2026-03-01,9482.7,0,0,No Answer,Paid,9482.7
LN25103,AGT156,2026-03-01,22294.56,0,0,No Answer,Paid,22294.56
LN25104,AGT121,2026-03-01,35337.49,60,3,Promise To Pay,Partial,10601.25
LN25105,AGT166,2026-03-01,17662.12,0,0,No Answer,Paid,17662.12
LN25106,AGT127,2026-03-01,13300.74,0,0,Responsive,Paid,13300.74
LN25107,AGT132,2026-03-01,2058.48,0,0,No Answer,Paid,2058.48
LN25108,AGT157,2026-03-01,9815.37,0,0,Promise To Pay,Paid,9815.37
LN25109,AGT119,2026-03-01,9078.23,15,1,Responsive,Paid,9078.23
LN25110,AGT145,2026-03-01,15118.56,0,0,Promise To Pay,Paid,15118.56
LN25111,AGT111,2026-03-01,6922.48,0,0,Responsive,Paid,6922.48
LN25112,AGT132,2026-03-01,5743.7,0,0,Responsive,Paid,5743.7
LN25113,AGT117,2026-03-01,6842.72,15,1,Promise To Pay,Partial,2052.82
LN25114,AGT103,2026-03-01,14026.11,30,2,No Answer,Unpaid,0.0
LN25115,AGT167,2026-03-01,16499.13,90,4,Responsive,Paid,16499.13
LN25116,AGT172,2026-03-01,4002.24,15,1,Responsive,Partial,2001.12
LN25117,AGT118,2026-03-01,12381.85,0,0,No Answer,Paid,12381.85
LN25118,AGT135,2026-03-01,95237.43,90,4,Promise To Pay,Partial,28571.23
LN25119,AGT117,2026-03-01,37567.48,60,3,Responsive,Paid,37567.48
LN25120,AGT112,2026-03-01,37050.07,60,3,Promise To Pay,Partial,11115.02
LN25121,AGT173,2026-03-01,13056.45,30,2,Responsive,Partial,6528.23
LN25122,AGT164,2026-03-01,15164.58,0,0,No Answer,Paid,15164.58
LN25123,AGT133,2026-03-01,22836.14,0,0,No Answer,Paid,22836.14
LN25124,AGT150,2026-03-01,9433.67,30,2,Promise To Pay,Partial,2830.1
LN25125,AGT129,2026-03-01,5659.9,0,0,Responsive,Paid,5659.9
LN25126,AGT156,2026-03-01,9723.08,0,0,Promise To Pay,Paid,9723.08
LN25127,AGT159,2026-03-01,3937.08,15,1,Responsive,Paid,3937.08
LN25128,AGT158,2026-03-01,1618.08,15,1,Responsive,Paid,1618.08
LN25129,AGT153,2026-03-01,3579.54,15,1,No Answer,Unpaid,0.0
LN25130,AGT145,2026-03-01,23250.04,90,4,Promise To Pay,Partial,6975.01
LN25131,AGT156,2026-03-01,4611.77,15,1,Promise To Pay,Partial,1383.53
LN25132,AGT111,2026-03-01,27192.24,30,2,Promise To Pay,Partial,8157.67
LN25133,AGT103,2026-03-01,34772.77,30,2,Responsive,Partial,17386.38
LN25134,AGT151,2026-03-01,14784.35,90,4,No Answer,Unpaid,0.0
LN25135,AGT146,2026-03-01,3893.17,15,1,Responsive,Paid,3893.17
LN25136,AGT124,2026-03-01,8721.22,15,1,Promise To Pay,Partial,2616.37
LN25137,AGT113,2026-03-01,14284.63,15,1,Responsive,Partial,7142.31
LN25138,AGT167,2026-03-01,17772.44,60,3,Promise To Pay,Partial,5331.73
LN25139,AGT127,2026-03-01,8750.38,0,0,Responsive,Paid,8750.38
LN25140,AGT151,2026-03-01,32653.08,15,1,No Answer,Unpaid,0.0
LN25141,AGT132,2026-03-01,22464.65,30,2,Promise To Pay,Partial,6739.4
LN25142,AGT126,2026-03-01,26013.17,30,2,Promise To Pay,Partial,7803.95
LN25143,AGT119,2026-03-01,14623.52,30,2,No Answer,Unpaid,0.0
LN25144,AGT114,2026-03-01,11220.62,0,0,No Answer,Paid,11220.62
LN25145,AGT174,2026-03-01,83714.12,90,4,Promise To Pay,Partial,25114.24
LN25146,AGT126,2026-03-01,26523.88,30,2,No Answer,Unpaid,0.0
LN25147,AGT168,2026-03-01,2160.67,15,1,Responsive,Paid,2160.67
LN25148,AGT165,2026-03-01,21417.08,30,2,Promise To Pay,Partial,6425.12
LN25149,AGT160,2026-03-01,22296.35,60,3,Responsive,Partial,11148.17
LN25150,AGT144,2026-03-01,52372.49,90,4,Promise To Pay,Partial,15711.75
LN25151,AGT168,2026-03-01,10815.22,0,0,Responsive,Paid,10815.22
LN25152,AGT106,2026-03-01,9636.32,90,4,Responsive,Paid,9636.32
LN25153,AGT118,2026-03-01,14650.63,0,0,Responsive,Paid,14650.63
LN25154,AGT109,2026-03-01,6358.58,0,0,Responsive,Paid,6358.58
LN25155,AGT170,2026-03-01,4825.24,0,0,Responsive,Paid,4825.24
LN25156,AGT132,2026-03-01,3452.86,0,0,Promise To Pay,Paid,3452.86
LN25157,AGT127,2026-03-01,19368.72,30,2,No Answer,Unpaid,0.0
LN25158,AGT130,2026-03-01,15700.44,30,2,Promise To Pay,Partial,4710.13
LN25159,AGT142,2026-03-01,35317.79,30,2,No Answer,Unpaid,0.0
LN25160,AGT145,2026-03-01,10058.35,0,0,No Answer,Paid,10058.35
LN25161,AGT164,2026-03-01,10211.83,0,0,Promise To Pay,Paid,10211.83
LN25162,AGT116,2026-03-01,33109.0,0,0,No Answer,Paid,33109.0
LN25163,AGT102,2026-03-01,8227.53,60,3,No Answer,Unpaid,0.0
LN25164,AGT155,2026-03-01,3172.85,30,2,No Answer,Unpaid,0.0
LN25165,AGT104,2026-03-01,11527.79,15,1,No Answer,Unpaid,0.0
LN25166,AGT174,2026-03-01,2369.45,0,0,No Answer,Paid,2369.45
LN25167,AGT115,2026-03-01,7701.24,90,4,Responsive,Partial,3850.62
LN25168,AGT118,2026-03-01,14350.76,30,2,Responsive,Paid,14350.76
LN25169,AGT134,2026-03-01,2384.96,15,1,Promise To Pay,Partial,715.49
LN25170,AGT161,2026-03-01,36819.82,60,3,No Answer,Unpaid,0.0
LN25171,AGT174,2026-03-01,11463.2,15,1,Responsive,Partial,5731.6
LN25172,AGT174,2026-03-01,24679.92,60,3,Responsive,Partial,12339.96
LN25173,AGT150,2026-03-01,18689.4,30,2,No Answer,Unpaid,0.0
LN25174,AGT144,2026-03-01,30455.33,90,4,No Answer,Unpaid,0.0
LN25175,AGT144,2026-03-01,28287.03,90,4,Promise To Pay,Partial,8486.11
LN25176,AGT164,2026-03-01,21286.81,30,2,No Answer,Unpaid,0.0
LN25177,AGT129,2026-03-01,33827.6,30,2,Responsive,Paid,33827.6
LN25178,AGT171,2026-03-01,27114.36,0,0,No Answer,Paid,27114.36
LN25179,AGT103,2026-03-01,6288.55,60,3,Responsive,Partial,3144.28
LN25180,AGT136,2026-03-01,25601.13,90,4,No Answer,Unpaid,0.0
LN25181,AGT163,2026-03-01,7000.05,0,0,No Answer,Paid,7000.05
LN25182,AGT135,2026-03-01,34542.56,0,0,No Answer,Paid,34542.56
LN25183,AGT150,2026-03-01,5306.01,15,1,No Answer,Unpaid,0.0
LN25184,AGT114,2026-03-01,10420.38,0,0,Promise To Pay,Paid,10420.38
LN25185,AGT102,2026-03-01,7748.96,60,3,Promise To Pay,Partial,2324.69
LN25186,AGT104,2026-03-01,10017.97,0,0,Promise To Pay,Paid,10017.97
LN25187,AGT104,2026-03-01,30565.27,0,0,Responsive,Paid,30565.27
LN25188,AGT136,2026-03-01,12185.88,0,0,Promise To Pay,Paid,12185.88
LN25189,AGT139,2026-03-01,7660.02,30,2,Responsive,Paid,7660.02
LN25190,AGT165,2026-03-01,8145.16,0,0,Promise To Pay,Paid,8145.16
LN25191,AGT137,2026-03-01,12652.8,30,2,Promise To Pay,Partial,3795.84
LN25192,AGT132,2026-03-01,62697.28,60,3,Responsive,Partial,31348.64
LN25193,AGT125,2026-03-01,5786.6,15,1,Promise To Pay,Partial,1735.98
LN25194,AGT171,2026-03-01,50079.42,90,4,Promise To Pay,Partial,15023.83
LN25195,AGT116,2026-03-01,10049.85,15,1,No Answer,Unpaid,0.0
LN25196,AGT147,2026-03-01,24261.56,15,1,No Answer,Unpaid,0.0
LN25197,AGT129,2026-03-01,86911.93,60,3,Responsive,Paid,86911.93
LN25198,AGT126,2026-03-01,48086.82,60,3,Responsive,Partial,24043.41
LN25199,AGT108,2026-03-01,3382.98,30,2,No Answer,Unpaid,0.0
LN25200,AGT169,2026-03-01,6596.01,0,0,Responsive,Paid,6596.01
LN25201,AGT108,2026-03-01,9123.73,0,0,Promise To Pay,Paid,9123.73
LN25202,AGT125,2026-03-01,12280.72,30,2,Responsive,Partial,6140.36
LN25203,AGT113,2026-03-01,19092.08,30,2,No Answer,Unpaid,0.0
LN25204,AGT169,2026-03-01,9792.3,0,0,No Answer,Paid,9792.3
LN25205,AGT101,2026-03-01,2846.79,0,0,Promise To Pay,Paid,2846.79
LN25206,AGT139,2026-03-01,6179.59,0,0,Responsive,Paid,6179.59
LN25207,AGT110,2026-03-01,7643.41,0,0,No Answer,Paid,7643.41
LN25208,AGT161,2026-03-01,17376.06,90,4,Responsive,Partial,8688.03
LN25209,AGT108,2026-03-01,21040.67,90,4,Promise To Pay,Partial,6312.2
LN25210,AGT150,2026-03-01,5297.63,15,1,No Answer,Unpaid,0.0
LN25211,AGT144,2026-03-01,9722.29,0,0,Responsive,Paid,9722.29
LN25212,AGT102,2026-03-01,2509.72,0,0,Responsive,Paid,2509.72
LN25213,AGT110,2026-03-01,102362.78,30,2,No Answer,Unpaid,0.0
LN25214,AGT124,2026-03-01,13383.32,0,0,Responsive,Paid,13383.32
LN25215,AGT133,2026-03-01,2025.17,0,0,Promise To Pay,Paid,2025.17
LN25216,AGT168,2026-03-01,47091.8,60,3,Promise To Pay,Partial,14127.54
LN25217,AGT158,2026-03-01,15458.38,15,1,Responsive,Partial,7729.19
LN25218,AGT130,2026-03-01,14366.66,30,2,Promise To Pay,Partial,4310.0
LN25219,AGT148,2026-03-01,40307.22,60,3,Promise To Pay,Partial,12092.17
LN25220,AGT119,2026-03-01,5175.92,15,1,Promise To Pay,Partial,1552.78
LN25221,AGT131,2026-03-01,11514.18,0,0,No Answer,Paid,11514.18
LN25222,AGT165,2026-03-01,3980.43,15,1,Responsive,Paid,3980.43
LN25223,AGT135,2026-03-01,9866.53,30,2,No Answer,Unpaid,0.0
LN25224,AGT107,2026-03-01,11119.64,0,0,Responsive,Paid,11119.64
LN25225,AGT134,2026-03-01,32220.77,30,2,No Answer,Unpaid,0.0
LN25226,AGT117,2026-03-01,4260.3,15,1,Promise To Pay,Partial,1278.09
LN25227,AGT168,2026-03-01,9568.75,0,0,Responsive,Paid,9568.75
LN25228,AGT102,2026-03-01,8929.79,15,1,Promise To Pay,Partial,2678.94
LN25229,AGT134,2026-03-01,8118.41,0,0,Promise To Pay,Paid,8118.41
LN25230,AGT105,2026-03-01,3592.28,0,0,Responsive,Paid,3592.28
LN25231,AGT154,2026-03-01,6942.73,0,0,No Answer,Paid,6942.73
LN25232,AGT167,2026-03-01,24348.83,0,0,Responsive,Paid,24348.83
LN25233,AGT147,2026-03-01,4777.5,15,1,Responsive,Paid,4777.5
LN25234,AGT118,2026-03-01,16007.62,0,0,Promise To Pay,Paid,16007.62
LN25235,AGT150,2026-03-01,21057.43,30,2,Promise To Pay,Partial,6317.23
LN25236,AGT124,2026-03-01,9597.06,0,0,Promise To Pay,Paid,9597.06
LN25237,AGT141,2026-03-01,10114.77,0,0,Promise To Pay,Paid,10114.77
LN25238,AGT157,2026-03-01,6570.92,15,1,Promise To Pay,Partial,1971.28
LN25239,AGT147,2026-03-01,3472.47,0,0,Responsive,Paid,3472.47
LN25240,AGT159,2026-03-01,8278.18,0,0,Responsive,Paid,8278.18
LN25241,AGT133,2026-03-01,5836.18,15,1,Promise To Pay,Partial,1750.85
LN25242,AGT108,2026-03-01,26414.06,0,0,No Answer,Paid,26414.06
LN25243,AGT128,2026-03-01,17868.16,30,2,Responsive,Partial,8934.08
LN25244,AGT100,2026-03-01,3041.19,15,1,Promise To Pay,Partial,912.36
LN25245,AGT166,2026-03-01,4746.42,15,1,No Answer,Unpaid,0.0
LN25246,AGT172,2026-03-01,3706.66,0,0,Responsive,Paid,3706.66
LN25247,AGT165,2026-03-01,26919.08,15,1,No Answer,Unpaid,0.0
LN25248,AGT102,2026-03-01,21278.12,60,3,Responsive,Partial,10639.06
LN25249,AGT146,2026-03-01,15177.09,90,4,No Answer,Unpaid,0.0
LN25250,AGT131,2026-03-01,12941.05,15,1,Responsive,Paid,12941.05
LN25251,AGT115,2026-03-01,2958.18,0,0,Promise To Pay,Paid,2958.18
LN25252,AGT154,2026-03-01,11152.46,15,1,No Answer,Unpaid,0.0
LN25253,AGT119,2026-03-01,5380.02,0,0,Responsive,Paid,5380.02
LN25254,AGT170,2026-03-01,6578.32,0,0,Promise To Pay,Paid,6578.32
LN25255,AGT114,2026-03-01,3093.81,0,0,Promise To Pay,Paid,3093.81
LN25256,AGT169,2026-03-01,3258.52,0,0,No Answer,Paid,3258.52
LN25257,AGT158,2026-03-01,20534.85,0,0,Promise To Pay,Paid,20534.85
LN25258,AGT117,2026-03-01,5591.53,0,0,Promise To Pay,Paid,5591.53
LN25259,AGT146,2026-03-01,45741.57,60,3,Responsive,Paid,45741.57
LN25260,AGT119,2026-03-01,9465.57,0,0,No Answer,Paid,9465.57
LN25261,AGT139,2026-03-01,36972.96,60,3,Promise To Pay,Partial,11091.89
LN25262,AGT154,2026-03-01,7418.59,0,0,No Answer,Paid,7418.59
LN25263,AGT152,2026-03-01,7669.07,15,1,No Answer,Unpaid,0.0
LN25264,AGT171,2026-03-01,2958.61,0,0,No Answer,Paid,2958.61
LN25265,AGT154,2026-03-01,15944.83,30,2,Responsive,Paid,15944.83
LN25266,AGT105,2026-03-01,11137.49,30,2,No Answer,Unpaid,0.0
LN25267,AGT145,2026-03-01,22332.41,15,1,Responsive,Paid,22332.41
LN25268,AGT102,2026-03-01,10170.03,30,2,Promise To Pay,Partial,3051.01
LN25269,AGT110,2026-03-01,1949.92,15,1,Responsive,Partial,974.96
LN25270,AGT153,2026-03-01,18957.87,60,3,Promise To Pay,Partial,5687.36
LN25271,AGT108,2026-03-01,29862.31,90,4,Responsive,Paid,29862.31
LN25272,AGT153,2026-03-01,58798.29,15,1,Promise To Pay,Partial,17639.49
LN25273,AGT146,2026-03-01,867.67,0,0,Promise To Pay,Paid,867.67
LN25274,AGT160,2026-03-01,3851.29,0,0,No Answer,Paid,3851.29
LN25275,AGT147,2026-03-01,9942.2,15,1,No Answer,Unpaid,0.0
LN25276,AGT100,2026-03-01,22013.52,0,0,Promise To Pay,Paid,22013.52
LN25277,AGT173,2026-03-01,15873.87,0,0,Responsive,Paid,15873.87
LN25278,AGT116,2026-03-01,8881.04,0,0,Responsive,Paid,8881.04
LN25279,AGT125,2026-03-01,15095.95,15,1,Promise To Pay,Partial,4528.78
LN25280,AGT153,2026-03-01,5502.16,15,1,Responsive,Paid,5502.16
LN25281,AGT144,2026-03-01,14743.66,0,0,Promise To Pay,Paid,14743.66
LN25282,AGT135,2026-03-01,19647.22,0,0,Promise To Pay,Paid,19647.22
LN25283,AGT111,2026-03-01,8843.79,60,3,Responsive,Paid,8843.79
LN25284,AGT112,2026-03-01,8726.56,0,0,Responsive,Paid,8726.56
LN25285,AGT118,2026-03-01,13257.18,30,2,No Answer,Unpaid,0.0
LN25286,AGT126,2026-03-01,49836.32,90,4,No Answer,Unpaid,0.0
LN25287,AGT113,2026-03-01,9782.65,15,1,Promise To Pay,Partial,2934.79
LN25288,AGT166,2026-03-01,16348.88,0,0,Promise To Pay,Paid,16348.88
LN25289,AGT150,2026-03-01,4856.1,15,1,Responsive,Paid,4856.1
LN25290,AGT112,2026-03-01,5948.17,0,0,Responsive,Paid,5948.17
LN25291,AGT140,2026-03-01,7966.42,0,0,Promise To Pay,Paid,7966.42
LN25292,AGT163,2026-03-01,11976.2,0,0,No Answer,Paid,11976.2
LN25293,AGT137,2026-03-01,12002.65,0,0,Promise To Pay,Paid,12002.65
LN25294,AGT115,2026-03-01,7095.55,30,2,Responsive,Paid,7095.55
LN25295,AGT159,2026-03-01,9363.8,0,0,Responsive,Paid,9363.8
LN25296,AGT129,2026-03-01,6265.49,30,2,No Answer,Unpaid,0.0
LN25297,AGT108,2026-03-01,18512.42,0,0,Promise To Pay,Paid,18512.42
LN25298,AGT159,2026-03-01,17359.37,30,2,No Answer,Unpaid,0.0
LN25299,AGT124,2026-03-01,13647.49,15,1,Promise To Pay,Partial,4094.25
LN25300,AGT151,2026-03-01,17755.43,30,2,Responsive,Paid,17755.43
LN25301,AGT116,2026-03-01,4780.93,0,0,No Answer,Paid,4780.93
LN25302,AGT119,2026-03-01,4660.32,0,0,Promise To Pay,Paid,4660.32
LN25303,AGT163,2026-03-01,25285.59,60,3,Responsive,Paid,25285.59
LN25304,AGT170,2026-03-01,13577.46,0,0,Responsive,Paid,13577.46
LN25305,AGT143,2026-03-01,30780.44,90,4,Responsive,Partial,15390.22
LN25306,AGT156,2026-03-01,2676.88,15,1,Responsive,Partial,1338.44
LN25307,AGT151,2026-03-01,6579.65,15,1,Responsive,Paid,6579.65
LN25308,AGT104,2026-03-01,7298.4,0,0,Promise To Pay,Paid,7298.4
LN25309,AGT136,2026-03-01,36634.45,90,4,Responsive,Paid,36634.45
LN25310,AGT150,2026-03-01,20654.49,15,1,No Answer,Unpaid,0.0
LN25311,AGT151,2026-03-01,26128.64,90,4,Promise To Pay,Partial,7838.59
LN25312,AGT150,2026-03-01,18371.39,30,2,Responsive,Paid,18371.39
LN25313,AGT103,2026-03-01,8802.18,90,4,No Answer,Unpaid,0.0
LN25314,AGT134,2026-03-01,6744.78,0,0,Promise To Pay,Paid,6744.78
LN25315,AGT108,2026-03-01,39048.02,30,2,Promise To Pay,Partial,11714.41
LN25316,AGT110,2026-03-01,42284.38,30,2,No Answer,Unpaid,0.0
LN25317,AGT161,2026-03-01,3706.03,0,0,No Answer,Paid,3706.03
LN25318,AGT164,2026-03-01,28109.9,90,4,Responsive,Partial,14054.95
LN25319,AGT133,2026-03-01,8270.47,0,0,No Answer,Paid,8270.47
LN25320,AGT128,2026-03-01,11903.64,30,2,Promise To Pay,Partial,3571.09
LN25321,AGT114,2026-03-01,20223.78,30,2,Responsive,Paid,20223.78
LN25322,AGT171,2026-03-01,8605.14,15,1,Responsive,Partial,4302.57
LN25323,AGT159,2026-03-01,11314.95,0,0,Promise To Pay,Paid,11314.95
LN25324,AGT117,2026-03-01,21723.94,0,0,Promise To Pay,Paid,21723.94
LN25325,AGT101,2026-03-01,22644.67,30,2,Responsive,Paid,22644.67
LN25326,AGT134,2026-03-01,6082.42,0,0,Responsive,Paid,6082.42
LN25327,AGT131,2026-03-01,14661.63,0,0,Responsive,Paid,14661.63
LN25328,AGT160,2026-03-01,4499.21,0,0,Responsive,Paid,4499.21
LN25329,AGT143,2026-03-01,7259.54,15,1,No Answer,Unpaid,0.0
LN25330,AGT120,2026-03-01,8165.78,0,0,Responsive,Paid,8165.78
LN25331,AGT106,2026-03-01,2740.96,0,0,Responsive,Paid,2740.96
LN25332,AGT166,2026-03-01,5787.01,0,0,Promise To Pay,Paid,5787.01
LN25333,AGT158,2026-03-01,20206.8,0,0,Promise To Pay,Paid,20206.8
LN25334,AGT169,2026-03-01,3868.9,0,0,No Answer,Paid,3868.9
LN25335,AGT133,2026-03-01,24067.99,90,4,Responsive,Partial,12034.0
LN25336,AGT129,2026-03-01,9400.84,15,1,No Answer,Unpaid,0.0
LN25337,AGT109,2026-03-01,8025.32,0,0,Responsive,Paid,8025.32
LN25338,AGT118,2026-03-01,59071.22,90,4,No Answer,Unpaid,0.0
LN25339,AGT149,2026-03-01,9283.65,0,0,Responsive,Paid,9283.65
LN25340,AGT150,2026-03-01,6117.34,0,0,Responsive,Paid,6117.34
LN25341,AGT110,2026-03-01,61553.51,90,4,Responsive,Partial,30776.76
LN25342,AGT171,2026-03-01,15763.96,15,1,Promise To Pay,Partial,4729.19
LN25343,AGT147,2026-03-01,18906.64,0,0,Promise To Pay,Paid,18906.64
LN25344,AGT164,2026-03-01,16122.82,0,0,Promise To Pay,Paid,16122.82
LN25345,AGT130,2026-03-01,21858.06,30,2,Promise To Pay,Partial,6557.42
LN25346,AGT153,2026-03-01,4927.75,15,1,Responsive,Partial,2463.88
LN25347,AGT147,2026-03-01,2460.54,15,1,Promise To Pay,Partial,738.16
LN25348,AGT157,2026-03-01,4150.65,0,0,Promise To Pay,Paid,4150.65
LN25349,AGT148,2026-03-01,6978.36,60,3,Promise To Pay,Partial,2093.51
LN25350,AGT144,2026-03-01,33277.55,30,2,Responsive,Partial,16638.78
LN25351,AGT160,2026-03-01,11609.91,0,0,No Answer,Paid,11609.91
LN25352,AGT162,2026-03-01,25251.53,60,3,No Answer,Unpaid,0.0
LN25353,AGT120,2026-03-01,1947.3,0,0,Responsive,Paid,1947.3
LN25354,AGT101,2026-03-01,6930.34,0,0,Promise To Pay,Paid,6930.34
LN25355,AGT156,2026-03-01,17694.95,0,0,No Answer,Paid,17694.95
LN25356,AGT142,2026-03-01,12455.52,15,1,No Answer,Unpaid,0.0
LN25357,AGT159,2026-03-01,38707.36,60,3,Responsive,Partial,19353.68
LN25358,AGT155,2026-03-01,4393.64,15,1,Responsive,Paid,4393.64
LN25359,AGT125,2026-03-01,6784.59,30,2,Responsive,Paid,6784.59
LN25360,AGT174,2026-03-01,52679.17,90,4,No Answer,Unpaid,0.0
LN25361,AGT106,2026-03-01,23173.8,60,3,Promise To Pay,Partial,6952.14
LN25362,AGT165,2026-03-01,27845.75,0,0,No Answer,Paid,27845.75
LN25363,AGT163,2026-03-01,5704.41,30,2,Promise To Pay,Partial,1711.32
LN25364,AGT107,2026-03-01,7193.05,0,0,Responsive,Paid,7193.05
LN25365,AGT149,2026-03-01,30772.57,90,4,No Answer,Unpaid,0.0
LN25366,AGT152,2026-03-01,26385.07,30,2,Promise To Pay,Partial,7915.52
LN25367,AGT174,2026-03-01,12960.26,0,0,No Answer,Paid,12960.26
LN25368,AGT102,2026-03-01,11212.74,15,1,Promise To Pay,Partial,3363.82
LN25369,AGT147,2026-03-01,25127.06,60,3,Promise To Pay,Partial,7538.12
LN25370,AGT113,2026-03-01,18018.23,0,0,No Answer,Paid,18018.23
LN25371,AGT149,2026-03-01,4248.76,0,0,Responsive,Paid,4248.76
LN25372,AGT144,2026-03-01,7326.84,15,1,No Answer,Unpaid,0.0
LN25373,AGT130,2026-03-01,12745.52,0,0,Responsive,Paid,12745.52
LN25374,AGT152,2026-03-01,9292.45,15,1,Responsive,Paid,9292.45
LN25375,AGT152,2026-03-01,12901.55,0,0,Promise To Pay,Paid,12901.55
LN25376,AGT149,2026-03-01,7051.97,30,2,Responsive,Paid,7051.97
LN25377,AGT100,2026-03-01,3410.26,0,0,Promise To Pay,Paid,3410.26
LN25378,AGT125,2026-03-01,13209.18,15,1,Responsive,Partial,6604.59
LN25379,AGT142,2026-03-01,9417.74,0,0,No Answer,Paid,9417.74
LN25380,AGT168,2026-03-01,11779.75,15,1,Responsive,Partial,5889.88
LN25381,AGT169,2026-03-01,16951.89,30,2,No Answer,Unpaid,0.0
LN25382,AGT172,2026-03-01,14878.81,0,0,Promise To Pay,Paid,14878.81
LN25383,AGT145,2026-03-01,6098.75,30,2,Promise To Pay,Partial,1829.62
LN25384,AGT105,2026-03-01,108418.74,90,4,No Answer,Unpaid,0.0
LN25385,AGT170,2026-03-01,19838.76,30,2,No Answer,Unpaid,0.0
LN25386,AGT107,2026-03-01,7766.17,15,1,Responsive,Paid,7766.17
LN25387,AGT153,2026-03-01,23221.74,30,2,Promise To Pay,Partial,6966.52
LN25388,AGT105,2026-03-01,27769.49,60,3,No Answer,Unpaid,0.0
LN25389,AGT129,2026-03-01,83066.29,60,3,No Answer,Unpaid,0.0
LN25390,AGT109,2026-03-01,34382.05,0,0,Promise To Pay,Paid,34382.05
LN25391,AGT135,2026-03-01,6485.03,0,0,Responsive,Paid,6485.03
LN25392,AGT164,2026-03-01,17877.14,30,2,Responsive,Partial,8938.57
LN25393,AGT106,2026-03-01,13781.8,30,2,No Answer,Unpaid,0.0
LN25394,AGT112,2026-03-01,9212.11,60,3,Responsive,Paid,9212.11
LN25395,AGT119,2026-03-01,10955.14,15,1,Promise To Pay,Partial,3286.54
LN25396,AGT127,2026-03-01,35122.87,0,0,Promise To Pay,Paid,35122.87
LN25397,AGT172,2026-03-01,5370.28,0,0,No Answer,Paid,5370.28
LN25398,AGT151,2026-03-01,31224.58,30,2,Promise To Pay,Partial,9367.37
LN25399,AGT116,2026-03-01,9298.92,0,0,Promise To Pay,Paid,9298.92
LN25400,AGT156,2026-03-01,20237.68,30,2,Promise To Pay,Partial,6071.3
LN25401,AGT127,2026-03-01,63666.32,90,4,Responsive,Paid,63666.32
LN25402,AGT142,2026-03-01,17356.16,30,2,No Answer,Unpaid,0.0
LN25403,AGT138,2026-03-01,14493.8,15,1,Responsive,Partial,7246.9
LN25404,AGT123,2026-03-01,40730.0,60,3,Promise To Pay,Partial,12219.0
LN25405,AGT173,2026-03-01,6929.07,0,0,No Answer,Paid,6929.07
LN25406,AGT163,2026-03-01,76420.53,30,2,Responsive,Paid,76420.53
LN25407,AGT165,2026-03-01,23920.41,60,3,Promise To Pay,Partial,7176.12
LN25408,AGT101,2026-03-01,4791.61,30,2,Promise To Pay,Partial,1437.48
LN25409,AGT166,2026-03-01,7519.22,0,0,Responsive,Paid,7519.22
LN25410,AGT114,2026-03-01,24024.7,30,2,Responsive,Paid,24024.7
LN25411,AGT169,2026-03-01,51488.1,60,3,Promise To Pay,Partial,15446.43
LN25412,AGT161,2026-03-01,21126.72,60,3,Responsive,Partial,10563.36
LN25413,AGT150,2026-03-01,181216.43,90,4,Responsive,Partial,90608.21
LN25414,AGT150,2026-03-01,15228.0,0,0,Promise To Pay,Paid,15228.0
LN25415,AGT144,2026-03-01,4210.54,0,0,Promise To Pay,Paid,4210.54
LN25416,AGT164,2026-03-01,1459.61,0,0,Promise To Pay,Paid,1459.61
LN25417,AGT147,2026-03-01,85737.19,60,3,No Answer,Unpaid,0.0
LN25418,AGT167,2026-03-01,11363.2,0,0,Promise To Pay,Paid,11363.2
LN25419,AGT104,2026-03-01,13442.47,15,1,Promise To Pay,Partial,4032.74
LN25420,AGT116,2026-03-01,8351.86,15,1,Responsive,Paid,8351.86
LN25421,AGT133,2026-03-01,14882.32,0,0,No Answer,Paid,14882.32
LN25422,AGT103,2026-03-01,12994.58,30,2,No Answer,Unpaid,0.0
LN25423,AGT167,2026-03-01,9588.42,60,3,Responsive,Paid,9588.42
LN25424,AGT155,2026-03-01,56337.44,15,1,No Answer,Unpaid,0.0
LN25425,AGT123,2026-03-01,60204.2,60,3,Responsive,Paid,60204.2
LN25426,AGT117,2026-03-01,8125.44,30,2,No Answer,Unpaid,0.0
LN25427,AGT113,2026-03-01,25856.76,90,4,Promise To Pay,Partial,7757.03
LN25428,AGT118,2026-03-01,35417.07,60,3,Promise To Pay,Partial,10625.12
LN25429,AGT132,2026-03-01,4977.03,0,0,No Answer,Paid,4977.03
LN25430,AGT144,2026-03-01,15195.84,0,0,Responsive,Paid,15195.84
LN25431,AGT136,2026-03-01,13751.7,0,0,No Answer,Paid,13751.7
LN25432,AGT126,2026-03-01,32627.51,0,0,Promise To Pay,Paid,32627.51
LN25433,AGT173,2026-03-01,23255.34,30,2,Responsive,Partial,11627.67
LN25434,AGT126,2026-03-01,28689.14,0,0,Responsive,Paid,28689.14
LN25435,AGT118,2026-03-01,29407.67,30,2,Responsive,Partial,14703.83
LN25436,AGT169,2026-03-01,18380.79,60,3,Responsive,Paid,18380.79
LN25437,AGT150,2026-03-01,14432.58,15,1,No Answer,Unpaid,0.0
LN25438,AGT165,2026-03-01,10593.3,0,0,Promise To Pay,Paid,10593.3
LN25439,AGT172,2026-03-01,11212.62,30,2,No Answer,Unpaid,0.0
LN25440,AGT173,2026-03-01,24936.52,0,0,No Answer,Paid,24936.52
LN25441,AGT124,2026-03-01,7378.39,0,0,Promise To Pay,Paid,7378.39
LN25442,AGT127,2026-03-01,14091.83,0,0,Promise To Pay,Paid,14091.83
LN25443,AGT140,2026-03-01,30164.73,90,4,Promise To Pay,Partial,9049.42
LN25444,AGT148,2026-03-01,40865.78,0,0,Promise To Pay,Paid,40865.78
LN25445,AGT121,2026-03-01,20434.1,60,3,Responsive,Paid,20434.1
LN25446,AGT167,2026-03-01,6665.49,30,2,Promise To Pay,Partial,1999.65
LN25447,AGT144,2026-03-01,8435.02,0,0,Promise To Pay,Paid,8435.02
LN25448,AGT121,2026-03-01,28937.21,60,3,Responsive,Partial,14468.6
LN25449,AGT100,2026-03-01,6676.87,0,0,No Answer,Paid,6676.87
LN25450,AGT106,2026-03-01,101825.15,60,3,No Answer,Unpaid,0.0
LN25451,AGT118,2026-03-01,41524.0,15,1,No Answer,Unpaid,0.0
LN25452,AGT101,2026-03-01,2001.66,15,1,Responsive,Partial,1000.83
LN25453,AGT124,2026-03-01,13142.85,0,0,Promise To Pay,Paid,13142.85
LN25454,AGT161,2026-03-01,42806.2,60,3,No Answer,Unpaid,0.0
LN25455,AGT150,2026-03-01,1319.02,15,1,No Answer,Unpaid,0.0
LN25456,AGT126,2026-03-01,13649.19,0,0,Promise To Pay,Paid,13649.19
LN25457,AGT160,2026-03-01,32222.75,30,2,No Answer,Unpaid,0.0
LN25458,AGT127,2026-03-01,11433.07,30,2,Responsive,Partial,5716.53
LN25459,AGT160,2026-03-01,8280.45,15,1,Responsive,Paid,8280.45
LN25460,AGT102,2026-03-01,47163.2,15,1,Responsive,Paid,47163.2
LN25461,AGT133,2026-03-01,27875.06,15,1,Promise To Pay,Partial,8362.52
LN25462,AGT152,2026-03-01,63131.68,90,4,Promise To Pay,Partial,18939.5
LN25463,AGT170,2026-03-01,14493.82,60,3,Promise To Pay,Partial,4348.15
LN25464,AGT132,2026-03-01,3889.64,0,0,Promise To Pay,Paid,3889.64
LN25465,AGT174,2026-03-01,18153.39,90,4,Promise To Pay,Partial,5446.02
LN25466,AGT163,2026-03-01,32034.91,15,1,Promise To Pay,Partial,9610.47
LN25467,AGT162,2026-03-01,7818.41,15,1,Responsive,Paid,7818.41
LN25468,AGT157,2026-03-01,21617.88,30,2,Promise To Pay,Partial,6485.36
LN25469,AGT167,2026-03-01,2403.34,0,0,Responsive,Paid,2403.34
LN25470,AGT115,2026-03-01,3923.53,30,2,Promise To Pay,Partial,1177.06
LN25471,AGT142,2026-03-01,5563.62,60,3,Responsive,Partial,2781.81
LN25472,AGT152,2026-03-01,23574.38,60,3,Responsive,Paid,23574.38
LN25473,AGT148,2026-03-01,5159.91,0,0,No Answer,Paid,5159.91
LN25474,AGT133,2026-03-01,4225.44,0,0,Promise To Pay,Paid,4225.44
LN25475,AGT163,2026-03-01,8442.8,0,0,No Answer,Paid,8442.8
LN25476,AGT109,2026-03-01,9225.57,60,3,Promise To Pay,Partial,2767.67
LN25477,AGT139,2026-03-01,9329.31,0,0,Responsive,Paid,9329.31
LN25478,AGT171,2026-03-01,11576.0,0,0,Responsive,Paid,11576.0
LN25479,AGT125,2026-03-01,17734.44,15,1,No Answer,Unpaid,0.0
LN25480,AGT121,2026-03-01,51867.79,90,4,Promise To Pay,Partial,15560.34
LN25481,AGT150,2026-03-01,78284.06,90,4,Responsive,Partial,39142.03
LN25482,AGT153,2026-03-01,7426.55,15,1,Promise To Pay,Partial,2227.97
LN25483,AGT112,2026-03-01,15035.75,30,2,Responsive,Partial,7517.88
LN25484,AGT124,2026-03-01,113894.68,90,4,Responsive,Paid,113894.68
LN25485,AGT117,2026-03-01,7747.96,0,0,No Answer,Paid,7747.96
LN25486,AGT161,2026-03-01,35255.0,90,4,No Answer,Unpaid,0.0
LN25487,AGT121,2026-03-01,16002.11,60,3,No Answer,Unpaid,0.0
LN25488,AGT141,2026-03-01,7428.75,15,1,Promise To Pay,Partial,2228.62
LN25489,AGT127,2026-03-01,19209.5,90,4,Responsive,Partial,9604.75
LN25490,AGT102,2026-03-01,13384.6,60,3,Promise To Pay,Partial,4015.38
LN25491,AGT139,2026-03-01,3857.83,0,0,No Answer,Paid,3857.83
LN25492,AGT106,2026-03-01,2144.45,0,0,Responsive,Paid,2144.45
LN25493,AGT121,2026-03-01,9777.13,15,1,Promise To Pay,Partial,2933.14
LN25494,AGT138,2026-03-01,11414.7,0,0,No Answer,Paid,11414.7
LN25495,AGT143,2026-03-01,3892.74,0,0,No Answer,Paid,3892.74
LN25496,AGT172,2026-03-01,19417.03,30,2,No Answer,Unpaid,0.0
LN25497,AGT108,2026-03-01,10933.07,0,0,Promise To Pay,Paid,10933.07
LN25498,AGT139,2026-03-01,39829.2,90,4,No Answer,Unpaid,0.0
LN25499,AGT150,2026-03-01,6296.22,0,0,Responsive,Paid,6296.22
LN25500,AGT168,2026-03-01,8315.05,15,1,Promise To Pay,Partial,2494.51
LN25501,AGT142,2026-03-01,45697.63,30,2,Responsive,Partial,22848.81
LN25502,AGT123,2026-03-01,18725.62,0,0,No Answer,Paid,18725.62
LN25503,AGT112,2026-03-01,4964.9,0,0,Responsive,Paid,4964.9
LN25504,AGT174,2026-03-01,12288.6,0,0,Promise To Pay,Paid,12288.6
LN25505,AGT129,2026-03-01,43615.76,60,3,No Answer,Unpaid,0.0
LN25506,AGT109,2026-03-01,7863.65,0,0,Promise To Pay,Paid,7863.65
LN25507,AGT102,2026-03-01,3727.6,0,0,No Answer,Paid,3727.6
LN25508,AGT125,2026-03-01,17473.67,0,0,No Answer,Paid,17473.67
LN25509,AGT121,2026-03-01,10722.23,0,0,No Answer,Paid,10722.23
LN25510,AGT135,2026-03-01,10319.75,0,0,Promise To Pay,Paid,10319.75
LN25511,AGT121,2026-03-01,16594.61,30,2,Promise To Pay,Partial,4978.38
LN25512,AGT165,2026-03-01,29561.04,90,4,Promise To Pay,Partial,8868.31
LN25513,AGT139,2026-03-01,5317.08,0,0,No Answer,Paid,5317.08
LN25514,AGT123,2026-03-01,20610.62,0,0,Responsive,Paid,20610.62
LN25515,AGT156,2026-03-01,17012.65,0,0,Promise To Pay,Paid,17012.65
LN25516,AGT157,2026-03-01,5805.81,0,0,Responsive,Paid,5805.81
LN25517,AGT138,2026-03-01,9299.41,0,0,No Answer,Paid,9299.41
LN25518,AGT161,2026-03-01,10975.93,15,1,No Answer,Unpaid,0.0
LN25519,AGT109,2026-03-01,5139.76,0,0,Promise To Pay,Paid,5139.76
LN25520,AGT119,2026-03-01,5520.26,30,2,Responsive,Paid,5520.26
LN25521,AGT152,2026-03-01,17827.3,0,0,Responsive,Paid,17827.3
LN25522,AGT116,2026-03-01,37979.73,15,1,Responsive,Paid,37979.73
LN25523,AGT167,2026-03-01,41408.46,15,1,No Answer,Unpaid,0.0
LN25524,AGT146,2026-03-01,7466.75,15,1,No Answer,Unpaid,0.0
LN25525,AGT161,2026-03-01,2599.4,15,1,No Answer,Unpaid,0.0
LN25526,AGT131,2026-03-01,8386.0,30,2,Responsive,Paid,8386.0
LN25527,AGT151,2026-03-01,6227.5,0,0,Responsive,Paid,6227.5
LN25528,AGT153,2026-03-01,13467.3,60,3,Responsive,Partial,6733.65
LN25529,AGT166,2026-03-01,12172.55,60,3,Promise To Pay,Partial,3651.76
LN25530,AGT131,2026-03-01,9281.46,15,1,Responsive,Paid,9281.46
LN25531,AGT148,2026-03-01,1849.27,15,1,Responsive,Paid,1849.27
LN25532,AGT162,2026-03-01,12355.21,30,2,Responsive,Partial,6177.6
LN25533,AGT149,2026-03-01,4980.42,0,0,Promise To Pay,Paid,4980.42
LN25534,AGT126,2026-03-01,6512.83,0,0,Promise To Pay,Paid,6512.83
LN25535,AGT143,2026-03-01,40857.79,90,4,Promise To Pay,Partial,12257.34
LN25536,AGT174,2026-03-01,8039.82,0,0,No Answer,Paid,8039.82
LN25537,AGT171,2026-03-01,14952.95,15,1,Promise To Pay,Partial,4485.89
LN25538,AGT109,2026-03-01,8030.12,15,1,Responsive,Partial,4015.06
LN25539,AGT102,2026-03-01,6273.13,0,0,No Answer,Paid,6273.13
LN25540,AGT131,2026-03-01,28732.16,0,0,Promise To Pay,Paid,28732.16
LN25541,AGT102,2026-03-01,11378.52,0,0,No Answer,Paid,11378.52
LN25542,AGT152,2026-03-01,6832.83,0,0,No Answer,Paid,6832.83
LN25543,AGT109,2026-03-01,5346.11,0,0,Responsive,Paid,5346.11
LN25544,AGT147,2026-03-01,5777.78,0,0,Responsive,Paid,5777.78
LN25545,AGT106,2026-03-01,7048.12,30,2,Promise To Pay,Partial,2114.44
LN25546,AGT141,2026-03-01,5349.19,15,1,Responsive,Paid,5349.19
LN25547,AGT112,2026-03-01,110401.96,60,3,Promise To Pay,Partial,33120.59
LN25548,AGT112,2026-03-01,39354.07,30,2,Responsive,Paid,39354.07
LN25549,AGT172,2026-03-01,9454.42,60,3,Responsive,Paid,9454.42
LN25550,AGT155,2026-03-01,2496.31,0,0,Promise To Pay,Paid,2496.31
LN25551,AGT125,2026-03-01,8473.82,15,1,No Answer,Unpaid,0.0
LN25552,AGT165,2026-03-01,12765.33,15,1,Responsive,Paid,12765.33
LN25553,AGT111,2026-03-01,2544.0,15,1,Promise To Pay,Partial,763.2
LN25554,AGT103,2026-03-01,3688.2,0,0,Promise To Pay,Paid,3688.2
LN25555,AGT128,2026-03-01,6416.74,0,0,Responsive,Paid,6416.74
LN25556,AGT160,2026-03-01,25077.11,30,2,No Answer,Unpaid,0.0
LN25557,AGT174,2026-03-01,10548.5,0,0,No Answer,Paid,10548.5
LN25558,AGT167,2026-03-01,10579.38,90,4,No Answer,Unpaid,0.0
LN25559,AGT142,2026-03-01,1453.0,15,1,Responsive,Paid,1453.0
LN25560,AGT154,2026-03-01,11105.45,0,0,Responsive,Paid,11105.45
LN25561,AGT135,2026-03-01,4120.76,15,1,Promise To Pay,Partial,1236.23
LN25562,AGT142,2026-03-01,17335.92,60,3,Promise To Pay,Partial,5200.78
LN25563,AGT123,2026-03-01,26635.59,30,2,No Answer,Unpaid,0.0
LN25564,AGT105,2026-03-01,16317.93,0,0,Responsive,Paid,16317.93
LN25565,AGT125,2026-03-01,20453.91,30,2,Promise To Pay,Partial,6136.17
LN25566,AGT110,2026-03-01,13550.5,0,0,Promise To Pay,Paid,13550.5
LN25567,AGT149,2026-03-01,7818.0,30,2,Promise To Pay,Partial,2345.4
LN25568,AGT109,2026-03-01,27956.41,0,0,Promise To Pay,Paid,27956.41
LN25569,AGT166,2026-03-01,11013.9,0,0,Promise To Pay,Paid,11013.9
LN25570,AGT102,2026-03-01,9141.67,30,2,No Answer,Unpaid,0.0
LN25571,AGT122,2026-03-01,6245.27,15,1,Responsive,Paid,6245.27
LN25572,AGT159,2026-03-01,6628.53,0,0,Promise To Pay,Paid,6628.53
LN25573,AGT130,2026-03-01,83426.51,60,3,No Answer,Unpaid,0.0
LN25574,AGT156,2026-03-01,18319.28,0,0,Responsive,Paid,18319.28
LN25575,AGT141,2026-03-01,15195.56,0,0,Responsive,Paid,15195.56
LN25576,AGT167,2026-03-01,33247.58,90,4,No Answer,Unpaid,0.0
LN25577,AGT130,2026-03-01,7893.33,15,1,No Answer,Unpaid,0.0
LN25578,AGT164,2026-03-01,83771.49,60,3,No Answer,Unpaid,0.0
LN25579,AGT109,2026-03-01,8752.39,0,0,Responsive,Paid,8752.39
LN25580,AGT141,2026-03-01,25028.99,0,0,Promise To Pay,Paid,25028.99
LN25581,AGT113,2026-03-01,8389.89,30,2,Responsive,Partial,4194.94
LN25582,AGT162,2026-03-01,43485.05,0,0,Promise To Pay,Paid,43485.05
LN25583,AGT125,2026-03-01,13772.18,15,1,Responsive,Partial,6886.09
LN25584,AGT119,2026-03-01,12683.55,60,3,No Answer,Unpaid,0.0
LN25585,AGT131,2026-03-01,8978.79,0,0,Promise To Pay,Paid,8978.79
LN25586,AGT143,2026-03-01,9692.18,0,0,Responsive,Paid,9692.18
LN25587,AGT147,2026-03-01,33814.37,60,3,No Answer,Unpaid,0.0
LN25588,AGT172,2026-03-01,45701.51,30,2,Responsive,Paid,45701.51
LN25589,AGT121,2026-03-01,11601.57,30,2,No Answer,Unpaid,0.0
LN25590,AGT118,2026-03-01,5593.29,30,2,Promise To Pay,Partial,1677.99
LN25591,AGT120,2026-03-01,5076.0,15,1,No Answer,Unpaid,0.0
LN25592,AGT154,2026-03-01,9639.16,15,1,No Answer,Unpaid,0.0
LN25593,AGT159,2026-03-01,28131.85,60,3,No Answer,Unpaid,0.0
LN25594,AGT136,2026-03-01,5777.62,15,1,No Answer,Unpaid,0.0
LN25595,AGT143,2026-03-01,8330.34,0,0,Promise To Pay,Paid,8330.34
LN25596,AGT165,2026-03-01,11685.98,0,0,No Answer,Paid,11685.98
LN25597,AGT122,2026-03-01,26519.79,30,2,Responsive,Paid,26519.79
LN25598,AGT164,2026-03-01,5676.01,30,2,Promise To Pay,Partial,1702.8
LN25599,AGT141,2026-03-01,13914.63,0,0,Promise To Pay,Paid,13914.63
LN25600,AGT139,2026-03-01,16558.87,30,2,No Answer,Unpaid,0.0
LN25601,AGT120,2026-03-01,6437.13,60,3,No Answer,Unpaid,0.0
LN25602,AGT131,2026-03-01,3827.29,15,1,Promise To Pay,Partial,1148.19
LN25603,AGT117,2026-03-01,12329.64,0,0,Promise To Pay,Paid,12329.64
LN25604,AGT112,2026-03-01,31532.05,60,3,Promise To Pay,Partial,9459.61
LN25605,AGT114,2026-03-01,3744.63,15,1,Responsive,Partial,1872.32
LN25606,AGT174,2026-03-01,21960.67,30,2,Responsive,Paid,21960.67
LN25607,AGT132,2026-03-01,4585.42,15,1,No Answer,Unpaid,0.0
LN25608,AGT173,2026-03-01,7153.65,0,0,Responsive,Paid,7153.65
LN25609,AGT140,2026-03-01,1812.44,0,0,Responsive,Paid,1812.44
LN25610,AGT135,2026-03-01,6416.68,15,1,Responsive,Paid,6416.68
LN25611,AGT138,2026-03-01,2439.07,15,1,Promise To Pay,Partial,731.72
LN25612,AGT100,2026-03-01,6507.29,15,1,Promise To Pay,Partial,1952.19
LN25613,AGT154,2026-03-01,54452.8,60,3,Responsive,Paid,54452.8
LN25614,AGT147,2026-03-01,9049.57,15,1,Responsive,Partial,4524.78
LN25615,AGT169,2026-03-01,28750.33,0,0,Responsive,Paid,28750.33
LN25616,AGT104,2026-03-01,30719.26,60,3,Promise To Pay,Partial,9215.78
LN25617,AGT114,2026-03-01,2271.39,0,0,Responsive,Paid,2271.39
LN25618,AGT162,2026-03-01,22728.36,30,2,Promise To Pay,Partial,6818.51
LN25619,AGT159,2026-03-01,30043.66,15,1,Promise To Pay,Partial,9013.1
LN25620,AGT164,2026-03-01,26290.16,90,4,Promise To Pay,Partial,7887.05
LN25621,AGT156,2026-03-01,30009.68,30,2,Promise To Pay,Partial,9002.9
LN25622,AGT122,2026-03-01,1448.38,0,0,Promise To Pay,Paid,1448.38
LN25623,AGT127,2026-03-01,33921.31,30,2,Responsive,Paid,33921.31
LN25624,AGT160,2026-03-01,13899.72,0,0,No Answer,Paid,13899.72
LN25625,AGT147,2026-03-01,37899.58,30,2,Responsive,Paid,37899.58
LN25626,AGT151,2026-03-01,17224.46,30,2,No Answer,Unpaid,0.0
LN25627,AGT167,2026-03-01,25134.91,30,2,No Answer,Unpaid,0.0
LN25628,AGT157,2026-03-01,13868.15,15,1,No Answer,Unpaid,0.0
LN25629,AGT172,2026-03-01,11721.33,0,0,No Answer,Paid,11721.33
LN25630,AGT133,2026-03-01,20337.47,60,3,Responsive,Partial,10168.74
LN25631,AGT174,2026-03-01,3100.77,15,1,Responsive,Partial,1550.38
LN25632,AGT105,2026-03-01,7011.07,0,0,No Answer,Paid,7011.07
LN25633,AGT112,2026-03-01,14697.63,90,4,Responsive,Paid,14697.63
LN25634,AGT138,2026-03-01,17423.1,0,0,Promise To Pay,Paid,17423.1
LN25635,AGT127,2026-03-01,2644.01,0,0,No Answer,Paid,2644.01
LN25636,AGT147,2026-03-01,16413.3,30,2,No Answer,Unpaid,0.0
LN25637,AGT119,2026-03-01,45007.16,90,4,Responsive,Partial,22503.58
LN25638,AGT105,2026-03-01,49807.17,30,2,Responsive,Partial,24903.58
LN25639,AGT134,2026-03-01,17392.73,30,2,Responsive,Partial,8696.36
LN25640,AGT108,2026-03-01,11000.52,15,1,Responsive,Partial,5500.26
LN25641,AGT172,2026-03-01,28960.35,60,3,Promise To Pay,Partial,8688.1
LN25642,AGT174,2026-03-01,17398.93,0,0,No Answer,Paid,17398.93
LN25643,AGT127,2026-03-01,8184.38,15,1,Responsive,Partial,4092.19
LN25644,AGT127,2026-03-01,40169.07,15,1,No Answer,Unpaid,0.0
LN25645,AGT167,2026-03-01,28214.12,60,3,No Answer,Unpaid,0.0
LN25646,AGT167,2026-03-01,39555.71,0,0,No Answer,Paid,39555.71
LN25647,AGT167,2026-03-01,28210.27,60,3,Promise To Pay,Partial,8463.08
LN25648,AGT154,2026-03-01,10651.51,30,2,Promise To Pay,Partial,3195.45
LN25649,AGT173,2026-03-01,8274.26,30,2,Promise To Pay,Partial,2482.28
LN25650,AGT147,2026-03-01,18200.48,30,2,Responsive,Partial,9100.24
LN25651,AGT164,2026-03-01,60860.23,90,4,Promise To Pay,Partial,18258.07
LN25652,AGT108,2026-03-01,28168.08,0,0,Promise To Pay,Paid,28168.08
LN25653,AGT120,2026-03-01,10436.85,0,0,Promise To Pay,Paid,10436.85
LN25654,AGT128,2026-03-01,38631.83,30,2,No Answer,Unpaid,0.0
LN25655,AGT131,2026-03-01,8151.74,0,0,No Answer,Paid,8151.74
LN25656,AGT113,2026-03-01,10082.79,30,2,No Answer,Unpaid,0.0
LN25657,AGT121,2026-03-01,9148.51,0,0,Responsive,Paid,9148.51
LN25658,AGT126,2026-03-01,3515.18,15,1,No Answer,Unpaid,0.0
LN25659,AGT130,2026-03-01,15113.89,0,0,Promise To Pay,Paid,15113.89
LN25660,AGT130,2026-03-01,3730.28,15,1,Responsive,Paid,3730.28
LN25661,AGT115,2026-03-01,17363.66,30,2,Responsive,Partial,8681.83
LN25662,AGT151,2026-03-01,15074.88,60,3,Responsive,Paid,15074.88
LN25663,AGT124,2026-03-01,25748.74,90,4,Responsive,Paid,25748.74
LN25664,AGT129,2026-03-01,15769.69,30,2,Responsive,Paid,15769.69
LN25665,AGT103,2026-03-01,3861.26,0,0,Responsive,Paid,3861.26
LN25666,AGT111,2026-03-01,4882.15,30,2,No Answer,Unpaid,0.0
LN25667,AGT158,2026-03-01,9581.45,30,2,Promise To Pay,Partial,2874.43
LN25668,AGT144,2026-03-01,8650.8,15,1,Responsive,Partial,4325.4
LN25669,AGT172,2026-03-01,2732.7,0,0,Promise To Pay,Paid,2732.7
LN25670,AGT169,2026-03-01,9143.29,15,1,Responsive,Paid,9143.29
LN25671,AGT123,2026-03-01,6992.91,15,1,Promise To Pay,Partial,2097.87
LN25672,AGT165,2026-03-01,9228.92,0,0,Promise To Pay,Paid,9228.92
LN25673,AGT150,2026-03-01,14814.15,30,2,No Answer,Unpaid,0.0
LN25674,AGT111,2026-03-01,5687.7,0,0,Promise To Pay,Paid,5687.7
LN25675,AGT116,2026-03-01,72894.31,30,2,Promise To Pay,Partial,21868.29
LN25676,AGT173,2026-03-01,8920.44,0,0,No Answer,Paid,8920.44
LN25677,AGT146,2026-03-01,22189.74,60,3,Promise To Pay,Partial,6656.92
LN25678,AGT166,2026-03-01,11081.02,0,0,No Answer,Paid,11081.02
LN25679,AGT107,2026-03-01,9019.85,15,1,Promise To Pay,Partial,2705.95
LN25680,AGT156,2026-03-01,7010.54,0,0,No Answer,Paid,7010.54
LN25681,AGT121,2026-03-01,81764.96,30,2,Responsive,Partial,40882.48
LN25682,AGT143,2026-03-01,9375.78,60,3,Promise To Pay,Partial,2812.73
LN25683,AGT129,2026-03-01,42715.23,0,0,Responsive,Paid,42715.23
LN25684,AGT114,2026-03-01,18095.7,30,2,Promise To Pay,Partial,5428.71
LN25685,AGT111,2026-03-01,49852.86,90,4,Promise To Pay,Partial,14955.86
LN25686,AGT106,2026-03-01,22758.22,0,0,Promise To Pay,Paid,22758.22
LN25687,AGT167,2026-03-01,1510.38,15,1,Promise To Pay,Partial,453.11
LN25688,AGT169,2026-03-01,4221.9,0,0,No Answer,Paid,4221.9
LN25689,AGT120,2026-03-01,23215.91,0,0,No Answer,Paid,23215.91
LN25690,AGT172,2026-03-01,11909.8,30,2,No Answer,Unpaid,0.0
LN25691,AGT162,2026-03-01,9344.24,0,0,No Answer,Paid,9344.24
LN25692,AGT163,2026-03-01,5123.34,0,0,No Answer,Paid,5123.34
LN25693,AGT146,2026-03-01,10111.01,15,1,Responsive,Paid,10111.01
LN25694,AGT130,2026-03-01,32185.67,60,3,No Answer,Unpaid,0.0
LN25695,AGT166,2026-03-01,9313.97,0,0,Responsive,Paid,9313.97
LN25696,AGT118,2026-03-01,28878.79,90,4,No Answer,Unpaid,0.0
LN25697,AGT134,2026-03-01,13215.17,0,0,No Answer,Paid,13215.17
LN25698,AGT131,2026-03-01,1520.83,30,2,Promise To Pay,Partial,456.25
LN25699,AGT168,2026-03-01,11944.55,0,0,Responsive,Paid,11944.55
LN25700,AGT158,2026-03-01,18386.11,0,0,Responsive,Paid,18386.11
LN25701,AGT151,2026-03-01,18252.02,15,1,Promise To Pay,Partial,5475.61
LN25702,AGT161,2026-03-01,34012.28,30,2,Promise To Pay,Partial,10203.68
LN25703,AGT172,2026-03-01,18593.07,15,1,No Answer,Unpaid,0.0
LN25704,AGT107,2026-03-01,8016.26,60,3,Promise To Pay,Partial,2404.88
LN25705,AGT157,2026-03-01,5837.21,30,2,No Answer,Unpaid,0.0
LN25706,AGT174,2026-03-01,5271.86,30,2,Responsive,Partial,2635.93
LN25707,AGT142,2026-03-01,4883.56,0,0,Promise To Pay,Paid,4883.56
LN25708,AGT118,2026-03-01,28203.86,90,4,Responsive,Paid,28203.86
LN25709,AGT144,2026-03-01,16661.16,30,2,Responsive,Paid,16661.16
LN25710,AGT173,2026-03-01,18167.85,0,0,Promise To Pay,Paid,18167.85
LN25711,AGT156,2026-03-01,3758.98,0,0,Responsive,Paid,3758.98
LN25712,AGT150,2026-03-01,13854.77,0,0,Responsive,Paid,13854.77
LN25713,AGT140,2026-03-01,16028.88,0,0,Responsive,Paid,16028.88
LN25714,AGT113,2026-03-01,3818.54,0,0,Responsive,Paid,3818.54
LN25715,AGT134,2026-03-01,13261.75,15,1,No Answer,Unpaid,0.0
LN25716,AGT113,2026-03-01,8972.78,30,2,Responsive,Partial,4486.39
LN25717,AGT142,2026-03-01,34150.54,30,2,Promise To Pay,Partial,10245.16
LN25718,AGT106,2026-03-01,11325.5,90,4,Promise To Pay,Partial,3397.65
LN25719,AGT133,2026-03-01,6751.67,15,1,No Answer,Unpaid,0.0
LN25720,AGT125,2026-03-01,22511.16,60,3,Responsive,Partial,11255.58
LN25721,AGT149,2026-03-01,37434.58,60,3,No Answer,Unpaid,0.0
LN25722,AGT137,2026-03-01,25074.25,0,0,Responsive,Paid,25074.25
LN25723,AGT123,2026-03-01,10473.71,15,1,Promise To Pay,Partial,3142.11
LN25724,AGT124,2026-03-01,24414.51,0,0,Promise To Pay,Paid,24414.51
LN25725,AGT115,2026-03-01,16463.15,15,1,Promise To Pay,Partial,4938.95
LN25726,AGT160,2026-03-01,14738.35,30,2,Responsive,Paid,14738.35
LN25727,AGT125,2026-03-01,27905.9,60,3,Promise To Pay,Partial,8371.77
LN25728,AGT114,2026-03-01,31242.05,0,0,Responsive,Paid,31242.05
LN25729,AGT144,2026-03-01,64285.8,60,3,Responsive,Partial,32142.9
LN25730,AGT113,2026-03-01,6462.22,0,0,No Answer,Paid,6462.22
LN25731,AGT156,2026-03-01,5430.71,30,2,No Answer,Unpaid,0.0
LN25732,AGT155,2026-03-01,18731.39,30,2,Responsive,Partial,9365.69
LN25733,AGT124,2026-03-01,4378.66,60,3,Promise To Pay,Partial,1313.6
LN25734,AGT105,2026-03-01,3008.7,0,0,No Answer,Paid,3008.7
LN25735,AGT139,2026-03-01,42761.53,30,2,Responsive,Partial,21380.76
LN25736,AGT131,2026-03-01,45679.23,60,3,Promise To Pay,Partial,13703.77
LN25737,AGT105,2026-03-01,1981.35,15,1,Responsive,Paid,1981.35
LN25738,AGT140,2026-03-01,18370.74,15,1,No Answer,Unpaid,0.0
LN25739,AGT125,2026-03-01,35435.39,60,3,Promise To Pay,Partial,10630.62
LN25740,AGT156,2026-03-01,2125.32,0,0,Responsive,Paid,2125.32
LN25741,AGT115,2026-03-01,9987.33,30,2,No Answer,Unpaid,0.0
LN25742,AGT103,2026-03-01,180340.48,90,4,Promise To Pay,Partial,54102.14
LN25743,AGT101,2026-03-01,6359.79,0,0,Responsive,Paid,6359.79
LN25744,AGT101,2026-03-01,4653.78,30,2,Promise To Pay,Partial,1396.13
LN25745,AGT117,2026-03-01,13777.96,90,4,Responsive,Paid,13777.96
LN25746,AGT134,2026-03-01,6962.83,0,0,Promise To Pay,Paid,6962.83
LN25747,AGT128,2026-03-01,6459.59,0,0,Promise To Pay,Paid,6459.59
LN25748,AGT165,2026-03-01,42887.61,90,4,No Answer,Unpaid,0.0
LN25749,AGT147,2026-03-01,5599.97,30,2,No Answer,Unpaid,0.0
LN25750,AGT160,2026-03-01,47034.2,90,4,Responsive,Paid,47034.2
LN25751,AGT128,2026-03-01,10985.67,15,1,No Answer,Unpaid,0.0
LN25752,AGT159,2026-03-01,37038.27,0,0,No Answer,Paid,37038.27
LN25753,AGT116,2026-03-01,41650.15,90,4,Responsive,Partial,20825.08
LN25754,AGT110,2026-03-01,94616.88,60,3,Promise To Pay,Partial,28385.06
LN25755,AGT145,2026-03-01,10754.22,0,0,No Answer,Paid,10754.22
LN25756,AGT130,2026-03-01,4932.64,0,0,Promise To Pay,Paid,4932.64
LN25757,AGT113,2026-03-01,31024.85,90,4,Promise To Pay,Partial,9307.45
LN25758,AGT133,2026-03-01,17707.68,15,1,Responsive,Partial,8853.84
LN25759,AGT162,2026-03-01,5256.1,15,1,Promise To Pay,Partial,1576.83
LN25760,AGT149,2026-03-01,1693.54,0,0,Responsive,Paid,1693.54
LN25761,AGT128,2026-03-01,53537.45,60,3,Promise To Pay,Partial,16061.23
LN25762,AGT130,2026-03-01,7578.15,0,0,Promise To Pay,Paid,7578.15
LN25763,AGT124,2026-03-01,29537.46,60,3,Promise To Pay,Partial,8861.24
LN25764,AGT123,2026-03-01,5728.95,30,2,Responsive,Paid,5728.95
LN25765,AGT106,2026-03-01,86752.53,30,2,Promise To Pay,Partial,26025.76
LN25766,AGT140,2026-03-01,19002.39,15,1,Promise To Pay,Partial,5700.72
LN25767,AGT147,2026-03-01,9260.08,30,2,Responsive,Paid,9260.08
LN25768,AGT145,2026-03-01,14960.38,15,1,No Answer,Unpaid,0.0
LN25769,AGT132,2026-03-01,7376.61,0,0,Responsive,Paid,7376.61
LN25770,AGT135,2026-03-01,29809.13,30,2,No Answer,Unpaid,0.0
LN25771,AGT122,2026-03-01,41173.07,90,4,Responsive,Paid,41173.07
LN25772,AGT123,2026-03-01,13201.42,15,1,Promise To Pay,Partial,3960.43
LN25773,AGT171,2026-03-01,42532.33,30,2,Promise To Pay,Partial,12759.7
LN25774,AGT134,2026-03-01,38045.73,90,4,No Answer,Unpaid,0.0
LN25775,AGT141,2026-03-01,26273.7,90,4,Promise To Pay,Partial,7882.11
LN25776,AGT125,2026-03-01,13060.71,15,1,Promise To Pay,Partial,3918.21
LN25777,AGT149,2026-03-01,60470.72,60,3,Responsive,Partial,30235.36
LN25778,AGT126,2026-03-01,23549.46,30,2,No Answer,Unpaid,0.0
LN25779,AGT122,2026-03-01,32019.44,0,0,Promise To Pay,Paid,32019.44
LN25780,AGT105,2026-03-01,7909.21,0,0,Promise To Pay,Paid,7909.21
LN25781,AGT117,2026-03-01,4781.95,30,2,Responsive,Partial,2390.97
LN25782,AGT113,2026-03-01,44799.91,0,0,Responsive,Paid,44799.91
LN25783,AGT117,2026-03-01,4467.59,15,1,Promise To Pay,Partial,1340.28
LN25784,AGT145,2026-03-01,29445.44,60,3,Promise To Pay,Partial,8833.63
LN25785,AGT124,2026-03-01,9082.58,0,0,No Answer,Paid,9082.58
LN25786,AGT101,2026-03-01,9659.04,0,0,Responsive,Paid,9659.04
LN25787,AGT171,2026-03-01,30534.18,0,0,No Answer,Paid,30534.18
LN25788,AGT142,2026-03-01,13418.28,90,4,Promise To Pay,Partial,4025.48
LN25789,AGT154,2026-03-01,16806.43,0,0,No Answer,Paid,16806.43
LN25790,AGT125,2026-03-01,53399.23,90,4,Promise To Pay,Partial,16019.77
LN25791,AGT165,2026-03-01,49977.06,90,4,Promise To Pay,Partial,14993.12
LN25792,AGT153,2026-03-01,13617.8,90,4,No Answer,Unpaid,0.0
LN25793,AGT134,2026-03-01,8526.62,0,0,Promise To Pay,Paid,8526.62
LN25794,AGT103,2026-03-01,8305.03,15,1,No Answer,Unpaid,0.0
LN25795,AGT166,2026-03-01,11205.84,30,2,Responsive,Partial,5602.92
LN25796,AGT106,2026-03-01,14396.57,15,1,No Answer,Unpaid,0.0
LN25797,AGT161,2026-03-01,13353.6,30,2,Responsive,Partial,6676.8
LN25798,AGT138,2026-03-01,21997.22,15,1,No Answer,Unpaid,0.0
LN25799,AGT100,2026-03-01,31784.3,15,1,No Answer,Unpaid,0.0
LN25800,AGT162,2026-03-01,29854.39,90,4,No Answer,Unpaid,0.0
LN25801,AGT124,2026-03-01,60187.54,90,4,Promise To Pay,Partial,18056.26
LN25802,AGT159,2026-03-01,32696.47,15,1,No Answer,Unpaid,0.0
LN25803,AGT100,2026-03-01,28206.08,30,2,Responsive,Paid,28206.08
LN25804,AGT156,2026-03-01,30318.2,30,2,Responsive,Paid,30318.2
LN25805,AGT108,2026-03-01,15547.51,30,2,No Answer,Unpaid,0.0
LN25806,AGT157,2026-03-01,12229.42,30,2,Responsive,Partial,6114.71
LN25807,AGT164,2026-03-01,3721.21,0,0,Promise To Pay,Paid,3721.21
LN25808,AGT124,2026-03-01,12782.57,60,3,Promise To Pay,Partial,3834.77
LN25809,AGT110,2026-03-01,8270.69,0,0,Responsive,Paid,8270.69
LN25810,AGT159,2026-03-01,4766.77,0,0,No Answer,Paid,4766.77
LN25811,AGT172,2026-03-01,13733.23,60,3,Responsive,Paid,13733.23
LN25812,AGT162,2026-03-01,114852.47,90,4,No Answer,Unpaid,0.0
LN25813,AGT126,2026-03-01,14314.55,15,1,No Answer,Unpaid,0.0
LN25814,AGT149,2026-03-01,10944.77,30,2,Responsive,Partial,5472.39
LN25815,AGT170,2026-03-01,11690.66,0,0,No Answer,Paid,11690.66
LN25816,AGT124,2026-03-01,14337.52,0,0,Promise To Pay,Paid,14337.52
LN25817,AGT118,2026-03-01,5310.59,30,2,Promise To Pay,Partial,1593.18
LN25818,AGT144,2026-03-01,13947.6,30,2,Promise To Pay,Partial,4184.28
LN25819,AGT169,2026-03-01,30179.47,60,3,Responsive,Paid,30179.47
LN25820,AGT145,2026-03-01,3035.58,30,2,No Answer,Unpaid,0.0
LN25821,AGT150,2026-03-01,9773.63,15,1,No Answer,Unpaid,0.0
LN25822,AGT126,2026-03-01,10055.94,0,0,No Answer,Paid,10055.94
LN25823,AGT167,2026-03-01,5725.68,15,1,Promise To Pay,Partial,1717.7
LN25824,AGT134,2026-03-01,10498.59,15,1,Responsive,Paid,10498.59
LN25825,AGT111,2026-03-01,6185.02,15,1,Promise To Pay,Partial,1855.51
LN25826,AGT109,2026-03-01,3463.72,15,1,Promise To Pay,Partial,1039.12
LN25827,AGT159,2026-03-01,52117.99,90,4,Responsive,Partial,26058.99
LN25828,AGT136,2026-03-01,23983.55,30,2,Responsive,Paid,23983.55
LN25829,AGT137,2026-03-01,24657.67,15,1,Promise To Pay,Partial,7397.3
LN25830,AGT130,2026-03-01,15496.99,30,2,Responsive,Paid,15496.99
LN25831,AGT139,2026-03-01,67692.02,90,4,Promise To Pay,Partial,20307.61
LN25832,AGT109,2026-03-01,7580.03,0,0,Promise To Pay,Paid,7580.03
LN25833,AGT134,2026-03-01,10231.66,30,2,Promise To Pay,Partial,3069.5
LN25834,AGT171,2026-03-01,27262.44,15,1,Promise To Pay,Partial,8178.73
LN25835,AGT114,2026-03-01,26067.28,90,4,Promise To Pay,Partial,7820.18
LN25836,AGT107,2026-03-01,12875.63,0,0,Responsive,Paid,12875.63
LN25837,AGT159,2026-03-01,13654.95,0,0,No Answer,Paid,13654.95
LN25838,AGT127,2026-03-01,10278.23,30,2,Responsive,Partial,5139.11
LN25839,AGT110,2026-03-01,22624.57,60,3,Promise To Pay,Partial,6787.37
LN25840,AGT144,2026-03-01,15099.18,15,1,Promise To Pay,Partial,4529.75
LN25841,AGT109,2026-03-01,36843.13,30,2,Promise To Pay,Partial,11052.94
LN25842,AGT114,2026-03-01,19143.69,15,1,Promise To Pay,Partial,5743.11
LN25843,AGT171,2026-03-01,11412.15,0,0,No Answer,Paid,11412.15
LN25844,AGT105,2026-03-01,26876.95,30,2,Promise To Pay,Partial,8063.09
LN25845,AGT160,2026-03-01,23321.61,15,1,Promise To Pay,Partial,6996.48
LN25846,AGT119,2026-03-01,11181.64,60,3,Responsive,Paid,11181.64
LN25847,AGT101,2026-03-01,10943.81,15,1,Promise To Pay,Partial,3283.14
LN25848,AGT116,2026-03-01,19361.75,60,3,Responsive,Partial,9680.88
LN25849,AGT129,2026-03-01,1339.29,0,0,Responsive,Paid,1339.29
LN25850,AGT156,2026-03-01,5486.91,0,0,Responsive,Paid,5486.91
LN25851,AGT150,2026-03-01,21862.25,30,2,Promise To Pay,Partial,6558.68
LN25852,AGT146,2026-03-01,8270.89,15,1,Promise To Pay,Partial,2481.27
LN25853,AGT133,2026-03-01,49004.84,60,3,No Answer,Unpaid,0.0
LN25854,AGT113,2026-03-01,16021.82,0,0,No Answer,Paid,16021.82
LN25855,AGT103,2026-03-01,31844.95,15,1,No Answer,Unpaid,0.0
LN25856,AGT128,2026-03-01,26194.11,60,3,Promise To Pay,Partial,7858.23
LN25857,AGT170,2026-03-01,15052.32,15,1,Responsive,Partial,7526.16
LN25858,AGT155,2026-03-01,27981.16,60,3,Promise To Pay,Partial,8394.35
LN25859,AGT134,2026-03-01,3156.91,0,0,Promise To Pay,Paid,3156.91
LN25860,AGT148,2026-03-01,2668.31,15,1,Responsive,Paid,2668.31
LN25861,AGT136,2026-03-01,7778.75,0,0,Responsive,Paid,7778.75
LN25862,AGT127,2026-03-01,16965.7,0,0,Promise To Pay,Paid,16965.7
LN25863,AGT160,2026-03-01,12461.93,0,0,No Answer,Paid,12461.93
LN25864,AGT137,2026-03-01,50243.88,30,2,Responsive,Partial,25121.94
LN25865,AGT128,2026-03-01,22116.75,0,0,Responsive,Paid,22116.75
LN25866,AGT130,2026-03-01,13641.89,0,0,No Answer,Paid,13641.89
LN25867,AGT159,2026-03-01,11196.81,15,1,Promise To Pay,Partial,3359.04
LN25868,AGT114,2026-03-01,43049.22,30,2,Promise To Pay,Partial,12914.77
LN25869,AGT110,2026-03-01,12474.86,30,2,Responsive,Paid,12474.86
LN25870,AGT130,2026-03-01,27056.43,30,2,No Answer,Unpaid,0.0
LN25871,AGT137,2026-03-01,14890.92,15,1,Responsive,Paid,14890.92
LN25872,AGT144,2026-03-01,8203.21,0,0,Promise To Pay,Paid,8203.21
LN25873,AGT102,2026-03-01,13239.44,30,2,No Answer,Unpaid,0.0
LN25874,AGT121,2026-03-01,5765.71,0,0,Responsive,Paid,5765.71
LN25875,AGT123,2026-03-01,10255.06,0,0,No Answer,Paid,10255.06
LN25876,AGT130,2026-03-01,90429.17,30,2,No Answer,Unpaid,0.0
LN25877,AGT116,2026-03-01,6249.16,0,0,Promise To Pay,Paid,6249.16
LN25878,AGT116,2026-03-01,4293.36,0,0,Promise To Pay,Paid,4293.36
LN25879,AGT158,2026-03-01,8092.47,0,0,No Answer,Paid,8092.47
LN25880,AGT103,2026-03-01,15988.36,30,2,No Answer,Unpaid,0.0
LN25881,AGT115,2026-03-01,13980.65,0,0,No Answer,Paid,13980.65
LN25882,AGT160,2026-03-01,43132.88,90,4,Responsive,Partial,21566.44
LN25883,AGT135,2026-03-01,5716.28,15,1,Responsive,Paid,5716.28
LN25884,AGT105,2026-03-01,5704.64,0,0,No Answer,Paid,5704.64
LN25885,AGT164,2026-03-01,16298.64,30,2,No Answer,Unpaid,0.0
LN25886,AGT149,2026-03-01,27038.91,30,2,Promise To Pay,Partial,8111.67
LN25887,AGT136,2026-03-01,9311.7,0,0,No Answer,Paid,9311.7
LN25888,AGT102,2026-03-01,15403.32,30,2,Promise To Pay,Partial,4621.0
LN25889,AGT124,2026-03-01,17836.73,15,1,Promise To Pay,Partial,5351.02
LN25890,AGT131,2026-03-01,9821.4,90,4,Promise To Pay,Partial,2946.42
LN25891,AGT171,2026-03-01,28503.15,90,4,No Answer,Unpaid,0.0
LN25892,AGT137,2026-03-01,13941.85,0,0,No Answer,Paid,13941.85
LN25893,AGT164,2026-03-01,6176.37,0,0,Promise To Pay,Paid,6176.37
LN25894,AGT149,2026-03-01,64124.99,30,2,No Answer,Unpaid,0.0
LN25895,AGT132,2026-03-01,29251.83,60,3,No Answer,Unpaid,0.0
LN25896,AGT118,2026-03-01,14466.38,30,2,Responsive,Paid,14466.38
LN25897,AGT142,2026-03-01,7040.28,15,1,No Answer,Unpaid,0.0
LN25898,AGT125,2026-03-01,31343.54,60,3,Responsive,Paid,31343.54
LN25899,AGT121,2026-03-01,16345.27,0,0,Responsive,Paid,16345.27
LN25900,AGT145,2026-03-01,1385.29,15,1,Responsive,Partial,692.64
LN25901,AGT111,2026-03-01,79115.58,90,4,Promise To Pay,Partial,23734.67
LN25902,AGT143,2026-03-01,33668.24,30,2,Responsive,Paid,33668.24
LN25903,AGT160,2026-03-01,11341.57,60,3,Responsive,Paid,11341.57
LN25904,AGT131,2026-03-01,20368.74,15,1,Responsive,Partial,10184.37
LN25905,AGT152,2026-03-01,6436.41,0,0,Responsive,Paid,6436.41
LN25906,AGT174,2026-03-01,37865.58,0,0,Responsive,Paid,37865.58
LN25907,AGT146,2026-03-01,10703.92,90,4,No Answer,Unpaid,0.0
LN25908,AGT139,2026-03-01,7036.2,0,0,Responsive,Paid,7036.2
LN25909,AGT159,2026-03-01,14036.38,0,0,Promise To Pay,Paid,14036.38
LN25910,AGT163,2026-03-01,5045.68,30,2,Responsive,Paid,5045.68
LN25911,AGT156,2026-03-01,17848.37,60,3,No Answer,Unpaid,0.0
LN25912,AGT145,2026-03-01,6062.41,30,2,No Answer,Unpaid,0.0
LN25913,AGT159,2026-03-01,7784.13,30,2,Promise To Pay,Partial,2335.24
LN25914,AGT111,2026-03-01,19125.41,30,2,Promise To Pay,Partial,5737.62
LN25915,AGT129,2026-03-01,14660.56,0,0,Responsive,Paid,14660.56
LN25916,AGT147,2026-03-01,20231.94,30,2,Responsive,Paid,20231.94
LN25917,AGT162,2026-03-01,17892.11,30,2,No Answer,Unpaid,0.0
LN25918,AGT125,2026-03-01,16672.99,90,4,Promise To Pay,Partial,5001.9
LN25919,AGT120,2026-03-01,40320.64,60,3,Responsive,Paid,40320.64
LN25920,AGT122,2026-03-01,11167.28,60,3,Promise To Pay,Partial,3350.18
LN25921,AGT165,2026-03-01,27768.89,0,0,Responsive,Paid,27768.89
LN25922,AGT158,2026-03-01,4173.67,15,1,Responsive,Paid,4173.67
LN25923,AGT134,2026-03-01,14056.33,0,0,No Answer,Paid,14056.33
LN25924,AGT141,2026-03-01,14324.32,0,0,Responsive,Paid,14324.32
LN25925,AGT122,2026-03-01,7151.53,0,0,Promise To Pay,Paid,7151.53
LN25926,AGT161,2026-03-01,1617.04,0,0,Promise To Pay,Paid,1617.04
LN25927,AGT119,2026-03-01,4438.76,0,0,Promise To Pay,Paid,4438.76
LN25928,AGT172,2026-03-01,15500.26,90,4,Promise To Pay,Partial,4650.08
LN25929,AGT141,2026-03-01,16552.6,0,0,Responsive,Paid,16552.6
LN25930,AGT174,2026-03-01,7408.58,30,2,Promise To Pay,Partial,2222.57
LN25931,AGT120,2026-03-01,31093.38,0,0,Responsive,Paid,31093.38
LN25932,AGT169,2026-03-01,30247.77,90,4,Promise To Pay,Partial,9074.33
LN25933,AGT153,2026-03-01,11124.55,0,0,Responsive,Paid,11124.55
LN25934,AGT143,2026-03-01,17482.9,0,0,Responsive,Paid,17482.9
LN25935,AGT107,2026-03-01,13392.44,15,1,No Answer,Unpaid,0.0
LN25936,AGT174,2026-03-01,29699.0,60,3,Responsive,Partial,14849.5
LN25937,AGT160,2026-03-01,27894.56,90,4,No Answer,Unpaid,0.0
LN25938,AGT125,2026-03-01,4011.01,0,0,Promise To Pay,Paid,4011.01
LN25939,AGT104,2026-03-01,8394.48,15,1,Promise To Pay,Partial,2518.34
LN25940,AGT155,2026-03-01,11475.32,15,1,Responsive,Partial,5737.66
LN25941,AGT164,2026-03-01,2536.06,60,3,Promise To Pay,Partial,760.82
LN25942,AGT158,2026-03-01,21109.86,30,2,Responsive,Paid,21109.86
LN25943,AGT137,2026-03-01,1100.15,0,0,Responsive,Paid,1100.15
LN25944,AGT109,2026-03-01,4456.13,15,1,Responsive,Partial,2228.07
LN25945,AGT120,2026-03-01,2279.84,15,1,Promise To Pay,Partial,683.95
LN25946,AGT135,2026-03-01,6166.46,0,0,No Answer,Paid,6166.46
LN25947,AGT154,2026-03-01,68882.2,90,4,Responsive,Partial,34441.1
LN25948,AGT105,2026-03-01,19473.2,0,0,Responsive,Paid,19473.2
LN25949,AGT126,2026-03-01,31096.12,0,0,Promise To Pay,Paid,31096.12
LN25950,AGT155,2026-03-01,14038.23,15,1,Responsive,Partial,7019.11
LN25951,AGT109,2026-03-01,5755.58,30,2,Promise To Pay,Partial,1726.67
LN25952,AGT131,2026-03-01,11575.54,30,2,Promise To Pay,Partial,3472.66
LN25953,AGT156,2026-03-01,1563.6,0,0,Responsive,Paid,1563.6
LN25954,AGT147,2026-03-01,1251.29,0,0,Promise To Pay,Paid,1251.29
LN25955,AGT169,2026-03-01,9684.77,15,1,No Answer,Unpaid,0.0
LN25956,AGT142,2026-03-01,6072.96,0,0,Responsive,Paid,6072.96
LN25957,AGT100,2026-03-01,13216.25,0,0,Responsive,Paid,13216.25
LN25958,AGT137,2026-03-01,6918.13,15,1,Responsive,Partial,3459.07
LN25959,AGT109,2026-03-01,7356.16,60,3,No Answer,Unpaid,0.0
LN25960,AGT129,2026-03-01,16733.95,30,2,No Answer,Unpaid,0.0
LN25961,AGT152,2026-03-01,15233.16,30,2,Responsive,Paid,15233.16
LN25962,AGT148,2026-03-01,12882.69,0,0,Promise To Pay,Paid,12882.69
LN25963,AGT167,2026-03-01,8096.62,0,0,No Answer,Paid,8096.62
LN25964,AGT112,2026-03-01,13279.53,15,1,No Answer,Unpaid,0.0
LN25965,AGT157,2026-03-01,13284.4,0,0,No Answer,Paid,13284.4
LN25966,AGT173,2026-03-01,12879.41,0,0,Responsive,Paid,12879.41
LN25967,AGT168,2026-03-01,32688.35,90,4,Responsive,Paid,32688.35
LN25968,AGT150,2026-03-01,10345.87,0,0,Promise To Pay,Paid,10345.87
LN25969,AGT172,2026-03-01,6953.33,15,1,No Answer,Unpaid,0.0
LN25970,AGT164,2026-03-01,9392.0,30,2,Responsive,Paid,9392.0
LN25971,AGT110,2026-03-01,3726.04,0,0,No Answer,Paid,3726.04
LN25972,AGT120,2026-03-01,10901.42,30,2,Promise To Pay,Partial,3270.43
LN25973,AGT111,2026-03-01,4102.23,0,0,Responsive,Paid,4102.23
LN25974,AGT111,2026-03-01,16775.68,60,3,Promise To Pay,Partial,5032.7
LN25975,AGT120,2026-03-01,14661.98,15,1,No Answer,Unpaid,0.0
LN25976,AGT117,2026-03-01,49533.44,90,4,No Answer,Unpaid,0.0
LN25977,AGT149,2026-03-01,14448.5,15,1,Responsive,Paid,14448.5
LN25978,AGT103,2026-03-01,9286.72,0,0,No Answer,Paid,9286.72
LN25979,AGT166,2026-03-01,4469.42,0,0,No Answer,Paid,4469.42
LN25980,AGT122,2026-03-01,6715.48,30,2,Promise To Pay,Partial,2014.64
LN25981,AGT156,2026-03-01,16235.33,0,0,No Answer,Paid,16235.33
LN25982,AGT118,2026-03-01,13291.82,15,1,Promise To Pay,Partial,3987.55
LN25983,AGT112,2026-03-01,6806.83,0,0,Promise To Pay,Paid,6806.83
LN25984,AGT140,2026-03-01,4187.07,30,2,Responsive,Partial,2093.53
LN25985,AGT132,2026-03-01,15578.77,30,2,Responsive,Paid,15578.77
LN25986,AGT132,2026-03-01,24740.92,30,2,Responsive,Partial,12370.46
LN25987,AGT172,2026-03-01,12315.41,15,1,Responsive,Partial,6157.7
LN25988,AGT165,2026-03-01,57024.12,30,2,Promise To Pay,Partial,17107.24
LN25989,AGT158,2026-03-01,3548.93,0,0,Responsive,Paid,3548.93
LN25990,AGT158,2026-03-01,8572.63,30,2,Responsive,Paid,8572.63
LN25991,AGT130,2026-03-01,14235.79,15,1,Responsive,Partial,7117.9
LN25992,AGT133,2026-03-01,17787.06,30,2,Promise To Pay,Partial,5336.12
LN25993,AGT127,2026-03-01,8632.48,0,0,Promise To Pay,Paid,8632.48
LN25994,AGT120,2026-03-01,6098.15,15,1,No Answer,Unpaid,0.0
LN25995,AGT125,2026-03-01,10891.07,0,0,Promise To Pay,Paid,10891.07
LN25996,AGT141,2026-03-01,3470.02,15,1,Responsive,Partial,1735.01
LN25997,AGT159,2026-03-01,5675.03,15,1,Responsive,Paid,5675.03
LN25998,AGT123,2026-03-01,2542.23,0,0,Responsive,Paid,2542.23
LN25999,AGT128,2026-03-01,8305.96,15,1,No Answer,Unpaid,0.0
LN26000,AGT166,2026-03-01,55509.34,90,4,No Answer,Unpaid,0.0
LN26001,AGT133,2026-03-01,37676.93,90,4,Promise To Pay,Partial,11303.08
LN26002,AGT148,2026-03-01,40724.0,60,3,No Answer,Unpaid,0.0
LN26003,AGT167,2026-03-01,32834.95,90,4,Promise To Pay,Partial,9850.48
LN26004,AGT159,2026-03-01,2092.29,15,1,Promise To Pay,Partial,627.69
LN26005,AGT143,2026-03-01,8257.13,15,1,No Answer,Unpaid,0.0
LN26006,AGT163,2026-03-01,2672.38,0,0,Responsive,Paid,2672.38
LN26007,AGT151,2026-03-01,15230.72,30,2,Responsive,Paid,15230.72
LN26008,AGT111,2026-03-01,26887.01,0,0,Promise To Pay,Paid,26887.01
LN26009,AGT118,2026-03-01,15521.48,0,0,No Answer,Paid,15521.48
LN26010,AGT127,2026-03-01,26829.8,30,2,Promise To Pay,Partial,8048.94
LN26011,AGT142,2026-03-01,19355.67,30,2,Promise To Pay,Partial,5806.7
LN26012,AGT157,2026-03-01,7926.53,0,0,Responsive,Paid,7926.53
LN26013,AGT154,2026-03-01,12117.34,0,0,No Answer,Paid,12117.34
LN26014,AGT118,2026-03-01,27665.77,0,0,Promise To Pay,Paid,27665.77
LN26015,AGT172,2026-03-01,44102.65,60,3,Responsive,Partial,22051.33
LN26016,AGT125,2026-03-01,14336.71,90,4,Promise To Pay,Partial,4301.01
LN26017,AGT130,2026-03-01,10158.68,15,1,No Answer,Unpaid,0.0
LN26018,AGT164,2026-03-01,6669.47,0,0,Responsive,Paid,6669.47
LN26019,AGT106,2026-03-01,3531.96,0,0,No Answer,Paid,3531.96
LN26020,AGT171,2026-03-01,7674.28,30,2,No Answer,Unpaid,0.0
LN26021,AGT162,2026-03-01,167659.43,90,4,No Answer,Unpaid,0.0
LN26022,AGT123,2026-03-01,23507.85,90,4,Responsive,Partial,11753.92
LN26023,AGT166,2026-03-01,9960.29,15,1,Responsive,Paid,9960.29
LN26024,AGT158,2026-03-01,5064.12,15,1,Responsive,Partial,2532.06
LN26025,AGT110,2026-03-01,6895.43,0,0,Responsive,Paid,6895.43
LN26026,AGT168,2026-03-01,7960.3,15,1,Promise To Pay,Partial,2388.09
LN26027,AGT146,2026-03-01,18166.99,90,4,Promise To Pay,Partial,5450.1
LN26028,AGT134,2026-03-01,12791.86,15,1,No Answer,Unpaid,0.0
LN26029,AGT168,2026-03-01,76464.77,30,2,Responsive,Paid,76464.77
LN26030,AGT168,2026-03-01,27602.77,30,2,Responsive,Partial,13801.39
LN26031,AGT130,2026-03-01,9333.15,0,0,Promise To Pay,Paid,9333.15
LN26032,AGT104,2026-03-01,16589.9,30,2,No Answer,Unpaid,0.0
LN26033,AGT150,2026-03-01,8149.6,30,2,Promise To Pay,Partial,2444.88
LN26034,AGT136,2026-03-01,4815.39,0,0,Responsive,Paid,4815.39
LN26035,AGT123,2026-03-01,9905.28,0,0,Responsive,Paid,9905.28
LN26036,AGT121,2026-03-01,5760.92,15,1,Responsive,Paid,5760.92
LN26037,AGT163,2026-03-01,8546.85,15,1,Promise To Pay,Partial,2564.05
LN26038,AGT138,2026-03-01,10330.76,15,1,No Answer,Unpaid,0.0
LN26039,AGT150,2026-03-01,5338.02,0,0,Responsive,Paid,5338.02
LN26040,AGT144,2026-03-01,11059.74,15,1,Responsive,Partial,5529.87
LN26041,AGT145,2026-03-01,26651.08,30,2,Responsive,Paid,26651.08
LN26042,AGT172,2026-03-01,3271.62,0,0,No Answer,Paid,3271.62
LN26043,AGT171,2026-03-01,26722.39,30,2,Responsive,Partial,13361.19
LN26044,AGT125,2026-03-01,6970.25,30,2,Promise To Pay,Partial,2091.07
LN26045,AGT148,2026-03-01,11805.3,30,2,Responsive,Paid,11805.3
LN26046,AGT173,2026-03-01,12390.06,0,0,No Answer,Paid,12390.06
LN26047,AGT102,2026-03-01,54643.92,0,0,Responsive,Paid,54643.92
LN26048,AGT135,2026-03-01,18673.26,30,2,No Answer,Unpaid,0.0
LN26049,AGT121,2026-03-01,18639.75,90,4,No Answer,Unpaid,0.0
LN26050,AGT162,2026-03-01,10497.39,0,0,Responsive,Paid,10497.39
LN26051,AGT113,2026-03-01,9657.07,60,3,No Answer,Unpaid,0.0
LN26052,AGT140,2026-03-01,5264.01,0,0,No Answer,Paid,5264.01
LN26053,AGT113,2026-03-01,6123.9,0,0,Responsive,Paid,6123.9
LN26054,AGT136,2026-03-01,3574.32,0,0,No Answer,Paid,3574.32
LN26055,AGT133,2026-03-01,9262.44,0,0,No Answer,Paid,9262.44
LN26056,AGT136,2026-03-01,70546.98,60,3,No Answer,Unpaid,0.0
LN26057,AGT170,2026-03-01,58223.53,60,3,No Answer,Unpaid,0.0
LN26058,AGT168,2026-03-01,26725.51,30,2,Promise To Pay,Partial,8017.65
LN26059,AGT135,2026-03-01,10444.0,30,2,Promise To Pay,Partial,3133.2
LN26060,AGT132,2026-03-01,13788.02,0,0,Responsive,Paid,13788.02
LN26061,AGT118,2026-03-01,35819.26,30,2,Responsive,Partial,17909.63
LN26062,AGT122,2026-03-01,30988.26,30,2,No Answer,Unpaid,0.0
LN26063,AGT114,2026-03-01,37458.33,30,2,Promise To Pay,Partial,11237.5
LN26064,AGT172,2026-03-01,23526.73,30,2,Responsive,Paid,23526.73
LN26065,AGT163,2026-03-01,20487.48,30,2,No Answer,Unpaid,0.0
LN26066,AGT110,2026-03-01,9969.23,15,1,Promise To Pay,Partial,2990.77
LN26067,AGT117,2026-03-01,15125.46,60,3,Responsive,Partial,7562.73
LN26068,AGT154,2026-03-01,1403.04,0,0,Promise To Pay,Paid,1403.04
LN26069,AGT148,2026-03-01,7716.83,15,1,Promise To Pay,Partial,2315.05
LN26070,AGT134,2026-03-01,39938.6,90,4,Promise To Pay,Partial,11981.58
LN26071,AGT147,2026-03-01,43333.1,90,4,Promise To Pay,Partial,12999.93
LN26072,AGT114,2026-03-01,3652.86,0,0,Responsive,Paid,3652.86
LN26073,AGT116,2026-03-01,83809.13,60,3,Promise To Pay,Partial,25142.74
LN26074,AGT140,2026-03-01,27809.57,0,0,Promise To Pay,Paid,27809.57
LN26075,AGT123,2026-03-01,27054.07,60,3,No Answer,Unpaid,0.0
LN26076,AGT136,2026-03-01,33504.17,90,4,No Answer,Unpaid,0.0
LN26077,AGT173,2026-03-01,39722.6,0,0,No Answer,Paid,39722.6
LN26078,AGT168,2026-03-01,7772.03,0,0,Promise To Pay,Paid,7772.03
LN26079,AGT131,2026-03-01,77939.66,60,3,No Answer,Unpaid,0.0
LN26080,AGT122,2026-03-01,6674.09,15,1,Responsive,Paid,6674.09
LN26081,AGT149,2026-03-01,5650.89,0,0,No Answer,Paid,5650.89
LN26082,AGT121,2026-03-01,8242.39,30,2,Promise To Pay,Partial,2472.72
LN26083,AGT103,2026-03-01,32811.39,60,3,No Answer,Unpaid,0.0
LN26084,AGT104,2026-03-01,25928.4,30,2,No Answer,Unpaid,0.0
LN26085,AGT119,2026-03-01,23645.2,0,0,Promise To Pay,Paid,23645.2
LN26086,AGT174,2026-03-01,27548.43,30,2,Responsive,Paid,27548.43
LN26087,AGT110,2026-03-01,8874.4,0,0,Promise To Pay,Paid,8874.4
LN26088,AGT115,2026-03-01,8044.9,0,0,No Answer,Paid,8044.9
LN26089,AGT154,2026-03-01,6955.23,15,1,Responsive,Paid,6955.23
LN26090,AGT166,2026-03-01,8296.39,0,0,Promise To Pay,Paid,8296.39
LN26091,AGT171,2026-03-01,9734.53,30,2,Responsive,Paid,9734.53
LN26092,AGT110,2026-03-01,18900.47,0,0,Promise To Pay,Paid,18900.47
LN26093,AGT156,2026-03-01,4215.25,0,0,No Answer,Paid,4215.25
LN26094,AGT173,2026-03-01,34173.29,90,4,No Answer,Unpaid,0.0
LN26095,AGT116,2026-03-01,13154.44,30,2,Responsive,Partial,6577.22
LN26096,AGT155,2026-03-01,9327.28,15,1,No Answer,Unpaid,0.0
LN26097,AGT129,2026-03-01,86835.92,90,4,Responsive,Partial,43417.96
LN26098,AGT174,2026-03-01,1784.02,0,0,No Answer,Paid,1784.02
LN26099,AGT140,2026-03-01,11012.73,15,1,No Answer,Unpaid,0.0
LN26100,AGT129,2026-03-01,16558.88,30,2,Responsive,Partial,8279.44
LN26101,AGT145,2026-03-01,5226.31,15,1,Responsive,Paid,5226.31
LN26102,AGT107,2026-03-01,24059.38,30,2,Promise To Pay,Partial,7217.81
LN26103,AGT146,2026-03-01,10662.16,0,0,Responsive,Paid,10662.16
LN26104,AGT110,2026-03-01,5462.33,15,1,No Answer,Unpaid,0.0
LN26105,AGT145,2026-03-01,6114.78,0,0,Responsive,Paid,6114.78
LN26106,AGT112,2026-03-01,28361.65,90,4,Responsive,Paid,28361.65
LN26107,AGT157,2026-03-01,23176.63,60,3,No Answer,Unpaid,0.0
LN26108,AGT138,2026-03-01,22594.42,30,2,Responsive,Paid,22594.42
LN26109,AGT141,2026-03-01,18650.42,30,2,Promise To Pay,Partial,5595.13
LN26110,AGT127,2026-03-01,48010.56,0,0,Responsive,Paid,48010.56
LN26111,AGT129,2026-03-01,19412.12,30,2,Responsive,Paid,19412.12
LN26112,AGT174,2026-03-01,3915.0,0,0,Promise To Pay,Paid,3915.0
LN26113,AGT151,2026-03-01,17223.3,0,0,Responsive,Paid,17223.3
LN26114,AGT119,2026-03-01,4323.61,0,0,No Answer,Paid,4323.61
LN26115,AGT174,2026-03-01,10760.13,0,0,Responsive,Paid,10760.13
LN26116,AGT164,2026-03-01,10184.07,0,0,Promise To Pay,Paid,10184.07
LN26117,AGT151,2026-03-01,27934.23,15,1,No Answer,Unpaid,0.0
LN26118,AGT164,2026-03-01,40924.95,60,3,Responsive,Paid,40924.95
LN26119,AGT169,2026-03-01,35398.74,0,0,No Answer,Paid,35398.74
LN26120,AGT159,2026-03-01,13859.3,30,2,No Answer,Unpaid,0.0
LN26121,AGT124,2026-03-01,5713.2,15,1,Responsive,Partial,2856.6
LN26122,AGT144,2026-03-01,14414.0,30,2,Responsive,Partial,7207.0
LN26123,AGT118,2026-03-01,5048.47,30,2,Promise To Pay,Partial,1514.54
LN26124,AGT111,2026-03-01,13350.53,0,0,No Answer,Paid,13350.53
LN26125,AGT147,2026-03-01,7130.08,90,4,No Answer,Unpaid,0.0
LN26126,AGT104,2026-03-01,25414.57,60,3,No Answer,Unpaid,0.0
LN26127,AGT103,2026-03-01,18217.95,30,2,No Answer,Unpaid,0.0
LN26128,AGT156,2026-03-01,3303.65,0,0,No Answer,Paid,3303.65
LN26129,AGT166,2026-03-01,5423.97,0,0,Responsive,Paid,5423.97
LN26130,AGT149,2026-03-01,10966.25,0,0,Responsive,Paid,10966.25
LN26131,AGT162,2026-03-01,10526.84,15,1,No Answer,Unpaid,0.0
LN26132,AGT126,2026-03-01,1952.15,0,0,Responsive,Paid,1952.15
LN26133,AGT145,2026-03-01,14800.59,15,1,Promise To Pay,Partial,4440.18
LN26134,AGT135,2026-03-01,3563.21,0,0,Responsive,Paid,3563.21
LN26135,AGT128,2026-03-01,8904.9,15,1,Responsive,Paid,8904.9
LN26136,AGT157,2026-03-01,23103.47,90,4,No Answer,Unpaid,0.0
LN26137,AGT109,2026-03-01,6709.3,60,3,No Answer,Unpaid,0.0
LN26138,AGT164,2026-03-01,121717.72,60,3,No Answer,Unpaid,0.0
LN26139,AGT137,2026-03-01,7198.33,15,1,Responsive,Partial,3599.16
LN26140,AGT172,2026-03-01,17974.27,30,2,Responsive,Paid,17974.27
LN26141,AGT171,2026-03-01,16178.39,30,2,No Answer,Unpaid,0.0
LN26142,AGT118,2026-03-01,6242.49,0,0,Responsive,Paid,6242.49
LN26143,AGT110,2026-03-01,6524.99,60,3,No Answer,Unpaid,0.0
LN26144,AGT112,2026-03-01,26945.28,0,0,Promise To Pay,Paid,26945.28
LN26145,AGT173,2026-03-01,30163.16,30,2,Promise To Pay,Partial,9048.95
LN26146,AGT174,2026-03-01,4141.99,15,1,Responsive,Paid,4141.99
LN26147,AGT107,2026-03-01,7529.61,0,0,No Answer,Paid,7529.61
LN26148,AGT142,2026-03-01,12527.51,0,0,No Answer,Paid,12527.51
LN26149,AGT168,2026-03-01,9485.3,30,2,No Answer,Unpaid,0.0
LN26150,AGT174,2026-03-01,1993.78,0,0,Promise To Pay,Paid,1993.78
LN26151,AGT162,2026-03-01,25188.84,15,1,No Answer,Unpaid,0.0
LN26152,AGT102,2026-03-01,8466.19,0,0,No Answer,Paid,8466.19
LN26153,AGT154,2026-03-01,10640.92,0,0,Promise To Pay,Paid,10640.92
LN26154,AGT157,2026-03-01,5250.47,60,3,Promise To Pay,Partial,1575.14
LN26155,AGT143,2026-03-01,2613.38,15,1,Promise To Pay,Partial,784.01
LN26156,AGT165,2026-03-01,3824.51,15,1,No Answer,Unpaid,0.0
LN26157,AGT174,2026-03-01,12406.12,0,0,Promise To Pay,Paid,12406.12
LN26158,AGT136,2026-03-01,25717.72,15,1,Promise To Pay,Partial,7715.32
LN26159,AGT124,2026-03-01,34557.44,0,0,Responsive,Paid,34557.44
LN26160,AGT102,2026-03-01,52564.94,0,0,Responsive,Paid,52564.94
LN26161,AGT115,2026-03-01,7400.78,15,1,No Answer,Unpaid,0.0
LN26162,AGT153,2026-03-01,9172.63,15,1,No Answer,Unpaid,0.0
LN26163,AGT132,2026-03-01,57977.88,60,3,No Answer,Unpaid,0.0
LN26164,AGT151,2026-03-01,17061.47,0,0,Promise To Pay,Paid,17061.47
LN26165,AGT120,2026-03-01,8793.83,0,0,No Answer,Paid,8793.83
LN26166,AGT138,2026-03-01,26762.33,60,3,Promise To Pay,Partial,8028.7
LN26167,AGT166,2026-03-01,25225.83,30,2,Responsive,Paid,25225.83
LN26168,AGT126,2026-03-01,1442.65,0,0,No Answer,Paid,1442.65
LN26169,AGT146,2026-03-01,19488.2,15,1,Promise To Pay,Partial,5846.46
LN26170,AGT125,2026-03-01,45915.65,30,2,Responsive,Paid,45915.65
LN26171,AGT163,2026-03-01,55371.41,60,3,No Answer,Unpaid,0.0
LN26172,AGT104,2026-03-01,2767.24,15,1,Responsive,Partial,1383.62
LN26173,AGT134,2026-03-01,5539.61,15,1,No Answer,Unpaid,0.0
LN26174,AGT168,2026-03-01,4872.78,60,3,Promise To Pay,Partial,1461.83
LN26175,AGT153,2026-03-01,20694.87,60,3,Promise To Pay,Partial,6208.46
LN26176,AGT164,2026-03-01,22940.86,30,2,Responsive,Partial,11470.43
LN26177,AGT140,2026-03-01,5877.33,15,1,Responsive,Paid,5877.33
LN26178,AGT143,2026-03-01,2911.26,0,0,No Answer,Paid,2911.26
LN26179,AGT155,2026-03-01,19274.05,30,2,Promise To Pay,Partial,5782.21
LN26180,AGT169,2026-03-01,9482.11,0,0,No Answer,Paid,9482.11
LN26181,AGT119,2026-03-01,88780.77,90,4,Responsive,Paid,88780.77
LN26182,AGT147,2026-03-01,33618.42,90,4,Responsive,Paid,33618.42
LN26183,AGT157,2026-03-01,8251.92,0,0,Responsive,Paid,8251.92
LN26184,AGT105,2026-03-01,27530.37,60,3,Promise To Pay,Partial,8259.11
LN26185,AGT113,2026-03-01,31678.47,30,2,No Answer,Unpaid,0.0
LN26186,AGT116,2026-03-01,10330.96,30,2,Promise To Pay,Partial,3099.29
LN26187,AGT154,2026-03-01,22087.22,0,0,Responsive,Paid,22087.22
LN26188,AGT110,2026-03-01,8468.42,0,0,No Answer,Paid,8468.42
LN26189,AGT126,2026-03-01,12857.83,15,1,No Answer,Unpaid,0.0
LN26190,AGT148,2026-03-01,1437.24,15,1,Responsive,Partial,718.62
LN26191,AGT172,2026-03-01,10283.72,0,0,No Answer,Paid,10283.72
LN26192,AGT163,2026-03-01,11499.83,15,1,Promise To Pay,Partial,3449.95
LN26193,AGT131,2026-03-01,43441.98,90,4,Responsive,Paid,43441.98
LN26194,AGT135,2026-03-01,32612.7,30,2,No Answer,Unpaid,0.0
LN26195,AGT155,2026-03-01,35159.91,60,3,Responsive,Partial,17579.96
LN26196,AGT168,2026-03-01,71005.23,30,2,Responsive,Partial,35502.61
LN26197,AGT163,2026-03-01,13782.17,0,0,Responsive,Paid,13782.17
LN26198,AGT138,2026-03-01,12762.89,15,1,No Answer,Unpaid,0.0
LN26199,AGT137,2026-03-01,9484.79,0,0,Responsive,Paid,9484.79
LN26200,AGT134,2026-03-01,27859.83,0,0,Responsive,Paid,27859.83
LN26201,AGT155,2026-03-01,9318.61,60,3,Promise To Pay,Partial,2795.58
LN26202,AGT122,2026-03-01,6129.56,15,1,No Answer,Unpaid,0.0
LN26203,AGT108,2026-03-01,32851.91,30,2,Responsive,Paid,32851.91
LN26204,AGT132,2026-03-01,4852.82,60,3,No Answer,Unpaid,0.0
LN26205,AGT123,2026-03-01,7840.74,0,0,Promise To Pay,Paid,7840.74
LN26206,AGT120,2026-03-01,3922.04,0,0,No Answer,Paid,3922.04
LN26207,AGT169,2026-03-01,6583.27,90,4,No Answer,Unpaid,0.0
LN26208,AGT121,2026-03-01,12436.37,15,1,No Answer,Unpaid,0.0
LN26209,AGT136,2026-03-01,6670.42,0,0,Responsive,Paid,6670.42
LN26210,AGT103,2026-03-01,8204.09,15,1,Promise To Pay,Partial,2461.23
LN26211,AGT138,2026-03-01,3267.37,0,0,Promise To Pay,Paid,3267.37
LN26212,AGT129,2026-03-01,17243.68,60,3,Responsive,Paid,17243.68
LN26213,AGT137,2026-03-01,12556.47,30,2,Promise To Pay,Partial,3766.94
LN26214,AGT136,2026-03-01,4437.84,0,0,Promise To Pay,Paid,4437.84
LN26215,AGT143,2026-03-01,6001.68,0,0,Responsive,Paid,6001.68
LN26216,AGT136,2026-03-01,45509.69,30,2,No Answer,Unpaid,0.0
LN26217,AGT115,2026-03-01,33988.53,0,0,Promise To Pay,Paid,33988.53
LN26218,AGT122,2026-03-01,11405.48,0,0,Responsive,Paid,11405.48
LN26219,AGT169,2026-03-01,3812.56,15,1,No Answer,Unpaid,0.0
LN26220,AGT118,2026-03-01,92253.87,30,2,Promise To Pay,Partial,27676.16
LN26221,AGT100,2026-03-01,46751.45,0,0,Responsive,Paid,46751.45
LN26222,AGT105,2026-03-01,39882.62,60,3,No Answer,Unpaid,0.0
LN26223,AGT134,2026-03-01,3973.01,0,0,No Answer,Paid,3973.01
LN26224,AGT127,2026-03-01,32679.81,60,3,Promise To Pay,Partial,9803.94
LN26225,AGT117,2026-03-01,11309.84,15,1,No Answer,Unpaid,0.0
LN26226,AGT126,2026-03-01,11529.87,15,1,Promise To Pay,Partial,3458.96
LN26227,AGT147,2026-03-01,9853.1,0,0,No Answer,Paid,9853.1
LN26228,AGT151,2026-03-01,5425.08,15,1,No Answer,Unpaid,0.0
LN26229,AGT165,2026-03-01,2165.87,0,0,Promise To Pay,Paid,2165.87
LN26230,AGT103,2026-03-01,4605.33,60,3,No Answer,Unpaid,0.0
LN26231,AGT106,2026-03-01,14049.67,15,1,Promise To Pay,Partial,4214.9
LN26232,AGT146,2026-03-01,37256.86,0,0,Responsive,Paid,37256.86
LN26233,AGT160,2026-03-01,7926.87,0,0,Promise To Pay,Paid,7926.87
LN26234,AGT173,2026-03-01,2689.8,30,2,Promise To Pay,Partial,806.94
LN26235,AGT149,2026-03-01,1468.93,15,1,No Answer,Unpaid,0.0
LN26236,AGT109,2026-03-01,53736.77,60,3,Promise To Pay,Partial,16121.03
LN26237,AGT168,2026-03-01,9745.22,0,0,No Answer,Paid,9745.22
LN26238,AGT119,2026-03-01,35373.95,90,4,No Answer,Unpaid,0.0
LN26239,AGT139,2026-03-01,12006.63,60,3,Promise To Pay,Partial,3601.99
LN26240,AGT132,2026-03-01,23904.89,30,2,Promise To Pay,Partial,7171.47
LN26241,AGT127,2026-03-01,106518.43,60,3,Promise To Pay,Partial,31955.53
LN26242,AGT165,2026-03-01,5672.91,0,0,Promise To Pay,Paid,5672.91
LN26243,AGT141,2026-03-01,11090.75,30,2,No Answer,Unpaid,0.0
LN26244,AGT165,2026-03-01,9398.97,0,0,No Answer,Paid,9398.97
LN26245,AGT102,2026-03-01,15164.28,15,1,No Answer,Unpaid,0.0
LN26246,AGT135,2026-03-01,53025.75,90,4,Promise To Pay,Partial,15907.72
LN26247,AGT170,2026-03-01,15750.39,30,2,No Answer,Unpaid,0.0
LN26248,AGT106,2026-03-01,23786.58,30,2,Promise To Pay,Partial,7135.97
LN26249,AGT123,2026-03-01,3985.68,0,0,Promise To Pay,Paid,3985.68
LN26250,AGT161,2026-03-01,13456.14,15,1,Promise To Pay,Partial,4036.84
LN26251,AGT169,2026-03-01,35125.91,0,0,Responsive,Paid,35125.91
LN26252,AGT113,2026-03-01,5112.02,0,0,No Answer,Paid,5112.02
LN26253,AGT110,2026-03-01,7070.87,0,0,Promise To Pay,Paid,7070.87
LN26254,AGT110,2026-03-01,14953.39,0,0,No Answer,Paid,14953.39
LN26255,AGT138,2026-03-01,6783.52,15,1,No Answer,Unpaid,0.0
LN26256,AGT162,2026-03-01,5333.98,0,0,Promise To Pay,Paid,5333.98
LN26257,AGT103,2026-03-01,6795.28,0,0,Promise To Pay,Paid,6795.28
LN26258,AGT107,2026-03-01,16699.61,15,1,No Answer,Unpaid,0.0
LN26259,AGT139,2026-03-01,18273.22,30,2,No Answer,Unpaid,0.0
LN26260,AGT165,2026-03-01,11919.69,0,0,Responsive,Paid,11919.69
LN26261,AGT167,2026-03-01,11094.47,0,0,Promise To Pay,Paid,11094.47
LN26262,AGT101,2026-03-01,3410.71,0,0,Responsive,Paid,3410.71
LN26263,AGT131,2026-03-01,3529.58,0,0,No Answer,Paid,3529.58
LN26264,AGT101,2026-03-01,27247.94,60,3,No Answer,Unpaid,0.0
LN26265,AGT163,2026-03-01,4382.82,15,1,No Answer,Unpaid,0.0
LN26266,AGT150,2026-03-01,1100.73,0,0,No Answer,Paid,1100.73
LN26267,AGT101,2026-03-01,15862.76,30,2,Promise To Pay,Partial,4758.83
LN26268,AGT156,2026-03-01,30245.23,0,0,Responsive,Paid,30245.23
LN26269,AGT101,2026-03-01,37923.26,90,4,Responsive,Paid,37923.26
LN26270,AGT124,2026-03-01,6652.98,0,0,No Answer,Paid,6652.98
LN26271,AGT131,2026-03-01,9316.12,15,1,Responsive,Paid,9316.12
LN26272,AGT128,2026-03-01,50171.63,60,3,Responsive,Partial,25085.81
LN26273,AGT148,2026-03-01,28420.12,0,0,Responsive,Paid,28420.12
LN26274,AGT143,2026-03-01,17049.01,30,2,Promise To Pay,Partial,5114.7
LN26275,AGT144,2026-03-01,11993.41,0,0,Responsive,Paid,11993.41
LN26276,AGT130,2026-03-01,3191.76,0,0,Responsive,Paid,3191.76
LN26277,AGT156,2026-03-01,40189.09,30,2,No Answer,Unpaid,0.0
LN26278,AGT140,2026-03-01,78276.33,60,3,No Answer,Unpaid,0.0
LN26279,AGT159,2026-03-01,34025.93,0,0,Responsive,Paid,34025.93
LN26280,AGT104,2026-03-01,2728.62,0,0,Responsive,Paid,2728.62
LN26281,AGT128,2026-03-01,7780.66,0,0,Responsive,Paid,7780.66
LN26282,AGT163,2026-03-01,26176.85,30,2,Promise To Pay,Partial,7853.05
LN26283,AGT116,2026-03-01,8876.05,0,0,Promise To Pay,Paid,8876.05
LN26284,AGT156,2026-03-01,12513.21,15,1,No Answer,Unpaid,0.0
LN26285,AGT173,2026-03-01,15165.29,0,0,Promise To Pay,Paid,15165.29
LN26286,AGT166,2026-03-01,4515.08,0,0,No Answer,Paid,4515.08
LN26287,AGT111,2026-03-01,4695.75,30,2,No Answer,Unpaid,0.0
LN26288,AGT103,2026-03-01,14693.48,15,1,Responsive,Partial,7346.74
LN26289,AGT158,2026-03-01,11893.4,15,1,No Answer,Unpaid,0.0
LN26290,AGT113,2026-03-01,5257.02,0,0,Promise To Pay,Paid,5257.02
LN26291,AGT117,2026-03-01,19621.83,30,2,No Answer,Unpaid,0.0
LN26292,AGT121,2026-03-01,33027.88,15,1,Responsive,Partial,16513.94
LN26293,AGT154,2026-03-01,36728.92,90,4,Promise To Pay,Partial,11018.68
LN26294,AGT118,2026-03-01,15689.3,60,3,Promise To Pay,Partial,4706.79
LN26295,AGT108,2026-03-01,9314.24,15,1,Responsive,Paid,9314.24
LN26296,AGT124,2026-03-01,42734.92,90,4,Responsive,Paid,42734.92
LN26297,AGT159,2026-03-01,13657.52,0,0,Responsive,Paid,13657.52
LN26298,AGT112,2026-03-01,4655.42,0,0,Responsive,Paid,4655.42
LN26299,AGT143,2026-03-01,3705.98,0,0,No Answer,Paid,3705.98
LN26300,AGT161,2026-03-01,20166.8,60,3,Promise To Pay,Partial,6050.04
LN26301,AGT174,2026-03-01,1473.35,15,1,Promise To Pay,Partial,442.0
LN26302,AGT163,2026-03-01,34643.85,60,3,Responsive,Partial,17321.92
LN26303,AGT107,2026-03-01,11685.3,30,2,Promise To Pay,Partial,3505.59
LN26304,AGT110,2026-03-01,39230.91,0,0,Promise To Pay,Paid,39230.91
LN26305,AGT141,2026-03-01,11739.79,0,0,No Answer,Paid,11739.79
LN26306,AGT111,2026-03-01,9989.42,0,0,Promise To Pay,Paid,9989.42
LN26307,AGT172,2026-03-01,10614.62,15,1,No Answer,Unpaid,0.0
LN26308,AGT149,2026-03-01,16975.73,90,4,Responsive,Partial,8487.86
LN26309,AGT103,2026-03-01,39742.94,0,0,No Answer,Paid,39742.94
LN26310,AGT152,2026-03-01,17004.99,60,3,Responsive,Partial,8502.5
LN26311,AGT153,2026-03-01,7556.86,0,0,Responsive,Paid,7556.86
LN26312,AGT128,2026-03-01,13373.71,90,4,No Answer,Unpaid,0.0
LN26313,AGT126,2026-03-01,4843.54,0,0,Promise To Pay,Paid,4843.54
LN26314,AGT111,2026-03-01,4921.7,0,0,Responsive,Paid,4921.7
LN26315,AGT140,2026-03-01,18905.59,0,0,Promise To Pay,Paid,18905.59
LN26316,AGT109,2026-03-01,2965.41,0,0,No Answer,Paid,2965.41
LN26317,AGT104,2026-03-01,3172.6,15,1,Promise To Pay,Partial,951.78
LN26318,AGT114,2026-03-01,10778.05,30,2,Responsive,Partial,5389.02
LN26319,AGT152,2026-03-01,12468.31,0,0,No Answer,Paid,12468.31
LN26320,AGT149,2026-03-01,52672.59,60,3,No Answer,Unpaid,0.0
LN26321,AGT174,2026-03-01,191083.55,90,4,No Answer,Unpaid,0.0
LN26322,AGT149,2026-03-01,8426.01,60,3,Responsive,Partial,4213.01
LN26323,AGT136,2026-03-01,5652.02,0,0,No Answer,Paid,5652.02
LN26324,AGT131,2026-03-01,62413.64,90,4,Promise To Pay,Partial,18724.09
LN26325,AGT136,2026-03-01,3187.15,0,0,Responsive,Paid,3187.15
LN26326,AGT106,2026-03-01,25916.08,30,2,Responsive,Partial,12958.04
LN26327,AGT143,2026-03-01,4846.41,0,0,Promise To Pay,Paid,4846.41
LN26328,AGT117,2026-03-01,40363.8,30,2,Responsive,Paid,40363.8
LN26329,AGT157,2026-03-01,12154.85,30,2,Promise To Pay,Partial,3646.45
LN26330,AGT101,2026-03-01,173293.15,90,4,Responsive,Paid,173293.15
LN26331,AGT153,2026-03-01,9536.36,15,1,Promise To Pay,Partial,2860.91
LN26332,AGT159,2026-03-01,100043.55,60,3,Responsive,Partial,50021.78
LN26333,AGT122,2026-03-01,7805.76,30,2,Promise To Pay,Partial,2341.73
LN26334,AGT165,2026-03-01,7706.96,30,2,Promise To Pay,Partial,2312.09
LN26335,AGT118,2026-03-01,1291.92,0,0,Responsive,Paid,1291.92
LN26336,AGT149,2026-03-01,1281.54,15,1,Responsive,Partial,640.77
LN26337,AGT152,2026-03-01,28976.43,90,4,No Answer,Unpaid,0.0
LN26338,AGT161,2026-03-01,16263.9,30,2,Promise To Pay,Partial,4879.17
LN26339,AGT135,2026-03-01,3323.91,0,0,Responsive,Paid,3323.91
LN26340,AGT129,2026-03-01,36854.6,0,0,Responsive,Paid,36854.6
LN26341,AGT171,2026-03-01,6330.18,0,0,No Answer,Paid,6330.18
LN26342,AGT117,2026-03-01,8803.14,60,3,Promise To Pay,Partial,2640.94
LN26343,AGT139,2026-03-01,12397.63,0,0,Promise To Pay,Paid,12397.63
LN26344,AGT110,2026-03-01,34562.33,0,0,Promise To Pay,Paid,34562.33
LN26345,AGT148,2026-03-01,45259.18,60,3,No Answer,Unpaid,0.0
LN26346,AGT110,2026-03-01,2435.28,30,2,Responsive,Partial,1217.64
LN26347,AGT146,2026-03-01,24196.95,60,3,Promise To Pay,Partial,7259.09
LN26348,AGT121,2026-03-01,8052.06,0,0,No Answer,Paid,8052.06
LN26349,AGT167,2026-03-01,7230.7,30,2,No Answer,Unpaid,0.0
LN26350,AGT112,2026-03-01,10589.93,0,0,No Answer,Paid,10589.93
LN26351,AGT131,2026-03-01,33568.74,0,0,Promise To Pay,Paid,33568.74
LN26352,AGT106,2026-03-01,19563.77,60,3,No Answer,Unpaid,0.0
LN26353,AGT122,2026-03-01,6803.47,0,0,No Answer,Paid,6803.47
LN26354,AGT154,2026-03-01,27383.71,30,2,No Answer,Unpaid,0.0
LN26355,AGT129,2026-03-01,22719.42,0,0,Promise To Pay,Paid,22719.42
LN26356,AGT137,2026-03-01,7837.0,0,0,No Answer,Paid,7837.0
LN26357,AGT126,2026-03-01,19588.2,30,2,Promise To Pay,Partial,5876.46
LN26358,AGT161,2026-03-01,13590.0,15,1,No Answer,Unpaid,0.0
LN26359,AGT125,2026-03-01,5917.63,0,0,Promise To Pay,Paid,5917.63
LN26360,AGT134,2026-03-01,16355.32,30,2,Promise To Pay,Partial,4906.6
LN26361,AGT134,2026-03-01,2972.36,0,0,Promise To Pay,Paid,2972.36
LN26362,AGT109,2026-03-01,6805.85,15,1,Promise To Pay,Partial,2041.76
LN26363,AGT164,2026-03-01,10334.91,0,0,Responsive,Paid,10334.91
LN26364,AGT121,2026-03-01,59433.9,90,4,Promise To Pay,Partial,17830.17
LN26365,AGT141,2026-03-01,2205.02,0,0,Promise To Pay,Paid,2205.02
LN26366,AGT136,2026-03-01,7813.47,15,1,Promise To Pay,Partial,2344.04
LN26367,AGT117,2026-03-01,20123.13,60,3,No Answer,Unpaid,0.0
LN26368,AGT122,2026-03-01,38504.06,90,4,Responsive,Paid,38504.06
LN26369,AGT153,2026-03-01,55363.03,90,4,Promise To Pay,Partial,16608.91
LN26370,AGT157,2026-03-01,35093.11,60,3,Promise To Pay,Partial,10527.93
LN26371,AGT143,2026-03-01,60019.91,60,3,Responsive,Paid,60019.91
LN26372,AGT124,2026-03-01,6085.0,0,0,Promise To Pay,Paid,6085.0
LN26373,AGT135,2026-03-01,47943.65,30,2,Promise To Pay,Partial,14383.09
LN26374,AGT126,2026-03-01,4020.74,0,0,Promise To Pay,Paid,4020.74
LN26375,AGT113,2026-03-01,49960.27,15,1,Responsive,Paid,49960.27
LN26376,AGT117,2026-03-01,19454.46,60,3,No Answer,Unpaid,0.0
LN26377,AGT101,2026-03-01,20597.01,30,2,Responsive,Partial,10298.5
LN26378,AGT124,2026-03-01,17958.7,60,3,No Answer,Unpaid,0.0
LN26379,AGT123,2026-03-01,1678.37,0,0,Promise To Pay,Paid,1678.37
LN26380,AGT127,2026-03-01,6988.22,30,2,Responsive,Partial,3494.11
LN26381,AGT124,2026-03-01,4914.52,30,2,Responsive,Partial,2457.26
LN26382,AGT131,2026-03-01,28938.97,0,0,No Answer,Paid,28938.97
LN26383,AGT164,2026-03-01,6891.8,15,1,Promise To Pay,Partial,2067.54
LN26384,AGT144,2026-03-01,3004.88,0,0,Responsive,Paid,3004.88
LN26385,AGT107,2026-03-01,8254.07,30,2,No Answer,Unpaid,0.0
LN26386,AGT131,2026-03-01,5280.83,0,0,No Answer,Paid,5280.83
LN26387,AGT103,2026-03-01,10462.38,0,0,Promise To Pay,Paid,10462.38
LN26388,AGT106,2026-03-01,13805.28,0,0,Promise To Pay,Paid,13805.28
LN26389,AGT142,2026-03-01,51129.49,60,3,No Answer,Unpaid,0.0
LN26390,AGT174,2026-03-01,12173.51,0,0,No Answer,Paid,12173.51
LN26391,AGT151,2026-03-01,6141.06,0,0,No Answer,Paid,6141.06
LN26392,AGT150,2026-03-01,9218.17,0,0,Responsive,Paid,9218.17
LN26393,AGT146,2026-03-01,13150.73,0,0,No Answer,Paid,13150.73
LN26394,AGT114,2026-03-01,16788.06,0,0,Promise To Pay,Paid,16788.06
LN26395,AGT158,2026-03-01,3076.11,30,2,Responsive,Partial,1538.06
LN26396,AGT100,2026-03-01,25610.37,60,3,Responsive,Paid,25610.37
LN26397,AGT137,2026-03-01,10005.14,0,0,No Answer,Paid,10005.14
LN26398,AGT148,2026-03-01,31968.98,15,1,Promise To Pay,Partial,9590.69
LN26399,AGT103,2026-03-01,10840.51,0,0,Promise To Pay,Paid,10840.51
LN26400,AGT145,2026-03-01,3778.69,15,1,Responsive,Partial,1889.35
LN26401,AGT158,2026-03-01,8189.95,90,4,Responsive,Paid,8189.95
LN26402,AGT120,2026-03-01,32183.44,30,2,No Answer,Unpaid,0.0
LN26403,AGT128,2026-03-01,15582.09,0,0,Responsive,Paid,15582.09
LN26404,AGT158,2026-03-01,18660.68,60,3,Promise To Pay,Partial,5598.2
LN26405,AGT174,2026-03-01,23256.87,0,0,No Answer,Paid,23256.87
LN26406,AGT138,2026-03-01,26547.66,30,2,No Answer,Unpaid,0.0
LN26407,AGT122,2026-03-01,9211.28,0,0,No Answer,Paid,9211.28
LN26408,AGT151,2026-03-01,14945.13,60,3,No Answer,Unpaid,0.0
LN26409,AGT172,2026-03-01,13454.93,0,0,No Answer,Paid,13454.93
LN26410,AGT173,2026-03-01,8935.84,0,0,No Answer,Paid,8935.84
LN26411,AGT138,2026-03-01,27909.4,30,2,No Answer,Unpaid,0.0
LN26412,AGT165,2026-03-01,12338.9,0,0,Responsive,Paid,12338.9
LN26413,AGT155,2026-03-01,87165.55,60,3,Promise To Pay,Partial,26149.67
LN26414,AGT145,2026-03-01,9050.2,0,0,Promise To Pay,Paid,9050.2
LN26415,AGT145,2026-03-01,10331.1,30,2,Promise To Pay,Partial,3099.33
LN26416,AGT155,2026-03-01,10732.99,0,0,Responsive,Paid,10732.99
LN26417,AGT163,2026-03-01,11794.62,90,4,Responsive,Paid,11794.62
LN26418,AGT153,2026-03-01,27091.62,30,2,No Answer,Unpaid,0.0
LN26419,AGT139,2026-03-01,17810.92,60,3,Promise To Pay,Partial,5343.28
LN26420,AGT100,2026-03-01,16299.01,60,3,Promise To Pay,Partial,4889.7
LN26421,AGT145,2026-03-01,6980.1,30,2,No Answer,Unpaid,0.0
LN26422,AGT151,2026-03-01,13749.37,15,1,Promise To Pay,Partial,4124.81
LN26423,AGT152,2026-03-01,9204.54,30,2,Promise To Pay,Partial,2761.36
LN26424,AGT139,2026-03-01,3145.59,0,0,No Answer,Paid,3145.59
LN26425,AGT143,2026-03-01,9009.15,15,1,No Answer,Unpaid,0.0
LN26426,AGT139,2026-03-01,23011.85,30,2,No Answer,Unpaid,0.0
LN26427,AGT142,2026-03-01,9403.99,0,0,No Answer,Paid,9403.99
LN26428,AGT108,2026-03-01,47585.78,60,3,Promise To Pay,Partial,14275.73
LN26429,AGT171,2026-03-01,14083.45,0,0,No Answer,Paid,14083.45
LN26430,AGT110,2026-03-01,7891.63,0,0,Responsive,Paid,7891.63
LN26431,AGT163,2026-03-01,13454.24,90,4,Responsive,Paid,13454.24
LN26432,AGT117,2026-03-01,7697.88,0,0,Responsive,Paid,7697.88
LN26433,AGT141,2026-03-01,3095.17,0,0,Promise To Pay,Paid,3095.17
LN26434,AGT104,2026-03-01,8306.48,0,0,Promise To Pay,Paid,8306.48
LN26435,AGT140,2026-03-01,16367.68,15,1,Promise To Pay,Partial,4910.3
LN26436,AGT159,2026-03-01,10272.44,60,3,Promise To Pay,Partial,3081.73
LN26437,AGT134,2026-03-01,10717.04,0,0,Promise To Pay,Paid,10717.04
LN26438,AGT150,2026-03-01,7170.16,0,0,Promise To Pay,Paid,7170.16
LN26439,AGT139,2026-03-01,13988.74,30,2,Responsive,Partial,6994.37
LN26440,AGT174,2026-03-01,6658.33,15,1,Promise To Pay,Partial,1997.5
LN26441,AGT125,2026-03-01,7567.77,15,1,No Answer,Unpaid,0.0
LN26442,AGT108,2026-03-01,8756.04,15,1,Promise To Pay,Partial,2626.81
LN26443,AGT114,2026-03-01,12883.59,0,0,Responsive,Paid,12883.59
LN26444,AGT122,2026-03-01,3911.89,30,2,Responsive,Paid,3911.89
LN26445,AGT156,2026-03-01,14814.24,15,1,No Answer,Unpaid,0.0
LN26446,AGT117,2026-03-01,8030.41,0,0,Responsive,Paid,8030.41
LN26447,AGT102,2026-03-01,43349.35,30,2,Promise To Pay,Partial,13004.8
LN26448,AGT123,2026-03-01,8644.61,0,0,Responsive,Paid,8644.61
LN26449,AGT143,2026-03-01,4125.03,0,0,Promise To Pay,Paid,4125.03
LN26450,AGT128,2026-03-01,12225.07,15,1,No Answer,Unpaid,0.0
LN26451,AGT127,2026-03-01,6177.21,0,0,No Answer,Paid,6177.21
LN26452,AGT143,2026-03-01,17631.94,15,1,Responsive,Paid,17631.94
LN26453,AGT128,2026-03-01,18504.58,0,0,Promise To Pay,Paid,18504.58
LN26454,AGT131,2026-03-01,20945.55,0,0,No Answer,Paid,20945.55
LN26455,AGT167,2026-03-01,2367.16,0,0,No Answer,Paid,2367.16
LN26456,AGT126,2026-03-01,10090.1,90,4,Promise To Pay,Partial,3027.03
LN26457,AGT139,2026-03-01,15116.41,30,2,No Answer,Unpaid,0.0
LN26458,AGT147,2026-03-01,15767.89,0,0,Responsive,Paid,15767.89
LN26459,AGT117,2026-03-01,8085.11,30,2,Responsive,Partial,4042.55
LN26460,AGT167,2026-03-01,29191.57,90,4,Responsive,Paid,29191.57
LN26461,AGT118,2026-03-01,11129.23,15,1,Responsive,Paid,11129.23
LN26462,AGT129,2026-03-01,13655.72,60,3,Responsive,Paid,13655.72
LN26463,AGT103,2026-03-01,31130.75,90,4,Responsive,Partial,15565.38
LN26464,AGT136,2026-03-01,7284.86,0,0,Promise To Pay,Paid,7284.86
LN26465,AGT128,2026-03-01,18169.19,90,4,No Answer,Unpaid,0.0
LN26466,AGT151,2026-03-01,13795.86,0,0,Promise To Pay,Paid,13795.86
LN26467,AGT142,2026-03-01,50112.61,15,1,Promise To Pay,Partial,15033.78
LN26468,AGT146,2026-03-01,36964.96,90,4,No Answer,Unpaid,0.0
LN26469,AGT135,2026-03-01,29214.12,60,3,Responsive,Paid,29214.12
LN26470,AGT160,2026-03-01,7227.87,0,0,Promise To Pay,Paid,7227.87
LN26471,AGT145,2026-03-01,37484.83,60,3,No Answer,Unpaid,0.0
LN26472,AGT118,2026-03-01,70634.16,90,4,Responsive,Paid,70634.16
LN26473,AGT100,2026-03-01,7954.8,0,0,Responsive,Paid,7954.8
LN26474,AGT157,2026-03-01,4381.91,15,1,Responsive,Partial,2190.95
LN26475,AGT155,2026-03-01,2506.66,0,0,Promise To Pay,Paid,2506.66
LN26476,AGT170,2026-03-01,5438.59,15,1,Promise To Pay,Partial,1631.58
LN26477,AGT106,2026-03-01,31329.7,90,4,Responsive,Paid,31329.7
LN26478,AGT118,2026-03-01,7890.95,0,0,No Answer,Paid,7890.95
LN26479,AGT163,2026-03-01,5159.34,15,1,No Answer,Unpaid,0.0
LN26480,AGT132,2026-03-01,179752.63,60,3,Promise To Pay,Partial,53925.79
LN26481,AGT149,2026-03-01,3363.82,0,0,Responsive,Paid,3363.82
LN26482,AGT132,2026-03-01,28919.35,60,3,Responsive,Paid,28919.35
LN26483,AGT115,2026-03-01,6361.5,0,0,Promise To Pay,Paid,6361.5
LN26484,AGT136,2026-03-01,2622.55,0,0,Promise To Pay,Paid,2622.55
LN26485,AGT117,2026-03-01,6672.2,0,0,Responsive,Paid,6672.2
LN26486,AGT159,2026-03-01,26229.06,30,2,No Answer,Unpaid,0.0
LN26487,AGT118,2026-03-01,3293.79,15,1,No Answer,Unpaid,0.0
LN26488,AGT155,2026-03-01,18767.5,30,2,Promise To Pay,Partial,5630.25
LN26489,AGT174,2026-03-01,2838.82,0,0,Promise To Pay,Paid,2838.82
LN26490,AGT117,2026-03-01,81434.79,30,2,Promise To Pay,Partial,24430.44
LN26491,AGT167,2026-03-01,8643.72,15,1,Responsive,Paid,8643.72
LN26492,AGT131,2026-03-01,9014.07,0,0,Responsive,Paid,9014.07
LN26493,AGT158,2026-03-01,7632.56,30,2,No Answer,Unpaid,0.0
LN26494,AGT134,2026-03-01,10669.1,60,3,Responsive,Paid,10669.1
LN26495,AGT166,2026-03-01,18424.73,30,2,Responsive,Partial,9212.36
LN26496,AGT160,2026-03-01,15157.62,30,2,Responsive,Paid,15157.62
LN26497,AGT157,2026-03-01,25428.46,0,0,No Answer,Paid,25428.46
LN26498,AGT167,2026-03-01,7458.34,0,0,No Answer,Paid,7458.34
LN26499,AGT151,2026-03-01,4551.2,15,1,No Answer,Unpaid,0.0
LN26500,AGT168,2026-03-01,12418.39,30,2,Responsive,Partial,6209.19
LN26501,AGT113,2026-03-01,2103.74,0,0,No Answer,Paid,2103.74
LN26502,AGT156,2026-03-01,68083.63,90,4,Promise To Pay,Partial,20425.09
LN26503,AGT150,2026-03-01,2381.9,0,0,Responsive,Paid,2381.9
LN26504,AGT157,2026-03-01,38138.1,30,2,Promise To Pay,Partial,11441.43
LN26505,AGT168,2026-03-01,5627.87,0,0,No Answer,Paid,5627.87
LN26506,AGT103,2026-03-01,8210.54,15,1,Promise To Pay,Partial,2463.16
LN26507,AGT114,2026-03-01,50500.92,60,3,Promise To Pay,Partial,15150.28
LN26508,AGT121,2026-03-01,11465.36,15,1,No Answer,Unpaid,0.0
LN26509,AGT134,2026-03-01,20105.46,0,0,No Answer,Paid,20105.46
LN26510,AGT147,2026-03-01,23201.81,30,2,No Answer,Unpaid,0.0
LN26511,AGT158,2026-03-01,22779.18,0,0,No Answer,Paid,22779.18
LN26512,AGT111,2026-03-01,48040.59,0,0,No Answer,Paid,48040.59
LN26513,AGT162,2026-03-01,23896.82,0,0,Responsive,Paid,23896.82
LN26514,AGT144,2026-03-01,6740.23,0,0,Responsive,Paid,6740.23
LN26515,AGT160,2026-03-01,13813.96,90,4,Promise To Pay,Partial,4144.19
LN26516,AGT166,2026-03-01,4501.51,30,2,No Answer,Unpaid,0.0
LN26517,AGT171,2026-03-01,3534.46,30,2,Responsive,Paid,3534.46
LN26518,AGT143,2026-03-01,4915.74,15,1,No Answer,Unpaid,0.0
LN26519,AGT161,2026-03-01,25554.41,30,2,No Answer,Unpaid,0.0
LN26520,AGT128,2026-03-01,34264.48,0,0,No Answer,Paid,34264.48
LN26521,AGT101,2026-03-01,35160.62,0,0,Promise To Pay,Paid,35160.62
LN26522,AGT130,2026-03-01,115024.05,60,3,No Answer,Unpaid,0.0
LN26523,AGT104,2026-03-01,10993.88,0,0,Promise To Pay,Paid,10993.88
LN26524,AGT106,2026-03-01,11953.67,0,0,Promise To Pay,Paid,11953.67
LN26525,AGT126,2026-03-01,7521.43,0,0,No Answer,Paid,7521.43
LN26526,AGT170,2026-03-01,23537.37,90,4,Responsive,Partial,11768.68
LN26527,AGT146,2026-03-01,3063.78,0,0,Promise To Pay,Paid,3063.78
LN26528,AGT134,2026-03-01,102963.63,60,3,Responsive,Paid,102963.63
LN26529,AGT160,2026-03-01,31591.76,0,0,Promise To Pay,Paid,31591.76
LN26530,AGT132,2026-03-01,35391.2,0,0,Promise To Pay,Paid,35391.2
LN26531,AGT117,2026-03-01,6932.97,0,0,No Answer,Paid,6932.97
LN26532,AGT102,2026-03-01,7797.93,0,0,Responsive,Paid,7797.93
LN26533,AGT169,2026-03-01,7360.95,15,1,Promise To Pay,Partial,2208.28
LN26534,AGT161,2026-03-01,87272.25,60,3,Responsive,Partial,43636.12
LN26535,AGT145,2026-03-01,9884.86,0,0,Promise To Pay,Paid,9884.86
LN26536,AGT154,2026-03-01,9772.62,0,0,Promise To Pay,Paid,9772.62
LN26537,AGT131,2026-03-01,30571.21,0,0,Responsive,Paid,30571.21
LN26538,AGT117,2026-03-01,62490.45,90,4,Promise To Pay,Partial,18747.13
LN26539,AGT171,2026-03-01,813.28,15,1,Promise To Pay,Partial,243.98
LN26540,AGT115,2026-03-01,10065.59,15,1,Responsive,Paid,10065.59
LN26541,AGT170,2026-03-01,6868.68,0,0,No Answer,Paid,6868.68
LN26542,AGT116,2026-03-01,2743.53,60,3,Responsive,Paid,2743.53
LN26543,AGT169,2026-03-01,30193.56,60,3,No Answer,Unpaid,0.0
LN26544,AGT118,2026-03-01,1743.2,0,0,Responsive,Paid,1743.2
LN26545,AGT154,2026-03-01,3934.28,15,1,No Answer,Unpaid,0.0
LN26546,AGT107,2026-03-01,6079.12,15,1,Promise To Pay,Partial,1823.74
LN26547,AGT149,2026-03-01,9526.88,15,1,Promise To Pay,Partial,2858.06
LN26548,AGT102,2026-03-01,4804.01,30,2,No Answer,Unpaid,0.0
LN26549,AGT154,2026-03-01,14897.69,0,0,No Answer,Paid,14897.69
LN26550,AGT129,2026-03-01,37613.78,0,0,Responsive,Paid,37613.78
LN26551,AGT117,2026-03-01,5116.48,15,1,Promise To Pay,Partial,1534.94
LN26552,AGT148,2026-03-01,3216.28,30,2,Responsive,Partial,1608.14
LN26553,AGT121,2026-03-01,5269.12,60,3,Promise To Pay,Partial,1580.74
LN26554,AGT133,2026-03-01,20187.68,30,2,Promise To Pay,Partial,6056.3
LN26555,AGT132,2026-03-01,11774.31,30,2,No Answer,Unpaid,0.0
LN26556,AGT100,2026-03-01,29194.48,30,2,Responsive,Paid,29194.48
LN26557,AGT133,2026-03-01,2083.22,0,0,No Answer,Paid,2083.22
LN26558,AGT142,2026-03-01,91723.01,60,3,Responsive,Paid,91723.01
LN26559,AGT143,2026-03-01,5068.05,15,1,No Answer,Unpaid,0.0
LN26560,AGT140,2026-03-01,6372.89,0,0,Promise To Pay,Paid,6372.89
LN26561,AGT101,2026-03-01,8634.17,15,1,Promise To Pay,Partial,2590.25
LN26562,AGT115,2026-03-01,73355.95,90,4,Promise To Pay,Partial,22006.78
LN26563,AGT161,2026-03-01,28250.3,0,0,Responsive,Paid,28250.3
LN26564,AGT127,2026-03-01,3488.56,30,2,Promise To Pay,Partial,1046.57
LN26565,AGT148,2026-03-01,1060.1,15,1,Responsive,Paid,1060.1
LN26566,AGT111,2026-03-01,34795.32,30,2,No Answer,Unpaid,0.0
LN26567,AGT152,2026-03-01,18357.19,0,0,Promise To Pay,Paid,18357.19
LN26568,AGT129,2026-03-01,20124.61,30,2,Responsive,Partial,10062.31
LN26569,AGT174,2026-03-01,36734.96,0,0,Responsive,Paid,36734.96
LN26570,AGT139,2026-03-01,3495.42,15,1,Responsive,Paid,3495.42
LN26571,AGT124,2026-03-01,18685.27,30,2,Promise To Pay,Partial,5605.58
LN26572,AGT130,2026-03-01,64365.32,90,4,Promise To Pay,Partial,19309.6
LN26573,AGT137,2026-03-01,18231.87,60,3,Promise To Pay,Partial,5469.56
LN26574,AGT112,2026-03-01,8363.91,0,0,Responsive,Paid,8363.91
LN26575,AGT112,2026-03-01,30015.96,60,3,Promise To Pay,Partial,9004.79
LN26576,AGT111,2026-03-01,9926.21,0,0,Promise To Pay,Paid,9926.21
LN26577,AGT103,2026-03-01,3653.77,15,1,Promise To Pay,Partial,1096.13
LN26578,AGT102,2026-03-01,3765.39,0,0,Promise To Pay,Paid,3765.39
LN26579,AGT152,2026-03-01,9383.27,0,0,No Answer,Paid,9383.27
LN26580,AGT147,2026-03-01,14961.72,30,2,Promise To Pay,Partial,4488.52
LN26581,AGT149,2026-03-01,2737.54,0,0,Responsive,Paid,2737.54
LN26582,AGT116,2026-03-01,32962.61,30,2,No Answer,Unpaid,0.0
LN26583,AGT162,2026-03-01,5255.06,30,2,Responsive,Paid,5255.06
LN26584,AGT129,2026-03-01,2736.73,15,1,No Answer,Unpaid,0.0
LN26585,AGT146,2026-03-01,16218.35,0,0,No Answer,Paid,16218.35
LN26586,AGT166,2026-03-01,33932.85,60,3,Responsive,Paid,33932.85
LN26587,AGT119,2026-03-01,7095.63,0,0,No Answer,Paid,7095.63
LN26588,AGT131,2026-03-01,14637.98,0,0,No Answer,Paid,14637.98
LN26589,AGT147,2026-03-01,20623.65,30,2,Promise To Pay,Partial,6187.1
LN26590,AGT121,2026-03-01,38809.75,90,4,Promise To Pay,Partial,11642.92
LN26591,AGT162,2026-03-01,10351.97,0,0,No Answer,Paid,10351.97
LN26592,AGT104,2026-03-01,5751.76,0,0,Responsive,Paid,5751.76
LN26593,AGT167,2026-03-01,25381.01,60,3,No Answer,Unpaid,0.0
LN26594,AGT168,2026-03-01,35465.74,60,3,No Answer,Unpaid,0.0
LN26595,AGT129,2026-03-01,34466.12,90,4,No Answer,Unpaid,0.0
LN26596,AGT109,2026-03-01,2599.03,0,0,Promise To Pay,Paid,2599.03
LN26597,AGT130,2026-03-01,5357.94,60,3,Promise To Pay,Partial,1607.38
LN26598,AGT159,2026-03-01,51339.41,60,3,Responsive,Paid,51339.41
LN26599,AGT145,2026-03-01,28248.0,30,2,Promise To Pay,Partial,8474.4
LN26600,AGT146,2026-03-01,7380.95,0,0,No Answer,Paid,7380.95
LN26601,AGT126,2026-03-01,1652.43,0,0,Promise To Pay,Paid,1652.43
LN26602,AGT132,2026-03-01,42233.1,30,2,Responsive,Paid,42233.1
LN26603,AGT101,2026-03-01,18029.21,0,0,Responsive,Paid,18029.21
LN26604,AGT108,2026-03-01,20217.14,15,1,Responsive,Partial,10108.57
LN26605,AGT153,2026-03-01,2074.73,0,0,Responsive,Paid,2074.73
LN26606,AGT134,2026-03-01,52948.58,60,3,Promise To Pay,Partial,15884.57
LN26607,AGT105,2026-03-01,7297.1,30,2,Responsive,Partial,3648.55
LN26608,AGT132,2026-03-01,26395.82,0,0,Promise To Pay,Paid,26395.82
LN26609,AGT103,2026-03-01,56598.35,0,0,Promise To Pay,Paid,56598.35
LN26610,AGT135,2026-03-01,30332.38,30,2,Promise To Pay,Partial,9099.71
LN26611,AGT170,2026-03-01,33965.92,60,3,No Answer,Unpaid,0.0
LN26612,AGT105,2026-03-01,5432.1,0,0,No Answer,Paid,5432.1
LN26613,AGT155,2026-03-01,4228.07,30,2,Responsive,Partial,2114.03
LN26614,AGT154,2026-03-01,1426.56,0,0,No Answer,Paid,1426.56
LN26615,AGT162,2026-03-01,12461.89,15,1,Responsive,Paid,12461.89
LN26616,AGT103,2026-03-01,168807.54,90,4,No Answer,Unpaid,0.0
LN26617,AGT124,2026-03-01,3088.64,0,0,Responsive,Paid,3088.64
LN26618,AGT127,2026-03-01,31503.08,60,3,Responsive,Partial,15751.54
LN26619,AGT104,2026-03-01,36265.99,30,2,Responsive,Partial,18132.99
LN26620,AGT134,2026-03-01,12087.35,30,2,No Answer,Unpaid,0.0
LN26621,AGT112,2026-03-01,26771.41,60,3,No Answer,Unpaid,0.0
LN26622,AGT112,2026-03-01,1836.05,0,0,Responsive,Paid,1836.05
LN26623,AGT120,2026-03-01,47070.44,60,3,Responsive,Paid,47070.44
LN26624,AGT112,2026-03-01,34332.23,90,4,No Answer,Unpaid,0.0
LN26625,AGT163,2026-03-01,5893.52,15,1,Responsive,Paid,5893.52
LN26626,AGT131,2026-03-01,50596.24,90,4,No Answer,Unpaid,0.0
LN26627,AGT139,2026-03-01,34809.9,0,0,Responsive,Paid,34809.9
LN26628,AGT144,2026-03-01,2802.09,0,0,No Answer,Paid,2802.09
LN26629,AGT166,2026-03-01,18193.82,15,1,Promise To Pay,Partial,5458.15
LN26630,AGT156,2026-03-01,22455.6,90,4,No Answer,Unpaid,0.0
LN26631,AGT101,2026-03-01,2328.57,0,0,No Answer,Paid,2328.57
LN26632,AGT106,2026-03-01,8034.87,0,0,Promise To Pay,Paid,8034.87
LN26633,AGT151,2026-03-01,18240.66,30,2,No Answer,Unpaid,0.0
LN26634,AGT154,2026-03-01,1593.94,0,0,Responsive,Paid,1593.94
LN26635,AGT144,2026-03-01,12819.41,0,0,Responsive,Paid,12819.41
LN26636,AGT109,2026-03-01,37310.65,60,3,No Answer,Unpaid,0.0
LN26637,AGT143,2026-03-01,43449.77,60,3,No Answer,Unpaid,0.0
LN26638,AGT160,2026-03-01,16941.25,30,2,No Answer,Unpaid,0.0
LN26639,AGT148,2026-03-01,1302.05,0,0,Promise To Pay,Paid,1302.05
LN26640,AGT153,2026-03-01,1712.31,0,0,Promise To Pay,Paid,1712.31
LN26641,AGT129,2026-03-01,5444.57,0,0,Responsive,Paid,5444.57
LN26642,AGT152,2026-03-01,8850.53,30,2,Promise To Pay,Partial,2655.16
LN26643,AGT160,2026-03-01,18470.22,30,2,Responsive,Paid,18470.22
LN26644,AGT144,2026-03-01,13692.81,0,0,Responsive,Paid,13692.81
LN26645,AGT148,2026-03-01,8518.1,0,0,No Answer,Paid,8518.1
LN26646,AGT143,2026-03-01,2235.75,0,0,Responsive,Paid,2235.75
LN26647,AGT158,2026-03-01,44087.64,90,4,Promise To Pay,Partial,13226.29
LN26648,AGT118,2026-03-01,13797.34,0,0,No Answer,Paid,13797.34
LN26649,AGT105,2026-03-01,24710.28,30,2,No Answer,Unpaid,0.0
LN26650,AGT130,2026-03-01,7374.67,15,1,Responsive,Partial,3687.34
LN26651,AGT154,2026-03-01,20725.61,0,0,No Answer,Paid,20725.61
LN26652,AGT169,2026-03-01,22111.75,0,0,Promise To Pay,Paid,22111.75
LN26653,AGT148,2026-03-01,9469.03,0,0,Responsive,Paid,9469.03
LN26654,AGT135,2026-03-01,23084.15,90,4,Promise To Pay,Partial,6925.24
LN26655,AGT174,2026-03-01,11008.17,90,4,Responsive,Partial,5504.09
LN26656,AGT140,2026-03-01,5791.17,15,1,No Answer,Unpaid,0.0
LN26657,AGT128,2026-03-01,4329.68,0,0,No Answer,Paid,4329.68
LN26658,AGT174,2026-03-01,8692.36,0,0,Responsive,Paid,8692.36
LN26659,AGT135,2026-03-01,10481.23,15,1,Responsive,Partial,5240.61
LN26660,AGT160,2026-03-01,26153.88,60,3,Responsive,Partial,13076.94
LN26661,AGT101,2026-03-01,898.41,0,0,No Answer,Paid,898.41
LN26662,AGT123,2026-03-01,4338.71,15,1,Responsive,Partial,2169.36
LN26663,AGT150,2026-03-01,15620.8,15,1,No Answer,Unpaid,0.0
LN26664,AGT103,2026-03-01,4601.37,0,0,No Answer,Paid,4601.37
LN26665,AGT101,2026-03-01,115338.82,90,4,Promise To Pay,Partial,34601.65
LN26666,AGT106,2026-03-01,3877.74,60,3,Responsive,Paid,3877.74
LN26667,AGT158,2026-03-01,8290.56,15,1,Promise To Pay,Partial,2487.17
LN26668,AGT113,2026-03-01,4452.19,30,2,Responsive,Partial,2226.09
LN26669,AGT100,2026-03-01,1326.1,15,1,Responsive,Paid,1326.1
LN26670,AGT125,2026-03-01,42519.63,30,2,Responsive,Partial,21259.81
LN26671,AGT143,2026-03-01,16045.47,0,0,Promise To Pay,Paid,16045.47
LN26672,AGT108,2026-03-01,40284.92,90,4,Promise To Pay,Partial,12085.48
LN26673,AGT147,2026-03-01,5266.3,0,0,Responsive,Paid,5266.3
LN26674,AGT159,2026-03-01,28142.34,0,0,Promise To Pay,Paid,28142.34
LN26675,AGT112,2026-03-01,16630.97,30,2,Responsive,Paid,16630.97
LN26676,AGT173,2026-03-01,4069.35,0,0,Responsive,Paid,4069.35
LN26677,AGT121,2026-03-01,10054.71,0,0,Responsive,Paid,10054.71
LN26678,AGT167,2026-03-01,3456.53,0,0,No Answer,Paid,3456.53
LN26679,AGT148,2026-03-01,6381.28,30,2,No Answer,Unpaid,0.0
LN26680,AGT130,2026-03-01,13228.31,15,1,No Answer,Unpaid,0.0
LN26681,AGT110,2026-03-01,8512.02,0,0,No Answer,Paid,8512.02
LN26682,AGT155,2026-03-01,11248.22,15,1,Responsive,Partial,5624.11
LN26683,AGT134,2026-03-01,1900.92,0,0,Responsive,Paid,1900.92
LN26684,AGT163,2026-03-01,3604.59,30,2,Promise To Pay,Partial,1081.38
LN26685,AGT113,2026-03-01,3447.24,0,0,Responsive,Paid,3447.24
LN26686,AGT133,2026-03-01,7394.22,30,2,Responsive,Paid,7394.22
LN26687,AGT106,2026-03-01,18602.67,30,2,No Answer,Unpaid,0.0
LN26688,AGT121,2026-03-01,2344.46,0,0,Promise To Pay,Paid,2344.46
LN26689,AGT107,2026-03-01,7298.75,0,0,No Answer,Paid,7298.75
LN26690,AGT130,2026-03-01,12850.82,15,1,No Answer,Unpaid,0.0
LN26691,AGT164,2026-03-01,2249.25,30,2,Responsive,Paid,2249.25
LN26692,AGT142,2026-03-01,5646.18,15,1,Responsive,Paid,5646.18
LN26693,AGT154,2026-03-01,20974.9,60,3,Responsive,Partial,10487.45
LN26694,AGT133,2026-03-01,6577.04,30,2,No Answer,Unpaid,0.0
LN26695,AGT114,2026-03-01,6741.1,0,0,Promise To Pay,Paid,6741.1
LN26696,AGT126,2026-03-01,1039.14,0,0,Promise To Pay,Paid,1039.14
LN26697,AGT104,2026-03-01,8735.77,0,0,No Answer,Paid,8735.77
LN26698,AGT116,2026-03-01,6093.34,0,0,Promise To Pay,Paid,6093.34
LN26699,AGT147,2026-03-01,11247.98,15,1,Promise To Pay,Partial,3374.39
LN26700,AGT141,2026-03-01,5601.92,0,0,Promise To Pay,Paid,5601.92
LN26701,AGT154,2026-03-01,9028.47,15,1,No Answer,Unpaid,0.0
LN26702,AGT106,2026-03-01,2541.3,0,0,Responsive,Paid,2541.3
LN26703,AGT138,2026-03-01,979.02,15,1,Responsive,Paid,979.02
LN26704,AGT163,2026-03-01,40372.09,0,0,Responsive,Paid,40372.09
LN26705,AGT129,2026-03-01,6342.75,0,0,Promise To Pay,Paid,6342.75
LN26706,AGT172,2026-03-01,11426.67,30,2,Promise To Pay,Partial,3428.0
LN26707,AGT148,2026-03-01,7787.17,0,0,No Answer,Paid,7787.17
LN26708,AGT122,2026-03-01,3472.66,15,1,Responsive,Partial,1736.33
LN26709,AGT153,2026-03-01,9379.52,15,1,Promise To Pay,Partial,2813.86
LN26710,AGT172,2026-03-01,17441.1,0,0,Promise To Pay,Paid,17441.1
LN26711,AGT119,2026-03-01,9223.27,0,0,Responsive,Paid,9223.27
LN26712,AGT147,2026-03-01,33754.76,60,3,No Answer,Unpaid,0.0
LN26713,AGT102,2026-03-01,16086.17,0,0,No Answer,Paid,16086.17
LN26714,AGT157,2026-03-01,19364.84,0,0,No Answer,Paid,19364.84
LN26715,AGT123,2026-03-01,19277.58,30,2,No Answer,Unpaid,0.0
LN26716,AGT136,2026-03-01,7989.73,0,0,No Answer,Paid,7989.73
LN26717,AGT164,2026-03-01,154382.16,60,3,No Answer,Unpaid,0.0
LN26718,AGT164,2026-03-01,64120.57,60,3,Responsive,Partial,32060.28
LN26719,AGT174,2026-03-01,17944.41,30,2,No Answer,Unpaid,0.0
LN26720,AGT166,2026-03-01,13149.66,0,0,No Answer,Paid,13149.66
LN26721,AGT120,2026-03-01,21008.41,30,2,No Answer,Unpaid,0.0
LN26722,AGT129,2026-03-01,11598.27,30,2,Promise To Pay,Partial,3479.48
LN26723,AGT165,2026-03-01,12761.94,30,2,Promise To Pay,Partial,3828.58
LN26724,AGT114,2026-03-01,14228.7,15,1,Responsive,Partial,7114.35
LN26725,AGT135,2026-03-01,7521.02,15,1,Responsive,Partial,3760.51
LN26726,AGT132,2026-03-01,13831.37,0,0,Responsive,Paid,13831.37
LN26727,AGT174,2026-03-01,16591.54,60,3,No Answer,Unpaid,0.0
LN26728,AGT154,2026-03-01,8649.52,15,1,Responsive,Partial,4324.76
LN26729,AGT121,2026-03-01,26366.06,15,1,Promise To Pay,Partial,7909.82
LN26730,AGT165,2026-03-01,14570.18,90,4,Promise To Pay,Partial,4371.05
LN26731,AGT149,2026-03-01,19658.66,30,2,Responsive,Partial,9829.33
LN26732,AGT136,2026-03-01,15555.36,0,0,Responsive,Paid,15555.36
LN26733,AGT133,2026-03-01,36881.27,90,4,No Answer,Unpaid,0.0
LN26734,AGT140,2026-03-01,29714.16,0,0,No Answer,Paid,29714.16
LN26735,AGT127,2026-03-01,3502.84,15,1,Promise To Pay,Partial,1050.85
LN26736,AGT170,2026-03-01,7566.31,0,0,No Answer,Paid,7566.31
LN26737,AGT146,2026-03-01,13836.55,0,0,No Answer,Paid,13836.55
LN26738,AGT119,2026-03-01,13334.48,0,0,No Answer,Paid,13334.48
LN26739,AGT166,2026-03-01,4670.87,15,1,No Answer,Unpaid,0.0
LN26740,AGT152,2026-03-01,15776.65,30,2,No Answer,Unpaid,0.0
LN26741,AGT106,2026-03-01,4913.22,60,3,Promise To Pay,Partial,1473.97
LN26742,AGT119,2026-03-01,5397.41,0,0,No Answer,Paid,5397.41
LN26743,AGT114,2026-03-01,5030.98,0,0,No Answer,Paid,5030.98
LN26744,AGT130,2026-03-01,5313.44,0,0,Promise To Pay,Paid,5313.44
LN26745,AGT161,2026-03-01,38325.71,60,3,Responsive,Partial,19162.85
LN26746,AGT152,2026-03-01,20312.18,30,2,Responsive,Partial,10156.09
LN26747,AGT158,2026-03-01,3642.75,15,1,No Answer,Unpaid,0.0
LN26748,AGT174,2026-03-01,16166.7,0,0,Responsive,Paid,16166.7
LN26749,AGT167,2026-03-01,40690.39,30,2,Promise To Pay,Partial,12207.12
LN26750,AGT109,2026-03-01,2384.59,15,1,Promise To Pay,Partial,715.38
LN26751,AGT143,2026-03-01,6328.33,0,0,No Answer,Paid,6328.33
LN26752,AGT158,2026-03-01,3501.22,0,0,Promise To Pay,Paid,3501.22
LN26753,AGT125,2026-03-01,4488.39,15,1,Promise To Pay,Partial,1346.52
LN26754,AGT122,2026-03-01,6044.55,30,2,Promise To Pay,Partial,1813.37
LN26755,AGT104,2026-03-01,10566.29,0,0,Promise To Pay,Paid,10566.29
LN26756,AGT124,2026-03-01,11040.29,0,0,Responsive,Paid,11040.29
LN26757,AGT127,2026-03-01,8266.79,90,4,No Answer,Unpaid,0.0
LN26758,AGT101,2026-03-01,43280.05,90,4,Responsive,Partial,21640.03
LN26759,AGT127,2026-03-01,14013.18,30,2,Responsive,Partial,7006.59
LN26760,AGT100,2026-03-01,1529.41,0,0,Responsive,Paid,1529.41
LN26761,AGT131,2026-03-01,8077.89,0,0,Responsive,Paid,8077.89
LN26762,AGT117,2026-03-01,18139.4,0,0,No Answer,Paid,18139.4
LN26763,AGT171,2026-03-01,4471.82,0,0,Promise To Pay,Paid,4471.82
LN26764,AGT160,2026-03-01,16202.28,30,2,No Answer,Unpaid,0.0
LN26765,AGT117,2026-03-01,6484.31,0,0,Responsive,Paid,6484.31
LN26766,AGT140,2026-03-01,2698.87,15,1,No Answer,Unpaid,0.0
LN26767,AGT129,2026-03-01,7421.9,0,0,No Answer,Paid,7421.9
LN26768,AGT129,2026-03-01,10093.96,0,0,No Answer,Paid,10093.96
LN26769,AGT133,2026-03-01,5484.66,30,2,Responsive,Paid,5484.66
LN26770,AGT129,2026-03-01,3978.45,0,0,Responsive,Paid,3978.45
LN26771,AGT103,2026-03-01,6196.18,15,1,No Answer,Unpaid,0.0
LN26772,AGT145,2026-03-01,5226.71,15,1,Responsive,Paid,5226.71
LN26773,AGT134,2026-03-01,14806.55,30,2,Promise To Pay,Partial,4441.96
LN26774,AGT146,2026-03-01,12144.52,30,2,Responsive,Paid,12144.52
LN26775,AGT173,2026-03-01,21033.87,30,2,No Answer,Unpaid,0.0
LN26776,AGT104,2026-03-01,51813.47,30,2,Responsive,Partial,25906.74
LN26777,AGT135,2026-03-01,4614.89,60,3,No Answer,Unpaid,0.0
LN26778,AGT105,2026-03-01,25691.22,30,2,No Answer,Unpaid,0.0
LN26779,AGT108,2026-03-01,31248.28,15,1,Promise To Pay,Partial,9374.48
LN26780,AGT134,2026-03-01,1009.84,15,1,Promise To Pay,Partial,302.95
LN26781,AGT138,2026-03-01,8502.31,15,1,Promise To Pay,Partial,2550.69
LN26782,AGT152,2026-03-01,35944.73,90,4,Responsive,Paid,35944.73
LN26783,AGT110,2026-03-01,36658.53,90,4,Responsive,Paid,36658.53
LN26784,AGT135,2026-03-01,26151.21,60,3,Responsive,Partial,13075.6
LN26785,AGT106,2026-03-01,16646.39,15,1,Promise To Pay,Partial,4993.92
LN26786,AGT140,2026-03-01,22092.33,0,0,Promise To Pay,Paid,22092.33
LN26787,AGT153,2026-03-01,31938.93,90,4,No Answer,Unpaid,0.0
LN26788,AGT139,2026-03-01,12897.22,15,1,Responsive,Paid,12897.22
LN26789,AGT105,2026-03-01,33217.62,60,3,Responsive,Partial,16608.81
LN26790,AGT127,2026-03-01,1535.47,0,0,Promise To Pay,Paid,1535.47
LN26791,AGT128,2026-03-01,23676.18,15,1,No Answer,Unpaid,0.0
LN26792,AGT137,2026-03-01,89120.37,30,2,Promise To Pay,Partial,26736.11
LN26793,AGT118,2026-03-01,20259.25,15,1,No Answer,Unpaid,0.0
LN26794,AGT172,2026-03-01,6195.22,0,0,No Answer,Paid,6195.22
LN26795,AGT169,2026-03-01,26696.01,0,0,Promise To Pay,Paid,26696.01
LN26796,AGT124,2026-03-01,11002.03,0,0,Responsive,Paid,11002.03
LN26797,AGT153,2026-03-01,16723.72,0,0,Promise To Pay,Paid,16723.72
LN26798,AGT121,2026-03-01,33723.09,90,4,Promise To Pay,Partial,10116.93
LN26799,AGT129,2026-03-01,24487.48,60,3,Promise To Pay,Partial,7346.24
LN26800,AGT104,2026-03-01,3959.48,0,0,Promise To Pay,Paid,3959.48
LN26801,AGT159,2026-03-01,23538.97,30,2,Promise To Pay,Partial,7061.69
LN26802,AGT173,2026-03-01,22600.44,30,2,No Answer,Unpaid,0.0
LN26803,AGT153,2026-03-01,12815.06,30,2,Promise To Pay,Partial,3844.52
LN26804,AGT163,2026-03-01,62066.71,90,4,Responsive,Partial,31033.35
LN26805,AGT142,2026-03-01,4512.32,15,1,No Answer,Unpaid,0.0
LN26806,AGT171,2026-03-01,10647.83,0,0,Responsive,Paid,10647.83
LN26807,AGT123,2026-03-01,23681.99,0,0,Promise To Pay,Paid,23681.99
LN26808,AGT136,2026-03-01,6806.43,15,1,Promise To Pay,Partial,2041.93
LN26809,AGT100,2026-03-01,6854.47,0,0,Promise To Pay,Paid,6854.47
LN26810,AGT170,2026-03-01,19354.57,0,0,Responsive,Paid,19354.57
LN26811,AGT144,2026-03-01,20726.59,30,2,Promise To Pay,Partial,6217.98
LN26812,AGT159,2026-03-01,7349.26,30,2,No Answer,Unpaid,0.0
LN26813,AGT143,2026-03-01,4764.23,0,0,Promise To Pay,Paid,4764.23
LN26814,AGT102,2026-03-01,14040.87,60,3,Promise To Pay,Partial,4212.26
LN26815,AGT141,2026-03-01,85832.39,90,4,No Answer,Unpaid,0.0
LN26816,AGT167,2026-03-01,19652.82,0,0,No Answer,Paid,19652.82
LN26817,AGT118,2026-03-01,35475.36,15,1,No Answer,Unpaid,0.0
LN26818,AGT108,2026-03-01,30572.49,60,3,No Answer,Unpaid,0.0
LN26819,AGT133,2026-03-01,11477.95,0,0,Responsive,Paid,11477.95
LN26820,AGT128,2026-03-01,15762.76,30,2,Responsive,Paid,15762.76
LN26821,AGT114,2026-03-01,9090.89,15,1,Promise To Pay,Partial,2727.27
LN26822,AGT169,2026-03-01,56662.75,90,4,Responsive,Paid,56662.75
LN26823,AGT109,2026-03-01,2794.57,0,0,No Answer,Paid,2794.57
LN26824,AGT154,2026-03-01,5762.35,0,0,No Answer,Paid,5762.35
LN26825,AGT110,2026-03-01,24115.83,60,3,Promise To Pay,Partial,7234.75
LN26826,AGT108,2026-03-01,3569.19,0,0,Promise To Pay,Paid,3569.19
LN26827,AGT113,2026-03-01,5903.84,0,0,Promise To Pay,Paid,5903.84
LN26828,AGT141,2026-03-01,7210.06,0,0,Responsive,Paid,7210.06
LN26829,AGT171,2026-03-01,60911.72,60,3,Responsive,Paid,60911.72
LN26830,AGT118,2026-03-01,26531.41,30,2,Promise To Pay,Partial,7959.42
LN26831,AGT147,2026-03-01,43550.7,60,3,Responsive,Partial,21775.35
LN26832,AGT117,2026-03-01,21705.63,0,0,Promise To Pay,Paid,21705.63
LN26833,AGT121,2026-03-01,4782.4,30,2,No Answer,Unpaid,0.0
LN26834,AGT157,2026-03-01,33333.47,30,2,No Answer,Unpaid,0.0
LN26835,AGT145,2026-03-01,9786.03,15,1,Promise To Pay,Partial,2935.81
LN26836,AGT126,2026-03-01,6627.74,0,0,Responsive,Paid,6627.74
LN26837,AGT157,2026-03-01,60522.03,60,3,No Answer,Unpaid,0.0
LN26838,AGT131,2026-03-01,4327.06,0,0,Promise To Pay,Paid,4327.06
LN26839,AGT105,2026-03-01,2407.36,15,1,No Answer,Unpaid,0.0
LN26840,AGT116,2026-03-01,5731.59,0,0,Responsive,Paid,5731.59
LN26841,AGT105,2026-03-01,8490.54,0,0,Responsive,Paid,8490.54
LN26842,AGT166,2026-03-01,2138.25,0,0,Responsive,Paid,2138.25
LN26843,AGT160,2026-03-01,14250.77,0,0,Responsive,Paid,14250.77
LN26844,AGT135,2026-03-01,6702.46,0,0,No Answer,Paid,6702.46
LN26845,AGT162,2026-03-01,17401.15,30,2,Responsive,Partial,8700.58
LN26846,AGT143,2026-03-01,26710.2,60,3,Responsive,Paid,26710.2
LN26847,AGT167,2026-03-01,10024.69,90,4,Responsive,Partial,5012.35
LN26848,AGT149,2026-03-01,21463.23,30,2,Responsive,Paid,21463.23
LN26849,AGT168,2026-03-01,7731.94,0,0,No Answer,Paid,7731.94
LN26850,AGT123,2026-03-01,17736.01,30,2,Promise To Pay,Partial,5320.8
LN26851,AGT151,2026-03-01,24673.2,30,2,Promise To Pay,Partial,7401.96
LN26852,AGT155,2026-03-01,49019.87,0,0,Promise To Pay,Paid,49019.87
LN26853,AGT142,2026-03-01,34221.81,90,4,Responsive,Partial,17110.9
LN26854,AGT151,2026-03-01,9856.22,0,0,Responsive,Paid,9856.22
LN26855,AGT129,2026-03-01,11276.01,0,0,Promise To Pay,Paid,11276.01
LN26856,AGT174,2026-03-01,6324.43,15,1,Responsive,Paid,6324.43
LN26857,AGT142,2026-03-01,13815.74,30,2,Promise To Pay,Partial,4144.72
LN26858,AGT141,2026-03-01,1485.52,0,0,No Answer,Paid,1485.52
LN26859,AGT147,2026-03-01,16266.28,0,0,No Answer,Paid,16266.28
LN26860,AGT149,2026-03-01,12049.22,90,4,Promise To Pay,Partial,3614.77
LN26861,AGT110,2026-03-01,9789.71,0,0,Promise To Pay,Paid,9789.71
LN26862,AGT100,2026-03-01,14183.91,0,0,Promise To Pay,Paid,14183.91
LN26863,AGT173,2026-03-01,9676.96,30,2,Promise To Pay,Partial,2903.09
LN26864,AGT103,2026-03-01,10150.64,0,0,Promise To Pay,Paid,10150.64
LN26865,AGT128,2026-03-01,28698.51,60,3,Promise To Pay,Partial,8609.55
LN26866,AGT112,2026-03-01,12648.41,0,0,Responsive,Paid,12648.41
LN26867,AGT140,2026-03-01,2252.51,30,2,Responsive,Partial,1126.26
LN26868,AGT173,2026-03-01,5369.6,0,0,Promise To Pay,Paid,5369.6
LN26869,AGT165,2026-03-01,2699.69,0,0,No Answer,Paid,2699.69
LN26870,AGT134,2026-03-01,10809.63,60,3,Promise To Pay,Partial,3242.89
LN26871,AGT137,2026-03-01,9842.22,0,0,Promise To Pay,Paid,9842.22
LN26872,AGT101,2026-03-01,15334.59,0,0,Responsive,Paid,15334.59
LN26873,AGT155,2026-03-01,17063.09,60,3,No Answer,Unpaid,0.0
LN26874,AGT145,2026-03-01,10459.68,0,0,Promise To Pay,Paid,10459.68
LN26875,AGT113,2026-03-01,26010.58,30,2,Responsive,Paid,26010.58
LN26876,AGT163,2026-03-01,8088.95,0,0,Responsive,Paid,8088.95
LN26877,AGT145,2026-03-01,2677.08,15,1,No Answer,Unpaid,0.0
LN26878,AGT163,2026-03-01,3907.3,15,1,Promise To Pay,Partial,1172.19
LN26879,AGT103,2026-03-01,19722.23,60,3,Responsive,Partial,9861.11
LN26880,AGT141,2026-03-01,4140.38,15,1,Promise To Pay,Partial,1242.11
LN26881,AGT102,2026-03-01,21314.66,60,3,No Answer,Unpaid,0.0
LN26882,AGT148,2026-03-01,13098.75,0,0,No Answer,Paid,13098.75
LN26883,AGT169,2026-03-01,4794.19,15,1,No Answer,Unpaid,0.0
LN26884,AGT111,2026-03-01,8222.12,0,0,No Answer,Paid,8222.12
LN26885,AGT115,2026-03-01,11681.04,15,1,Promise To Pay,Partial,3504.31
LN26886,AGT103,2026-03-01,14642.41,15,1,Responsive,Partial,7321.2
LN26887,AGT155,2026-03-01,29870.7,60,3,Responsive,Partial,14935.35
LN26888,AGT128,2026-03-01,68068.63,90,4,No Answer,Unpaid,0.0
LN26889,AGT117,2026-03-01,21504.82,15,1,No Answer,Unpaid,0.0
LN26890,AGT150,2026-03-01,8010.46,0,0,Responsive,Paid,8010.46
LN26891,AGT122,2026-03-01,13296.08,15,1,Responsive,Paid,13296.08
LN26892,AGT123,2026-03-01,13099.01,0,0,Promise To Pay,Paid,13099.01
LN26893,AGT149,2026-03-01,5090.27,60,3,Promise To Pay,Partial,1527.08
LN26894,AGT106,2026-03-01,9104.71,0,0,No Answer,Paid,9104.71
LN26895,AGT142,2026-03-01,32907.21,60,3,No Answer,Unpaid,0.0
LN26896,AGT158,2026-03-01,8811.31,0,0,Responsive,Paid,8811.31
LN26897,AGT142,2026-03-01,6362.89,15,1,No Answer,Unpaid,0.0
LN26898,AGT152,2026-03-01,28798.02,0,0,Promise To Pay,Paid,28798.02
LN26899,AGT100,2026-03-01,1870.14,0,0,Responsive,Paid,1870.14
LN26900,AGT104,2026-03-01,1606.77,15,1,No Answer,Unpaid,0.0
LN26901,AGT115,2026-03-01,6158.15,90,4,No Answer,Unpaid,0.0
LN26902,AGT146,2026-03-01,12964.32,0,0,No Answer,Paid,12964.32
LN26903,AGT168,2026-03-01,3543.25,0,0,No Answer,Paid,3543.25
LN26904,AGT161,2026-03-01,9319.07,15,1,Promise To Pay,Partial,2795.72
LN26905,AGT147,2026-03-01,8826.43,15,1,Responsive,Partial,4413.22
LN26906,AGT169,2026-03-01,31111.41,90,4,Responsive,Partial,15555.7
LN26907,AGT164,2026-03-01,9127.9,15,1,No Answer,Unpaid,0.0
LN26908,AGT165,2026-03-01,2729.58,15,1,Promise To Pay,Partial,818.87
LN26909,AGT149,2026-03-01,4157.1,0,0,No Answer,Paid,4157.1
LN26910,AGT158,2026-03-01,11580.63,30,2,No Answer,Unpaid,0.0
LN26911,AGT117,2026-03-01,2980.61,0,0,Promise To Pay,Paid,2980.61
LN26912,AGT139,2026-03-01,22377.57,0,0,Responsive,Paid,22377.57
LN26913,AGT126,2026-03-01,17075.37,0,0,Responsive,Paid,17075.37
LN26914,AGT165,2026-03-01,2607.71,15,1,Responsive,Paid,2607.71
LN26915,AGT131,2026-03-01,9269.06,60,3,Promise To Pay,Partial,2780.72
LN26916,AGT163,2026-03-01,4509.55,0,0,No Answer,Paid,4509.55
LN26917,AGT167,2026-03-01,33052.3,90,4,No Answer,Unpaid,0.0
LN26918,AGT103,2026-03-01,5479.74,15,1,No Answer,Unpaid,0.0
LN26919,AGT149,2026-03-01,42890.46,60,3,Promise To Pay,Partial,12867.14
LN26920,AGT117,2026-03-01,11650.03,0,0,No Answer,Paid,11650.03
LN26921,AGT130,2026-03-01,24455.88,60,3,Responsive,Partial,12227.94
LN26922,AGT116,2026-03-01,9357.74,15,1,Responsive,Partial,4678.87
LN26923,AGT123,2026-03-01,30366.35,0,0,Responsive,Paid,30366.35
LN26924,AGT106,2026-03-01,8862.02,30,2,Responsive,Partial,4431.01
LN26925,AGT116,2026-03-01,13329.82,0,0,Responsive,Paid,13329.82
LN26926,AGT157,2026-03-01,13302.75,30,2,Responsive,Paid,13302.75
LN26927,AGT149,2026-03-01,10867.06,15,1,No Answer,Unpaid,0.0
LN26928,AGT157,2026-03-01,36796.32,60,3,Promise To Pay,Partial,11038.9
LN26929,AGT160,2026-03-01,43784.16,60,3,Promise To Pay,Partial,13135.25
LN26930,AGT101,2026-03-01,5025.68,30,2,Promise To Pay,Partial,1507.7
LN26931,AGT113,2026-03-01,2427.6,0,0,Promise To Pay,Paid,2427.6
LN26932,AGT100,2026-03-01,10776.89,15,1,Responsive,Partial,5388.44
LN26933,AGT123,2026-03-01,19741.08,15,1,Responsive,Partial,9870.54
LN26934,AGT120,2026-03-01,20059.65,30,2,Responsive,Paid,20059.65
LN26935,AGT154,2026-03-01,10937.26,15,1,Promise To Pay,Partial,3281.18
LN26936,AGT151,2026-03-01,27858.46,0,0,Responsive,Paid,27858.46
LN26937,AGT161,2026-03-01,15456.9,0,0,Responsive,Paid,15456.9
LN26938,AGT134,2026-03-01,11088.42,90,4,Responsive,Partial,5544.21
LN26939,AGT119,2026-03-01,12013.16,0,0,No Answer,Paid,12013.16
LN26940,AGT133,2026-03-01,32470.58,60,3,Promise To Pay,Partial,9741.17
LN26941,AGT157,2026-03-01,11548.24,15,1,Responsive,Partial,5774.12
LN26942,AGT138,2026-03-01,1497.65,0,0,Responsive,Paid,1497.65
LN26943,AGT141,2026-03-01,42710.79,60,3,Promise To Pay,Partial,12813.24
LN26944,AGT170,2026-03-01,44892.04,90,4,Promise To Pay,Partial,13467.61
LN26945,AGT116,2026-03-01,25169.64,0,0,Responsive,Paid,25169.64
LN26946,AGT130,2026-03-01,5774.16,15,1,Promise To Pay,Partial,1732.25
LN26947,AGT134,2026-03-01,13636.92,15,1,Promise To Pay,Partial,4091.08
LN26948,AGT170,2026-03-01,20115.99,0,0,Responsive,Paid,20115.99
LN26949,AGT133,2026-03-01,8094.86,0,0,No Answer,Paid,8094.86
LN26950,AGT133,2026-03-01,5823.79,0,0,Responsive,Paid,5823.79
LN26951,AGT171,2026-03-01,5645.29,60,3,No Answer,Unpaid,0.0
LN26952,AGT167,2026-03-01,3930.12,0,0,Responsive,Paid,3930.12
LN26953,AGT129,2026-03-01,31390.74,60,3,Promise To Pay,Partial,9417.22
LN26954,AGT133,2026-03-01,34692.4,0,0,Responsive,Paid,34692.4
LN26955,AGT115,2026-03-01,21445.85,30,2,No Answer,Unpaid,0.0
LN26956,AGT163,2026-03-01,10645.96,0,0,No Answer,Paid,10645.96
LN26957,AGT129,2026-03-01,10152.74,30,2,Responsive,Paid,10152.74
LN26958,AGT107,2026-03-01,12864.54,15,1,Promise To Pay,Partial,3859.36
LN26959,AGT105,2026-03-01,4586.92,0,0,No Answer,Paid,4586.92
LN26960,AGT168,2026-03-01,4645.4,0,0,Promise To Pay,Paid,4645.4
LN26961,AGT106,2026-03-01,2531.76,0,0,No Answer,Paid,2531.76
LN26962,AGT129,2026-03-01,16434.57,30,2,No Answer,Unpaid,0.0
LN26963,AGT174,2026-03-01,9330.31,15,1,Responsive,Paid,9330.31
LN26964,AGT105,2026-03-01,8379.01,0,0,Responsive,Paid,8379.01
LN26965,AGT151,2026-03-01,24039.65,60,3,Responsive,Partial,12019.83
LN26966,AGT164,2026-03-01,12448.66,0,0,Responsive,Paid,12448.66
LN26967,AGT108,2026-03-01,40549.86,60,3,Promise To Pay,Partial,12164.96
LN26968,AGT137,2026-03-01,8547.76,0,0,Promise To Pay,Paid,8547.76
LN26969,AGT106,2026-03-01,15405.29,15,1,Promise To Pay,Partial,4621.59
LN26970,AGT124,2026-03-01,18285.71,30,2,No Answer,Unpaid,0.0
LN26971,AGT117,2026-03-01,14102.87,0,0,Responsive,Paid,14102.87
LN26972,AGT115,2026-03-01,9940.16,90,4,Promise To Pay,Partial,2982.05
LN26973,AGT114,2026-03-01,5298.83,0,0,Promise To Pay,Paid,5298.83
LN26974,AGT163,2026-03-01,4925.06,60,3,Responsive,Paid,4925.06
LN26975,AGT104,2026-03-01,5453.91,15,1,Promise To Pay,Partial,1636.17
LN26976,AGT107,2026-03-01,7106.35,0,0,Promise To Pay,Paid,7106.35
LN26977,AGT145,2026-03-01,5586.39,0,0,No Answer,Paid,5586.39
LN26978,AGT125,2026-03-01,10446.87,0,0,Promise To Pay,Paid,10446.87
LN26979,AGT130,2026-03-01,2458.31,0,0,Responsive,Paid,2458.31
LN26980,AGT108,2026-03-01,7323.41,0,0,Promise To Pay,Paid,7323.41
LN26981,AGT126,2026-03-01,11186.35,30,2,Promise To Pay,Partial,3355.91
LN26982,AGT123,2026-03-01,4446.75,0,0,Promise To Pay,Paid,4446.75
LN26983,AGT139,2026-03-01,11406.18,60,3,Responsive,Partial,5703.09
LN26984,AGT154,2026-03-01,10886.99,90,4,Promise To Pay,Partial,3266.1
LN26985,AGT143,2026-03-01,29061.91,60,3,No Answer,Unpaid,0.0
LN26986,AGT163,2026-03-01,21061.97,0,0,No Answer,Paid,21061.97
LN26987,AGT114,2026-03-01,10531.86,60,3,Promise To Pay,Partial,3159.56
LN26988,AGT160,2026-03-01,1736.04,0,0,No Answer,Paid,1736.04
LN26989,AGT140,2026-03-01,86097.34,30,2,Responsive,Partial,43048.67
LN26990,AGT115,2026-03-01,10101.6,0,0,Responsive,Paid,10101.6
LN26991,AGT123,2026-03-01,28678.36,60,3,Responsive,Partial,14339.18
LN26992,AGT141,2026-03-01,5345.29,15,1,Responsive,Paid,5345.29
LN26993,AGT110,2026-03-01,2251.36,15,1,Promise To Pay,Partial,675.41
LN26994,AGT112,2026-03-01,19981.58,15,1,Responsive,Paid,19981.58
LN26995,AGT126,2026-03-01,13221.84,15,1,No Answer,Unpaid,0.0
LN26996,AGT145,2026-03-01,10772.47,0,0,Responsive,Paid,10772.47
LN26997,AGT107,2026-03-01,46756.45,90,4,Promise To Pay,Partial,14026.93
LN26998,AGT104,2026-03-01,3173.73,0,0,Promise To Pay,Paid,3173.73
LN26999,AGT113,2026-03-01,10285.28,0,0,Responsive,Paid,10285.28
LN27000,AGT118,2026-03-01,19840.04,30,2,No Answer,Unpaid,0.0
LN27001,AGT107,2026-03-01,30006.9,30,2,Promise To Pay,Partial,9002.07
LN27002,AGT114,2026-03-01,7026.55,15,1,No Answer,Unpaid,0.0
LN27003,AGT139,2026-03-01,6358.17,15,1,Responsive,Partial,3179.09
LN27004,AGT124,2026-03-01,9551.81,0,0,No Answer,Paid,9551.81
LN27005,AGT152,2026-03-01,16819.59,0,0,No Answer,Paid,16819.59
LN27006,AGT128,2026-03-01,20521.4,30,2,No Answer,Unpaid,0.0
LN27007,AGT148,2026-03-01,10359.07,0,0,Responsive,Paid,10359.07
LN27008,AGT121,2026-03-01,1989.39,0,0,No Answer,Paid,1989.39
LN27009,AGT121,2026-03-01,28239.07,0,0,No Answer,Paid,28239.07
LN27010,AGT169,2026-03-01,6592.49,0,0,Promise To Pay,Paid,6592.49
LN27011,AGT140,2026-03-01,9125.31,0,0,Responsive,Paid,9125.31
LN27012,AGT156,2026-03-01,18118.25,30,2,No Answer,Unpaid,0.0
LN27013,AGT106,2026-03-01,14130.68,60,3,Promise To Pay,Partial,4239.2
LN27014,AGT105,2026-03-01,14724.04,0,0,Promise To Pay,Paid,14724.04
LN27015,AGT160,2026-03-01,30950.93,60,3,No Answer,Unpaid,0.0
LN27016,AGT124,2026-03-01,18243.35,60,3,Promise To Pay,Partial,5473.0
LN27017,AGT144,2026-03-01,10188.93,0,0,Responsive,Paid,10188.93
LN27018,AGT115,2026-03-01,8438.3,0,0,Promise To Pay,Paid,8438.3
LN27019,AGT161,2026-03-01,8475.21,60,3,No Answer,Unpaid,0.0
LN27020,AGT126,2026-03-01,15639.22,90,4,No Answer,Unpaid,0.0
LN27021,AGT167,2026-03-01,11948.29,0,0,Responsive,Paid,11948.29
LN27022,AGT113,2026-03-01,8518.82,0,0,No Answer,Paid,8518.82
LN27023,AGT147,2026-03-01,11903.81,0,0,No Answer,Paid,11903.81
LN27024,AGT104,2026-03-01,1906.02,15,1,Responsive,Paid,1906.02
LN27025,AGT101,2026-03-01,5693.46,0,0,Promise To Pay,Paid,5693.46
LN27026,AGT133,2026-03-01,6737.22,0,0,Responsive,Paid,6737.22
LN27027,AGT139,2026-03-01,43946.07,60,3,Responsive,Paid,43946.07
LN27028,AGT160,2026-03-01,9087.27,0,0,Responsive,Paid,9087.27
LN27029,AGT107,2026-03-01,22610.58,0,0,Promise To Pay,Paid,22610.58
LN27030,AGT158,2026-03-01,3477.48,0,0,Responsive,Paid,3477.48
LN27031,AGT122,2026-03-01,9363.8,15,1,Responsive,Paid,9363.8
LN27032,AGT121,2026-03-01,20077.73,0,0,No Answer,Paid,20077.73
LN27033,AGT147,2026-03-01,73627.86,60,3,No Answer,Unpaid,0.0
LN27034,AGT127,2026-03-01,62528.69,30,2,No Answer,Unpaid,0.0
LN27035,AGT150,2026-03-01,10467.42,30,2,Promise To Pay,Partial,3140.23
LN27036,AGT150,2026-03-01,11310.8,15,1,Promise To Pay,Partial,3393.24
LN27037,AGT152,2026-03-01,5196.63,0,0,No Answer,Paid,5196.63
LN27038,AGT118,2026-03-01,28096.72,15,1,No Answer,Unpaid,0.0
LN27039,AGT116,2026-03-01,6636.87,30,2,Promise To Pay,Partial,1991.06
LN27040,AGT149,2026-03-01,12879.29,0,0,No Answer,Paid,12879.29
LN27041,AGT105,2026-03-01,16444.13,0,0,Promise To Pay,Paid,16444.13
LN27042,AGT106,2026-03-01,33906.72,30,2,Promise To Pay,Partial,10172.02
LN27043,AGT173,2026-03-01,21653.46,60,3,No Answer,Unpaid,0.0
LN27044,AGT140,2026-03-01,33271.17,60,3,Promise To Pay,Partial,9981.35
LN27045,AGT173,2026-03-01,31368.1,30,2,Promise To Pay,Partial,9410.43
LN27046,AGT126,2026-03-01,7975.53,60,3,Promise To Pay,Partial,2392.66
LN27047,AGT164,2026-03-01,19595.51,30,2,No Answer,Unpaid,0.0
LN27048,AGT101,2026-03-01,700.99,0,0,Responsive,Paid,700.99
LN27049,AGT128,2026-03-01,5841.85,60,3,No Answer,Unpaid,0.0
LN27050,AGT115,2026-03-01,3441.44,15,1,No Answer,Unpaid,0.0
LN27051,AGT170,2026-03-01,14177.58,15,1,No Answer,Unpaid,0.0
LN27052,AGT163,2026-03-01,17569.85,30,2,Responsive,Paid,17569.85
LN27053,AGT105,2026-03-01,14582.16,30,2,No Answer,Unpaid,0.0
LN27054,AGT153,2026-03-01,45529.44,0,0,No Answer,Paid,45529.44
LN27055,AGT129,2026-03-01,4033.94,0,0,No Answer,Paid,4033.94
LN27056,AGT143,2026-03-01,13306.71,0,0,Promise To Pay,Paid,13306.71
LN27057,AGT146,2026-03-01,8784.33,0,0,Promise To Pay,Paid,8784.33
LN27058,AGT124,2026-03-01,1428.49,0,0,Responsive,Paid,1428.49
LN27059,AGT129,2026-03-01,34604.44,60,3,Promise To Pay,Partial,10381.33
LN27060,AGT103,2026-03-01,39967.59,0,0,Promise To Pay,Paid,39967.59
LN27061,AGT147,2026-03-01,4065.5,30,2,Responsive,Paid,4065.5
LN27062,AGT136,2026-03-01,5172.67,15,1,Promise To Pay,Partial,1551.8
LN27063,AGT137,2026-03-01,6379.15,0,0,No Answer,Paid,6379.15
LN27064,AGT149,2026-03-01,6971.48,0,0,No Answer,Paid,6971.48
LN27065,AGT156,2026-03-01,3591.07,15,1,Promise To Pay,Partial,1077.32
LN27066,AGT100,2026-03-01,19209.42,30,2,No Answer,Unpaid,0.0
LN27067,AGT171,2026-03-01,31227.61,30,2,Responsive,Paid,31227.61
LN27068,AGT144,2026-03-01,16413.92,15,1,No Answer,Unpaid,0.0
LN27069,AGT102,2026-03-01,35381.43,0,0,No Answer,Paid,35381.43
LN27070,AGT160,2026-03-01,27282.46,90,4,No Answer,Unpaid,0.0
LN27071,AGT173,2026-03-01,9522.37,15,1,Promise To Pay,Partial,2856.71
LN27072,AGT124,2026-03-01,21161.47,0,0,Responsive,Paid,21161.47
LN27073,AGT163,2026-03-01,9802.64,0,0,No Answer,Paid,9802.64
LN27074,AGT106,2026-03-01,29405.1,30,2,Responsive,Paid,29405.1
LN27075,AGT164,2026-03-01,28923.5,0,0,No Answer,Paid,28923.5
LN27076,AGT124,2026-03-01,15496.59,60,3,Promise To Pay,Partial,4648.98
LN27077,AGT161,2026-03-01,4872.44,0,0,Promise To Pay,Paid,4872.44
LN27078,AGT133,2026-03-01,17287.78,30,2,Responsive,Paid,17287.78
LN27079,AGT161,2026-03-01,13952.99,60,3,Responsive,Partial,6976.49
LN27080,AGT143,2026-03-01,10174.66,0,0,No Answer,Paid,10174.66
LN27081,AGT174,2026-03-01,23955.35,30,2,No Answer,Unpaid,0.0
LN27082,AGT154,2026-03-01,2095.7,0,0,Responsive,Paid,2095.7
LN27083,AGT141,2026-03-01,56010.61,30,2,No Answer,Unpaid,0.0
LN27084,AGT154,2026-03-01,22183.65,0,0,No Answer,Paid,22183.65
LN27085,AGT110,2026-03-01,1478.19,0,0,No Answer,Paid,1478.19
LN27086,AGT149,2026-03-01,11633.18,0,0,Promise To Pay,Paid,11633.18
LN27087,AGT137,2026-03-01,30452.77,30,2,Promise To Pay,Partial,9135.83
LN27088,AGT112,2026-03-01,37072.11,0,0,Promise To Pay,Paid,37072.11
LN27089,AGT154,2026-03-01,22187.51,0,0,No Answer,Paid,22187.51
LN27090,AGT152,2026-03-01,79173.98,30,2,No Answer,Unpaid,0.0
LN27091,AGT129,2026-03-01,13100.48,0,0,Promise To Pay,Paid,13100.48
LN27092,AGT126,2026-03-01,2569.93,0,0,No Answer,Paid,2569.93
LN27093,AGT137,2026-03-01,22886.48,30,2,Responsive,Paid,22886.48
LN27094,AGT156,2026-03-01,23108.7,60,3,Responsive,Partial,11554.35
LN27095,AGT110,2026-03-01,20089.15,0,0,Responsive,Paid,20089.15
LN27096,AGT128,2026-03-01,69267.79,90,4,No Answer,Unpaid,0.0
LN27097,AGT132,2026-03-01,46033.16,30,2,Responsive,Paid,46033.16
LN27098,AGT112,2026-03-01,5388.07,30,2,No Answer,Unpaid,0.0
LN27099,AGT133,2026-03-01,7302.12,0,0,No Answer,Paid,7302.12
LN27100,AGT167,2026-03-01,14692.19,0,0,No Answer,Paid,14692.19
LN27101,AGT130,2026-03-01,47394.93,0,0,No Answer,Paid,47394.93
LN27102,AGT125,2026-03-01,7236.66,15,1,Responsive,Paid,7236.66
LN27103,AGT116,2026-03-01,7270.68,15,1,Responsive,Paid,7270.68
LN27104,AGT169,2026-03-01,5348.88,15,1,Responsive,Paid,5348.88
LN27105,AGT161,2026-03-01,9496.51,0,0,No Answer,Paid,9496.51
LN27106,AGT141,2026-03-01,8435.68,60,3,Responsive,Paid,8435.68
LN27107,AGT133,2026-03-01,2756.63,30,2,No Answer,Unpaid,0.0
LN27108,AGT122,2026-03-01,9297.62,15,1,Responsive,Partial,4648.81
LN27109,AGT161,2026-03-01,40421.91,0,0,No Answer,Paid,40421.91
LN27110,AGT153,2026-03-01,54798.29,60,3,Promise To Pay,Partial,16439.49
LN27111,AGT109,2026-03-01,15401.38,30,2,Promise To Pay,Partial,4620.41
LN27112,AGT168,2026-03-01,18883.68,0,0,No Answer,Paid,18883.68
LN27113,AGT131,2026-03-01,21124.98,60,3,Promise To Pay,Partial,6337.49
LN27114,AGT105,2026-03-01,3029.57,0,0,No Answer,Paid,3029.57
LN27115,AGT147,2026-03-01,6488.45,0,0,No Answer,Paid,6488.45
LN27116,AGT141,2026-03-01,35548.94,90,4,No Answer,Unpaid,0.0
LN27117,AGT130,2026-03-01,9931.14,15,1,Responsive,Paid,9931.14
LN27118,AGT161,2026-03-01,8196.03,30,2,No Answer,Unpaid,0.0
LN27119,AGT135,2026-03-01,12192.41,0,0,No Answer,Paid,12192.41
LN27120,AGT109,2026-03-01,17702.95,0,0,Responsive,Paid,17702.95
LN27121,AGT129,2026-03-01,6756.0,15,1,Responsive,Partial,3378.0
LN27122,AGT154,2026-03-01,38408.29,30,2,No Answer,Unpaid,0.0
LN27123,AGT133,2026-03-01,1881.55,0,0,Promise To Pay,Paid,1881.55
LN27124,AGT138,2026-03-01,10789.54,0,0,Promise To Pay,Paid,10789.54
LN27125,AGT166,2026-03-01,4828.96,0,0,No Answer,Paid,4828.96
LN27126,AGT165,2026-03-01,8779.12,15,1,Responsive,Partial,4389.56
LN27127,AGT137,2026-03-01,11999.57,0,0,Promise To Pay,Paid,11999.57
LN27128,AGT174,2026-03-01,12664.2,0,0,No Answer,Paid,12664.2
LN27129,AGT131,2026-03-01,111168.74,60,3,Promise To Pay,Partial,33350.62
LN27130,AGT125,2026-03-01,9404.63,30,2,No Answer,Unpaid,0.0
LN27131,AGT144,2026-03-01,5212.16,15,1,Responsive,Paid,5212.16
LN27132,AGT137,2026-03-01,25022.82,0,0,Responsive,Paid,25022.82
LN27133,AGT127,2026-03-01,39002.07,0,0,No Answer,Paid,39002.07
LN27134,AGT116,2026-03-01,2510.48,30,2,No Answer,Unpaid,0.0
LN27135,AGT114,2026-03-01,15794.91,30,2,Promise To Pay,Partial,4738.47
LN27136,AGT127,2026-03-01,3346.6,30,2,No Answer,Unpaid,0.0
LN27137,AGT109,2026-03-01,8861.99,0,0,No Answer,Paid,8861.99
LN27138,AGT171,2026-03-01,22741.78,0,0,Promise To Pay,Paid,22741.78
LN27139,AGT143,2026-03-01,11861.61,0,0,No Answer,Paid,11861.61
LN27140,AGT145,2026-03-01,5941.8,60,3,No Answer,Unpaid,0.0
LN27141,AGT142,2026-03-01,10605.64,0,0,No Answer,Paid,10605.64
LN27142,AGT117,2026-03-01,27595.48,0,0,No Answer,Paid,27595.48
LN27143,AGT154,2026-03-01,1523.52,0,0,Responsive,Paid,1523.52
LN27144,AGT130,2026-03-01,28048.72,30,2,Promise To Pay,Partial,8414.62
LN27145,AGT152,2026-03-01,13379.31,30,2,Promise To Pay,Partial,4013.79
LN27146,AGT108,2026-03-01,20493.33,15,1,Promise To Pay,Partial,6148.0
LN27147,AGT165,2026-03-01,13581.96,0,0,Promise To Pay,Paid,13581.96
LN27148,AGT123,2026-03-01,6471.23,30,2,Promise To Pay,Partial,1941.37
LN27149,AGT150,2026-03-01,13484.95,0,0,Responsive,Paid,13484.95
LN27150,AGT154,2026-03-01,11738.56,30,2,Responsive,Partial,5869.28
LN27151,AGT154,2026-03-01,24217.57,90,4,No Answer,Unpaid,0.0
LN27152,AGT163,2026-03-01,3887.3,0,0,No Answer,Paid,3887.3
LN27153,AGT137,2026-03-01,5598.73,0,0,Promise To Pay,Paid,5598.73
LN27154,AGT125,2026-03-01,13981.45,90,4,Promise To Pay,Partial,4194.44
LN27155,AGT117,2026-03-01,8602.37,0,0,No Answer,Paid,8602.37
LN27156,AGT121,2026-03-01,3460.53,15,1,Promise To Pay,Partial,1038.16
LN27157,AGT107,2026-03-01,38401.13,15,1,Responsive,Paid,38401.13
LN27158,AGT129,2026-03-01,9150.1,15,1,Promise To Pay,Partial,2745.03
LN27159,AGT110,2026-03-01,19747.15,60,3,Promise To Pay,Partial,5924.15
LN27160,AGT122,2026-03-01,48227.54,60,3,No Answer,Unpaid,0.0
LN27161,AGT101,2026-03-01,8573.17,0,0,Responsive,Paid,8573.17
LN27162,AGT116,2026-03-01,25494.69,60,3,Responsive,Paid,25494.69
LN27163,AGT130,2026-03-01,31080.18,60,3,No Answer,Unpaid,0.0
LN27164,AGT171,2026-03-01,115470.89,30,2,No Answer,Unpaid,0.0
LN27165,AGT113,2026-03-01,13704.86,15,1,Responsive,Partial,6852.43
LN27166,AGT101,2026-03-01,38093.89,60,3,No Answer,Unpaid,0.0
LN27167,AGT142,2026-03-01,23067.02,0,0,Responsive,Paid,23067.02
LN27168,AGT166,2026-03-01,41121.17,60,3,Responsive,Paid,41121.17
LN27169,AGT118,2026-03-01,16085.67,0,0,Promise To Pay,Paid,16085.67
LN27170,AGT118,2026-03-01,1387.46,0,0,Promise To Pay,Paid,1387.46
LN27171,AGT146,2026-03-01,112753.62,90,4,Promise To Pay,Partial,33826.09
LN27172,AGT172,2026-03-01,53507.45,90,4,Promise To Pay,Partial,16052.23
LN27173,AGT169,2026-03-01,23540.67,60,3,No Answer,Unpaid,0.0
LN27174,AGT123,2026-03-01,8175.24,30,2,Promise To Pay,Partial,2452.57
LN27175,AGT114,2026-03-01,27893.61,60,3,Responsive,Partial,13946.81
LN27176,AGT133,2026-03-01,3022.4,15,1,Responsive,Paid,3022.4
LN27177,AGT116,2026-03-01,19300.85,0,0,Responsive,Paid,19300.85
LN27178,AGT124,2026-03-01,3551.7,0,0,Responsive,Paid,3551.7
LN27179,AGT102,2026-03-01,68558.1,30,2,No Answer,Unpaid,0.0
LN27180,AGT172,2026-03-01,17091.31,15,1,Promise To Pay,Partial,5127.39
LN27181,AGT148,2026-03-01,27540.47,30,2,No Answer,Unpaid,0.0
LN27182,AGT137,2026-03-01,13433.49,0,0,No Answer,Paid,13433.49
LN27183,AGT174,2026-03-01,9190.67,0,0,Promise To Pay,Paid,9190.67
LN27184,AGT117,2026-03-01,6751.1,30,2,Responsive,Paid,6751.1
LN27185,AGT121,2026-03-01,9329.15,0,0,No Answer,Paid,9329.15
LN27186,AGT128,2026-03-01,9619.73,0,0,Promise To Pay,Paid,9619.73
LN27187,AGT164,2026-03-01,3019.82,30,2,Responsive,Partial,1509.91
LN27188,AGT174,2026-03-01,24173.78,30,2,Promise To Pay,Partial,7252.13
LN27189,AGT157,2026-03-01,32118.77,90,4,Promise To Pay,Partial,9635.63
LN27190,AGT134,2026-03-01,36690.33,0,0,Promise To Pay,Paid,36690.33
LN27191,AGT108,2026-03-01,2907.08,15,1,Responsive,Partial,1453.54
LN27192,AGT116,2026-03-01,12746.13,0,0,Responsive,Paid,12746.13
LN27193,AGT127,2026-03-01,10846.6,0,0,Promise To Pay,Paid,10846.6
LN27194,AGT115,2026-03-01,52753.06,30,2,No Answer,Unpaid,0.0
LN27195,AGT157,2026-03-01,66195.47,60,3,Promise To Pay,Partial,19858.64
LN27196,AGT134,2026-03-01,8626.27,0,0,Promise To Pay,Paid,8626.27
LN27197,AGT135,2026-03-01,13954.63,0,0,Responsive,Paid,13954.63
LN27198,AGT122,2026-03-01,7214.71,15,1,Promise To Pay,Partial,2164.41
LN27199,AGT103,2026-03-01,22915.59,0,0,Promise To Pay,Paid,22915.59
LN27200,AGT168,2026-03-01,1952.32,0,0,Responsive,Paid,1952.32
LN27201,AGT150,2026-03-01,72353.99,30,2,Promise To Pay,Partial,21706.2
LN27202,AGT168,2026-03-01,34257.16,0,0,Promise To Pay,Paid,34257.16
LN27203,AGT127,2026-03-01,29293.63,60,3,Promise To Pay,Partial,8788.09
LN27204,AGT104,2026-03-01,2558.97,0,0,Promise To Pay,Paid,2558.97
LN27205,AGT145,2026-03-01,57030.16,60,3,Promise To Pay,Partial,17109.05
LN27206,AGT115,2026-03-01,37985.44,60,3,No Answer,Unpaid,0.0
LN27207,AGT138,2026-03-01,1667.16,15,1,No Answer,Unpaid,0.0
LN27208,AGT105,2026-03-01,33635.64,30,2,Responsive,Paid,33635.64
LN27209,AGT102,2026-03-01,29986.41,60,3,Responsive,Paid,29986.41
LN27210,AGT101,2026-03-01,28539.23,90,4,Promise To Pay,Partial,8561.77
LN27211,AGT136,2026-03-01,21406.48,30,2,No Answer,Unpaid,0.0
LN27212,AGT167,2026-03-01,27391.21,30,2,Promise To Pay,Partial,8217.36
LN27213,AGT142,2026-03-01,7900.41,60,3,Promise To Pay,Partial,2370.12
LN27214,AGT135,2026-03-01,7982.1,90,4,Promise To Pay,Partial,2394.63
LN27215,AGT141,2026-03-01,20134.05,90,4,Promise To Pay,Partial,6040.21
LN27216,AGT122,2026-03-01,8912.79,15,1,Responsive,Partial,4456.4
LN27217,AGT121,2026-03-01,6465.42,15,1,No Answer,Unpaid,0.0
LN27218,AGT144,2026-03-01,4052.34,0,0,Promise To Pay,Paid,4052.34
LN27219,AGT140,2026-03-01,4170.26,0,0,Promise To Pay,Paid,4170.26
LN27220,AGT147,2026-03-01,14317.23,15,1,No Answer,Unpaid,0.0
LN27221,AGT138,2026-03-01,53878.45,90,4,Promise To Pay,Partial,16163.53
LN27222,AGT150,2026-03-01,3568.46,30,2,Responsive,Partial,1784.23
LN27223,AGT107,2026-03-01,6538.1,15,1,No Answer,Unpaid,0.0
LN27224,AGT106,2026-03-01,19768.83,60,3,No Answer,Unpaid,0.0
LN27225,AGT127,2026-03-01,2328.99,15,1,Promise To Pay,Partial,698.7
LN27226,AGT113,2026-03-01,4904.9,0,0,Promise To Pay,Paid,4904.9
LN27227,AGT173,2026-03-01,4804.84,0,0,Promise To Pay,Paid,4804.84
LN27228,AGT173,2026-03-01,61049.57,30,2,Promise To Pay,Partial,18314.87
LN27229,AGT129,2026-03-01,11088.85,15,1,Responsive,Partial,5544.43
LN27230,AGT167,2026-03-01,26421.91,0,0,Responsive,Paid,26421.91
LN27231,AGT122,2026-03-01,1659.34,15,1,No Answer,Unpaid,0.0
LN27232,AGT173,2026-03-01,10118.27,0,0,No Answer,Paid,10118.27
LN27233,AGT130,2026-03-01,32838.08,0,0,No Answer,Paid,32838.08
LN27234,AGT125,2026-03-01,21758.04,0,0,Responsive,Paid,21758.04
LN27235,AGT166,2026-03-01,3747.08,15,1,No Answer,Unpaid,0.0
LN27236,AGT138,2026-03-01,5466.1,0,0,No Answer,Paid,5466.1
LN27237,AGT137,2026-03-01,3897.13,0,0,Promise To Pay,Paid,3897.13
LN27238,AGT139,2026-03-01,6744.56,30,2,No Answer,Unpaid,0.0
LN27239,AGT101,2026-03-01,38442.68,0,0,No Answer,Paid,38442.68
LN27240,AGT129,2026-03-01,35733.7,15,1,No Answer,Unpaid,0.0
LN27241,AGT150,2026-03-01,24290.8,60,3,Responsive,Paid,24290.8
LN27242,AGT117,2026-03-01,3057.48,0,0,Promise To Pay,Paid,3057.48
LN27243,AGT147,2026-03-01,27728.91,60,3,Promise To Pay,Partial,8318.67
LN27244,AGT107,2026-03-01,164009.57,90,4,No Answer,Unpaid,0.0
LN27245,AGT102,2026-03-01,5555.87,15,1,Responsive,Partial,2777.93
LN27246,AGT167,2026-03-01,18351.28,30,2,Promise To Pay,Partial,5505.38
LN27247,AGT120,2026-03-01,5881.53,90,4,No Answer,Unpaid,0.0
LN27248,AGT141,2026-03-01,5135.47,15,1,Responsive,Partial,2567.74
LN27249,AGT115,2026-03-01,11690.0,15,1,Promise To Pay,Partial,3507.0
LN27250,AGT137,2026-03-01,3055.93,0,0,Responsive,Paid,3055.93
LN27251,AGT158,2026-03-01,9524.24,15,1,Promise To Pay,Partial,2857.27
LN27252,AGT105,2026-03-01,22691.96,60,3,Promise To Pay,Partial,6807.59
LN27253,AGT137,2026-03-01,6095.94,30,2,No Answer,Unpaid,0.0
LN27254,AGT167,2026-03-01,20239.42,30,2,Responsive,Paid,20239.42
LN27255,AGT113,2026-03-01,123060.62,60,3,Responsive,Paid,123060.62
LN27256,AGT116,2026-03-01,2920.26,15,1,No Answer,Unpaid,0.0
LN27257,AGT135,2026-03-01,8691.06,0,0,No Answer,Paid,8691.06
LN27258,AGT124,2026-03-01,4359.02,15,1,No Answer,Unpaid,0.0
LN27259,AGT135,2026-03-01,84043.95,30,2,Promise To Pay,Partial,25213.18
LN27260,AGT155,2026-03-01,1738.83,0,0,Promise To Pay,Paid,1738.83
LN27261,AGT140,2026-03-01,25946.22,0,0,Promise To Pay,Paid,25946.22
LN27262,AGT161,2026-03-01,1746.87,0,0,Responsive,Paid,1746.87
LN27263,AGT106,2026-03-01,80495.76,30,2,Promise To Pay,Partial,24148.73
LN27264,AGT164,2026-03-01,4482.49,0,0,Promise To Pay,Paid,4482.49
LN27265,AGT105,2026-03-01,40472.61,60,3,Promise To Pay,Partial,12141.78
LN27266,AGT127,2026-03-01,5199.49,0,0,Responsive,Paid,5199.49
LN27267,AGT145,2026-03-01,3223.8,0,0,Responsive,Paid,3223.8
LN27268,AGT160,2026-03-01,24517.7,0,0,Responsive,Paid,24517.7
LN27269,AGT139,2026-03-01,12031.97,0,0,Responsive,Paid,12031.97
LN27270,AGT125,2026-03-01,11425.26,60,3,Promise To Pay,Partial,3427.58
LN27271,AGT157,2026-03-01,15859.74,0,0,No Answer,Paid,15859.74
LN27272,AGT102,2026-03-01,18970.2,0,0,Responsive,Paid,18970.2
LN27273,AGT121,2026-03-01,10082.18,0,0,No Answer,Paid,10082.18
LN27274,AGT133,2026-03-01,9686.01,0,0,No Answer,Paid,9686.01
LN27275,AGT122,2026-03-01,11402.64,0,0,No Answer,Paid,11402.64
LN27276,AGT152,2026-03-01,7547.64,0,0,No Answer,Paid,7547.64
LN27277,AGT166,2026-03-01,20385.33,0,0,Promise To Pay,Paid,20385.33
LN27278,AGT113,2026-03-01,26891.42,30,2,Responsive,Partial,13445.71
LN27279,AGT109,2026-03-01,12259.05,0,0,Promise To Pay,Paid,12259.05
LN27280,AGT106,2026-03-01,45416.18,90,4,Promise To Pay,Partial,13624.85
LN27281,AGT118,2026-03-01,9955.17,30,2,Responsive,Partial,4977.59
LN27282,AGT145,2026-03-01,60186.64,30,2,No Answer,Unpaid,0.0
LN27283,AGT100,2026-03-01,9828.51,0,0,No Answer,Paid,9828.51
LN27284,AGT163,2026-03-01,18599.18,30,2,No Answer,Unpaid,0.0
LN27285,AGT156,2026-03-01,16318.63,15,1,Promise To Pay,Partial,4895.59
LN27286,AGT102,2026-03-01,1867.56,0,0,Responsive,Paid,1867.56
LN27287,AGT117,2026-03-01,2370.94,0,0,Responsive,Paid,2370.94
LN27288,AGT137,2026-03-01,5125.71,0,0,Responsive,Paid,5125.71
LN27289,AGT119,2026-03-01,14098.76,0,0,Promise To Pay,Paid,14098.76
LN27290,AGT149,2026-03-01,15057.57,15,1,Responsive,Paid,15057.57
LN27291,AGT116,2026-03-01,1114.93,0,0,Responsive,Paid,1114.93
LN27292,AGT136,2026-03-01,8435.91,0,0,Responsive,Paid,8435.91
LN27293,AGT141,2026-03-01,8436.52,0,0,No Answer,Paid,8436.52
LN27294,AGT123,2026-03-01,44656.33,90,4,Promise To Pay,Partial,13396.9
LN27295,AGT146,2026-03-01,10642.73,15,1,No Answer,Unpaid,0.0
LN27296,AGT150,2026-03-01,25010.49,90,4,No Answer,Unpaid,0.0
LN27297,AGT174,2026-03-01,4591.84,15,1,No Answer,Unpaid,0.0
LN27298,AGT109,2026-03-01,5741.22,30,2,No Answer,Unpaid,0.0
LN27299,AGT122,2026-03-01,4321.36,0,0,Responsive,Paid,4321.36
LN27300,AGT130,2026-03-01,61680.26,90,4,Responsive,Partial,30840.13
LN27301,AGT158,2026-03-01,2063.71,0,0,Promise To Pay,Paid,2063.71
LN27302,AGT137,2026-03-01,24378.59,30,2,No Answer,Unpaid,0.0
LN27303,AGT155,2026-03-01,68465.58,30,2,No Answer,Unpaid,0.0
LN27304,AGT137,2026-03-01,17395.1,60,3,Responsive,Paid,17395.1
LN27305,AGT154,2026-03-01,11130.97,15,1,No Answer,Unpaid,0.0
LN27306,AGT125,2026-03-01,6245.29,0,0,Responsive,Paid,6245.29
LN27307,AGT128,2026-03-01,34657.92,30,2,No Answer,Unpaid,0.0
LN27308,AGT159,2026-03-01,8534.01,0,0,Responsive,Paid,8534.01
LN27309,AGT153,2026-03-01,25298.34,15,1,Promise To Pay,Partial,7589.5
LN27310,AGT110,2026-03-01,12176.32,0,0,Promise To Pay,Paid,12176.32
LN27311,AGT132,2026-03-01,24127.46,60,3,No Answer,Unpaid,0.0
LN27312,AGT113,2026-03-01,15689.52,60,3,No Answer,Unpaid,0.0
LN27313,AGT128,2026-03-01,6109.58,0,0,Promise To Pay,Paid,6109.58
LN27314,AGT141,2026-03-01,57185.61,90,4,Promise To Pay,Partial,17155.68
LN27315,AGT117,2026-03-01,55571.92,60,3,Responsive,Paid,55571.92
LN27316,AGT129,2026-03-01,8533.73,30,2,Promise To Pay,Partial,2560.12
LN27317,AGT118,2026-03-01,20200.24,0,0,Promise To Pay,Paid,20200.24
LN27318,AGT105,2026-03-01,32409.61,0,0,No Answer,Paid,32409.61
LN27319,AGT153,2026-03-01,44596.58,0,0,No Answer,Paid,44596.58
LN27320,AGT137,2026-03-01,25691.15,15,1,Responsive,Paid,25691.15
LN27321,AGT110,2026-03-01,19809.3,15,1,Responsive,Partial,9904.65
LN27322,AGT158,2026-03-01,7738.81,0,0,No Answer,Paid,7738.81
LN27323,AGT123,2026-03-01,5595.81,0,0,Promise To Pay,Paid,5595.81
LN27324,AGT130,2026-03-01,7398.26,0,0,No Answer,Paid,7398.26
LN27325,AGT156,2026-03-01,12278.74,0,0,Promise To Pay,Paid,12278.74
LN27326,AGT122,2026-03-01,2577.4,30,2,Promise To Pay,Partial,773.22
LN27327,AGT124,2026-03-01,18003.58,15,1,No Answer,Unpaid,0.0
LN27328,AGT160,2026-03-01,7563.59,0,0,Responsive,Paid,7563.59
LN27329,AGT111,2026-03-01,11826.29,15,1,No Answer,Unpaid,0.0
LN27330,AGT103,2026-03-01,4460.25,30,2,No Answer,Unpaid,0.0
LN27331,AGT152,2026-03-01,11507.88,60,3,Responsive,Partial,5753.94
LN27332,AGT106,2026-03-01,7303.1,0,0,Promise To Pay,Paid,7303.1
LN27333,AGT141,2026-03-01,18597.16,30,2,No Answer,Unpaid,0.0
LN27334,AGT104,2026-03-01,17443.56,30,2,Responsive,Partial,8721.78
LN27335,AGT168,2026-03-01,32652.67,90,4,No Answer,Unpaid,0.0
LN27336,AGT154,2026-03-01,4063.73,0,0,Promise To Pay,Paid,4063.73
LN27337,AGT138,2026-03-01,31830.27,60,3,Responsive,Partial,15915.14
LN27338,AGT147,2026-03-01,8527.15,0,0,Responsive,Paid,8527.15
LN27339,AGT148,2026-03-01,14558.25,0,0,Promise To Pay,Paid,14558.25
LN27340,AGT115,2026-03-01,6678.59,15,1,Promise To Pay,Partial,2003.58
LN27341,AGT174,2026-03-01,13559.52,90,4,Responsive,Paid,13559.52
LN27342,AGT147,2026-03-01,23631.93,0,0,Responsive,Paid,23631.93
LN27343,AGT111,2026-03-01,14232.86,15,1,Promise To Pay,Partial,4269.86
LN27344,AGT109,2026-03-01,3924.95,0,0,Promise To Pay,Paid,3924.95
LN27345,AGT165,2026-03-01,8111.91,15,1,Responsive,Paid,8111.91
LN27346,AGT137,2026-03-01,33279.54,0,0,No Answer,Paid,33279.54
LN27347,AGT150,2026-03-01,16772.77,15,1,Promise To Pay,Partial,5031.83
LN27348,AGT173,2026-03-01,730.34,0,0,Promise To Pay,Paid,730.34
LN27349,AGT146,2026-03-01,26083.5,0,0,Promise To Pay,Paid,26083.5
LN27350,AGT104,2026-03-01,8537.73,0,0,Promise To Pay,Paid,8537.73
LN27351,AGT164,2026-03-01,27310.54,0,0,Responsive,Paid,27310.54
LN27352,AGT161,2026-03-01,16037.47,0,0,Promise To Pay,Paid,16037.47
LN27353,AGT173,2026-03-01,12676.35,0,0,No Answer,Paid,12676.35
LN27354,AGT130,2026-03-01,5375.18,0,0,No Answer,Paid,5375.18
LN27355,AGT156,2026-03-01,10781.41,90,4,Responsive,Paid,10781.41
LN27356,AGT141,2026-03-01,2576.74,0,0,No Answer,Paid,2576.74
LN27357,AGT113,2026-03-01,2039.64,0,0,No Answer,Paid,2039.64
LN27358,AGT127,2026-03-01,17582.68,0,0,Responsive,Paid,17582.68
LN27359,AGT118,2026-03-01,4464.91,15,1,Responsive,Partial,2232.45
LN27360,AGT102,2026-03-01,5823.34,0,0,Promise To Pay,Paid,5823.34
LN27361,AGT106,2026-03-01,129784.24,60,3,No Answer,Unpaid,0.0
LN27362,AGT161,2026-03-01,11818.6,15,1,Promise To Pay,Partial,3545.58
LN27363,AGT145,2026-03-01,8072.25,0,0,No Answer,Paid,8072.25
LN27364,AGT103,2026-03-01,12707.32,0,0,Responsive,Paid,12707.32
LN27365,AGT107,2026-03-01,65104.06,90,4,No Answer,Unpaid,0.0
LN27366,AGT106,2026-03-01,8947.96,30,2,Promise To Pay,Partial,2684.39
LN27367,AGT168,2026-03-01,6904.48,15,1,No Answer,Unpaid,0.0
LN27368,AGT106,2026-03-01,3104.3,15,1,Promise To Pay,Partial,931.29
LN27369,AGT161,2026-03-01,4627.24,0,0,Responsive,Paid,4627.24
LN27370,AGT137,2026-03-01,21722.01,30,2,No Answer,Unpaid,0.0
LN27371,AGT152,2026-03-01,10323.38,0,0,Responsive,Paid,10323.38
LN27372,AGT114,2026-03-01,46147.88,0,0,No Answer,Paid,46147.88
LN27373,AGT120,2026-03-01,10915.7,90,4,Promise To Pay,Partial,3274.71
LN27374,AGT150,2026-03-01,29854.72,30,2,No Answer,Unpaid,0.0
LN27375,AGT169,2026-03-01,34553.13,60,3,Responsive,Paid,34553.13
LN27376,AGT140,2026-03-01,4112.89,15,1,Responsive,Paid,4112.89
LN27377,AGT105,2026-03-01,17987.33,15,1,Responsive,Partial,8993.67
LN27378,AGT130,2026-03-01,1097.11,0,0,Promise To Pay,Paid,1097.11
LN27379,AGT109,2026-03-01,29268.0,60,3,No Answer,Unpaid,0.0
LN27380,AGT149,2026-03-01,15792.49,30,2,Responsive,Paid,15792.49
LN27381,AGT141,2026-03-01,10211.06,15,1,No Answer,Unpaid,0.0
LN27382,AGT114,2026-03-01,5199.95,15,1,Responsive,Partial,2599.97
LN27383,AGT137,2026-03-01,17876.3,30,2,Responsive,Paid,17876.3
LN27384,AGT106,2026-03-01,27696.21,30,2,Promise To Pay,Partial,8308.86
LN27385,AGT142,2026-03-01,8161.57,0,0,No Answer,Paid,8161.57
LN27386,AGT108,2026-03-01,34269.22,90,4,Promise To Pay,Partial,10280.77
LN27387,AGT125,2026-03-01,26225.87,30,2,No Answer,Unpaid,0.0
LN27388,AGT145,2026-03-01,20183.66,30,2,Responsive,Partial,10091.83
LN27389,AGT136,2026-03-01,33014.58,30,2,No Answer,Unpaid,0.0
LN27390,AGT122,2026-03-01,13945.92,0,0,Promise To Pay,Paid,13945.92
LN27391,AGT152,2026-03-01,4543.52,15,1,Promise To Pay,Partial,1363.06
LN27392,AGT113,2026-03-01,8790.89,0,0,No Answer,Paid,8790.89
LN27393,AGT100,2026-03-01,62422.55,90,4,Promise To Pay,Partial,18726.76
LN27394,AGT140,2026-03-01,7032.42,0,0,Responsive,Paid,7032.42
LN27395,AGT145,2026-03-01,39254.2,30,2,Promise To Pay,Partial,11776.26
LN27396,AGT100,2026-03-01,14278.31,60,3,Promise To Pay,Partial,4283.49
LN27397,AGT168,2026-03-01,1195.04,0,0,Responsive,Paid,1195.04
LN27398,AGT117,2026-03-01,2917.89,15,1,No Answer,Unpaid,0.0
LN27399,AGT128,2026-03-01,4389.03,0,0,Promise To Pay,Paid,4389.03
LN27400,AGT127,2026-03-01,8762.4,30,2,Responsive,Paid,8762.4
LN27401,AGT162,2026-03-01,27233.47,60,3,Responsive,Paid,27233.47
LN27402,AGT104,2026-03-01,10823.71,0,0,No Answer,Paid,10823.71
LN27403,AGT126,2026-03-01,2450.76,15,1,Responsive,Paid,2450.76
LN27404,AGT115,2026-03-01,6236.42,0,0,Responsive,Paid,6236.42
LN27405,AGT149,2026-03-01,18624.35,60,3,No Answer,Unpaid,0.0
LN27406,AGT120,2026-03-01,4078.91,0,0,Responsive,Paid,4078.91
LN27407,AGT170,2026-03-01,8002.97,30,2,Promise To Pay,Partial,2400.89
LN27408,AGT166,2026-03-01,4891.83,0,0,No Answer,Paid,4891.83
LN27409,AGT147,2026-03-01,7071.31,0,0,Responsive,Paid,7071.31
LN27410,AGT150,2026-03-01,13340.39,15,1,Responsive,Partial,6670.19
LN27411,AGT135,2026-03-01,22804.05,0,0,Responsive,Paid,22804.05
LN27412,AGT144,2026-03-01,9109.83,0,0,Responsive,Paid,9109.83
LN27413,AGT120,2026-03-01,1593.03,15,1,Promise To Pay,Partial,477.91
LN27414,AGT128,2026-03-01,7314.09,0,0,No Answer,Paid,7314.09
LN27415,AGT139,2026-03-01,6783.66,0,0,No Answer,Paid,6783.66
LN27416,AGT141,2026-03-01,20253.42,60,3,Responsive,Partial,10126.71
LN27417,AGT169,2026-03-01,22254.49,30,2,No Answer,Unpaid,0.0
LN27418,AGT118,2026-03-01,25022.21,0,0,Responsive,Paid,25022.21
LN27419,AGT116,2026-03-01,48563.84,90,4,No Answer,Unpaid,0.0
LN27420,AGT119,2026-03-01,16234.1,90,4,Promise To Pay,Partial,4870.23
LN27421,AGT168,2026-03-01,4302.16,60,3,Promise To Pay,Partial,1290.65
LN27422,AGT111,2026-03-01,16061.94,0,0,Promise To Pay,Paid,16061.94
LN27423,AGT138,2026-03-01,10606.23,15,1,No Answer,Unpaid,0.0
LN27424,AGT135,2026-03-01,6626.63,15,1,Promise To Pay,Partial,1987.99
LN27425,AGT101,2026-03-01,11519.29,0,0,No Answer,Paid,11519.29
LN27426,AGT129,2026-03-01,25185.14,0,0,Responsive,Paid,25185.14
LN27427,AGT111,2026-03-01,42759.85,60,3,Responsive,Paid,42759.85
LN27428,AGT119,2026-03-01,9900.97,15,1,No Answer,Unpaid,0.0
LN27429,AGT172,2026-03-01,4175.68,0,0,Promise To Pay,Paid,4175.68
LN27430,AGT168,2026-03-01,4158.62,0,0,Promise To Pay,Paid,4158.62
LN27431,AGT112,2026-03-01,10734.21,0,0,Responsive,Paid,10734.21
LN27432,AGT133,2026-03-01,29828.78,30,2,Responsive,Partial,14914.39
LN27433,AGT139,2026-03-01,6988.04,0,0,No Answer,Paid,6988.04
LN27434,AGT170,2026-03-01,17829.19,0,0,Promise To Pay,Paid,17829.19
LN27435,AGT143,2026-03-01,31759.51,90,4,No Answer,Unpaid,0.0
LN27436,AGT138,2026-03-01,11919.18,30,2,Responsive,Paid,11919.18
LN27437,AGT104,2026-03-01,62525.19,90,4,Responsive,Partial,31262.6
LN27438,AGT110,2026-03-01,4213.39,0,0,No Answer,Paid,4213.39
LN27439,AGT103,2026-03-01,6411.0,15,1,Responsive,Paid,6411.0
LN27440,AGT111,2026-03-01,6539.12,0,0,Promise To Pay,Paid,6539.12
LN27441,AGT130,2026-03-01,9586.4,0,0,No Answer,Paid,9586.4
LN27442,AGT120,2026-03-01,12432.15,0,0,Promise To Pay,Paid,12432.15
LN27443,AGT165,2026-03-01,4422.22,0,0,No Answer,Paid,4422.22
LN27444,AGT149,2026-03-01,4024.98,0,0,Promise To Pay,Paid,4024.98
LN27445,AGT100,2026-03-01,9950.05,0,0,Responsive,Paid,9950.05
LN27446,AGT155,2026-03-01,17072.65,60,3,Responsive,Partial,8536.33
LN27447,AGT105,2026-03-01,14550.61,30,2,Promise To Pay,Partial,4365.18
LN27448,AGT125,2026-03-01,7888.1,15,1,Responsive,Paid,7888.1
LN27449,AGT136,2026-03-01,5694.26,60,3,Promise To Pay,Partial,1708.28
LN27450,AGT123,2026-03-01,27660.14,60,3,Responsive,Paid,27660.14
LN27451,AGT146,2026-03-01,31231.25,0,0,Responsive,Paid,31231.25
LN27452,AGT110,2026-03-01,9345.64,60,3,Responsive,Paid,9345.64
LN27453,AGT153,2026-03-01,28516.01,30,2,Promise To Pay,Partial,8554.8
LN27454,AGT114,2026-03-01,39227.1,60,3,Promise To Pay,Partial,11768.13
LN27455,AGT110,2026-03-01,900.89,15,1,Responsive,Partial,450.44
LN27456,AGT149,2026-03-01,2760.91,30,2,Responsive,Paid,2760.91
LN27457,AGT159,2026-03-01,8388.89,0,0,Promise To Pay,Paid,8388.89
LN27458,AGT162,2026-03-01,87894.43,90,4,Responsive,Paid,87894.43
LN27459,AGT123,2026-03-01,11360.58,0,0,No Answer,Paid,11360.58
LN27460,AGT151,2026-03-01,7988.41,0,0,Responsive,Paid,7988.41
LN27461,AGT119,2026-03-01,12231.89,60,3,No Answer,Unpaid,0.0
LN27462,AGT142,2026-03-01,2553.95,0,0,No Answer,Paid,2553.95
LN27463,AGT163,2026-03-01,26735.27,0,0,Responsive,Paid,26735.27
LN27464,AGT139,2026-03-01,7240.83,0,0,No Answer,Paid,7240.83
LN27465,AGT115,2026-03-01,5453.06,15,1,Responsive,Partial,2726.53
LN27466,AGT148,2026-03-01,12939.79,15,1,Responsive,Partial,6469.9
LN27467,AGT108,2026-03-01,5152.19,30,2,No Answer,Unpaid,0.0
LN27468,AGT142,2026-03-01,37913.62,90,4,Promise To Pay,Partial,11374.09
LN27469,AGT129,2026-03-01,32229.03,0,0,Responsive,Paid,32229.03
LN27470,AGT150,2026-03-01,2746.27,0,0,No Answer,Paid,2746.27
LN27471,AGT136,2026-03-01,12381.68,15,1,No Answer,Unpaid,0.0
LN27472,AGT124,2026-03-01,21022.65,90,4,Promise To Pay,Partial,6306.8
LN27473,AGT154,2026-03-01,10475.91,30,2,Responsive,Paid,10475.91
LN27474,AGT142,2026-03-01,3046.14,15,1,No Answer,Unpaid,0.0
LN27475,AGT132,2026-03-01,86767.35,90,4,No Answer,Unpaid,0.0
LN27476,AGT121,2026-03-01,15507.95,0,0,Responsive,Paid,15507.95
LN27477,AGT137,2026-03-01,12630.45,0,0,Responsive,Paid,12630.45
LN27478,AGT106,2026-03-01,4574.42,15,1,Responsive,Paid,4574.42
LN27479,AGT150,2026-03-01,59582.69,60,3,Responsive,Paid,59582.69
LN27480,AGT149,2026-03-01,35460.07,30,2,Promise To Pay,Partial,10638.02
LN27481,AGT161,2026-03-01,10008.66,60,3,No Answer,Unpaid,0.0
LN27482,AGT112,2026-03-01,66223.73,30,2,Promise To Pay,Partial,19867.12
LN27483,AGT174,2026-03-01,38317.97,90,4,Promise To Pay,Partial,11495.39
LN27484,AGT136,2026-03-01,1582.82,0,0,Promise To Pay,Paid,1582.82
LN27485,AGT174,2026-03-01,48448.14,90,4,Promise To Pay,Partial,14534.44
LN27486,AGT136,2026-03-01,26454.97,60,3,Promise To Pay,Partial,7936.49
LN27487,AGT106,2026-03-01,14803.4,30,2,Responsive,Paid,14803.4
LN27488,AGT139,2026-03-01,6944.73,15,1,No Answer,Unpaid,0.0
LN27489,AGT135,2026-03-01,9497.13,60,3,Responsive,Partial,4748.56
LN27490,AGT153,2026-03-01,15077.58,0,0,Promise To Pay,Paid,15077.58
LN27491,AGT122,2026-03-01,38721.96,90,4,No Answer,Unpaid,0.0
LN27492,AGT131,2026-03-01,18156.76,0,0,Responsive,Paid,18156.76
LN27493,AGT143,2026-03-01,8050.95,0,0,No Answer,Paid,8050.95
LN27494,AGT108,2026-03-01,7489.51,15,1,Promise To Pay,Partial,2246.85
LN27495,AGT160,2026-03-01,3936.54,15,1,No Answer,Unpaid,0.0
LN27496,AGT108,2026-03-01,1830.73,15,1,Promise To Pay,Partial,549.22
LN27497,AGT108,2026-03-01,5785.9,0,0,No Answer,Paid,5785.9
LN27498,AGT122,2026-03-01,38407.59,15,1,No Answer,Unpaid,0.0
LN27499,AGT172,2026-03-01,9739.64,90,4,No Answer,Unpaid,0.0
LN27500,AGT161,2026-03-01,50552.55,30,2,No Answer,Unpaid,0.0
LN27501,AGT139,2026-03-01,26960.85,60,3,Responsive,Paid,26960.85
LN27502,AGT112,2026-03-01,4712.87,15,1,Responsive,Paid,4712.87
LN27503,AGT157,2026-03-01,27671.01,60,3,No Answer,Unpaid,0.0
LN27504,AGT171,2026-03-01,7553.14,15,1,Responsive,Paid,7553.14
LN27505,AGT158,2026-03-01,14567.82,0,0,Responsive,Paid,14567.82
LN27506,AGT136,2026-03-01,10358.03,0,0,No Answer,Paid,10358.03
LN27507,AGT127,2026-03-01,2967.34,0,0,Responsive,Paid,2967.34
LN27508,AGT143,2026-03-01,37522.61,0,0,Promise To Pay,Paid,37522.61
LN27509,AGT152,2026-03-01,11611.03,0,0,Responsive,Paid,11611.03
LN27510,AGT160,2026-03-01,41950.7,0,0,No Answer,Paid,41950.7
LN27511,AGT112,2026-03-01,8280.1,0,0,Promise To Pay,Paid,8280.1
LN27512,AGT146,2026-03-01,12974.58,0,0,Responsive,Paid,12974.58
LN27513,AGT119,2026-03-01,4870.02,0,0,Responsive,Paid,4870.02
LN27514,AGT143,2026-03-01,52459.67,60,3,Responsive,Partial,26229.83
LN27515,AGT173,2026-03-01,1982.09,0,0,Responsive,Paid,1982.09
LN27516,AGT154,2026-03-01,11234.9,0,0,No Answer,Paid,11234.9
LN27517,AGT115,2026-03-01,18264.77,90,4,Promise To Pay,Partial,5479.43
LN27518,AGT155,2026-03-01,11920.61,90,4,Promise To Pay,Partial,3576.18
LN27519,AGT116,2026-03-01,8488.93,0,0,Responsive,Paid,8488.93
LN27520,AGT170,2026-03-01,40486.86,90,4,Promise To Pay,Partial,12146.06
LN27521,AGT161,2026-03-01,13583.61,0,0,Promise To Pay,Paid,13583.61
LN27522,AGT106,2026-03-01,10128.45,30,2,No Answer,Unpaid,0.0
LN27523,AGT130,2026-03-01,6160.78,0,0,No Answer,Paid,6160.78
LN27524,AGT129,2026-03-01,31029.29,60,3,No Answer,Unpaid,0.0
LN27525,AGT144,2026-03-01,14354.41,15,1,Promise To Pay,Partial,4306.32
LN27526,AGT113,2026-03-01,19242.23,60,3,Promise To Pay,Partial,5772.67
LN27527,AGT105,2026-03-01,5754.83,15,1,No Answer,Unpaid,0.0
LN27528,AGT169,2026-03-01,12997.25,60,3,No Answer,Unpaid,0.0
LN27529,AGT106,2026-03-01,11800.41,30,2,Responsive,Paid,11800.41
LN27530,AGT140,2026-03-01,18438.53,0,0,No Answer,Paid,18438.53
LN27531,AGT172,2026-03-01,79904.29,90,4,No Answer,Unpaid,0.0
LN27532,AGT144,2026-03-01,7400.52,0,0,No Answer,Paid,7400.52
LN27533,AGT145,2026-03-01,22133.54,30,2,Promise To Pay,Partial,6640.06
LN27534,AGT171,2026-03-01,10423.69,0,0,No Answer,Paid,10423.69
LN27535,AGT113,2026-03-01,3957.84,0,0,Responsive,Paid,3957.84
LN27536,AGT169,2026-03-01,21136.61,0,0,Promise To Pay,Paid,21136.61
LN27537,AGT142,2026-03-01,10244.43,15,1,Promise To Pay,Partial,3073.33
LN27538,AGT172,2026-03-01,9091.54,15,1,Responsive,Paid,9091.54
LN27539,AGT101,2026-03-01,11019.6,30,2,No Answer,Unpaid,0.0
LN27540,AGT117,2026-03-01,34820.74,30,2,Responsive,Paid,34820.74
LN27541,AGT121,2026-03-01,4059.73,0,0,No Answer,Paid,4059.73
LN27542,AGT136,2026-03-01,13640.81,0,0,Responsive,Paid,13640.81
LN27543,AGT158,2026-03-01,51541.57,90,4,Responsive,Paid,51541.57
LN27544,AGT138,2026-03-01,11432.02,0,0,Promise To Pay,Paid,11432.02
LN27545,AGT101,2026-03-01,68523.46,60,3,No Answer,Unpaid,0.0
LN27546,AGT166,2026-03-01,16956.85,15,1,Responsive,Paid,16956.85
LN27547,AGT127,2026-03-01,6807.6,60,3,Responsive,Partial,3403.8
LN27548,AGT142,2026-03-01,9896.44,15,1,Promise To Pay,Partial,2968.93
LN27549,AGT163,2026-03-01,14085.28,15,1,No Answer,Unpaid,0.0
LN27550,AGT151,2026-03-01,19391.48,30,2,No Answer,Unpaid,0.0
LN27551,AGT117,2026-03-01,15432.95,0,0,No Answer,Paid,15432.95
LN27552,AGT108,2026-03-01,11064.03,0,0,No Answer,Paid,11064.03
LN27553,AGT123,2026-03-01,8378.27,15,1,No Answer,Unpaid,0.0
LN27554,AGT153,2026-03-01,99933.39,90,4,Responsive,Paid,99933.39
LN27555,AGT158,2026-03-01,13342.71,30,2,Promise To Pay,Partial,4002.81
LN27556,AGT106,2026-03-01,81587.13,60,3,Promise To Pay,Partial,24476.14
LN27557,AGT144,2026-03-01,89427.26,60,3,Responsive,Paid,89427.26
LN27558,AGT148,2026-03-01,8576.42,15,1,No Answer,Unpaid,0.0
LN27559,AGT126,2026-03-01,3788.58,0,0,Responsive,Paid,3788.58
LN27560,AGT115,2026-03-01,19263.68,30,2,No Answer,Unpaid,0.0
LN27561,AGT133,2026-03-01,6218.75,60,3,Responsive,Partial,3109.38
LN27562,AGT140,2026-03-01,6448.77,0,0,No Answer,Paid,6448.77
LN27563,AGT134,2026-03-01,13951.32,0,0,Responsive,Paid,13951.32
LN27564,AGT111,2026-03-01,156594.59,90,4,No Answer,Unpaid,0.0
LN27565,AGT153,2026-03-01,21425.59,60,3,Responsive,Partial,10712.8
LN27566,AGT143,2026-03-01,6014.03,90,4,Responsive,Paid,6014.03
LN27567,AGT117,2026-03-01,12961.91,0,0,Responsive,Paid,12961.91
LN27568,AGT152,2026-03-01,8230.84,0,0,Promise To Pay,Paid,8230.84
LN27569,AGT172,2026-03-01,5578.91,0,0,No Answer,Paid,5578.91
LN27570,AGT137,2026-03-01,67466.63,90,4,No Answer,Unpaid,0.0
LN27571,AGT137,2026-03-01,16327.06,15,1,Responsive,Partial,8163.53
LN27572,AGT139,2026-03-01,4720.08,60,3,Responsive,Partial,2360.04
LN27573,AGT128,2026-03-01,4305.09,0,0,Responsive,Paid,4305.09
LN27574,AGT165,2026-03-01,63129.42,60,3,Promise To Pay,Partial,18938.83
LN27575,AGT113,2026-03-01,16647.53,30,2,No Answer,Unpaid,0.0
LN27576,AGT118,2026-03-01,4388.82,15,1,No Answer,Unpaid,0.0
LN27577,AGT167,2026-03-01,29771.62,30,2,Responsive,Partial,14885.81
LN27578,AGT160,2026-03-01,30498.78,90,4,No Answer,Unpaid,0.0
LN27579,AGT115,2026-03-01,2010.52,0,0,No Answer,Paid,2010.52
LN27580,AGT133,2026-03-01,868.39,0,0,Responsive,Paid,868.39
LN27581,AGT117,2026-03-01,16036.99,0,0,Promise To Pay,Paid,16036.99
LN27582,AGT157,2026-03-01,25904.46,30,2,No Answer,Unpaid,0.0
LN27583,AGT148,2026-03-01,23932.99,15,1,Responsive,Partial,11966.5
LN27584,AGT116,2026-03-01,8902.23,0,0,Responsive,Paid,8902.23
LN27585,AGT115,2026-03-01,13073.62,15,1,No Answer,Unpaid,0.0
LN27586,AGT116,2026-03-01,6063.78,0,0,Responsive,Paid,6063.78
LN27587,AGT125,2026-03-01,40248.9,60,3,No Answer,Unpaid,0.0
LN27588,AGT164,2026-03-01,27705.81,30,2,No Answer,Unpaid,0.0
LN27589,AGT125,2026-03-01,24529.1,30,2,Responsive,Partial,12264.55
LN27590,AGT106,2026-03-01,36519.07,0,0,No Answer,Paid,36519.07
LN27591,AGT173,2026-03-01,47328.78,30,2,Responsive,Partial,23664.39
LN27592,AGT125,2026-03-01,19233.26,60,3,Responsive,Partial,9616.63
LN27593,AGT164,2026-03-01,23666.67,30,2,Responsive,Paid,23666.67
LN27594,AGT136,2026-03-01,15618.0,15,1,No Answer,Unpaid,0.0
LN27595,AGT111,2026-03-01,11472.6,0,0,Promise To Pay,Paid,11472.6
LN27596,AGT134,2026-03-01,3202.31,15,1,No Answer,Unpaid,0.0
LN27597,AGT162,2026-03-01,4167.89,0,0,Promise To Pay,Paid,4167.89
LN27598,AGT135,2026-03-01,21162.62,90,4,Responsive,Partial,10581.31
LN27599,AGT160,2026-03-01,19306.05,0,0,Promise To Pay,Paid,19306.05
LN27600,AGT132,2026-03-01,24801.19,15,1,Promise To Pay,Partial,7440.36
LN27601,AGT169,2026-03-01,75581.94,30,2,Promise To Pay,Partial,22674.58
LN27602,AGT108,2026-03-01,18518.82,0,0,Promise To Pay,Paid,18518.82
LN27603,AGT159,2026-03-01,3480.36,15,1,No Answer,Unpaid,0.0
LN27604,AGT158,2026-03-01,6320.46,0,0,Promise To Pay,Paid,6320.46
LN27605,AGT161,2026-03-01,12160.88,0,0,Responsive,Paid,12160.88
LN27606,AGT123,2026-03-01,7184.11,0,0,No Answer,Paid,7184.11
LN27607,AGT148,2026-03-01,3583.0,0,0,Promise To Pay,Paid,3583.0
LN27608,AGT137,2026-03-01,25620.37,15,1,Promise To Pay,Partial,7686.11
LN27609,AGT104,2026-03-01,2991.58,0,0,Promise To Pay,Paid,2991.58
LN27610,AGT136,2026-03-01,53604.36,90,4,No Answer,Unpaid,0.0
LN27611,AGT161,2026-03-01,4154.21,0,0,Responsive,Paid,4154.21
LN27612,AGT100,2026-03-01,9295.57,0,0,Responsive,Paid,9295.57
LN27613,AGT130,2026-03-01,3098.18,30,2,Responsive,Partial,1549.09
LN27614,AGT160,2026-03-01,22770.35,30,2,Promise To Pay,Partial,6831.1
LN27615,AGT126,2026-03-01,15183.74,0,0,Promise To Pay,Paid,15183.74
LN27616,AGT172,2026-03-01,9324.72,0,0,Responsive,Paid,9324.72
LN27617,AGT173,2026-03-01,8361.46,15,1,No Answer,Unpaid,0.0
LN27618,AGT143,2026-03-01,1680.52,30,2,No Answer,Unpaid,0.0
LN27619,AGT108,2026-03-01,23436.16,30,2,Promise To Pay,Partial,7030.85
LN27620,AGT112,2026-03-01,12009.12,30,2,Promise To Pay,Partial,3602.74
LN27621,AGT154,2026-03-01,5646.5,0,0,No Answer,Paid,5646.5
LN27622,AGT149,2026-03-01,7261.88,0,0,No Answer,Paid,7261.88
LN27623,AGT114,2026-03-01,18199.57,90,4,Responsive,Partial,9099.78
LN27624,AGT148,2026-03-01,1724.21,15,1,No Answer,Unpaid,0.0
LN27625,AGT102,2026-03-01,11947.08,30,2,Promise To Pay,Partial,3584.12
LN27626,AGT174,2026-03-01,14135.39,0,0,Promise To Pay,Paid,14135.39
LN27627,AGT170,2026-03-01,61601.23,90,4,Responsive,Partial,30800.62
LN27628,AGT158,2026-03-01,19775.08,30,2,Responsive,Paid,19775.08
LN27629,AGT121,2026-03-01,55811.6,60,3,Responsive,Paid,55811.6
LN27630,AGT135,2026-03-01,11480.07,0,0,No Answer,Paid,11480.07
LN27631,AGT145,2026-03-01,3159.69,0,0,Promise To Pay,Paid,3159.69
LN27632,AGT112,2026-03-01,21418.25,60,3,Responsive,Paid,21418.25
LN27633,AGT121,2026-03-01,16280.29,30,2,Responsive,Paid,16280.29
LN27634,AGT148,2026-03-01,9024.89,0,0,Promise To Pay,Paid,9024.89
LN27635,AGT146,2026-03-01,11423.68,0,0,Promise To Pay,Paid,11423.68
LN27636,AGT120,2026-03-01,109176.76,60,3,Promise To Pay,Partial,32753.03
LN27637,AGT123,2026-03-01,13296.74,0,0,Responsive,Paid,13296.74
LN27638,AGT131,2026-03-01,36014.82,30,2,No Answer,Unpaid,0.0
LN27639,AGT138,2026-03-01,6898.09,0,0,Responsive,Paid,6898.09
LN27640,AGT121,2026-03-01,11296.6,15,1,No Answer,Unpaid,0.0
LN27641,AGT104,2026-03-01,1671.73,0,0,Promise To Pay,Paid,1671.73
LN27642,AGT129,2026-03-01,25685.3,15,1,Promise To Pay,Partial,7705.59
LN27643,AGT103,2026-03-01,8837.18,0,0,Promise To Pay,Paid,8837.18
LN27644,AGT137,2026-03-01,63533.5,30,2,Promise To Pay,Partial,19060.05
LN27645,AGT161,2026-03-01,9855.52,15,1,Promise To Pay,Partial,2956.66
LN27646,AGT145,2026-03-01,14307.27,0,0,Responsive,Paid,14307.27
LN27647,AGT130,2026-03-01,11883.85,15,1,No Answer,Unpaid,0.0
LN27648,AGT135,2026-03-01,11002.11,30,2,Responsive,Paid,11002.11
LN27649,AGT134,2026-03-01,1361.22,15,1,No Answer,Unpaid,0.0
LN27650,AGT121,2026-03-01,4557.82,15,1,No Answer,Unpaid,0.0
LN27651,AGT153,2026-03-01,32318.68,0,0,Responsive,Paid,32318.68
LN27652,AGT169,2026-03-01,30541.32,30,2,Promise To Pay,Partial,9162.4
LN27653,AGT121,2026-03-01,66495.52,90,4,Responsive,Paid,66495.52
LN27654,AGT167,2026-03-01,33598.4,60,3,No Answer,Unpaid,0.0
LN27655,AGT111,2026-03-01,53650.11,60,3,Responsive,Partial,26825.06
LN27656,AGT122,2026-03-01,11262.0,15,1,Responsive,Partial,5631.0
LN27657,AGT120,2026-03-01,8321.27,15,1,Responsive,Partial,4160.64
LN27658,AGT164,2026-03-01,11048.97,0,0,Promise To Pay,Paid,11048.97
LN27659,AGT173,2026-03-01,57903.51,0,0,Responsive,Paid,57903.51
LN27660,AGT133,2026-03-01,19589.1,15,1,Promise To Pay,Partial,5876.73
LN27661,AGT119,2026-03-01,10287.61,30,2,No Answer,Unpaid,0.0
LN27662,AGT139,2026-03-01,20035.8,15,1,No Answer,Unpaid,0.0
LN27663,AGT124,2026-03-01,3521.9,0,0,No Answer,Paid,3521.9
LN27664,AGT146,2026-03-01,1752.21,0,0,No Answer,Paid,1752.21
LN27665,AGT153,2026-03-01,14763.58,0,0,Promise To Pay,Paid,14763.58
LN27666,AGT110,2026-03-01,15392.55,15,1,Responsive,Paid,15392.55
LN27667,AGT155,2026-03-01,41581.56,0,0,Responsive,Paid,41581.56
LN27668,AGT160,2026-03-01,21177.36,0,0,No Answer,Paid,21177.36
LN27669,AGT104,2026-03-01,16036.64,0,0,No Answer,Paid,16036.64
LN27670,AGT122,2026-03-01,11384.45,0,0,No Answer,Paid,11384.45
LN27671,AGT139,2026-03-01,14057.03,15,1,Promise To Pay,Partial,4217.11
LN27672,AGT137,2026-03-01,7431.71,60,3,No Answer,Unpaid,0.0
LN27673,AGT144,2026-03-01,20305.13,0,0,Responsive,Paid,20305.13
LN27674,AGT149,2026-03-01,24942.12,60,3,Promise To Pay,Partial,7482.64
LN27675,AGT118,2026-03-01,6110.28,0,0,Promise To Pay,Paid,6110.28
LN27676,AGT109,2026-03-01,8300.4,15,1,No Answer,Unpaid,0.0
LN27677,AGT121,2026-03-01,12111.58,0,0,No Answer,Paid,12111.58
LN27678,AGT151,2026-03-01,9766.69,15,1,No Answer,Unpaid,0.0
LN27679,AGT123,2026-03-01,7863.73,0,0,Promise To Pay,Paid,7863.73
LN27680,AGT123,2026-03-01,4827.92,0,0,Responsive,Paid,4827.92
LN27681,AGT152,2026-03-01,15193.07,30,2,Promise To Pay,Partial,4557.92
LN27682,AGT134,2026-03-01,11425.5,0,0,Promise To Pay,Paid,11425.5
LN27683,AGT130,2026-03-01,15353.85,0,0,Responsive,Paid,15353.85
LN27684,AGT101,2026-03-01,23043.51,60,3,Responsive,Paid,23043.51
LN27685,AGT137,2026-03-01,3748.25,0,0,Promise To Pay,Paid,3748.25
LN27686,AGT146,2026-03-01,2509.02,0,0,Responsive,Paid,2509.02
LN27687,AGT167,2026-03-01,10084.32,60,3,Promise To Pay,Partial,3025.3
LN27688,AGT170,2026-03-01,6401.66,0,0,Responsive,Paid,6401.66
LN27689,AGT150,2026-03-01,24057.84,0,0,Promise To Pay,Paid,24057.84
LN27690,AGT100,2026-03-01,17030.67,60,3,Responsive,Partial,8515.33
LN27691,AGT153,2026-03-01,2537.13,0,0,Promise To Pay,Paid,2537.13
LN27692,AGT173,2026-03-01,6322.07,0,0,No Answer,Paid,6322.07
LN27693,AGT105,2026-03-01,17429.64,60,3,Responsive,Paid,17429.64
LN27694,AGT121,2026-03-01,6615.54,0,0,No Answer,Paid,6615.54
LN27695,AGT147,2026-03-01,15161.66,30,2,Responsive,Partial,7580.83
LN27696,AGT121,2026-03-01,1997.78,15,1,Promise To Pay,Partial,599.33
LN27697,AGT106,2026-03-01,23301.29,30,2,Promise To Pay,Partial,6990.39
LN27698,AGT153,2026-03-01,10622.71,60,3,Responsive,Paid,10622.71
LN27699,AGT151,2026-03-01,20726.79,30,2,Responsive,Partial,10363.4
LN27700,AGT168,2026-03-01,6874.1,15,1,Promise To Pay,Partial,2062.23
LN27701,AGT164,2026-03-01,9574.66,0,0,No Answer,Paid,9574.66
LN27702,AGT174,2026-03-01,33171.87,60,3,Promise To Pay,Partial,9951.56
LN27703,AGT129,2026-03-01,15375.93,60,3,Promise To Pay,Partial,4612.78
LN27704,AGT129,2026-03-01,10328.78,15,1,No Answer,Unpaid,0.0
LN27705,AGT173,2026-03-01,4797.63,15,1,No Answer,Unpaid,0.0
LN27706,AGT142,2026-03-01,15711.29,0,0,Promise To Pay,Paid,15711.29
LN27707,AGT152,2026-03-01,9533.05,90,4,Responsive,Partial,4766.52
LN27708,AGT160,2026-03-01,28754.81,0,0,Responsive,Paid,28754.81
LN27709,AGT115,2026-03-01,12260.11,0,0,Responsive,Paid,12260.11
LN27710,AGT118,2026-03-01,26229.38,30,2,No Answer,Unpaid,0.0
LN27711,AGT118,2026-03-01,19660.6,30,2,No Answer,Unpaid,0.0
LN27712,AGT147,2026-03-01,24426.92,90,4,Responsive,Paid,24426.92
LN27713,AGT111,2026-03-01,39394.42,90,4,No Answer,Unpaid,0.0
LN27714,AGT133,2026-03-01,2441.75,0,0,No Answer,Paid,2441.75
LN27715,AGT167,2026-03-01,11710.41,30,2,Promise To Pay,Partial,3513.12
LN27716,AGT107,2026-03-01,18868.15,30,2,No Answer,Unpaid,0.0
LN27717,AGT112,2026-03-01,15661.4,15,1,Responsive,Partial,7830.7
LN27718,AGT152,2026-03-01,20125.36,90,4,Responsive,Partial,10062.68
LN27719,AGT122,2026-03-01,1502.73,15,1,Promise To Pay,Partial,450.82
LN27720,AGT162,2026-03-01,8717.49,0,0,No Answer,Paid,8717.49
LN27721,AGT129,2026-03-01,4970.66,0,0,Responsive,Paid,4970.66
LN27722,AGT139,2026-03-01,4348.96,0,0,No Answer,Paid,4348.96
LN27723,AGT134,2026-03-01,11784.86,0,0,No Answer,Paid,11784.86
LN27724,AGT173,2026-03-01,17542.37,15,1,No Answer,Unpaid,0.0
LN27725,AGT154,2026-03-01,2426.35,0,0,Promise To Pay,Paid,2426.35
LN27726,AGT149,2026-03-01,7934.93,15,1,Promise To Pay,Partial,2380.48
LN27727,AGT122,2026-03-01,2896.12,15,1,Responsive,Partial,1448.06
LN27728,AGT118,2026-03-01,42769.38,30,2,Responsive,Partial,21384.69
LN27729,AGT108,2026-03-01,19337.56,60,3,Responsive,Partial,9668.78
LN27730,AGT163,2026-03-01,7896.24,0,0,Promise To Pay,Paid,7896.24
LN27731,AGT150,2026-03-01,104669.78,60,3,No Answer,Unpaid,0.0
LN27732,AGT104,2026-03-01,25578.34,60,3,No Answer,Unpaid,0.0
LN27733,AGT111,2026-03-01,21522.74,0,0,Responsive,Paid,21522.74
LN27734,AGT140,2026-03-01,12346.23,0,0,No Answer,Paid,12346.23
LN27735,AGT166,2026-03-01,23142.93,30,2,No Answer,Unpaid,0.0
LN27736,AGT160,2026-03-01,3750.33,0,0,No Answer,Paid,3750.33
LN27737,AGT120,2026-03-01,15959.78,15,1,Promise To Pay,Partial,4787.93
LN27738,AGT113,2026-03-01,5133.71,0,0,Promise To Pay,Paid,5133.71
LN27739,AGT149,2026-03-01,15977.45,90,4,Promise To Pay,Partial,4793.23
LN27740,AGT114,2026-03-01,12226.71,15,1,Promise To Pay,Partial,3668.01
LN27741,AGT174,2026-03-01,3004.48,0,0,Responsive,Paid,3004.48
LN27742,AGT108,2026-03-01,26157.44,0,0,Responsive,Paid,26157.44
LN27743,AGT139,2026-03-01,1526.55,0,0,No Answer,Paid,1526.55
LN27744,AGT118,2026-03-01,59695.04,30,2,Promise To Pay,Partial,17908.51
LN27745,AGT120,2026-03-01,38490.35,60,3,Responsive,Paid,38490.35
LN27746,AGT132,2026-03-01,8569.0,0,0,No Answer,Paid,8569.0
LN27747,AGT117,2026-03-01,3849.4,30,2,Promise To Pay,Partial,1154.82
LN27748,AGT115,2026-03-01,15859.53,30,2,Promise To Pay,Partial,4757.86
LN27749,AGT152,2026-03-01,8525.66,60,3,Promise To Pay,Partial,2557.7
LN27750,AGT108,2026-03-01,165675.28,90,4,Responsive,Paid,165675.28
LN27751,AGT151,2026-03-01,17387.06,30,2,No Answer,Unpaid,0.0
LN27752,AGT160,2026-03-01,32573.93,0,0,No Answer,Paid,32573.93
LN27753,AGT116,2026-03-01,10817.88,30,2,Responsive,Partial,5408.94
LN27754,AGT149,2026-03-01,83848.27,90,4,Promise To Pay,Partial,25154.48
LN27755,AGT165,2026-03-01,7347.78,0,0,Promise To Pay,Paid,7347.78
LN27756,AGT124,2026-03-01,4809.06,0,0,No Answer,Paid,4809.06
LN27757,AGT124,2026-03-01,6119.05,0,0,Responsive,Paid,6119.05
LN27758,AGT162,2026-03-01,21813.44,0,0,Responsive,Paid,21813.44
LN27759,AGT140,2026-03-01,5172.03,15,1,Responsive,Paid,5172.03
LN27760,AGT116,2026-03-01,50402.95,90,4,Responsive,Partial,25201.47
LN27761,AGT167,2026-03-01,15735.67,0,0,Responsive,Paid,15735.67
LN27762,AGT105,2026-03-01,18068.56,30,2,Promise To Pay,Partial,5420.57
LN27763,AGT122,2026-03-01,10344.95,90,4,No Answer,Unpaid,0.0
LN27764,AGT162,2026-03-01,2529.21,15,1,Promise To Pay,Partial,758.76
LN27765,AGT129,2026-03-01,51337.32,90,4,Responsive,Paid,51337.32
LN27766,AGT127,2026-03-01,3863.41,15,1,Promise To Pay,Partial,1159.02
LN27767,AGT158,2026-03-01,33783.29,60,3,Responsive,Partial,16891.65
LN27768,AGT123,2026-03-01,4323.56,15,1,Responsive,Partial,2161.78
LN27769,AGT111,2026-03-01,8217.33,0,0,Responsive,Paid,8217.33
LN27770,AGT142,2026-03-01,11603.89,15,1,Promise To Pay,Partial,3481.17
LN27771,AGT136,2026-03-01,33519.59,0,0,Responsive,Paid,33519.59
LN27772,AGT150,2026-03-01,32447.88,15,1,Promise To Pay,Partial,9734.36
LN27773,AGT108,2026-03-01,31635.33,15,1,No Answer,Unpaid,0.0
LN27774,AGT147,2026-03-01,70640.71,60,3,Responsive,Paid,70640.71
LN27775,AGT115,2026-03-01,1897.65,0,0,No Answer,Paid,1897.65
LN27776,AGT125,2026-03-01,31625.43,0,0,Responsive,Paid,31625.43
LN27777,AGT154,2026-03-01,3379.36,60,3,No Answer,Unpaid,0.0
LN27778,AGT132,2026-03-01,13710.71,30,2,Promise To Pay,Partial,4113.21
LN27779,AGT171,2026-03-01,14227.52,15,1,No Answer,Unpaid,0.0
LN27780,AGT119,2026-03-01,9041.62,0,0,Responsive,Paid,9041.62
LN27781,AGT127,2026-03-01,2245.49,15,1,No Answer,Unpaid,0.0
LN27782,AGT132,2026-03-01,5366.25,0,0,Promise To Pay,Paid,5366.25
LN27783,AGT118,2026-03-01,5793.66,0,0,Responsive,Paid,5793.66
LN27784,AGT173,2026-03-01,9074.06,15,1,Responsive,Partial,4537.03
LN27785,AGT115,2026-03-01,13144.05,0,0,Promise To Pay,Paid,13144.05
LN27786,AGT145,2026-03-01,26637.49,90,4,Promise To Pay,Partial,7991.25
LN27787,AGT146,2026-03-01,10747.91,15,1,Promise To Pay,Partial,3224.37
LN27788,AGT148,2026-03-01,7462.67,0,0,No Answer,Paid,7462.67
LN27789,AGT172,2026-03-01,12988.47,0,0,Responsive,Paid,12988.47
LN27790,AGT110,2026-03-01,24088.29,0,0,Promise To Pay,Paid,24088.29
LN27791,AGT158,2026-03-01,7085.7,0,0,Promise To Pay,Paid,7085.7
LN27792,AGT142,2026-03-01,6349.19,0,0,No Answer,Paid,6349.19
LN27793,AGT113,2026-03-01,14560.08,30,2,Responsive,Partial,7280.04
LN27794,AGT101,2026-03-01,10280.28,15,1,Promise To Pay,Partial,3084.08
LN27795,AGT126,2026-03-01,37405.62,0,0,No Answer,Paid,37405.62
LN27796,AGT131,2026-03-01,8043.05,90,4,No Answer,Unpaid,0.0
LN27797,AGT133,2026-03-01,20377.66,0,0,Responsive,Paid,20377.66
LN27798,AGT126,2026-03-01,93836.16,90,4,No Answer,Unpaid,0.0
LN27799,AGT148,2026-03-01,46078.9,0,0,Responsive,Paid,46078.9
LN27800,AGT163,2026-03-01,2804.85,30,2,Promise To Pay,Partial,841.45
LN27801,AGT111,2026-03-01,5807.92,0,0,Promise To Pay,Paid,5807.92
LN27802,AGT172,2026-03-01,21191.21,30,2,Responsive,Paid,21191.21
LN27803,AGT104,2026-03-01,4888.97,0,0,Responsive,Paid,4888.97
LN27804,AGT112,2026-03-01,4557.76,15,1,Responsive,Partial,2278.88
LN27805,AGT169,2026-03-01,6622.28,60,3,Responsive,Paid,6622.28
LN27806,AGT111,2026-03-01,5673.26,0,0,Responsive,Paid,5673.26
LN27807,AGT113,2026-03-01,15902.88,15,1,Promise To Pay,Partial,4770.86
LN27808,AGT130,2026-03-01,14803.2,15,1,No Answer,Unpaid,0.0
LN27809,AGT173,2026-03-01,3907.68,0,0,Promise To Pay,Paid,3907.68
LN27810,AGT140,2026-03-01,6646.24,30,2,No Answer,Unpaid,0.0
LN27811,AGT130,2026-03-01,4485.52,0,0,Responsive,Paid,4485.52
LN27812,AGT128,2026-03-01,7283.66,0,0,Promise To Pay,Paid,7283.66
LN27813,AGT140,2026-03-01,48187.34,90,4,Responsive,Partial,24093.67
LN27814,AGT118,2026-03-01,9166.08,0,0,Promise To Pay,Paid,9166.08
LN27815,AGT153,2026-03-01,5795.4,15,1,No Answer,Unpaid,0.0
LN27816,AGT170,2026-03-01,8534.54,0,0,Promise To Pay,Paid,8534.54
LN27817,AGT141,2026-03-01,13245.53,60,3,No Answer,Unpaid,0.0
LN27818,AGT148,2026-03-01,8758.02,15,1,Promise To Pay,Partial,2627.41
LN27819,AGT102,2026-03-01,19178.65,60,3,Responsive,Partial,9589.33
LN27820,AGT172,2026-03-01,5048.88,30,2,Responsive,Partial,2524.44
LN27821,AGT100,2026-03-01,16173.25,90,4,No Answer,Unpaid,0.0
LN27822,AGT103,2026-03-01,22152.53,30,2,No Answer,Unpaid,0.0
LN27823,AGT125,2026-03-01,3221.68,60,3,Promise To Pay,Partial,966.5
LN27824,AGT107,2026-03-01,10312.32,0,0,Responsive,Paid,10312.32
LN27825,AGT105,2026-03-01,19130.72,0,0,No Answer,Paid,19130.72
LN27826,AGT118,2026-03-01,12289.31,60,3,Promise To Pay,Partial,3686.79
LN27827,AGT146,2026-03-01,7480.53,0,0,Promise To Pay,Paid,7480.53
LN27828,AGT148,2026-03-01,9121.49,0,0,Promise To Pay,Paid,9121.49
LN27829,AGT126,2026-03-01,12856.66,15,1,Promise To Pay,Partial,3857.0
LN27830,AGT165,2026-03-01,50207.88,90,4,Promise To Pay,Partial,15062.36
LN27831,AGT168,2026-03-01,9925.69,15,1,Responsive,Partial,4962.85
LN27832,AGT171,2026-03-01,11385.8,0,0,Responsive,Paid,11385.8
LN27833,AGT117,2026-03-01,13803.53,0,0,Promise To Pay,Paid,13803.53
LN27834,AGT165,2026-03-01,5570.49,15,1,Responsive,Partial,2785.24
LN27835,AGT163,2026-03-01,20485.09,0,0,Promise To Pay,Paid,20485.09
LN27836,AGT126,2026-03-01,8111.24,0,0,No Answer,Paid,8111.24
LN27837,AGT114,2026-03-01,3268.59,0,0,No Answer,Paid,3268.59
LN27838,AGT120,2026-03-01,19834.54,0,0,Responsive,Paid,19834.54
LN27839,AGT140,2026-03-01,53237.47,90,4,Responsive,Paid,53237.47
LN27840,AGT100,2026-03-01,7269.84,0,0,No Answer,Paid,7269.84
LN27841,AGT115,2026-03-01,4524.7,0,0,No Answer,Paid,4524.7
LN27842,AGT156,2026-03-01,3062.24,0,0,Responsive,Paid,3062.24
LN27843,AGT102,2026-03-01,4123.57,0,0,No Answer,Paid,4123.57
LN27844,AGT143,2026-03-01,30442.26,90,4,Promise To Pay,Partial,9132.68
LN27845,AGT143,2026-03-01,56339.17,60,3,Promise To Pay,Partial,16901.75
LN27846,AGT124,2026-03-01,27144.35,60,3,Promise To Pay,Partial,8143.3
LN27847,AGT137,2026-03-01,22402.82,90,4,Promise To Pay,Partial,6720.85
LN27848,AGT110,2026-03-01,2762.87,60,3,No Answer,Unpaid,0.0
LN27849,AGT166,2026-03-01,4797.08,0,0,Responsive,Paid,4797.08
LN27850,AGT148,2026-03-01,9133.36,15,1,Responsive,Paid,9133.36
LN27851,AGT139,2026-03-01,5634.67,15,1,No Answer,Unpaid,0.0
LN27852,AGT165,2026-03-01,6803.14,15,1,No Answer,Unpaid,0.0
LN27853,AGT127,2026-03-01,19976.33,0,0,Promise To Pay,Paid,19976.33
LN27854,AGT108,2026-03-01,15754.82,30,2,No Answer,Unpaid,0.0
LN27855,AGT153,2026-03-01,28528.26,60,3,Promise To Pay,Partial,8558.48
LN27856,AGT125,2026-03-01,1710.28,15,1,Responsive,Partial,855.14
LN27857,AGT107,2026-03-01,21450.29,30,2,Promise To Pay,Partial,6435.09
LN27858,AGT130,2026-03-01,5562.48,0,0,No Answer,Paid,5562.48
LN27859,AGT170,2026-03-01,4631.01,0,0,Promise To Pay,Paid,4631.01
LN27860,AGT106,2026-03-01,30914.09,90,4,Responsive,Paid,30914.09
LN27861,AGT146,2026-03-01,6332.21,15,1,Responsive,Partial,3166.11
LN27862,AGT102,2026-03-01,20996.97,60,3,Responsive,Paid,20996.97
LN27863,AGT101,2026-03-01,16928.07,0,0,No Answer,Paid,16928.07
LN27864,AGT121,2026-03-01,10049.53,0,0,No Answer,Paid,10049.53
LN27865,AGT146,2026-03-01,21158.4,60,3,Promise To Pay,Partial,6347.52
LN27866,AGT133,2026-03-01,6873.07,30,2,Responsive,Partial,3436.53
LN27867,AGT136,2026-03-01,17473.54,15,1,No Answer,Unpaid,0.0
LN27868,AGT125,2026-03-01,2960.83,15,1,No Answer,Unpaid,0.0
LN27869,AGT124,2026-03-01,11114.4,90,4,Responsive,Partial,5557.2
LN27870,AGT154,2026-03-01,6686.72,15,1,Promise To Pay,Partial,2006.02
LN27871,AGT101,2026-03-01,2621.88,0,0,Promise To Pay,Paid,2621.88
LN27872,AGT132,2026-03-01,6399.91,15,1,No Answer,Unpaid,0.0
LN27873,AGT162,2026-03-01,9058.54,30,2,Responsive,Paid,9058.54
LN27874,AGT147,2026-03-01,72248.77,60,3,Promise To Pay,Partial,21674.63
LN27875,AGT170,2026-03-01,76592.53,90,4,Promise To Pay,Partial,22977.76
LN27876,AGT172,2026-03-01,12809.77,0,0,No Answer,Paid,12809.77
LN27877,AGT131,2026-03-01,24517.88,15,1,Responsive,Paid,24517.88
LN27878,AGT143,2026-03-01,6745.49,15,1,Responsive,Partial,3372.74
LN27879,AGT142,2026-03-01,103508.03,60,3,Responsive,Paid,103508.03
LN27880,AGT136,2026-03-01,1737.59,0,0,No Answer,Paid,1737.59
LN27881,AGT164,2026-03-01,2713.44,0,0,Responsive,Paid,2713.44
LN27882,AGT123,2026-03-01,8171.75,0,0,No Answer,Paid,8171.75
LN27883,AGT106,2026-03-01,81927.06,60,3,No Answer,Unpaid,0.0
LN27884,AGT110,2026-03-01,7288.43,30,2,No Answer,Unpaid,0.0
LN27885,AGT167,2026-03-01,7977.06,0,0,Responsive,Paid,7977.06
LN27886,AGT110,2026-03-01,39849.45,60,3,Promise To Pay,Partial,11954.83
LN27887,AGT127,2026-03-01,22713.19,15,1,Responsive,Paid,22713.19
LN27888,AGT104,2026-03-01,7752.05,0,0,Promise To Pay,Paid,7752.05
LN27889,AGT112,2026-03-01,6693.37,0,0,Responsive,Paid,6693.37
LN27890,AGT143,2026-03-01,22217.27,30,2,Responsive,Partial,11108.64
LN27891,AGT115,2026-03-01,9924.26,15,1,No Answer,Unpaid,0.0
LN27892,AGT170,2026-03-01,19378.22,30,2,Responsive,Paid,19378.22
LN27893,AGT156,2026-03-01,17818.73,30,2,Promise To Pay,Partial,5345.62
LN27894,AGT168,2026-03-01,12841.3,0,0,No Answer,Paid,12841.3
LN27895,AGT129,2026-03-01,2921.1,15,1,Responsive,Paid,2921.1
LN27896,AGT170,2026-03-01,7857.74,15,1,Responsive,Paid,7857.74
LN27897,AGT110,2026-03-01,17018.02,30,2,No Answer,Unpaid,0.0
LN27898,AGT110,2026-03-01,1801.38,0,0,Promise To Pay,Paid,1801.38
LN27899,AGT140,2026-03-01,17522.1,60,3,No Answer,Unpaid,0.0
LN27900,AGT164,2026-03-01,28418.11,0,0,Responsive,Paid,28418.11
LN27901,AGT162,2026-03-01,12346.19,0,0,No Answer,Paid,12346.19
LN27902,AGT155,2026-03-01,11796.3,0,0,Responsive,Paid,11796.3
LN27903,AGT117,2026-03-01,94824.49,60,3,Responsive,Paid,94824.49
LN27904,AGT102,2026-03-01,16895.8,0,0,Responsive,Paid,16895.8
LN27905,AGT112,2026-03-01,5432.3,0,0,Responsive,Paid,5432.3
LN27906,AGT126,2026-03-01,2464.49,30,2,No Answer,Unpaid,0.0
LN27907,AGT129,2026-03-01,22480.16,60,3,Promise To Pay,Partial,6744.05
LN27908,AGT113,2026-03-01,13699.44,60,3,Responsive,Partial,6849.72
LN27909,AGT117,2026-03-01,58039.74,15,1,No Answer,Unpaid,0.0
LN27910,AGT112,2026-03-01,25734.62,0,0,Promise To Pay,Paid,25734.62
LN27911,AGT174,2026-03-01,2136.62,0,0,No Answer,Paid,2136.62
LN27912,AGT110,2026-03-01,10376.67,30,2,Responsive,Partial,5188.34
LN27913,AGT161,2026-03-01,7183.12,0,0,No Answer,Paid,7183.12
LN27914,AGT144,2026-03-01,9291.44,0,0,Promise To Pay,Paid,9291.44
LN27915,AGT173,2026-03-01,40286.51,60,3,No Answer,Unpaid,0.0
LN27916,AGT100,2026-03-01,8772.29,15,1,Responsive,Partial,4386.15
LN27917,AGT118,2026-03-01,22909.84,30,2,No Answer,Unpaid,0.0
LN27918,AGT140,2026-03-01,5488.89,0,0,No Answer,Paid,5488.89
LN27919,AGT148,2026-03-01,12173.6,0,0,Promise To Pay,Paid,12173.6
LN27920,AGT150,2026-03-01,16900.29,30,2,Responsive,Partial,8450.15
LN27921,AGT138,2026-03-01,12457.58,0,0,No Answer,Paid,12457.58
LN27922,AGT133,2026-03-01,4592.03,0,0,Responsive,Paid,4592.03
LN27923,AGT163,2026-03-01,10803.05,15,1,Responsive,Partial,5401.52
LN27924,AGT147,2026-03-01,37305.33,0,0,Promise To Pay,Paid,37305.33
LN27925,AGT172,2026-03-01,28083.9,0,0,No Answer,Paid,28083.9
LN27926,AGT131,2026-03-01,42127.89,30,2,Responsive,Paid,42127.89
LN27927,AGT173,2026-03-01,25062.73,60,3,Promise To Pay,Partial,7518.82
LN27928,AGT165,2026-03-01,23360.42,0,0,Promise To Pay,Paid,23360.42
LN27929,AGT121,2026-03-01,29625.13,90,4,Responsive,Partial,14812.57
LN27930,AGT137,2026-03-01,7742.68,0,0,Promise To Pay,Paid,7742.68
LN27931,AGT150,2026-03-01,8506.99,0,0,Promise To Pay,Paid,8506.99
LN27932,AGT169,2026-03-01,22914.26,15,1,Responsive,Paid,22914.26
LN27933,AGT143,2026-03-01,9353.4,15,1,No Answer,Unpaid,0.0
LN27934,AGT132,2026-03-01,6364.98,30,2,No Answer,Unpaid,0.0
LN27935,AGT132,2026-03-01,19226.78,0,0,No Answer,Paid,19226.78
LN27936,AGT114,2026-03-01,31400.07,0,0,Promise To Pay,Paid,31400.07
LN27937,AGT133,2026-03-01,13155.39,30,2,No Answer,Unpaid,0.0
LN27938,AGT164,2026-03-01,38376.43,60,3,Responsive,Partial,19188.22
LN27939,AGT162,2026-03-01,9432.04,0,0,Promise To Pay,Paid,9432.04
LN27940,AGT104,2026-03-01,11749.15,15,1,No Answer,Unpaid,0.0
LN27941,AGT152,2026-03-01,12719.7,0,0,No Answer,Paid,12719.7
LN27942,AGT131,2026-03-01,30619.79,0,0,No Answer,Paid,30619.79
LN27943,AGT155,2026-03-01,7696.83,15,1,No Answer,Unpaid,0.0
LN27944,AGT148,2026-03-01,16452.29,30,2,No Answer,Unpaid,0.0
LN27945,AGT134,2026-03-01,28108.86,30,2,Responsive,Paid,28108.86
LN27946,AGT157,2026-03-01,33883.87,60,3,Promise To Pay,Partial,10165.16
LN27947,AGT130,2026-03-01,35105.12,90,4,No Answer,Unpaid,0.0
LN27948,AGT110,2026-03-01,6400.27,0,0,No Answer,Paid,6400.27
LN27949,AGT155,2026-03-01,44063.58,60,3,No Answer,Unpaid,0.0
LN27950,AGT169,2026-03-01,2762.0,0,0,No Answer,Paid,2762.0
LN27951,AGT165,2026-03-01,45731.36,15,1,Promise To Pay,Partial,13719.41
LN27952,AGT123,2026-03-01,3958.83,30,2,Promise To Pay,Partial,1187.65
LN27953,AGT173,2026-03-01,34651.87,90,4,Responsive,Partial,17325.94
LN27954,AGT139,2026-03-01,20873.58,30,2,Promise To Pay,Partial,6262.07
LN27955,AGT102,2026-03-01,2999.05,0,0,Responsive,Paid,2999.05
LN27956,AGT128,2026-03-01,2641.48,0,0,Responsive,Paid,2641.48
LN27957,AGT167,2026-03-01,26350.87,90,4,Promise To Pay,Partial,7905.26
LN27958,AGT133,2026-03-01,6264.2,0,0,Promise To Pay,Paid,6264.2
LN27959,AGT113,2026-03-01,983.38,15,1,No Answer,Unpaid,0.0
LN27960,AGT102,2026-03-01,5040.6,0,0,Responsive,Paid,5040.6
LN27961,AGT162,2026-03-01,6248.55,0,0,No Answer,Paid,6248.55
LN27962,AGT104,2026-03-01,7328.11,15,1,Responsive,Partial,3664.05
LN27963,AGT107,2026-03-01,5081.42,0,0,Responsive,Paid,5081.42
LN27964,AGT134,2026-03-01,1450.12,0,0,Responsive,Paid,1450.12
LN27965,AGT108,2026-03-01,7338.86,15,1,No Answer,Unpaid,0.0
LN27966,AGT123,2026-03-01,33725.88,60,3,Promise To Pay,Partial,10117.76
LN27967,AGT174,2026-03-01,5477.39,90,4,Responsive,Partial,2738.7
LN27968,AGT172,2026-03-01,14672.09,0,0,Responsive,Paid,14672.09
LN27969,AGT157,2026-03-01,23125.11,0,0,No Answer,Paid,23125.11
LN27970,AGT164,2026-03-01,7950.81,0,0,No Answer,Paid,7950.81
LN27971,AGT136,2026-03-01,31687.2,30,2,Promise To Pay,Partial,9506.16
LN27972,AGT174,2026-03-01,11832.38,15,1,Responsive,Partial,5916.19
LN27973,AGT174,2026-03-01,33393.6,60,3,Promise To Pay,Partial,10018.08
LN27974,AGT139,2026-03-01,48034.66,30,2,Responsive,Partial,24017.33
LN27975,AGT164,2026-03-01,1475.32,15,1,No Answer,Unpaid,0.0
LN27976,AGT155,2026-03-01,98357.75,60,3,Responsive,Paid,98357.75
LN27977,AGT133,2026-03-01,5919.27,0,0,Responsive,Paid,5919.27
LN27978,AGT168,2026-03-01,6981.72,15,1,Promise To Pay,Partial,2094.52
LN27979,AGT104,2026-03-01,11814.29,0,0,No Answer,Paid,11814.29
LN27980,AGT100,2026-03-01,50607.93,90,4,Responsive,Paid,50607.93
LN27981,AGT117,2026-03-01,6765.11,0,0,Promise To Pay,Paid,6765.11
LN27982,AGT121,2026-03-01,8157.44,0,0,Responsive,Paid,8157.44
LN27983,AGT157,2026-03-01,10422.31,15,1,Responsive,Partial,5211.15
LN27984,AGT152,2026-03-01,14662.75,0,0,No Answer,Paid,14662.75
LN27985,AGT145,2026-03-01,12786.51,30,2,Responsive,Partial,6393.26
LN27986,AGT172,2026-03-01,3238.9,0,0,Promise To Pay,Paid,3238.9
LN27987,AGT149,2026-03-01,31646.5,60,3,Responsive,Paid,31646.5
LN27988,AGT118,2026-03-01,46971.63,15,1,Promise To Pay,Partial,14091.49
LN27989,AGT125,2026-03-01,5320.97,60,3,Promise To Pay,Partial,1596.29
LN27990,AGT128,2026-03-01,24841.09,15,1,Promise To Pay,Partial,7452.33
LN27991,AGT152,2026-03-01,34316.5,15,1,Promise To Pay,Partial,10294.95
LN27992,AGT112,2026-03-01,8623.9,15,1,Promise To Pay,Partial,2587.17
LN27993,AGT102,2026-03-01,24027.59,30,2,No Answer,Unpaid,0.0
LN27994,AGT136,2026-03-01,6473.87,0,0,Promise To Pay,Paid,6473.87
LN27995,AGT127,2026-03-01,28539.72,30,2,Responsive,Partial,14269.86
LN27996,AGT139,2026-03-01,13375.77,15,1,No Answer,Unpaid,0.0
LN27997,AGT135,2026-03-01,25750.22,90,4,Responsive,Partial,12875.11
LN27998,AGT149,2026-03-01,3007.61,15,1,No Answer,Unpaid,0.0
LN27999,AGT116,2026-03-01,9728.06,0,0,Responsive,Paid,9728.06
LN28000,AGT167,2026-03-01,6727.25,15,1,No Answer,Unpaid,0.0
LN28001,AGT117,2026-03-01,39980.95,0,0,Promise To Pay,Paid,39980.95
LN28002,AGT144,2026-03-01,50889.8,90,4,Promise To Pay,Partial,15266.94
LN28003,AGT123,2026-03-01,14116.36,0,0,Promise To Pay,Paid,14116.36
LN28004,AGT169,2026-03-01,5367.92,0,0,Promise To Pay,Paid,5367.92
LN28005,AGT109,2026-03-01,33997.45,90,4,Responsive,Partial,16998.72
LN28006,AGT105,2026-03-01,78868.82,30,2,Responsive,Paid,78868.82
LN28007,AGT155,2026-03-01,36649.8,60,3,Promise To Pay,Partial,10994.94
LN28008,AGT170,2026-03-01,8078.77,0,0,Promise To Pay,Paid,8078.77
LN28009,AGT167,2026-03-01,65684.34,30,2,Responsive,Partial,32842.17
LN28010,AGT142,2026-03-01,2335.24,0,0,No Answer,Paid,2335.24
LN28011,AGT120,2026-03-01,14090.9,0,0,Responsive,Paid,14090.9
LN28012,AGT103,2026-03-01,31169.16,60,3,Promise To Pay,Partial,9350.75
LN28013,AGT146,2026-03-01,28530.05,30,2,Responsive,Partial,14265.02
LN28014,AGT101,2026-03-01,4675.62,60,3,No Answer,Unpaid,0.0
LN28015,AGT128,2026-03-01,8187.98,0,0,No Answer,Paid,8187.98
LN28016,AGT149,2026-03-01,24534.87,30,2,Promise To Pay,Partial,7360.46
LN28017,AGT142,2026-03-01,7216.51,0,0,Responsive,Paid,7216.51
LN28018,AGT170,2026-03-01,3826.45,0,0,Responsive,Paid,3826.45
LN28019,AGT123,2026-03-01,15326.79,30,2,No Answer,Unpaid,0.0
LN28020,AGT118,2026-03-01,7160.1,0,0,No Answer,Paid,7160.1
LN28021,AGT108,2026-03-01,11261.62,0,0,Promise To Pay,Paid,11261.62
LN28022,AGT162,2026-03-01,15095.31,0,0,Responsive,Paid,15095.31
LN28023,AGT139,2026-03-01,5390.39,0,0,Responsive,Paid,5390.39
LN28024,AGT114,2026-03-01,10465.28,0,0,Promise To Pay,Paid,10465.28
LN28025,AGT105,2026-03-01,7711.68,0,0,Responsive,Paid,7711.68
LN28026,AGT171,2026-03-01,11229.91,60,3,No Answer,Unpaid,0.0
LN28027,AGT107,2026-03-01,8001.29,0,0,Responsive,Paid,8001.29
LN28028,AGT132,2026-03-01,15621.19,15,1,No Answer,Unpaid,0.0
LN28029,AGT115,2026-03-01,128557.94,90,4,No Answer,Unpaid,0.0
LN28030,AGT162,2026-03-01,7293.84,0,0,Promise To Pay,Paid,7293.84
LN28031,AGT124,2026-03-01,7892.51,0,0,Responsive,Paid,7892.51
LN28032,AGT100,2026-03-01,5275.95,0,0,No Answer,Paid,5275.95
LN28033,AGT125,2026-03-01,15540.83,0,0,No Answer,Paid,15540.83
LN28034,AGT132,2026-03-01,22792.67,15,1,Promise To Pay,Partial,6837.8
LN28035,AGT107,2026-03-01,10886.94,0,0,Promise To Pay,Paid,10886.94
LN28036,AGT122,2026-03-01,12134.17,0,0,No Answer,Paid,12134.17
LN28037,AGT166,2026-03-01,8711.86,30,2,Responsive,Partial,4355.93
LN28038,AGT161,2026-03-01,36371.65,0,0,Responsive,Paid,36371.65
LN28039,AGT151,2026-03-01,2135.77,30,2,No Answer,Unpaid,0.0
LN28040,AGT136,2026-03-01,148980.52,90,4,Responsive,Paid,148980.52
LN28041,AGT106,2026-03-01,52554.83,30,2,Responsive,Partial,26277.42
LN28042,AGT136,2026-03-01,3824.27,0,0,No Answer,Paid,3824.27
LN28043,AGT170,2026-03-01,19185.35,15,1,Responsive,Partial,9592.67
LN28044,AGT111,2026-03-01,9325.78,0,0,No Answer,Paid,9325.78
LN28045,AGT105,2026-03-01,95735.08,60,3,No Answer,Unpaid,0.0
LN28046,AGT118,2026-03-01,27269.55,30,2,Responsive,Paid,27269.55
LN28047,AGT127,2026-03-01,14035.42,0,0,Promise To Pay,Paid,14035.42
LN28048,AGT112,2026-03-01,35235.87,30,2,Responsive,Paid,35235.87
LN28049,AGT173,2026-03-01,3986.87,30,2,No Answer,Unpaid,0.0
LN28050,AGT119,2026-03-01,3221.87,15,1,No Answer,Unpaid,0.0
LN28051,AGT135,2026-03-01,37613.96,0,0,Responsive,Paid,37613.96
LN28052,AGT107,2026-03-01,5745.23,60,3,Promise To Pay,Partial,1723.57
LN28053,AGT144,2026-03-01,19918.83,15,1,Promise To Pay,Partial,5975.65
LN28054,AGT151,2026-03-01,13179.81,60,3,Responsive,Paid,13179.81
LN28055,AGT128,2026-03-01,13872.0,0,0,Responsive,Paid,13872.0
LN28056,AGT113,2026-03-01,19443.83,30,2,Promise To Pay,Partial,5833.15
LN28057,AGT108,2026-03-01,15518.53,0,0,Responsive,Paid,15518.53
LN28058,AGT154,2026-03-01,2254.89,30,2,Promise To Pay,Partial,676.47
LN28059,AGT104,2026-03-01,9113.17,0,0,No Answer,Paid,9113.17
LN28060,AGT136,2026-03-01,28207.27,0,0,No Answer,Paid,28207.27
LN28061,AGT126,2026-03-01,51313.39,30,2,Responsive,Partial,25656.69
LN28062,AGT125,2026-03-01,40536.23,90,4,No Answer,Unpaid,0.0
LN28063,AGT144,2026-03-01,12848.11,0,0,Promise To Pay,Paid,12848.11
LN28064,AGT160,2026-03-01,16393.47,0,0,Responsive,Paid,16393.47
LN28065,AGT102,2026-03-01,5122.01,0,0,No Answer,Paid,5122.01
LN28066,AGT104,2026-03-01,13430.67,30,2,Responsive,Paid,13430.67
LN28067,AGT173,2026-03-01,3431.62,15,1,No Answer,Unpaid,0.0
LN28068,AGT137,2026-03-01,89889.15,60,3,Promise To Pay,Partial,26966.74
LN28069,AGT104,2026-03-01,13733.66,0,0,Promise To Pay,Paid,13733.66
LN28070,AGT152,2026-03-01,11517.02,0,0,Responsive,Paid,11517.02
LN28071,AGT106,2026-03-01,21584.78,60,3,No Answer,Unpaid,0.0
LN28072,AGT128,2026-03-01,19183.64,30,2,Promise To Pay,Partial,5755.09
LN28073,AGT150,2026-03-01,14463.16,30,2,Responsive,Partial,7231.58
LN28074,AGT126,2026-03-01,33126.25,0,0,Responsive,Paid,33126.25
LN28075,AGT108,2026-03-01,37079.23,90,4,Promise To Pay,Partial,11123.77
LN28076,AGT163,2026-03-01,24504.9,0,0,Promise To Pay,Paid,24504.9
LN28077,AGT171,2026-03-01,21164.89,30,2,Promise To Pay,Partial,6349.47
LN28078,AGT134,2026-03-01,32703.23,60,3,No Answer,Unpaid,0.0
LN28079,AGT138,2026-03-01,52593.17,30,2,Promise To Pay,Partial,15777.95
LN28080,AGT114,2026-03-01,17052.42,0,0,No Answer,Paid,17052.42
LN28081,AGT137,2026-03-01,34607.16,15,1,Promise To Pay,Partial,10382.15
LN28082,AGT132,2026-03-01,3172.92,30,2,No Answer,Unpaid,0.0
LN28083,AGT127,2026-03-01,10494.67,30,2,Responsive,Partial,5247.34
LN28084,AGT130,2026-03-01,7143.16,30,2,No Answer,Unpaid,0.0
LN28085,AGT110,2026-03-01,7790.89,0,0,No Answer,Paid,7790.89
LN28086,AGT163,2026-03-01,62905.79,30,2,Promise To Pay,Partial,18871.74
LN28087,AGT123,2026-03-01,26163.62,30,2,No Answer,Unpaid,0.0
LN28088,AGT158,2026-03-01,49938.22,90,4,Responsive,Partial,24969.11
LN28089,AGT130,2026-03-01,6395.64,30,2,Responsive,Partial,3197.82
LN28090,AGT141,2026-03-01,8457.14,15,1,Promise To Pay,Partial,2537.14
LN28091,AGT127,2026-03-01,1870.52,0,0,Promise To Pay,Paid,1870.52
LN28092,AGT116,2026-03-01,54476.15,30,2,Responsive,Paid,54476.15
LN28093,AGT124,2026-03-01,42734.14,30,2,Responsive,Paid,42734.14
LN28094,AGT146,2026-03-01,9015.37,0,0,Promise To Pay,Paid,9015.37
LN28095,AGT154,2026-03-01,7076.26,0,0,Promise To Pay,Paid,7076.26
LN28096,AGT150,2026-03-01,57210.75,30,2,No Answer,Unpaid,0.0
LN28097,AGT150,2026-03-01,10250.56,15,1,No Answer,Unpaid,0.0
LN28098,AGT158,2026-03-01,24457.44,30,2,Responsive,Partial,12228.72
LN28099,AGT146,2026-03-01,58296.15,90,4,Responsive,Partial,29148.08
LN28100,AGT103,2026-03-01,23610.82,60,3,No Answer,Unpaid,0.0
LN28101,AGT162,2026-03-01,107812.25,90,4,Responsive,Paid,107812.25
LN28102,AGT122,2026-03-01,11465.79,0,0,Responsive,Paid,11465.79
LN28103,AGT113,2026-03-01,8314.03,0,0,No Answer,Paid,8314.03
LN28104,AGT166,2026-03-01,14198.51,30,2,Responsive,Partial,7099.26
LN28105,AGT118,2026-03-01,9352.16,0,0,Responsive,Paid,9352.16
LN28106,AGT144,2026-03-01,6951.0,0,0,Responsive,Paid,6951.0
LN28107,AGT167,2026-03-01,9890.29,0,0,Promise To Pay,Paid,9890.29
LN28108,AGT131,2026-03-01,2673.4,0,0,Promise To Pay,Paid,2673.4
LN28109,AGT157,2026-03-01,40811.07,60,3,Promise To Pay,Partial,12243.32
LN28110,AGT165,2026-03-01,12346.07,30,2,Responsive,Partial,6173.03
LN28111,AGT102,2026-03-01,18886.64,0,0,Promise To Pay,Paid,18886.64
LN28112,AGT124,2026-03-01,17531.23,15,1,No Answer,Unpaid,0.0
LN28113,AGT102,2026-03-01,3929.08,15,1,Promise To Pay,Partial,1178.72
LN28114,AGT119,2026-03-01,11950.82,0,0,Responsive,Paid,11950.82
LN28115,AGT111,2026-03-01,77558.17,30,2,Promise To Pay,Partial,23267.45
LN28116,AGT171,2026-03-01,1298.54,0,0,Responsive,Paid,1298.54
LN28117,AGT150,2026-03-01,19742.04,0,0,No Answer,Paid,19742.04
LN28118,AGT163,2026-03-01,15507.07,60,3,Promise To Pay,Partial,4652.12
LN28119,AGT112,2026-03-01,1901.07,15,1,Promise To Pay,Partial,570.32
LN28120,AGT143,2026-03-01,2342.43,0,0,Responsive,Paid,2342.43
LN28121,AGT169,2026-03-01,28530.9,30,2,No Answer,Unpaid,0.0
LN28122,AGT102,2026-03-01,30622.52,0,0,Promise To Pay,Paid,30622.52
LN28123,AGT128,2026-03-01,9417.53,0,0,Responsive,Paid,9417.53
LN28124,AGT141,2026-03-01,4144.35,0,0,Responsive,Paid,4144.35
LN28125,AGT135,2026-03-01,6715.39,15,1,No Answer,Unpaid,0.0
LN28126,AGT126,2026-03-01,8051.33,0,0,No Answer,Paid,8051.33
LN28127,AGT109,2026-03-01,7396.26,15,1,Promise To Pay,Partial,2218.88
LN28128,AGT150,2026-03-01,7558.19,15,1,No Answer,Unpaid,0.0
LN28129,AGT118,2026-03-01,29890.09,60,3,Responsive,Partial,14945.05
LN28130,AGT165,2026-03-01,2504.63,15,1,No Answer,Unpaid,0.0
LN28131,AGT166,2026-03-01,7180.54,0,0,Promise To Pay,Paid,7180.54
LN28132,AGT151,2026-03-01,26456.49,30,2,No Answer,Unpaid,0.0
LN28133,AGT124,2026-03-01,10082.96,15,1,Responsive,Partial,5041.48
LN28134,AGT123,2026-03-01,4880.65,15,1,Responsive,Partial,2440.32
LN28135,AGT174,2026-03-01,15064.22,15,1,No Answer,Unpaid,0.0
LN28136,AGT167,2026-03-01,18569.85,15,1,Responsive,Paid,18569.85
LN28137,AGT152,2026-03-01,30242.57,90,4,Promise To Pay,Partial,9072.77
LN28138,AGT162,2026-03-01,14280.0,90,4,No Answer,Unpaid,0.0
LN28139,AGT117,2026-03-01,4545.69,0,0,No Answer,Paid,4545.69
LN28140,AGT126,2026-03-01,1829.71,15,1,No Answer,Unpaid,0.0
LN28141,AGT149,2026-03-01,12180.34,15,1,No Answer,Unpaid,0.0
LN28142,AGT150,2026-03-01,5704.53,0,0,No Answer,Paid,5704.53
LN28143,AGT134,2026-03-01,17055.31,15,1,Responsive,Partial,8527.66
LN28144,AGT121,2026-03-01,1694.88,30,2,Promise To Pay,Partial,508.46
LN28145,AGT163,2026-03-01,14413.26,0,0,Responsive,Paid,14413.26
LN28146,AGT102,2026-03-01,132509.2,60,3,Promise To Pay,Partial,39752.76
LN28147,AGT172,2026-03-01,1201.82,0,0,Promise To Pay,Paid,1201.82
LN28148,AGT142,2026-03-01,19703.42,60,3,No Answer,Unpaid,0.0
LN28149,AGT124,2026-03-01,28739.52,0,0,Promise To Pay,Paid,28739.52
LN28150,AGT161,2026-03-01,3115.65,0,0,Responsive,Paid,3115.65
LN28151,AGT153,2026-03-01,4744.59,0,0,No Answer,Paid,4744.59
LN28152,AGT130,2026-03-01,15854.85,0,0,Promise To Pay,Paid,15854.85
LN28153,AGT141,2026-03-01,10033.2,15,1,No Answer,Unpaid,0.0
LN28154,AGT134,2026-03-01,13949.6,0,0,No Answer,Paid,13949.6
LN28155,AGT145,2026-03-01,36261.6,90,4,Promise To Pay,Partial,10878.48
LN28156,AGT166,2026-03-01,12455.4,15,1,No Answer,Unpaid,0.0
LN28157,AGT129,2026-03-01,2264.99,0,0,Responsive,Paid,2264.99
LN28158,AGT172,2026-03-01,13077.9,15,1,Promise To Pay,Partial,3923.37
LN28159,AGT112,2026-03-01,24083.53,0,0,Promise To Pay,Paid,24083.53
LN28160,AGT114,2026-03-01,18765.64,15,1,Responsive,Partial,9382.82
LN28161,AGT162,2026-03-01,1615.21,0,0,No Answer,Paid,1615.21
LN28162,AGT120,2026-03-01,5653.92,0,0,No Answer,Paid,5653.92
LN28163,AGT163,2026-03-01,14430.45,60,3,Responsive,Paid,14430.45
LN28164,AGT161,2026-03-01,5261.1,15,1,Promise To Pay,Partial,1578.33
LN28165,AGT112,2026-03-01,9676.03,15,1,Responsive,Partial,4838.02
LN28166,AGT107,2026-03-01,25713.13,60,3,Responsive,Partial,12856.57
LN28167,AGT135,2026-03-01,8533.63,0,0,No Answer,Paid,8533.63
LN28168,AGT120,2026-03-01,16054.96,60,3,Responsive,Paid,16054.96
LN28169,AGT122,2026-03-01,11680.41,30,2,Promise To Pay,Partial,3504.12
LN28170,AGT111,2026-03-01,3622.42,0,0,Promise To Pay,Paid,3622.42
LN28171,AGT123,2026-03-01,6691.67,0,0,No Answer,Paid,6691.67
LN28172,AGT107,2026-03-01,9729.57,0,0,Promise To Pay,Paid,9729.57
LN28173,AGT135,2026-03-01,20750.39,0,0,Responsive,Paid,20750.39
LN28174,AGT114,2026-03-01,10436.69,30,2,Promise To Pay,Partial,3131.01
LN28175,AGT167,2026-03-01,80361.86,60,3,Responsive,Paid,80361.86
LN28176,AGT106,2026-03-01,17374.93,0,0,Promise To Pay,Paid,17374.93
LN28177,AGT168,2026-03-01,12745.85,0,0,Promise To Pay,Paid,12745.85
LN28178,AGT109,2026-03-01,17850.25,30,2,No Answer,Unpaid,0.0
LN28179,AGT117,2026-03-01,13846.74,90,4,No Answer,Unpaid,0.0
LN28180,AGT114,2026-03-01,48314.66,30,2,Promise To Pay,Partial,14494.4
LN28181,AGT106,2026-03-01,24720.58,15,1,No Answer,Unpaid,0.0
LN28182,AGT127,2026-03-01,46158.06,90,4,No Answer,Unpaid,0.0
LN28183,AGT119,2026-03-01,26296.76,90,4,No Answer,Unpaid,0.0
LN28184,AGT133,2026-03-01,4810.93,0,0,Promise To Pay,Paid,4810.93
LN28185,AGT134,2026-03-01,21330.55,15,1,Responsive,Partial,10665.27
LN28186,AGT133,2026-03-01,8905.88,30,2,No Answer,Unpaid,0.0
LN28187,AGT140,2026-03-01,41319.22,60,3,Responsive,Paid,41319.22
LN28188,AGT153,2026-03-01,4851.67,0,0,Responsive,Paid,4851.67
LN28189,AGT162,2026-03-01,24100.71,15,1,No Answer,Unpaid,0.0
LN28190,AGT118,2026-03-01,10606.32,0,0,Promise To Pay,Paid,10606.32
LN28191,AGT111,2026-03-01,9239.64,30,2,Promise To Pay,Partial,2771.89
LN28192,AGT131,2026-03-01,26958.28,60,3,Promise To Pay,Partial,8087.48
LN28193,AGT140,2026-03-01,8243.3,0,0,No Answer,Paid,8243.3
LN28194,AGT162,2026-03-01,5729.68,0,0,Promise To Pay,Paid,5729.68
LN28195,AGT125,2026-03-01,21652.47,0,0,Promise To Pay,Paid,21652.47
LN28196,AGT104,2026-03-01,49305.91,90,4,No Answer,Unpaid,0.0
LN28197,AGT151,2026-03-01,57659.53,30,2,No Answer,Unpaid,0.0
LN28198,AGT123,2026-03-01,4233.24,60,3,No Answer,Unpaid,0.0
LN28199,AGT120,2026-03-01,4675.65,0,0,No Answer,Paid,4675.65
LN28200,AGT160,2026-03-01,23478.46,60,3,Promise To Pay,Partial,7043.54
LN28201,AGT123,2026-03-01,2563.53,0,0,Promise To Pay,Paid,2563.53
LN28202,AGT161,2026-03-01,19719.02,30,2,Promise To Pay,Partial,5915.71
LN28203,AGT141,2026-03-01,9555.58,0,0,Responsive,Paid,9555.58
LN28204,AGT104,2026-03-01,15564.75,30,2,Promise To Pay,Partial,4669.43
LN28205,AGT133,2026-03-01,32430.38,15,1,No Answer,Unpaid,0.0
LN28206,AGT163,2026-03-01,4514.22,0,0,No Answer,Paid,4514.22
LN28207,AGT123,2026-03-01,5495.7,0,0,Responsive,Paid,5495.7
LN28208,AGT162,2026-03-01,2095.6,15,1,No Answer,Unpaid,0.0
LN28209,AGT166,2026-03-01,65701.3,60,3,Promise To Pay,Partial,19710.39
LN28210,AGT136,2026-03-01,9407.31,15,1,No Answer,Unpaid,0.0
LN28211,AGT136,2026-03-01,49169.38,60,3,No Answer,Unpaid,0.0
LN28212,AGT109,2026-03-01,7360.41,0,0,No Answer,Paid,7360.41
LN28213,AGT158,2026-03-01,18826.28,0,0,Promise To Pay,Paid,18826.28
LN28214,AGT113,2026-03-01,38893.53,60,3,Responsive,Partial,19446.76
LN28215,AGT152,2026-03-01,16107.86,60,3,Promise To Pay,Partial,4832.36
LN28216,AGT169,2026-03-01,9580.24,0,0,Responsive,Paid,9580.24
LN28217,AGT136,2026-03-01,3257.81,0,0,Responsive,Paid,3257.81
LN28218,AGT128,2026-03-01,16686.38,15,1,No Answer,Unpaid,0.0
LN28219,AGT173,2026-03-01,4729.1,0,0,Promise To Pay,Paid,4729.1
LN28220,AGT169,2026-03-01,13988.27,15,1,Responsive,Partial,6994.14
LN28221,AGT154,2026-03-01,5867.38,0,0,No Answer,Paid,5867.38
LN28222,AGT171,2026-03-01,29058.76,30,2,Promise To Pay,Partial,8717.63
LN28223,AGT129,2026-03-01,56143.85,60,3,Responsive,Partial,28071.92
LN28224,AGT148,2026-03-01,23069.77,30,2,Promise To Pay,Partial,6920.93
LN28225,AGT171,2026-03-01,44910.13,0,0,No Answer,Paid,44910.13
LN28226,AGT103,2026-03-01,34301.88,30,2,Responsive,Partial,17150.94
LN28227,AGT143,2026-03-01,14226.37,30,2,Promise To Pay,Partial,4267.91
LN28228,AGT174,2026-03-01,9820.97,0,0,Responsive,Paid,9820.97
LN28229,AGT133,2026-03-01,6256.58,0,0,Responsive,Paid,6256.58
LN28230,AGT117,2026-03-01,18100.23,15,1,Responsive,Paid,18100.23
LN28231,AGT115,2026-03-01,2091.22,0,0,No Answer,Paid,2091.22
LN28232,AGT169,2026-03-01,7281.76,0,0,No Answer,Paid,7281.76
LN28233,AGT168,2026-03-01,11238.26,0,0,No Answer,Paid,11238.26
LN28234,AGT114,2026-03-01,6126.0,0,0,Responsive,Paid,6126.0
LN28235,AGT118,2026-03-01,5516.7,0,0,Promise To Pay,Paid,5516.7
LN28236,AGT151,2026-03-01,23128.6,30,2,Responsive,Partial,11564.3
LN28237,AGT160,2026-03-01,26213.07,0,0,Promise To Pay,Paid,26213.07
LN28238,AGT154,2026-03-01,9347.85,0,0,Responsive,Paid,9347.85
LN28239,AGT136,2026-03-01,7684.4,0,0,Responsive,Paid,7684.4
LN28240,AGT110,2026-03-01,8931.8,0,0,No Answer,Paid,8931.8
LN28241,AGT138,2026-03-01,16051.12,0,0,Promise To Pay,Paid,16051.12
LN28242,AGT140,2026-03-01,15222.04,30,2,Responsive,Partial,7611.02
LN28243,AGT114,2026-03-01,40191.88,15,1,Promise To Pay,Partial,12057.56
LN28244,AGT164,2026-03-01,38835.76,60,3,No Answer,Unpaid,0.0
LN28245,AGT118,2026-03-01,11007.82,15,1,No Answer,Unpaid,0.0
LN28246,AGT165,2026-03-01,40873.38,60,3,No Answer,Unpaid,0.0
LN28247,AGT163,2026-03-01,3344.39,30,2,No Answer,Unpaid,0.0
LN28248,AGT170,2026-03-01,9911.15,0,0,Promise To Pay,Paid,9911.15
LN28249,AGT172,2026-03-01,9131.22,0,0,No Answer,Paid,9131.22
LN28250,AGT133,2026-03-01,15092.66,30,2,Responsive,Paid,15092.66
LN28251,AGT134,2026-03-01,26784.67,0,0,Responsive,Paid,26784.67
LN28252,AGT110,2026-03-01,34192.48,30,2,Responsive,Partial,17096.24
LN28253,AGT142,2026-03-01,18464.36,60,3,Responsive,Partial,9232.18
LN28254,AGT164,2026-03-01,2970.15,30,2,No Answer,Unpaid,0.0
LN28255,AGT141,2026-03-01,18241.87,0,0,Responsive,Paid,18241.87
LN28256,AGT102,2026-03-01,32256.92,30,2,No Answer,Unpaid,0.0
LN28257,AGT104,2026-03-01,13728.87,15,1,Responsive,Partial,6864.44
LN28258,AGT142,2026-03-01,13586.54,0,0,Responsive,Paid,13586.54
LN28259,AGT120,2026-03-01,36360.48,90,4,No Answer,Unpaid,0.0
LN28260,AGT103,2026-03-01,13123.69,0,0,Promise To Pay,Paid,13123.69
LN28261,AGT141,2026-03-01,22185.73,0,0,No Answer,Paid,22185.73
LN28262,AGT115,2026-03-01,53662.17,60,3,No Answer,Unpaid,0.0
LN28263,AGT142,2026-03-01,7102.68,0,0,Promise To Pay,Paid,7102.68
LN28264,AGT132,2026-03-01,3729.03,0,0,No Answer,Paid,3729.03
LN28265,AGT149,2026-03-01,6423.92,15,1,Responsive,Partial,3211.96
LN28266,AGT101,2026-03-01,2569.17,15,1,Promise To Pay,Partial,770.75
LN28267,AGT151,2026-03-01,1609.25,0,0,Promise To Pay,Paid,1609.25
LN28268,AGT132,2026-03-01,15977.12,0,0,Responsive,Paid,15977.12
LN28269,AGT171,2026-03-01,15728.63,30,2,Promise To Pay,Partial,4718.59
LN28270,AGT172,2026-03-01,13327.33,15,1,Promise To Pay,Partial,3998.2
LN28271,AGT165,2026-03-01,4484.15,0,0,Responsive,Paid,4484.15
LN28272,AGT152,2026-03-01,4781.94,15,1,Responsive,Partial,2390.97
LN28273,AGT146,2026-03-01,7355.64,0,0,No Answer,Paid,7355.64
LN28274,AGT166,2026-03-01,32297.18,15,1,Responsive,Paid,32297.18
LN28275,AGT158,2026-03-01,18323.21,60,3,Promise To Pay,Partial,5496.96
LN28276,AGT160,2026-03-01,12913.27,15,1,No Answer,Unpaid,0.0
LN28277,AGT104,2026-03-01,7818.89,15,1,Responsive,Paid,7818.89
LN28278,AGT173,2026-03-01,9066.54,0,0,No Answer,Paid,9066.54
LN28279,AGT166,2026-03-01,3035.97,0,0,No Answer,Paid,3035.97
LN28280,AGT112,2026-03-01,16571.3,90,4,Responsive,Paid,16571.3
LN28281,AGT144,2026-03-01,27135.61,30,2,Responsive,Paid,27135.61
LN28282,AGT147,2026-03-01,12671.52,15,1,Promise To Pay,Partial,3801.46
LN28283,AGT152,2026-03-01,2861.87,0,0,No Answer,Paid,2861.87
LN28284,AGT114,2026-03-01,9432.14,15,1,No Answer,Unpaid,0.0
LN28285,AGT160,2026-03-01,3562.05,0,0,No Answer,Paid,3562.05
LN28286,AGT106,2026-03-01,11689.61,15,1,No Answer,Unpaid,0.0
LN28287,AGT101,2026-03-01,7554.31,0,0,No Answer,Paid,7554.31
LN28288,AGT165,2026-03-01,24998.35,0,0,Responsive,Paid,24998.35
LN28289,AGT172,2026-03-01,19658.32,60,3,Promise To Pay,Partial,5897.5
LN28290,AGT120,2026-03-01,2763.53,15,1,Responsive,Partial,1381.77
LN28291,AGT112,2026-03-01,4904.85,0,0,No Answer,Paid,4904.85
LN28292,AGT109,2026-03-01,17664.62,60,3,Promise To Pay,Partial,5299.39
LN28293,AGT164,2026-03-01,5313.32,15,1,No Answer,Unpaid,0.0
LN28294,AGT140,2026-03-01,9842.42,30,2,Responsive,Paid,9842.42
LN28295,AGT101,2026-03-01,5799.33,0,0,No Answer,Paid,5799.33
LN28296,AGT163,2026-03-01,108330.3,60,3,Responsive,Paid,108330.3
LN28297,AGT169,2026-03-01,8098.83,15,1,No Answer,Unpaid,0.0
LN28298,AGT161,2026-03-01,22645.07,30,2,No Answer,Unpaid,0.0
LN28299,AGT112,2026-03-01,13986.85,15,1,Promise To Pay,Partial,4196.06
LN28300,AGT168,2026-03-01,35353.0,15,1,Promise To Pay,Partial,10605.9
LN28301,AGT104,2026-03-01,7432.71,0,0,Promise To Pay,Paid,7432.71
LN28302,AGT139,2026-03-01,13842.77,30,2,Responsive,Partial,6921.39
LN28303,AGT101,2026-03-01,13917.41,0,0,Responsive,Paid,13917.41
LN28304,AGT148,2026-03-01,17837.24,15,1,No Answer,Unpaid,0.0
LN28305,AGT171,2026-03-01,5858.53,0,0,No Answer,Paid,5858.53
LN28306,AGT149,2026-03-01,4885.18,30,2,Promise To Pay,Partial,1465.55
LN28307,AGT168,2026-03-01,11635.32,0,0,Promise To Pay,Paid,11635.32
LN28308,AGT166,2026-03-01,21105.59,15,1,Promise To Pay,Partial,6331.68
LN28309,AGT152,2026-03-01,7486.42,15,1,No Answer,Unpaid,0.0
LN28310,AGT129,2026-03-01,9502.16,0,0,Promise To Pay,Paid,9502.16
LN28311,AGT163,2026-03-01,20313.74,0,0,Promise To Pay,Paid,20313.74
LN28312,AGT148,2026-03-01,25337.25,0,0,No Answer,Paid,25337.25
LN28313,AGT106,2026-03-01,10220.39,15,1,Responsive,Paid,10220.39
LN28314,AGT167,2026-03-01,23951.54,30,2,Promise To Pay,Partial,7185.46
LN28315,AGT109,2026-03-01,8741.01,15,1,No Answer,Unpaid,0.0
LN28316,AGT105,2026-03-01,1715.02,30,2,Responsive,Partial,857.51
LN28317,AGT130,2026-03-01,34175.2,60,3,No Answer,Unpaid,0.0
LN28318,AGT119,2026-03-01,18539.81,60,3,Responsive,Partial,9269.91
LN28319,AGT166,2026-03-01,11346.0,0,0,No Answer,Paid,11346.0
LN28320,AGT138,2026-03-01,17637.94,60,3,Promise To Pay,Partial,5291.38
LN28321,AGT106,2026-03-01,3879.25,0,0,Responsive,Paid,3879.25
LN28322,AGT102,2026-03-01,8891.7,60,3,No Answer,Unpaid,0.0
LN28323,AGT155,2026-03-01,44325.18,15,1,Responsive,Partial,22162.59
LN28324,AGT124,2026-03-01,4996.47,0,0,No Answer,Paid,4996.47
LN28325,AGT133,2026-03-01,8965.21,30,2,No Answer,Unpaid,0.0
LN28326,AGT159,2026-03-01,7065.53,60,3,Promise To Pay,Partial,2119.66
LN28327,AGT164,2026-03-01,41221.05,90,4,No Answer,Unpaid,0.0
LN28328,AGT164,2026-03-01,18074.12,30,2,Responsive,Paid,18074.12
LN28329,AGT126,2026-03-01,31040.49,90,4,Responsive,Partial,15520.25
LN28330,AGT152,2026-03-01,9668.86,0,0,No Answer,Paid,9668.86
LN28331,AGT113,2026-03-01,11080.56,30,2,Responsive,Partial,5540.28
LN28332,AGT147,2026-03-01,32867.94,90,4,Responsive,Partial,16433.97
LN28333,AGT114,2026-03-01,9822.28,15,1,Responsive,Paid,9822.28
LN28334,AGT139,2026-03-01,52616.83,90,4,No Answer,Unpaid,0.0
LN28335,AGT142,2026-03-01,56473.0,30,2,Promise To Pay,Partial,16941.9
LN28336,AGT166,2026-03-01,6196.54,30,2,No Answer,Unpaid,0.0
LN28337,AGT106,2026-03-01,19392.65,15,1,Responsive,Partial,9696.33
LN28338,AGT130,2026-03-01,20696.37,60,3,Promise To Pay,Partial,6208.91
LN28339,AGT171,2026-03-01,31977.1,60,3,Responsive,Paid,31977.1
LN28340,AGT153,2026-03-01,99357.29,30,2,Promise To Pay,Partial,29807.19
LN28341,AGT150,2026-03-01,3652.55,15,1,No Answer,Unpaid,0.0
LN28342,AGT101,2026-03-01,10701.75,15,1,No Answer,Unpaid,0.0
LN28343,AGT110,2026-03-01,22786.17,60,3,No Answer,Unpaid,0.0
LN28344,AGT121,2026-03-01,23715.56,60,3,Promise To Pay,Partial,7114.67
LN28345,AGT143,2026-03-01,10593.15,15,1,Promise To Pay,Partial,3177.94
LN28346,AGT161,2026-03-01,16263.17,30,2,Promise To Pay,Partial,4878.95
LN28347,AGT174,2026-03-01,49786.84,90,4,Responsive,Paid,49786.84
LN28348,AGT168,2026-03-01,8302.66,15,1,Promise To Pay,Partial,2490.8
LN28349,AGT171,2026-03-01,4172.42,15,1,Responsive,Paid,4172.42
LN28350,AGT124,2026-03-01,5397.16,15,1,Responsive,Paid,5397.16
LN28351,AGT139,2026-03-01,97271.02,30,2,Promise To Pay,Partial,29181.31
LN28352,AGT159,2026-03-01,10320.85,15,1,No Answer,Unpaid,0.0
LN28353,AGT124,2026-03-01,22162.06,0,0,No Answer,Paid,22162.06
LN28354,AGT150,2026-03-01,13660.87,0,0,Promise To Pay,Paid,13660.87
LN28355,AGT170,2026-03-01,7580.71,0,0,Responsive,Paid,7580.71
LN28356,AGT174,2026-03-01,11361.06,0,0,No Answer,Paid,11361.06
LN28357,AGT120,2026-03-01,7993.85,0,0,Responsive,Paid,7993.85
LN28358,AGT165,2026-03-01,49623.4,60,3,Responsive,Partial,24811.7
LN28359,AGT153,2026-03-01,29493.68,60,3,Promise To Pay,Partial,8848.1
LN28360,AGT172,2026-03-01,17412.35,0,0,Responsive,Paid,17412.35
LN28361,AGT173,2026-03-01,35994.88,0,0,Promise To Pay,Paid,35994.88
LN28362,AGT157,2026-03-01,6859.94,0,0,Promise To Pay,Paid,6859.94
LN28363,AGT113,2026-03-01,45089.92,90,4,No Answer,Unpaid,0.0
LN28364,AGT131,2026-03-01,5400.53,15,1,Responsive,Paid,5400.53
LN28365,AGT121,2026-03-01,2511.98,15,1,No Answer,Unpaid,0.0
LN28366,AGT159,2026-03-01,20405.21,30,2,No Answer,Unpaid,0.0
LN28367,AGT154,2026-03-01,2490.62,0,0,Promise To Pay,Paid,2490.62
LN28368,AGT110,2026-03-01,50397.2,60,3,Promise To Pay,Partial,15119.16
LN28369,AGT123,2026-03-01,18903.93,0,0,Promise To Pay,Paid,18903.93
LN28370,AGT127,2026-03-01,29033.23,15,1,Responsive,Paid,29033.23
LN28371,AGT169,2026-03-01,18509.87,0,0,Promise To Pay,Paid,18509.87
LN28372,AGT135,2026-03-01,2588.29,60,3,Responsive,Partial,1294.14
LN28373,AGT135,2026-03-01,3946.22,0,0,No Answer,Paid,3946.22
LN28374,AGT154,2026-03-01,8508.33,0,0,Promise To Pay,Paid,8508.33
LN28375,AGT130,2026-03-01,22048.32,30,2,No Answer,Unpaid,0.0
LN28376,AGT143,2026-03-01,12667.83,30,2,Responsive,Paid,12667.83
LN28377,AGT126,2026-03-01,24947.22,15,1,No Answer,Unpaid,0.0
LN28378,AGT163,2026-03-01,3284.98,0,0,No Answer,Paid,3284.98
LN28379,AGT105,2026-03-01,28676.4,30,2,Responsive,Paid,28676.4
LN28380,AGT160,2026-03-01,8972.12,0,0,Promise To Pay,Paid,8972.12
LN28381,AGT173,2026-03-01,24656.64,90,4,No Answer,Unpaid,0.0
LN28382,AGT137,2026-03-01,5538.57,0,0,No Answer,Paid,5538.57
LN28383,AGT135,2026-03-01,5269.86,0,0,No Answer,Paid,5269.86
LN28384,AGT160,2026-03-01,8410.6,60,3,No Answer,Unpaid,0.0
LN28385,AGT170,2026-03-01,1126.98,0,0,No Answer,Paid,1126.98
LN28386,AGT116,2026-03-01,4190.16,0,0,No Answer,Paid,4190.16
LN28387,AGT112,2026-03-01,19678.97,0,0,Promise To Pay,Paid,19678.97
LN28388,AGT109,2026-03-01,10837.38,90,4,No Answer,Unpaid,0.0
LN28389,AGT158,2026-03-01,1427.75,0,0,Promise To Pay,Paid,1427.75
LN28390,AGT166,2026-03-01,4774.68,0,0,Responsive,Paid,4774.68
LN28391,AGT118,2026-03-01,15331.44,30,2,Promise To Pay,Partial,4599.43
LN28392,AGT167,2026-03-01,4517.31,60,3,Responsive,Paid,4517.31
LN28393,AGT113,2026-03-01,7644.03,15,1,Promise To Pay,Partial,2293.21
LN28394,AGT123,2026-03-01,9060.27,15,1,Responsive,Paid,9060.27
LN28395,AGT169,2026-03-01,15590.67,0,0,Promise To Pay,Paid,15590.67
LN28396,AGT151,2026-03-01,10658.17,0,0,No Answer,Paid,10658.17
LN28397,AGT147,2026-03-01,1082.24,0,0,No Answer,Paid,1082.24
LN28398,AGT137,2026-03-01,36899.43,60,3,Responsive,Paid,36899.43
LN28399,AGT104,2026-03-01,7816.21,0,0,Responsive,Paid,7816.21
LN28400,AGT137,2026-03-01,8452.09,0,0,No Answer,Paid,8452.09
LN28401,AGT118,2026-03-01,9263.6,0,0,Responsive,Paid,9263.6
LN28402,AGT117,2026-03-01,26833.76,60,3,Responsive,Paid,26833.76
LN28403,AGT171,2026-03-01,10694.53,0,0,Promise To Pay,Paid,10694.53
LN28404,AGT118,2026-03-01,10247.99,30,2,Promise To Pay,Partial,3074.4
LN28405,AGT131,2026-03-01,7256.91,0,0,Responsive,Paid,7256.91
LN28406,AGT157,2026-03-01,16001.32,0,0,No Answer,Paid,16001.32
LN28407,AGT125,2026-03-01,6112.79,0,0,No Answer,Paid,6112.79
LN28408,AGT102,2026-03-01,15228.92,0,0,Promise To Pay,Paid,15228.92
LN28409,AGT136,2026-03-01,48971.19,30,2,No Answer,Unpaid,0.0
LN28410,AGT167,2026-03-01,20253.37,0,0,No Answer,Paid,20253.37
LN28411,AGT111,2026-03-01,2023.17,0,0,No Answer,Paid,2023.17
LN28412,AGT125,2026-03-01,18689.66,30,2,No Answer,Unpaid,0.0
LN28413,AGT114,2026-03-01,10703.46,30,2,No Answer,Unpaid,0.0
LN28414,AGT144,2026-03-01,5367.17,0,0,Responsive,Paid,5367.17
LN28415,AGT131,2026-03-01,5934.92,60,3,No Answer,Unpaid,0.0
LN28416,AGT137,2026-03-01,35324.6,0,0,Responsive,Paid,35324.6
LN28417,AGT115,2026-03-01,8216.13,0,0,Responsive,Paid,8216.13
LN28418,AGT131,2026-03-01,29062.65,15,1,Responsive,Paid,29062.65
LN28419,AGT168,2026-03-01,51947.64,60,3,Promise To Pay,Partial,15584.29
LN28420,AGT125,2026-03-01,10172.48,15,1,No Answer,Unpaid,0.0
LN28421,AGT105,2026-03-01,6253.38,0,0,Promise To Pay,Paid,6253.38
LN28422,AGT121,2026-03-01,7654.74,0,0,Responsive,Paid,7654.74
LN28423,AGT110,2026-03-01,10507.35,15,1,No Answer,Unpaid,0.0
LN28424,AGT162,2026-03-01,15095.74,30,2,Promise To Pay,Partial,4528.72
LN28425,AGT137,2026-03-01,5533.88,15,1,No Answer,Unpaid,0.0
LN28426,AGT172,2026-03-01,6133.86,30,2,No Answer,Unpaid,0.0
LN28427,AGT145,2026-03-01,8262.2,0,0,Promise To Pay,Paid,8262.2
LN28428,AGT158,2026-03-01,16511.9,15,1,Responsive,Partial,8255.95
LN28429,AGT146,2026-03-01,20822.56,15,1,No Answer,Unpaid,0.0
LN28430,AGT171,2026-03-01,7545.29,0,0,No Answer,Paid,7545.29
LN28431,AGT138,2026-03-01,9779.75,15,1,No Answer,Unpaid,0.0
LN28432,AGT118,2026-03-01,4952.35,60,3,Responsive,Partial,2476.18
LN28433,AGT113,2026-03-01,5426.42,0,0,Promise To Pay,Paid,5426.42
LN28434,AGT156,2026-03-01,9605.34,15,1,Responsive,Partial,4802.67
LN28435,AGT133,2026-03-01,6337.25,15,1,No Answer,Unpaid,0.0
LN28436,AGT128,2026-03-01,26109.83,0,0,No Answer,Paid,26109.83
LN28437,AGT150,2026-03-01,7983.37,0,0,Promise To Pay,Paid,7983.37
LN28438,AGT153,2026-03-01,14166.67,15,1,Promise To Pay,Partial,4250.0
LN28439,AGT148,2026-03-01,124788.9,90,4,Responsive,Partial,62394.45
LN28440,AGT103,2026-03-01,26472.65,60,3,No Answer,Unpaid,0.0
LN28441,AGT145,2026-03-01,24093.3,30,2,Promise To Pay,Partial,7227.99
LN28442,AGT172,2026-03-01,33546.67,0,0,Responsive,Paid,33546.67
LN28443,AGT122,2026-03-01,7586.73,30,2,Promise To Pay,Partial,2276.02
LN28444,AGT152,2026-03-01,30066.74,30,2,No Answer,Unpaid,0.0
LN28445,AGT155,2026-03-01,18005.62,0,0,Promise To Pay,Paid,18005.62
LN28446,AGT115,2026-03-01,3033.33,60,3,No Answer,Unpaid,0.0
LN28447,AGT135,2026-03-01,9617.06,0,0,Promise To Pay,Paid,9617.06
LN28448,AGT142,2026-03-01,31973.51,30,2,No Answer,Unpaid,0.0
LN28449,AGT142,2026-03-01,17333.24,0,0,Responsive,Paid,17333.24
LN28450,AGT163,2026-03-01,45792.35,30,2,Responsive,Paid,45792.35
LN28451,AGT151,2026-03-01,60332.77,60,3,Responsive,Partial,30166.38
LN28452,AGT116,2026-03-01,10677.65,30,2,No Answer,Unpaid,0.0
LN28453,AGT158,2026-03-01,3099.05,30,2,Promise To Pay,Partial,929.72
LN28454,AGT172,2026-03-01,893.97,0,0,Responsive,Paid,893.97
LN28455,AGT103,2026-03-01,25879.16,90,4,Responsive,Partial,12939.58
LN28456,AGT157,2026-03-01,30964.98,60,3,Promise To Pay,Partial,9289.49
LN28457,AGT108,2026-03-01,6422.05,60,3,No Answer,Unpaid,0.0
LN28458,AGT120,2026-03-01,79241.41,60,3,Promise To Pay,Partial,23772.42
LN28459,AGT120,2026-03-01,2701.17,0,0,Responsive,Paid,2701.17
LN28460,AGT125,2026-03-01,12066.01,0,0,No Answer,Paid,12066.01
LN28461,AGT170,2026-03-01,29178.69,30,2,Promise To Pay,Partial,8753.61
LN28462,AGT150,2026-03-01,52216.28,30,2,Responsive,Partial,26108.14
LN28463,AGT110,2026-03-01,40811.1,0,0,No Answer,Paid,40811.1
LN28464,AGT154,2026-03-01,18389.89,0,0,No Answer,Paid,18389.89
LN28465,AGT164,2026-03-01,1937.06,15,1,No Answer,Unpaid,0.0
LN28466,AGT123,2026-03-01,93290.91,60,3,Promise To Pay,Partial,27987.27
LN28467,AGT111,2026-03-01,10610.85,30,2,Promise To Pay,Partial,3183.26
LN28468,AGT111,2026-03-01,28573.68,30,2,Promise To Pay,Partial,8572.1
LN28469,AGT145,2026-03-01,5617.23,0,0,Responsive,Paid,5617.23
LN28470,AGT137,2026-03-01,39810.19,0,0,Promise To Pay,Paid,39810.19
LN28471,AGT174,2026-03-01,30923.64,60,3,Promise To Pay,Partial,9277.09
LN28472,AGT123,2026-03-01,7744.23,0,0,No Answer,Paid,7744.23
LN28473,AGT172,2026-03-01,2993.3,15,1,Responsive,Paid,2993.3
LN28474,AGT113,2026-03-01,128799.85,60,3,Promise To Pay,Partial,38639.96
LN28475,AGT126,2026-03-01,48406.93,90,4,Responsive,Paid,48406.93
LN28476,AGT130,2026-03-01,12197.21,30,2,Promise To Pay,Partial,3659.16
LN28477,AGT115,2026-03-01,12402.12,30,2,Promise To Pay,Partial,3720.64
LN28478,AGT117,2026-03-01,24778.56,60,3,No Answer,Unpaid,0.0
LN28479,AGT107,2026-03-01,79187.28,30,2,Responsive,Paid,79187.28
LN28480,AGT169,2026-03-01,19057.0,30,2,Promise To Pay,Partial,5717.1
LN28481,AGT118,2026-03-01,9793.6,0,0,Responsive,Paid,9793.6
LN28482,AGT152,2026-03-01,30791.43,90,4,No Answer,Unpaid,0.0
LN28483,AGT148,2026-03-01,5788.71,30,2,No Answer,Unpaid,0.0
LN28484,AGT117,2026-03-01,11895.38,0,0,Promise To Pay,Paid,11895.38
LN28485,AGT109,2026-03-01,10686.93,15,1,No Answer,Unpaid,0.0
LN28486,AGT116,2026-03-01,8897.78,0,0,Responsive,Paid,8897.78
LN28487,AGT114,2026-03-01,9835.06,0,0,Responsive,Paid,9835.06
LN28488,AGT164,2026-03-01,8769.85,0,0,No Answer,Paid,8769.85
LN28489,AGT166,2026-03-01,16174.12,0,0,No Answer,Paid,16174.12
LN28490,AGT171,2026-03-01,15238.89,0,0,Promise To Pay,Paid,15238.89
LN28491,AGT138,2026-03-01,13345.77,0,0,Responsive,Paid,13345.77
LN28492,AGT126,2026-03-01,10660.39,0,0,Responsive,Paid,10660.39
LN28493,AGT134,2026-03-01,34397.43,30,2,Promise To Pay,Partial,10319.23
LN28494,AGT119,2026-03-01,12943.54,30,2,Promise To Pay,Partial,3883.06
LN28495,AGT156,2026-03-01,11013.5,0,0,Promise To Pay,Paid,11013.5
LN28496,AGT133,2026-03-01,33016.77,30,2,Responsive,Paid,33016.77
LN28497,AGT105,2026-03-01,6881.69,0,0,No Answer,Paid,6881.69
LN28498,AGT171,2026-03-01,27884.9,60,3,No Answer,Unpaid,0.0
LN28499,AGT151,2026-03-01,21673.83,90,4,Responsive,Paid,21673.83
LN28500,AGT142,2026-03-01,16297.44,90,4,Promise To Pay,Partial,4889.23
LN28501,AGT116,2026-03-01,1890.95,15,1,Promise To Pay,Partial,567.28
LN28502,AGT160,2026-03-01,20825.67,30,2,Responsive,Partial,10412.83
LN28503,AGT141,2026-03-01,20358.87,90,4,Promise To Pay,Partial,6107.66
LN28504,AGT139,2026-03-01,13296.88,15,1,Responsive,Partial,6648.44
LN28505,AGT136,2026-03-01,1790.78,0,0,Responsive,Paid,1790.78
LN28506,AGT113,2026-03-01,5308.64,0,0,Promise To Pay,Paid,5308.64
LN28507,AGT167,2026-03-01,4680.72,0,0,No Answer,Paid,4680.72
LN28508,AGT110,2026-03-01,10140.15,0,0,Responsive,Paid,10140.15
LN28509,AGT117,2026-03-01,4085.96,0,0,Responsive,Paid,4085.96
LN28510,AGT109,2026-03-01,3430.51,30,2,Promise To Pay,Partial,1029.15
LN28511,AGT156,2026-03-01,20446.35,30,2,Responsive,Partial,10223.17
LN28512,AGT130,2026-03-01,12183.17,15,1,No Answer,Unpaid,0.0
LN28513,AGT129,2026-03-01,4929.88,30,2,Responsive,Partial,2464.94
LN28514,AGT112,2026-03-01,4947.75,0,0,Responsive,Paid,4947.75
LN28515,AGT111,2026-03-01,14547.59,15,1,Responsive,Paid,14547.59
LN28516,AGT153,2026-03-01,21795.5,30,2,Promise To Pay,Partial,6538.65
LN28517,AGT134,2026-03-01,24074.82,30,2,No Answer,Unpaid,0.0
LN28518,AGT125,2026-03-01,12561.86,0,0,No Answer,Paid,12561.86
LN28519,AGT104,2026-03-01,8902.77,0,0,Promise To Pay,Paid,8902.77
LN28520,AGT156,2026-03-01,83016.27,30,2,Promise To Pay,Partial,24904.88
LN28521,AGT127,2026-03-01,43305.7,30,2,Responsive,Paid,43305.7
LN28522,AGT148,2026-03-01,15657.13,0,0,Responsive,Paid,15657.13
LN28523,AGT162,2026-03-01,12748.07,30,2,Responsive,Paid,12748.07
LN28524,AGT104,2026-03-01,5195.97,0,0,Responsive,Paid,5195.97
LN28525,AGT114,2026-03-01,143207.66,60,3,No Answer,Unpaid,0.0
LN28526,AGT101,2026-03-01,9213.59,15,1,Responsive,Paid,9213.59
LN28527,AGT101,2026-03-01,41551.79,0,0,Promise To Pay,Paid,41551.79
LN28528,AGT126,2026-03-01,5836.35,0,0,Responsive,Paid,5836.35
LN28529,AGT163,2026-03-01,26564.17,30,2,Responsive,Paid,26564.17
LN28530,AGT155,2026-03-01,41708.32,60,3,Responsive,Partial,20854.16
LN28531,AGT113,2026-03-01,13522.86,15,1,No Answer,Unpaid,0.0
LN28532,AGT113,2026-03-01,6576.95,0,0,No Answer,Paid,6576.95
LN28533,AGT127,2026-03-01,3931.96,0,0,No Answer,Paid,3931.96
LN28534,AGT145,2026-03-01,3904.6,0,0,No Answer,Paid,3904.6
LN28535,AGT142,2026-03-01,5231.14,0,0,Promise To Pay,Paid,5231.14
LN28536,AGT124,2026-03-01,19643.21,30,2,Responsive,Paid,19643.21
LN28537,AGT167,2026-03-01,8052.98,0,0,Responsive,Paid,8052.98
LN28538,AGT134,2026-03-01,5324.59,15,1,Responsive,Partial,2662.3
LN28539,AGT169,2026-03-01,21864.72,0,0,Responsive,Paid,21864.72
LN28540,AGT116,2026-03-01,14984.54,60,3,Responsive,Partial,7492.27
LN28541,AGT123,2026-03-01,54243.91,90,4,Responsive,Paid,54243.91
LN28542,AGT138,2026-03-01,5216.34,0,0,No Answer,Paid,5216.34
LN28543,AGT172,2026-03-01,5303.6,90,4,Responsive,Partial,2651.8
LN28544,AGT158,2026-03-01,40006.0,60,3,Responsive,Paid,40006.0
LN28545,AGT162,2026-03-01,5132.53,0,0,Responsive,Paid,5132.53
LN28546,AGT118,2026-03-01,9683.72,15,1,No Answer,Unpaid,0.0
LN28547,AGT104,2026-03-01,17828.31,0,0,Responsive,Paid,17828.31
LN28548,AGT166,2026-03-01,2872.51,30,2,Promise To Pay,Partial,861.75
LN28549,AGT115,2026-03-01,72492.27,30,2,No Answer,Unpaid,0.0
LN28550,AGT113,2026-03-01,5298.67,0,0,Promise To Pay,Paid,5298.67
LN28551,AGT102,2026-03-01,13060.28,30,2,No Answer,Unpaid,0.0
LN28552,AGT167,2026-03-01,11961.59,0,0,Responsive,Paid,11961.59
LN28553,AGT111,2026-03-01,8633.15,0,0,No Answer,Paid,8633.15
LN28554,AGT131,2026-03-01,54906.07,90,4,Responsive,Paid,54906.07
LN28555,AGT158,2026-03-01,36106.06,90,4,No Answer,Unpaid,0.0
LN28556,AGT173,2026-03-01,19041.81,60,3,Promise To Pay,Partial,5712.54
LN28557,AGT150,2026-03-01,8678.22,0,0,No Answer,Paid,8678.22
LN28558,AGT113,2026-03-01,8308.5,15,1,Responsive,Partial,4154.25
LN28559,AGT122,2026-03-01,38613.92,30,2,Promise To Pay,Partial,11584.18
LN28560,AGT111,2026-03-01,50264.26,60,3,Promise To Pay,Partial,15079.28
LN28561,AGT134,2026-03-01,4583.17,30,2,Responsive,Paid,4583.17
LN28562,AGT105,2026-03-01,6276.14,0,0,No Answer,Paid,6276.14
LN28563,AGT101,2026-03-01,3062.35,0,0,Responsive,Paid,3062.35
LN28564,AGT112,2026-03-01,11352.73,0,0,Responsive,Paid,11352.73
LN28565,AGT158,2026-03-01,27777.0,30,2,Promise To Pay,Partial,8333.1
LN28566,AGT119,2026-03-01,8763.06,15,1,Responsive,Partial,4381.53
LN28567,AGT148,2026-03-01,7141.8,0,0,No Answer,Paid,7141.8
LN28568,AGT151,2026-03-01,1640.5,0,0,No Answer,Paid,1640.5
LN28569,AGT104,2026-03-01,21883.01,60,3,No Answer,Unpaid,0.0
LN28570,AGT138,2026-03-01,26640.55,90,4,No Answer,Unpaid,0.0
LN28571,AGT112,2026-03-01,42821.02,90,4,Responsive,Paid,42821.02
LN28572,AGT103,2026-03-01,19266.09,30,2,Responsive,Partial,9633.05
LN28573,AGT100,2026-03-01,4274.36,15,1,No Answer,Unpaid,0.0
LN28574,AGT121,2026-03-01,37298.16,60,3,Responsive,Paid,37298.16
LN28575,AGT153,2026-03-01,15510.24,30,2,No Answer,Unpaid,0.0
LN28576,AGT174,2026-03-01,34509.13,15,1,Promise To Pay,Partial,10352.74
LN28577,AGT136,2026-03-01,11132.58,15,1,No Answer,Unpaid,0.0
LN28578,AGT111,2026-03-01,9558.08,90,4,No Answer,Unpaid,0.0
LN28579,AGT126,2026-03-01,5251.4,15,1,Promise To Pay,Partial,1575.42
LN28580,AGT148,2026-03-01,9035.13,15,1,No Answer,Unpaid,0.0
LN28581,AGT113,2026-03-01,41649.43,60,3,Promise To Pay,Partial,12494.83
LN28582,AGT134,2026-03-01,9105.88,30,2,Promise To Pay,Partial,2731.76
LN28583,AGT115,2026-03-01,8847.63,0,0,Promise To Pay,Paid,8847.63
LN28584,AGT169,2026-03-01,4698.56,90,4,Promise To Pay,Partial,1409.57
LN28585,AGT114,2026-03-01,4129.75,0,0,Promise To Pay,Paid,4129.75
LN28586,AGT157,2026-03-01,12674.05,0,0,No Answer,Paid,12674.05
LN28587,AGT100,2026-03-01,9915.13,0,0,No Answer,Paid,9915.13
LN28588,AGT127,2026-03-01,2667.11,0,0,No Answer,Paid,2667.11
LN28589,AGT174,2026-03-01,8157.38,30,2,Promise To Pay,Partial,2447.21
LN28590,AGT161,2026-03-01,46254.91,90,4,No Answer,Unpaid,0.0
LN28591,AGT165,2026-03-01,3062.6,15,1,No Answer,Unpaid,0.0
LN28592,AGT126,2026-03-01,9289.78,15,1,Responsive,Paid,9289.78
LN28593,AGT131,2026-03-01,35687.0,0,0,Responsive,Paid,35687.0
LN28594,AGT174,2026-03-01,12531.48,0,0,Promise To Pay,Paid,12531.48
LN28595,AGT171,2026-03-01,4336.34,15,1,No Answer,Unpaid,0.0
LN28596,AGT157,2026-03-01,12720.81,15,1,No Answer,Unpaid,0.0
LN28597,AGT139,2026-03-01,7400.17,0,0,Responsive,Paid,7400.17
LN28598,AGT158,2026-03-01,34883.3,15,1,Responsive,Paid,34883.3
LN28599,AGT142,2026-03-01,51949.98,60,3,Responsive,Partial,25974.99
LN28600,AGT136,2026-03-01,3990.23,15,1,No Answer,Unpaid,0.0
LN28601,AGT165,2026-03-01,10015.89,15,1,No Answer,Unpaid,0.0
LN28602,AGT102,2026-03-01,4943.63,0,0,Promise To Pay,Paid,4943.63
LN28603,AGT149,2026-03-01,2492.6,0,0,Promise To Pay,Paid,2492.6
LN28604,AGT131,2026-03-01,29089.94,0,0,Responsive,Paid,29089.94
LN28605,AGT113,2026-03-01,45005.87,90,4,Responsive,Partial,22502.94
LN28606,AGT135,2026-03-01,4752.05,0,0,No Answer,Paid,4752.05
LN28607,AGT129,2026-03-01,8313.91,30,2,Responsive,Paid,8313.91
LN28608,AGT159,2026-03-01,12995.59,0,0,Responsive,Paid,12995.59
LN28609,AGT147,2026-03-01,50839.59,90,4,Promise To Pay,Partial,15251.88
LN28610,AGT130,2026-03-01,8219.47,0,0,No Answer,Paid,8219.47
LN28611,AGT128,2026-03-01,8516.01,0,0,No Answer,Paid,8516.01
LN28612,AGT109,2026-03-01,4751.84,15,1,Responsive,Paid,4751.84
LN28613,AGT174,2026-03-01,8313.03,0,0,Responsive,Paid,8313.03
LN28614,AGT112,2026-03-01,148581.22,60,3,Promise To Pay,Partial,44574.37
LN28615,AGT143,2026-03-01,5936.24,30,2,No Answer,Unpaid,0.0
LN28616,AGT168,2026-03-01,9461.63,0,0,Promise To Pay,Paid,9461.63
LN28617,AGT151,2026-03-01,25317.24,0,0,Promise To Pay,Paid,25317.24
LN28618,AGT131,2026-03-01,3188.32,0,0,Promise To Pay,Paid,3188.32
LN28619,AGT102,2026-03-01,25579.77,0,0,Promise To Pay,Paid,25579.77
LN28620,AGT149,2026-03-01,30641.31,30,2,No Answer,Unpaid,0.0
LN28621,AGT126,2026-03-01,72836.98,90,4,No Answer,Unpaid,0.0
LN28622,AGT101,2026-03-01,36561.37,15,1,No Answer,Unpaid,0.0
LN28623,AGT120,2026-03-01,12049.57,0,0,Promise To Pay,Paid,12049.57
LN28624,AGT158,2026-03-01,7519.08,15,1,Promise To Pay,Partial,2255.72
LN28625,AGT109,2026-03-01,7556.32,15,1,Promise To Pay,Partial,2266.9
LN28626,AGT104,2026-03-01,6880.44,0,0,Responsive,Paid,6880.44
LN28627,AGT170,2026-03-01,15959.84,30,2,No Answer,Unpaid,0.0
LN28628,AGT143,2026-03-01,67092.63,30,2,Responsive,Paid,67092.63
LN28629,AGT137,2026-03-01,24294.56,60,3,No Answer,Unpaid,0.0
LN28630,AGT154,2026-03-01,59956.07,0,0,No Answer,Paid,59956.07
LN28631,AGT162,2026-03-01,33737.02,30,2,Promise To Pay,Partial,10121.11
LN28632,AGT169,2026-03-01,3749.19,0,0,Promise To Pay,Paid,3749.19
LN28633,AGT122,2026-03-01,40814.31,30,2,No Answer,Unpaid,0.0
LN28634,AGT140,2026-03-01,2893.8,15,1,No Answer,Unpaid,0.0
LN28635,AGT155,2026-03-01,1545.78,15,1,Responsive,Paid,1545.78
LN28636,AGT118,2026-03-01,5436.75,0,0,Promise To Pay,Paid,5436.75
LN28637,AGT138,2026-03-01,14291.26,15,1,No Answer,Unpaid,0.0
LN28638,AGT135,2026-03-01,11038.26,15,1,Promise To Pay,Partial,3311.48
LN28639,AGT123,2026-03-01,13677.43,0,0,No Answer,Paid,13677.43
LN28640,AGT152,2026-03-01,6442.49,0,0,Promise To Pay,Paid,6442.49
LN28641,AGT114,2026-03-01,23003.84,30,2,Promise To Pay,Partial,6901.15
LN28642,AGT110,2026-03-01,9270.11,0,0,Promise To Pay,Paid,9270.11
LN28643,AGT171,2026-03-01,78444.0,60,3,No Answer,Unpaid,0.0
LN28644,AGT134,2026-03-01,15957.16,90,4,No Answer,Unpaid,0.0
LN28645,AGT113,2026-03-01,7195.8,0,0,Promise To Pay,Paid,7195.8
LN28646,AGT124,2026-03-01,7658.39,30,2,Promise To Pay,Partial,2297.52
LN28647,AGT172,2026-03-01,15802.65,60,3,Promise To Pay,Partial,4740.8
LN28648,AGT116,2026-03-01,11320.1,15,1,No Answer,Unpaid,0.0
LN28649,AGT173,2026-03-01,3611.95,30,2,No Answer,Unpaid,0.0
LN28650,AGT130,2026-03-01,14650.49,90,4,No Answer,Unpaid,0.0
LN28651,AGT159,2026-03-01,24731.84,30,2,Promise To Pay,Partial,7419.55
LN28652,AGT163,2026-03-01,8352.52,0,0,Responsive,Paid,8352.52
LN28653,AGT142,2026-03-01,10399.83,30,2,Responsive,Partial,5199.91
LN28654,AGT171,2026-03-01,10741.52,0,0,Responsive,Paid,10741.52
LN28655,AGT106,2026-03-01,18548.08,15,1,Responsive,Partial,9274.04
LN28656,AGT164,2026-03-01,9514.93,60,3,Responsive,Paid,9514.93
LN28657,AGT141,2026-03-01,5538.59,15,1,No Answer,Unpaid,0.0
LN28658,AGT147,2026-03-01,3669.14,15,1,Responsive,Partial,1834.57
LN28659,AGT110,2026-03-01,11391.06,0,0,No Answer,Paid,11391.06
LN28660,AGT164,2026-03-01,12675.19,90,4,Promise To Pay,Partial,3802.56
LN28661,AGT134,2026-03-01,4401.96,0,0,Promise To Pay,Paid,4401.96
LN28662,AGT125,2026-03-01,3116.02,0,0,Responsive,Paid,3116.02
LN28663,AGT170,2026-03-01,24344.13,0,0,Promise To Pay,Paid,24344.13
LN28664,AGT161,2026-03-01,17550.16,60,3,No Answer,Unpaid,0.0
LN28665,AGT129,2026-03-01,13837.14,60,3,Promise To Pay,Partial,4151.14
LN28666,AGT107,2026-03-01,5769.1,30,2,Promise To Pay,Partial,1730.73
LN28667,AGT142,2026-03-01,27217.53,30,2,No Answer,Unpaid,0.0
LN28668,AGT154,2026-03-01,19038.71,15,1,Responsive,Partial,9519.35
LN28669,AGT131,2026-03-01,88859.9,30,2,Promise To Pay,Partial,26657.97
LN28670,AGT118,2026-03-01,13576.41,0,0,No Answer,Paid,13576.41
LN28671,AGT114,2026-03-01,4906.49,0,0,Promise To Pay,Paid,4906.49
LN28672,AGT174,2026-03-01,13713.83,30,2,Promise To Pay,Partial,4114.15
LN28673,AGT107,2026-03-01,2272.48,15,1,Promise To Pay,Partial,681.74
LN28674,AGT138,2026-03-01,58796.14,60,3,Promise To Pay,Partial,17638.84
LN28675,AGT100,2026-03-01,10837.91,0,0,Responsive,Paid,10837.91
LN28676,AGT111,2026-03-01,15578.06,0,0,Responsive,Paid,15578.06
LN28677,AGT121,2026-03-01,20947.25,30,2,Promise To Pay,Partial,6284.18
LN28678,AGT106,2026-03-01,2030.06,0,0,Responsive,Paid,2030.06
LN28679,AGT169,2026-03-01,3298.19,15,1,Responsive,Partial,1649.1
LN28680,AGT168,2026-03-01,1943.73,0,0,No Answer,Paid,1943.73
LN28681,AGT166,2026-03-01,17050.51,30,2,Promise To Pay,Partial,5115.15
LN28682,AGT116,2026-03-01,14584.41,30,2,Responsive,Paid,14584.41
LN28683,AGT114,2026-03-01,7583.16,0,0,No Answer,Paid,7583.16
LN28684,AGT173,2026-03-01,19147.1,15,1,Promise To Pay,Partial,5744.13
LN28685,AGT149,2026-03-01,30438.84,30,2,Promise To Pay,Partial,9131.65
LN28686,AGT152,2026-03-01,30216.28,0,0,Promise To Pay,Paid,30216.28
LN28687,AGT158,2026-03-01,6083.83,0,0,Promise To Pay,Paid,6083.83
LN28688,AGT148,2026-03-01,12882.8,30,2,Responsive,Paid,12882.8
LN28689,AGT173,2026-03-01,21553.89,30,2,Promise To Pay,Partial,6466.17
LN28690,AGT172,2026-03-01,21777.65,0,0,No Answer,Paid,21777.65
LN28691,AGT166,2026-03-01,10483.73,0,0,Promise To Pay,Paid,10483.73
LN28692,AGT154,2026-03-01,14025.9,0,0,No Answer,Paid,14025.9
LN28693,AGT112,2026-03-01,14583.44,30,2,Responsive,Paid,14583.44
LN28694,AGT155,2026-03-01,4286.44,0,0,No Answer,Paid,4286.44
LN28695,AGT141,2026-03-01,100520.66,90,4,No Answer,Unpaid,0.0
LN28696,AGT105,2026-03-01,6354.4,30,2,Responsive,Paid,6354.4
LN28697,AGT121,2026-03-01,120320.78,60,3,Responsive,Partial,60160.39
LN28698,AGT169,2026-03-01,40079.2,30,2,Responsive,Paid,40079.2
LN28699,AGT118,2026-03-01,41390.99,0,0,Promise To Pay,Paid,41390.99
LN28700,AGT135,2026-03-01,8079.17,0,0,Promise To Pay,Paid,8079.17
LN28701,AGT147,2026-03-01,5398.35,0,0,Responsive,Paid,5398.35
LN28702,AGT163,2026-03-01,8602.65,0,0,Responsive,Paid,8602.65
LN28703,AGT120,2026-03-01,19994.78,90,4,Responsive,Partial,9997.39
LN28704,AGT171,2026-03-01,80659.3,90,4,Responsive,Partial,40329.65
LN28705,AGT151,2026-03-01,9299.3,0,0,Responsive,Paid,9299.3
LN28706,AGT125,2026-03-01,5047.7,0,0,No Answer,Paid,5047.7
LN28707,AGT122,2026-03-01,22736.67,30,2,Promise To Pay,Partial,6821.0
LN28708,AGT118,2026-03-01,27012.17,60,3,Responsive,Paid,27012.17
LN28709,AGT145,2026-03-01,32095.23,30,2,No Answer,Unpaid,0.0
LN28710,AGT121,2026-03-01,31311.09,90,4,Responsive,Partial,15655.55
LN28711,AGT111,2026-03-01,29534.81,0,0,Responsive,Paid,29534.81
LN28712,AGT122,2026-03-01,14238.05,60,3,No Answer,Unpaid,0.0
LN28713,AGT104,2026-03-01,23763.13,0,0,Responsive,Paid,23763.13
LN28714,AGT166,2026-03-01,3957.17,30,2,Promise To Pay,Partial,1187.15
LN28715,AGT106,2026-03-01,18573.97,30,2,Promise To Pay,Partial,5572.19
LN28716,AGT138,2026-03-01,16257.05,0,0,Responsive,Paid,16257.05
LN28717,AGT138,2026-03-01,10939.87,30,2,Responsive,Partial,5469.94
LN28718,AGT121,2026-03-01,10848.92,15,1,Responsive,Partial,5424.46
LN28719,AGT105,2026-03-01,2515.83,0,0,No Answer,Paid,2515.83
LN28720,AGT131,2026-03-01,13492.25,0,0,Responsive,Paid,13492.25
LN28721,AGT124,2026-03-01,14441.07,0,0,Promise To Pay,Paid,14441.07
LN28722,AGT160,2026-03-01,14899.4,0,0,Responsive,Paid,14899.4
LN28723,AGT115,2026-03-01,5875.24,15,1,No Answer,Unpaid,0.0
LN28724,AGT102,2026-03-01,28660.88,30,2,No Answer,Unpaid,0.0
LN28725,AGT173,2026-03-01,70208.52,90,4,Responsive,Partial,35104.26
LN28726,AGT164,2026-03-01,18528.57,0,0,Promise To Pay,Paid,18528.57
LN28727,AGT145,2026-03-01,9086.16,15,1,No Answer,Unpaid,0.0
LN28728,AGT155,2026-03-01,49725.06,30,2,Promise To Pay,Partial,14917.52
LN28729,AGT166,2026-03-01,15057.14,90,4,No Answer,Unpaid,0.0
LN28730,AGT128,2026-03-01,8204.75,15,1,Responsive,Paid,8204.75
LN28731,AGT153,2026-03-01,9562.33,0,0,Promise To Pay,Paid,9562.33
LN28732,AGT116,2026-03-01,18495.7,30,2,Promise To Pay,Partial,5548.71
LN28733,AGT115,2026-03-01,6792.7,0,0,No Answer,Paid,6792.7
LN28734,AGT116,2026-03-01,18781.09,15,1,Promise To Pay,Partial,5634.33
LN28735,AGT110,2026-03-01,27687.91,15,1,No Answer,Unpaid,0.0
LN28736,AGT124,2026-03-01,23925.42,30,2,No Answer,Unpaid,0.0
LN28737,AGT128,2026-03-01,25003.43,0,0,Responsive,Paid,25003.43
LN28738,AGT157,2026-03-01,5269.81,15,1,Promise To Pay,Partial,1580.94
LN28739,AGT128,2026-03-01,11516.04,0,0,Responsive,Paid,11516.04
LN28740,AGT164,2026-03-01,5546.31,0,0,Responsive,Paid,5546.31
LN28741,AGT161,2026-03-01,10079.78,30,2,Responsive,Paid,10079.78
LN28742,AGT167,2026-03-01,5655.25,0,0,No Answer,Paid,5655.25
LN28743,AGT171,2026-03-01,10835.09,0,0,Responsive,Paid,10835.09
LN28744,AGT110,2026-03-01,18441.11,60,3,No Answer,Unpaid,0.0
LN28745,AGT169,2026-03-01,2532.16,0,0,No Answer,Paid,2532.16
LN28746,AGT150,2026-03-01,5353.51,0,0,No Answer,Paid,5353.51
LN28747,AGT125,2026-03-01,51170.64,90,4,Promise To Pay,Partial,15351.19
LN28748,AGT144,2026-03-01,3286.23,30,2,Promise To Pay,Partial,985.87
LN28749,AGT157,2026-03-01,8021.99,0,0,Responsive,Paid,8021.99
LN28750,AGT107,2026-03-01,18280.91,30,2,Responsive,Partial,9140.45
LN28751,AGT149,2026-03-01,11447.81,15,1,Responsive,Partial,5723.9
LN28752,AGT125,2026-03-01,16626.48,0,0,Promise To Pay,Paid,16626.48
LN28753,AGT161,2026-03-01,6755.19,15,1,No Answer,Unpaid,0.0
LN28754,AGT119,2026-03-01,31206.45,60,3,Responsive,Paid,31206.45
LN28755,AGT167,2026-03-01,11579.42,0,0,Promise To Pay,Paid,11579.42
LN28756,AGT166,2026-03-01,80937.51,30,2,Responsive,Paid,80937.51
LN28757,AGT141,2026-03-01,9395.97,0,0,Promise To Pay,Paid,9395.97
LN28758,AGT173,2026-03-01,7774.67,15,1,Promise To Pay,Partial,2332.4
LN28759,AGT125,2026-03-01,11185.1,30,2,Responsive,Partial,5592.55
LN28760,AGT140,2026-03-01,30069.73,60,3,Promise To Pay,Partial,9020.92
LN28761,AGT173,2026-03-01,29740.4,30,2,No Answer,Unpaid,0.0
LN28762,AGT110,2026-03-01,8632.98,15,1,No Answer,Unpaid,0.0
LN28763,AGT169,2026-03-01,4105.53,60,3,Responsive,Paid,4105.53
LN28764,AGT100,2026-03-01,20479.79,90,4,Promise To Pay,Partial,6143.94
LN28765,AGT122,2026-03-01,14805.87,30,2,Responsive,Paid,14805.87
LN28766,AGT111,2026-03-01,86438.74,90,4,Promise To Pay,Partial,25931.62
LN28767,AGT101,2026-03-01,1339.42,0,0,No Answer,Paid,1339.42
LN28768,AGT112,2026-03-01,33116.64,30,2,Responsive,Paid,33116.64
LN28769,AGT123,2026-03-01,3498.76,0,0,Responsive,Paid,3498.76
LN28770,AGT120,2026-03-01,15991.55,15,1,Responsive,Partial,7995.77
LN28771,AGT104,2026-03-01,14335.33,15,1,Promise To Pay,Partial,4300.6
LN28772,AGT109,2026-03-01,6991.92,15,1,Promise To Pay,Partial,2097.58
LN28773,AGT155,2026-03-01,6245.68,0,0,Responsive,Paid,6245.68
LN28774,AGT114,2026-03-01,8365.0,60,3,Responsive,Partial,4182.5
LN28775,AGT161,2026-03-01,2554.18,30,2,Responsive,Partial,1277.09
LN28776,AGT149,2026-03-01,20207.16,15,1,No Answer,Unpaid,0.0
LN28777,AGT137,2026-03-01,109163.41,30,2,Promise To Pay,Partial,32749.02
LN28778,AGT152,2026-03-01,3075.61,0,0,No Answer,Paid,3075.61
LN28779,AGT134,2026-03-01,15079.62,0,0,No Answer,Paid,15079.62
LN28780,AGT143,2026-03-01,22070.67,15,1,Responsive,Partial,11035.33
LN28781,AGT119,2026-03-01,17057.35,60,3,Responsive,Partial,8528.67
LN28782,AGT138,2026-03-01,1068.21,15,1,Promise To Pay,Partial,320.46
LN28783,AGT138,2026-03-01,15864.78,30,2,No Answer,Unpaid,0.0
LN28784,AGT110,2026-03-01,9351.08,15,1,Responsive,Paid,9351.08
LN28785,AGT130,2026-03-01,13701.19,0,0,Promise To Pay,Paid,13701.19
LN28786,AGT172,2026-03-01,76386.58,60,3,No Answer,Unpaid,0.0
LN28787,AGT110,2026-03-01,11822.69,30,2,Responsive,Partial,5911.35
LN28788,AGT130,2026-03-01,7712.2,15,1,Responsive,Partial,3856.1
LN28789,AGT137,2026-03-01,9438.5,0,0,Promise To Pay,Paid,9438.5
LN28790,AGT156,2026-03-01,3854.18,0,0,Promise To Pay,Paid,3854.18
LN28791,AGT149,2026-03-01,23296.53,15,1,Promise To Pay,Partial,6988.96
LN28792,AGT110,2026-03-01,2192.41,0,0,Responsive,Paid,2192.41
LN28793,AGT146,2026-03-01,19231.53,30,2,Promise To Pay,Partial,5769.46
LN28794,AGT122,2026-03-01,16201.55,30,2,No Answer,Unpaid,0.0
LN28795,AGT102,2026-03-01,33790.0,0,0,No Answer,Paid,33790.0
LN28796,AGT159,2026-03-01,39115.94,60,3,Promise To Pay,Partial,11734.78
LN28797,AGT128,2026-03-01,5422.72,0,0,Promise To Pay,Paid,5422.72
LN28798,AGT142,2026-03-01,13968.1,15,1,Promise To Pay,Partial,4190.43
LN28799,AGT124,2026-03-01,54626.66,90,4,No Answer,Unpaid,0.0
LN28800,AGT100,2026-03-01,3959.81,15,1,Responsive,Partial,1979.9
LN28801,AGT108,2026-03-01,10465.29,15,1,No Answer,Unpaid,0.0
LN28802,AGT129,2026-03-01,37118.87,15,1,Responsive,Partial,18559.44
LN28803,AGT105,2026-03-01,4699.22,0,0,Responsive,Paid,4699.22
LN28804,AGT101,2026-03-01,116542.97,60,3,Responsive,Partial,58271.49
LN28805,AGT138,2026-03-01,6265.72,0,0,Promise To Pay,Paid,6265.72
LN28806,AGT102,2026-03-01,6418.77,30,2,No Answer,Unpaid,0.0
LN28807,AGT118,2026-03-01,1495.45,0,0,Responsive,Paid,1495.45
LN28808,AGT124,2026-03-01,18424.03,15,1,Promise To Pay,Partial,5527.21
LN28809,AGT143,2026-03-01,4181.85,0,0,No Answer,Paid,4181.85
LN28810,AGT105,2026-03-01,3770.28,0,0,No Answer,Paid,3770.28
LN28811,AGT117,2026-03-01,7350.97,0,0,Promise To Pay,Paid,7350.97
LN28812,AGT117,2026-03-01,4017.42,0,0,No Answer,Paid,4017.42
LN28813,AGT139,2026-03-01,12486.13,0,0,Responsive,Paid,12486.13
LN28814,AGT164,2026-03-01,3913.94,0,0,Promise To Pay,Paid,3913.94
LN28815,AGT113,2026-03-01,23275.83,15,1,Responsive,Paid,23275.83
LN28816,AGT149,2026-03-01,2828.14,15,1,Responsive,Partial,1414.07
LN28817,AGT135,2026-03-01,79369.25,90,4,No Answer,Unpaid,0.0
LN28818,AGT159,2026-03-01,18216.81,30,2,Promise To Pay,Partial,5465.04
LN28819,AGT146,2026-03-01,4367.81,15,1,Responsive,Paid,4367.81
LN28820,AGT116,2026-03-01,2753.22,0,0,Promise To Pay,Paid,2753.22
LN28821,AGT148,2026-03-01,4903.55,0,0,Responsive,Paid,4903.55
LN28822,AGT121,2026-03-01,9086.71,30,2,Responsive,Partial,4543.35
LN28823,AGT122,2026-03-01,9550.47,0,0,Promise To Pay,Paid,9550.47
LN28824,AGT102,2026-03-01,2623.39,15,1,No Answer,Unpaid,0.0
LN28825,AGT106,2026-03-01,36740.21,15,1,Promise To Pay,Partial,11022.06
LN28826,AGT147,2026-03-01,30890.95,60,3,Responsive,Partial,15445.48
LN28827,AGT138,2026-03-01,7996.9,60,3,Promise To Pay,Partial,2399.07
LN28828,AGT114,2026-03-01,12762.17,15,1,No Answer,Unpaid,0.0
LN28829,AGT158,2026-03-01,6558.44,0,0,No Answer,Paid,6558.44
LN28830,AGT120,2026-03-01,23139.81,60,3,Promise To Pay,Partial,6941.94
LN28831,AGT172,2026-03-01,19746.0,60,3,Promise To Pay,Partial,5923.8
LN28832,AGT172,2026-03-01,20010.64,30,2,No Answer,Unpaid,0.0
LN28833,AGT170,2026-03-01,6595.03,15,1,Promise To Pay,Partial,1978.51
LN28834,AGT125,2026-03-01,1383.97,0,0,Responsive,Paid,1383.97
LN28835,AGT136,2026-03-01,23491.96,0,0,Responsive,Paid,23491.96
LN28836,AGT170,2026-03-01,22524.95,15,1,Promise To Pay,Partial,6757.48
LN28837,AGT149,2026-03-01,8870.5,90,4,No Answer,Unpaid,0.0
LN28838,AGT157,2026-03-01,7976.42,15,1,Responsive,Partial,3988.21
LN28839,AGT155,2026-03-01,9547.45,0,0,Responsive,Paid,9547.45
LN28840,AGT157,2026-03-01,18270.06,30,2,Promise To Pay,Partial,5481.02
LN28841,AGT106,2026-03-01,7853.36,15,1,Promise To Pay,Partial,2356.01
LN28842,AGT116,2026-03-01,8648.2,0,0,Responsive,Paid,8648.2
LN28843,AGT111,2026-03-01,1557.58,0,0,Promise To Pay,Paid,1557.58
LN28844,AGT103,2026-03-01,31334.56,30,2,No Answer,Unpaid,0.0
LN28845,AGT164,2026-03-01,9806.17,0,0,Promise To Pay,Paid,9806.17
LN28846,AGT151,2026-03-01,7484.6,0,0,Responsive,Paid,7484.6
LN28847,AGT161,2026-03-01,6404.29,15,1,Responsive,Partial,3202.14
LN28848,AGT141,2026-03-01,12382.77,0,0,Promise To Pay,Paid,12382.77
LN28849,AGT166,2026-03-01,6106.63,15,1,Promise To Pay,Partial,1831.99
LN28850,AGT162,2026-03-01,50010.24,15,1,Responsive,Partial,25005.12
LN28851,AGT113,2026-03-01,58668.61,30,2,No Answer,Unpaid,0.0
LN28852,AGT117,2026-03-01,5393.12,0,0,No Answer,Paid,5393.12
LN28853,AGT144,2026-03-01,11214.04,0,0,Promise To Pay,Paid,11214.04
LN28854,AGT113,2026-03-01,5856.35,15,1,No Answer,Unpaid,0.0
LN28855,AGT113,2026-03-01,9666.54,0,0,Responsive,Paid,9666.54
LN28856,AGT129,2026-03-01,6099.33,0,0,No Answer,Paid,6099.33
LN28857,AGT141,2026-03-01,12898.42,60,3,No Answer,Unpaid,0.0
LN28858,AGT120,2026-03-01,19234.05,30,2,Promise To Pay,Partial,5770.21
LN28859,AGT112,2026-03-01,151322.71,90,4,Promise To Pay,Partial,45396.81
LN28860,AGT131,2026-03-01,1873.78,15,1,No Answer,Unpaid,0.0
LN28861,AGT137,2026-03-01,24414.31,60,3,Responsive,Paid,24414.31
LN28862,AGT114,2026-03-01,47215.68,90,4,Responsive,Partial,23607.84
LN28863,AGT142,2026-03-01,45977.97,0,0,No Answer,Paid,45977.97
LN28864,AGT130,2026-03-01,18252.47,0,0,No Answer,Paid,18252.47
LN28865,AGT167,2026-03-01,7729.89,0,0,Responsive,Paid,7729.89
LN28866,AGT142,2026-03-01,1663.49,0,0,No Answer,Paid,1663.49
LN28867,AGT131,2026-03-01,28477.56,60,3,Promise To Pay,Partial,8543.27
LN28868,AGT156,2026-03-01,12067.7,0,0,No Answer,Paid,12067.7
LN28869,AGT103,2026-03-01,7763.77,0,0,Responsive,Paid,7763.77
LN28870,AGT144,2026-03-01,50796.64,90,4,No Answer,Unpaid,0.0
LN28871,AGT154,2026-03-01,2286.91,15,1,Promise To Pay,Partial,686.07
LN28872,AGT123,2026-03-01,10198.14,0,0,Responsive,Paid,10198.14
LN28873,AGT123,2026-03-01,20248.74,30,2,No Answer,Unpaid,0.0
LN28874,AGT119,2026-03-01,1506.43,0,0,Responsive,Paid,1506.43
LN28875,AGT117,2026-03-01,12036.34,60,3,Responsive,Paid,12036.34
LN28876,AGT172,2026-03-01,4853.19,0,0,No Answer,Paid,4853.19
LN28877,AGT126,2026-03-01,8423.74,30,2,Responsive,Partial,4211.87
LN28878,AGT107,2026-03-01,4938.37,15,1,Responsive,Paid,4938.37
LN28879,AGT154,2026-03-01,43692.01,90,4,No Answer,Unpaid,0.0
LN28880,AGT104,2026-03-01,2217.5,0,0,Promise To Pay,Paid,2217.5
LN28881,AGT146,2026-03-01,4537.87,0,0,No Answer,Paid,4537.87
LN28882,AGT124,2026-03-01,14500.83,15,1,Promise To Pay,Partial,4350.25
LN28883,AGT167,2026-03-01,7410.8,15,1,Responsive,Partial,3705.4
LN28884,AGT122,2026-03-01,38136.99,0,0,No Answer,Paid,38136.99
LN28885,AGT146,2026-03-01,40988.99,60,3,Responsive,Paid,40988.99
LN28886,AGT162,2026-03-01,30470.46,15,1,Promise To Pay,Partial,9141.14
LN28887,AGT160,2026-03-01,27199.68,0,0,Responsive,Paid,27199.68
LN28888,AGT110,2026-03-01,2180.98,15,1,Responsive,Partial,1090.49
LN28889,AGT112,2026-03-01,15604.6,30,2,Responsive,Paid,15604.6
LN28890,AGT119,2026-03-01,61795.74,30,2,Promise To Pay,Partial,18538.72
LN28891,AGT114,2026-03-01,4201.25,0,0,Responsive,Paid,4201.25
LN28892,AGT171,2026-03-01,3859.21,0,0,No Answer,Paid,3859.21
LN28893,AGT151,2026-03-01,16483.86,15,1,Responsive,Paid,16483.86
LN28894,AGT132,2026-03-01,15903.95,0,0,No Answer,Paid,15903.95
LN28895,AGT133,2026-03-01,18868.97,0,0,Responsive,Paid,18868.97
LN28896,AGT147,2026-03-01,17045.29,90,4,Responsive,Partial,8522.65
LN28897,AGT155,2026-03-01,22563.88,15,1,Responsive,Paid,22563.88
LN28898,AGT155,2026-03-01,16054.86,90,4,Promise To Pay,Partial,4816.46
LN28899,AGT100,2026-03-01,20126.45,30,2,No Answer,Unpaid,0.0
LN28900,AGT170,2026-03-01,39465.98,30,2,Promise To Pay,Partial,11839.79
LN28901,AGT152,2026-03-01,9957.86,15,1,Responsive,Partial,4978.93
LN28902,AGT168,2026-03-01,7253.56,15,1,No Answer,Unpaid,0.0
LN28903,AGT141,2026-03-01,5504.25,30,2,Responsive,Partial,2752.12
LN28904,AGT125,2026-03-01,110104.02,90,4,No Answer,Unpaid,0.0
LN28905,AGT102,2026-03-01,19972.76,30,2,Promise To Pay,Partial,5991.83
LN28906,AGT153,2026-03-01,15803.83,30,2,Responsive,Partial,7901.91
LN28907,AGT108,2026-03-01,6265.13,60,3,Responsive,Partial,3132.57
LN28908,AGT136,2026-03-01,2880.59,0,0,Promise To Pay,Paid,2880.59
LN28909,AGT128,2026-03-01,22485.24,60,3,No Answer,Unpaid,0.0
LN28910,AGT112,2026-03-01,17320.24,30,2,Promise To Pay,Partial,5196.07
LN28911,AGT162,2026-03-01,16579.04,60,3,Responsive,Paid,16579.04
LN28912,AGT155,2026-03-01,20674.5,0,0,No Answer,Paid,20674.5
LN28913,AGT117,2026-03-01,8847.57,60,3,No Answer,Unpaid,0.0
LN28914,AGT174,2026-03-01,10404.01,15,1,Responsive,Partial,5202.01
LN28915,AGT156,2026-03-01,4461.88,90,4,Promise To Pay,Partial,1338.56
LN28916,AGT169,2026-03-01,8071.61,0,0,Responsive,Paid,8071.61
LN28917,AGT138,2026-03-01,15775.22,0,0,Responsive,Paid,15775.22
LN28918,AGT147,2026-03-01,30919.48,60,3,Responsive,Paid,30919.48
LN28919,AGT124,2026-03-01,37574.1,60,3,Responsive,Paid,37574.1
LN28920,AGT109,2026-03-01,3696.57,60,3,Responsive,Partial,1848.29
LN28921,AGT151,2026-03-01,27979.41,60,3,Responsive,Partial,13989.7
LN28922,AGT141,2026-03-01,26837.29,90,4,Promise To Pay,Partial,8051.19
LN28923,AGT124,2026-03-01,36241.13,30,2,Promise To Pay,Partial,10872.34
LN28924,AGT113,2026-03-01,22412.2,0,0,No Answer,Paid,22412.2
LN28925,AGT122,2026-03-01,6117.98,15,1,No Answer,Unpaid,0.0
LN28926,AGT101,2026-03-01,5273.14,0,0,No Answer,Paid,5273.14
LN28927,AGT122,2026-03-01,28316.89,90,4,Responsive,Partial,14158.44
LN28928,AGT118,2026-03-01,19397.35,60,3,No Answer,Unpaid,0.0
LN28929,AGT106,2026-03-01,13222.88,30,2,No Answer,Unpaid,0.0
LN28930,AGT102,2026-03-01,9502.45,0,0,Promise To Pay,Paid,9502.45
LN28931,AGT106,2026-03-01,18941.15,0,0,Promise To Pay,Paid,18941.15
LN28932,AGT166,2026-03-01,13692.59,0,0,Promise To Pay,Paid,13692.59
LN28933,AGT136,2026-03-01,9405.7,0,0,Promise To Pay,Paid,9405.7
LN28934,AGT102,2026-03-01,16490.5,30,2,Responsive,Partial,8245.25
LN28935,AGT169,2026-03-01,3514.87,30,2,No Answer,Unpaid,0.0
LN28936,AGT143,2026-03-01,41769.75,60,3,No Answer,Unpaid,0.0
LN28937,AGT115,2026-03-01,6929.92,0,0,Promise To Pay,Paid,6929.92
LN28938,AGT161,2026-03-01,2030.07,0,0,Promise To Pay,Paid,2030.07
LN28939,AGT141,2026-03-01,22538.85,60,3,Responsive,Partial,11269.42
LN28940,AGT119,2026-03-01,72631.73,90,4,Responsive,Paid,72631.73
LN28941,AGT174,2026-03-01,44341.93,60,3,No Answer,Unpaid,0.0
LN28942,AGT155,2026-03-01,31958.65,0,0,Responsive,Paid,31958.65
LN28943,AGT107,2026-03-01,11378.8,30,2,Responsive,Partial,5689.4
LN28944,AGT106,2026-03-01,17255.14,30,2,Promise To Pay,Partial,5176.54
LN28945,AGT170,2026-03-01,22468.73,30,2,Responsive,Paid,22468.73
LN28946,AGT103,2026-03-01,14152.08,0,0,Responsive,Paid,14152.08
LN28947,AGT139,2026-03-01,16219.67,90,4,Responsive,Partial,8109.84
LN28948,AGT103,2026-03-01,78811.23,60,3,No Answer,Unpaid,0.0
LN28949,AGT161,2026-03-01,14143.93,0,0,No Answer,Paid,14143.93
LN28950,AGT103,2026-03-01,14358.23,0,0,Responsive,Paid,14358.23
LN28951,AGT130,2026-03-01,3197.37,0,0,No Answer,Paid,3197.37
LN28952,AGT153,2026-03-01,32186.05,60,3,No Answer,Unpaid,0.0
LN28953,AGT135,2026-03-01,2850.22,0,0,Responsive,Paid,2850.22
LN28954,AGT170,2026-03-01,11413.72,15,1,No Answer,Unpaid,0.0
LN28955,AGT162,2026-03-01,5732.08,0,0,Responsive,Paid,5732.08
LN28956,AGT145,2026-03-01,6620.06,0,0,Responsive,Paid,6620.06
LN28957,AGT156,2026-03-01,50509.27,0,0,Promise To Pay,Paid,50509.27
LN28958,AGT114,2026-03-01,13443.72,60,3,Responsive,Paid,13443.72
LN28959,AGT167,2026-03-01,9248.91,0,0,Promise To Pay,Paid,9248.91
LN28960,AGT157,2026-03-01,24356.26,90,4,No Answer,Unpaid,0.0
LN28961,AGT146,2026-03-01,130435.51,90,4,Promise To Pay,Partial,39130.65
LN28962,AGT152,2026-03-01,27020.19,60,3,Responsive,Paid,27020.19
LN28963,AGT159,2026-03-01,37727.31,60,3,Promise To Pay,Partial,11318.19
LN28964,AGT102,2026-03-01,18211.51,30,2,Promise To Pay,Partial,5463.45
LN28965,AGT160,2026-03-01,2459.74,0,0,Promise To Pay,Paid,2459.74
LN28966,AGT163,2026-03-01,7750.29,0,0,No Answer,Paid,7750.29
LN28967,AGT144,2026-03-01,14708.87,15,1,Promise To Pay,Partial,4412.66
LN28968,AGT113,2026-03-01,9984.76,15,1,Responsive,Paid,9984.76
LN28969,AGT142,2026-03-01,24628.13,15,1,Promise To Pay,Partial,7388.44
LN28970,AGT142,2026-03-01,7545.49,0,0,Responsive,Paid,7545.49
LN28971,AGT126,2026-03-01,107844.59,60,3,No Answer,Unpaid,0.0
LN28972,AGT142,2026-03-01,16794.97,15,1,Responsive,Paid,16794.97
LN28973,AGT153,2026-03-01,8270.86,15,1,No Answer,Unpaid,0.0
LN28974,AGT155,2026-03-01,29115.44,0,0,Promise To Pay,Paid,29115.44
LN28975,AGT114,2026-03-01,7658.34,0,0,Responsive,Paid,7658.34
LN28976,AGT160,2026-03-01,13701.95,0,0,Responsive,Paid,13701.95
LN28977,AGT149,2026-03-01,24930.78,0,0,Responsive,Paid,24930.78
LN28978,AGT173,2026-03-01,5234.94,0,0,Promise To Pay,Paid,5234.94
LN28979,AGT104,2026-03-01,26231.99,30,2,No Answer,Unpaid,0.0
LN28980,AGT122,2026-03-01,7986.48,30,2,Responsive,Paid,7986.48
LN28981,AGT130,2026-03-01,10472.32,15,1,Responsive,Paid,10472.32
LN28982,AGT128,2026-03-01,74180.76,60,3,No Answer,Unpaid,0.0
LN28983,AGT141,2026-03-01,39587.8,90,4,Promise To Pay,Partial,11876.34
LN28984,AGT109,2026-03-01,12669.97,0,0,No Answer,Paid,12669.97
LN28985,AGT159,2026-03-01,18998.75,15,1,Responsive,Partial,9499.38
LN28986,AGT165,2026-03-01,5992.87,60,3,No Answer,Unpaid,0.0
LN28987,AGT133,2026-03-01,1542.3,15,1,Responsive,Partial,771.15
LN28988,AGT159,2026-03-01,6254.85,30,2,Responsive,Paid,6254.85
LN28989,AGT109,2026-03-01,9703.39,90,4,Promise To Pay,Partial,2911.02
LN28990,AGT117,2026-03-01,11841.99,0,0,Promise To Pay,Paid,11841.99
LN28991,AGT127,2026-03-01,42829.78,90,4,Promise To Pay,Partial,12848.93
LN28992,AGT110,2026-03-01,9500.9,0,0,Promise To Pay,Paid,9500.9
LN28993,AGT146,2026-03-01,54386.77,30,2,Responsive,Paid,54386.77
LN28994,AGT147,2026-03-01,31466.5,0,0,No Answer,Paid,31466.5
LN28995,AGT151,2026-03-01,36892.32,60,3,Promise To Pay,Partial,11067.7
LN28996,AGT133,2026-03-01,23252.85,30,2,No Answer,Unpaid,0.0
LN28997,AGT108,2026-03-01,1342.62,0,0,Responsive,Paid,1342.62
LN28998,AGT133,2026-03-01,18508.52,30,2,No Answer,Unpaid,0.0
LN28999,AGT133,2026-03-01,23862.28,90,4,No Answer,Unpaid,0.0
LN29000,AGT117,2026-03-01,38909.5,30,2,Promise To Pay,Partial,11672.85
LN29001,AGT161,2026-03-01,8858.69,0,0,No Answer,Paid,8858.69
LN29002,AGT116,2026-03-01,4475.79,0,0,Promise To Pay,Paid,4475.79
LN29003,AGT138,2026-03-01,9560.59,0,0,Promise To Pay,Paid,9560.59
LN29004,AGT119,2026-03-01,5631.94,90,4,Promise To Pay,Partial,1689.58
LN29005,AGT145,2026-03-01,12216.45,15,1,Responsive,Paid,12216.45
LN29006,AGT168,2026-03-01,40395.99,30,2,No Answer,Unpaid,0.0
LN29007,AGT111,2026-03-01,15645.91,30,2,No Answer,Unpaid,0.0
LN29008,AGT117,2026-03-01,2660.85,0,0,Responsive,Paid,2660.85
LN29009,AGT155,2026-03-01,13514.84,0,0,Responsive,Paid,13514.84
LN29010,AGT121,2026-03-01,6230.24,0,0,No Answer,Paid,6230.24
LN29011,AGT156,2026-03-01,5498.18,90,4,No Answer,Unpaid,0.0
LN29012,AGT142,2026-03-01,5645.62,0,0,Promise To Pay,Paid,5645.62
LN29013,AGT160,2026-03-01,5582.61,30,2,Responsive,Paid,5582.61
LN29014,AGT115,2026-03-01,19317.75,60,3,No Answer,Unpaid,0.0
LN29015,AGT125,2026-03-01,41315.93,90,4,Responsive,Paid,41315.93
LN29016,AGT103,2026-03-01,5203.91,30,2,No Answer,Unpaid,0.0
LN29017,AGT129,2026-03-01,8943.89,30,2,Responsive,Partial,4471.94
LN29018,AGT104,2026-03-01,9437.16,0,0,Responsive,Paid,9437.16
LN29019,AGT150,2026-03-01,35334.35,60,3,Responsive,Paid,35334.35
LN29020,AGT149,2026-03-01,27258.65,0,0,No Answer,Paid,27258.65
LN29021,AGT130,2026-03-01,48969.64,60,3,No Answer,Unpaid,0.0
LN29022,AGT147,2026-03-01,11008.75,30,2,Responsive,Paid,11008.75
LN29023,AGT128,2026-03-01,4129.86,30,2,Promise To Pay,Partial,1238.96
LN29024,AGT123,2026-03-01,7204.96,15,1,Responsive,Partial,3602.48
LN29025,AGT128,2026-03-01,13103.24,30,2,No Answer,Unpaid,0.0
LN29026,AGT153,2026-03-01,14188.88,30,2,No Answer,Unpaid,0.0
LN29027,AGT155,2026-03-01,13006.25,0,0,Responsive,Paid,13006.25
LN29028,AGT170,2026-03-01,10718.29,0,0,Promise To Pay,Paid,10718.29
LN29029,AGT112,2026-03-01,46491.56,60,3,Promise To Pay,Partial,13947.47
LN29030,AGT124,2026-03-01,12682.3,30,2,Responsive,Paid,12682.3
LN29031,AGT171,2026-03-01,8563.88,0,0,Responsive,Paid,8563.88
LN29032,AGT113,2026-03-01,10448.25,0,0,Promise To Pay,Paid,10448.25
LN29033,AGT131,2026-03-01,6518.64,0,0,Responsive,Paid,6518.64
LN29034,AGT152,2026-03-01,31688.43,30,2,No Answer,Unpaid,0.0
LN29035,AGT112,2026-03-01,5927.29,15,1,No Answer,Unpaid,0.0
LN29036,AGT159,2026-03-01,17093.14,15,1,Responsive,Paid,17093.14
LN29037,AGT137,2026-03-01,14848.11,30,2,Responsive,Paid,14848.11
LN29038,AGT101,2026-03-01,10467.21,0,0,Promise To Pay,Paid,10467.21
LN29039,AGT114,2026-03-01,7746.65,0,0,Responsive,Paid,7746.65
LN29040,AGT145,2026-03-01,12257.75,0,0,Responsive,Paid,12257.75
LN29041,AGT151,2026-03-01,18266.37,30,2,No Answer,Unpaid,0.0
LN29042,AGT147,2026-03-01,45743.62,90,4,Promise To Pay,Partial,13723.09
LN29043,AGT106,2026-03-01,8416.08,15,1,No Answer,Unpaid,0.0
LN29044,AGT171,2026-03-01,44479.25,15,1,Promise To Pay,Partial,13343.77
LN29045,AGT164,2026-03-01,9373.31,90,4,No Answer,Unpaid,0.0
LN29046,AGT152,2026-03-01,20361.19,60,3,Promise To Pay,Partial,6108.36
LN29047,AGT168,2026-03-01,14092.5,0,0,Promise To Pay,Paid,14092.5
LN29048,AGT151,2026-03-01,27254.56,30,2,Promise To Pay,Partial,8176.37
LN29049,AGT101,2026-03-01,6066.87,0,0,Promise To Pay,Paid,6066.87
LN29050,AGT170,2026-03-01,1002.64,0,0,Responsive,Paid,1002.64
LN29051,AGT101,2026-03-01,3390.42,30,2,No Answer,Unpaid,0.0
LN29052,AGT172,2026-03-01,12863.19,0,0,Promise To Pay,Paid,12863.19
LN29053,AGT106,2026-03-01,10707.59,30,2,Responsive,Partial,5353.8
LN29054,AGT107,2026-03-01,15615.08,15,1,Promise To Pay,Partial,4684.52
LN29055,AGT168,2026-03-01,13236.67,15,1,No Answer,Unpaid,0.0
LN29056,AGT114,2026-03-01,35556.39,60,3,Responsive,Paid,35556.39
LN29057,AGT173,2026-03-01,19850.7,0,0,Promise To Pay,Paid,19850.7
LN29058,AGT100,2026-03-01,28046.65,60,3,Responsive,Partial,14023.33
LN29059,AGT139,2026-03-01,10041.29,0,0,Responsive,Paid,10041.29
LN29060,AGT118,2026-03-01,3654.7,0,0,No Answer,Paid,3654.7
LN29061,AGT119,2026-03-01,11037.39,0,0,Responsive,Paid,11037.39
LN29062,AGT117,2026-03-01,13418.73,15,1,No Answer,Unpaid,0.0
LN29063,AGT123,2026-03-01,19550.27,60,3,Responsive,Paid,19550.27
LN29064,AGT139,2026-03-01,6720.86,0,0,No Answer,Paid,6720.86
LN29065,AGT119,2026-03-01,19758.68,0,0,No Answer,Paid,19758.68
LN29066,AGT110,2026-03-01,44040.55,60,3,No Answer,Unpaid,0.0
LN29067,AGT121,2026-03-01,24967.84,0,0,Promise To Pay,Paid,24967.84
LN29068,AGT127,2026-03-01,41616.18,60,3,No Answer,Unpaid,0.0
LN29069,AGT132,2026-03-01,3788.76,30,2,No Answer,Unpaid,0.0
LN29070,AGT169,2026-03-01,9180.9,0,0,Promise To Pay,Paid,9180.9
LN29071,AGT130,2026-03-01,45867.81,0,0,Responsive,Paid,45867.81
LN29072,AGT148,2026-03-01,5663.21,0,0,Promise To Pay,Paid,5663.21
LN29073,AGT140,2026-03-01,109037.76,90,4,No Answer,Unpaid,0.0
LN29074,AGT123,2026-03-01,5498.68,15,1,No Answer,Unpaid,0.0
LN29075,AGT129,2026-03-01,16238.61,60,3,Responsive,Partial,8119.31
LN29076,AGT132,2026-03-01,3058.87,0,0,Responsive,Paid,3058.87
LN29077,AGT117,2026-03-01,6738.26,0,0,Responsive,Paid,6738.26
LN29078,AGT160,2026-03-01,3507.29,0,0,Promise To Pay,Paid,3507.29
LN29079,AGT115,2026-03-01,24100.82,90,4,No Answer,Unpaid,0.0
LN29080,AGT129,2026-03-01,44618.6,90,4,Promise To Pay,Partial,13385.58
LN29081,AGT103,2026-03-01,8112.87,30,2,Responsive,Paid,8112.87
LN29082,AGT105,2026-03-01,69580.3,60,3,Promise To Pay,Partial,20874.09
LN29083,AGT136,2026-03-01,5187.31,15,1,Responsive,Paid,5187.31
LN29084,AGT156,2026-03-01,20425.08,30,2,Promise To Pay,Partial,6127.52
LN29085,AGT173,2026-03-01,82081.88,90,4,Promise To Pay,Partial,24624.56
LN29086,AGT128,2026-03-01,12339.9,15,1,No Answer,Unpaid,0.0
LN29087,AGT169,2026-03-01,6731.46,0,0,Responsive,Paid,6731.46
LN29088,AGT112,2026-03-01,29704.42,30,2,Responsive,Paid,29704.42
LN29089,AGT139,2026-03-01,8239.89,30,2,Promise To Pay,Partial,2471.97
LN29090,AGT103,2026-03-01,6579.79,0,0,Promise To Pay,Paid,6579.79
LN29091,AGT154,2026-03-01,10183.2,0,0,Responsive,Paid,10183.2
LN29092,AGT145,2026-03-01,5140.18,0,0,Promise To Pay,Paid,5140.18
LN29093,AGT117,2026-03-01,18958.15,60,3,Promise To Pay,Partial,5687.45
LN29094,AGT145,2026-03-01,37316.12,90,4,Promise To Pay,Partial,11194.84
LN29095,AGT125,2026-03-01,10797.71,30,2,Responsive,Paid,10797.71
LN29096,AGT102,2026-03-01,18851.9,30,2,Responsive,Partial,9425.95
LN29097,AGT117,2026-03-01,46796.52,30,2,Responsive,Paid,46796.52
LN29098,AGT153,2026-03-01,6322.77,0,0,No Answer,Paid,6322.77
LN29099,AGT121,2026-03-01,13367.49,0,0,Responsive,Paid,13367.49
LN29100,AGT119,2026-03-01,19202.96,90,4,Responsive,Partial,9601.48
LN29101,AGT111,2026-03-01,9202.5,0,0,Responsive,Paid,9202.5
LN29102,AGT103,2026-03-01,6911.2,15,1,Promise To Pay,Partial,2073.36
LN29103,AGT116,2026-03-01,47609.07,15,1,No Answer,Unpaid,0.0
LN29104,AGT155,2026-03-01,12187.86,30,2,Promise To Pay,Partial,3656.36
LN29105,AGT172,2026-03-01,14597.54,15,1,Responsive,Paid,14597.54
LN29106,AGT169,2026-03-01,6709.94,15,1,No Answer,Unpaid,0.0
LN29107,AGT137,2026-03-01,23902.17,60,3,Promise To Pay,Partial,7170.65
LN29108,AGT165,2026-03-01,16037.25,30,2,No Answer,Unpaid,0.0
LN29109,AGT124,2026-03-01,7951.65,0,0,Responsive,Paid,7951.65
LN29110,AGT168,2026-03-01,7539.25,0,0,No Answer,Paid,7539.25
LN29111,AGT139,2026-03-01,20496.76,0,0,Promise To Pay,Paid,20496.76
LN29112,AGT174,2026-03-01,1811.43,15,1,Responsive,Partial,905.72
LN29113,AGT141,2026-03-01,10066.46,15,1,Responsive,Paid,10066.46
LN29114,AGT117,2026-03-01,14970.68,60,3,No Answer,Unpaid,0.0
LN29115,AGT124,2026-03-01,45038.94,90,4,Promise To Pay,Partial,13511.68
LN29116,AGT174,2026-03-01,33265.72,30,2,No Answer,Unpaid,0.0
LN29117,AGT131,2026-03-01,1274.09,15,1,No Answer,Unpaid,0.0
LN29118,AGT143,2026-03-01,9240.5,0,0,Promise To Pay,Paid,9240.5
LN29119,AGT105,2026-03-01,39699.65,60,3,Responsive,Paid,39699.65
LN29120,AGT145,2026-03-01,12147.33,0,0,Promise To Pay,Paid,12147.33
LN29121,AGT140,2026-03-01,15143.42,0,0,Promise To Pay,Paid,15143.42
LN29122,AGT131,2026-03-01,8493.72,0,0,No Answer,Paid,8493.72
LN29123,AGT128,2026-03-01,7310.46,15,1,No Answer,Unpaid,0.0
LN29124,AGT126,2026-03-01,25658.48,30,2,No Answer,Unpaid,0.0
LN29125,AGT148,2026-03-01,10320.89,0,0,No Answer,Paid,10320.89
LN29126,AGT101,2026-03-01,12313.76,90,4,No Answer,Unpaid,0.0
LN29127,AGT149,2026-03-01,4215.51,0,0,Promise To Pay,Paid,4215.51
LN29128,AGT107,2026-03-01,47342.74,0,0,Promise To Pay,Paid,47342.74
LN29129,AGT169,2026-03-01,18162.5,15,1,Responsive,Partial,9081.25
LN29130,AGT131,2026-03-01,28642.47,60,3,Promise To Pay,Partial,8592.74
LN29131,AGT154,2026-03-01,12215.13,0,0,Responsive,Paid,12215.13
LN29132,AGT117,2026-03-01,3989.09,30,2,No Answer,Unpaid,0.0
LN29133,AGT103,2026-03-01,21708.85,30,2,Responsive,Paid,21708.85
LN29134,AGT164,2026-03-01,6712.31,15,1,Promise To Pay,Partial,2013.69
LN29135,AGT100,2026-03-01,3977.77,0,0,Promise To Pay,Paid,3977.77
LN29136,AGT108,2026-03-01,22832.57,60,3,Promise To Pay,Partial,6849.77
LN29137,AGT127,2026-03-01,50350.61,30,2,No Answer,Unpaid,0.0
LN29138,AGT171,2026-03-01,9426.7,15,1,No Answer,Unpaid,0.0
LN29139,AGT108,2026-03-01,34872.0,90,4,Responsive,Partial,17436.0
LN29140,AGT152,2026-03-01,31821.52,30,2,Responsive,Partial,15910.76
LN29141,AGT158,2026-03-01,76092.84,90,4,No Answer,Unpaid,0.0
LN29142,AGT100,2026-03-01,19535.5,60,3,No Answer,Unpaid,0.0
LN29143,AGT110,2026-03-01,31287.64,0,0,No Answer,Paid,31287.64
LN29144,AGT110,2026-03-01,46574.58,0,0,Responsive,Paid,46574.58
LN29145,AGT104,2026-03-01,14078.86,30,2,No Answer,Unpaid,0.0
LN29146,AGT147,2026-03-01,40149.93,0,0,No Answer,Paid,40149.93
LN29147,AGT110,2026-03-01,13028.11,0,0,Promise To Pay,Paid,13028.11
LN29148,AGT137,2026-03-01,6519.3,60,3,Promise To Pay,Partial,1955.79
LN29149,AGT125,2026-03-01,47777.89,30,2,Responsive,Partial,23888.94
LN29150,AGT157,2026-03-01,16218.16,15,1,No Answer,Unpaid,0.0
LN29151,AGT143,2026-03-01,9902.34,15,1,Promise To Pay,Partial,2970.7
LN29152,AGT147,2026-03-01,2648.19,0,0,No Answer,Paid,2648.19
LN29153,AGT105,2026-03-01,25507.77,15,1,Responsive,Partial,12753.89
LN29154,AGT169,2026-03-01,4256.77,0,0,No Answer,Paid,4256.77
LN29155,AGT106,2026-03-01,9433.68,30,2,No Answer,Unpaid,0.0
LN29156,AGT172,2026-03-01,33211.71,30,2,Responsive,Paid,33211.71
LN29157,AGT124,2026-03-01,9006.76,60,3,Promise To Pay,Partial,2702.03
LN29158,AGT135,2026-03-01,27276.35,90,4,Responsive,Paid,27276.35
LN29159,AGT128,2026-03-01,8087.62,15,1,Promise To Pay,Partial,2426.29
LN29160,AGT165,2026-03-01,8833.45,15,1,Promise To Pay,Partial,2650.04
LN29161,AGT143,2026-03-01,2474.63,15,1,No Answer,Unpaid,0.0
LN29162,AGT157,2026-03-01,13003.46,0,0,Responsive,Paid,13003.46
LN29163,AGT101,2026-03-01,1062.62,15,1,No Answer,Unpaid,0.0
LN29164,AGT120,2026-03-01,10952.12,0,0,No Answer,Paid,10952.12
LN29165,AGT160,2026-03-01,4570.19,15,1,No Answer,Unpaid,0.0
LN29166,AGT172,2026-03-01,4236.04,0,0,Promise To Pay,Paid,4236.04
LN29167,AGT160,2026-03-01,34360.42,15,1,Responsive,Paid,34360.42
LN29168,AGT172,2026-03-01,29442.53,30,2,Promise To Pay,Partial,8832.76
LN29169,AGT138,2026-03-01,4960.17,0,0,Responsive,Paid,4960.17
LN29170,AGT131,2026-03-01,1171.39,0,0,No Answer,Paid,1171.39
LN29171,AGT102,2026-03-01,25172.91,60,3,No Answer,Unpaid,0.0
LN29172,AGT135,2026-03-01,5826.07,0,0,No Answer,Paid,5826.07
LN29173,AGT160,2026-03-01,3571.81,15,1,Promise To Pay,Partial,1071.54
LN29174,AGT126,2026-03-01,5780.86,15,1,Promise To Pay,Partial,1734.26
LN29175,AGT138,2026-03-01,15926.94,60,3,Responsive,Partial,7963.47
LN29176,AGT145,2026-03-01,41267.97,90,4,No Answer,Unpaid,0.0
LN29177,AGT125,2026-03-01,22850.51,30,2,Responsive,Partial,11425.25
LN29178,AGT122,2026-03-01,33630.49,15,1,No Answer,Unpaid,0.0
LN29179,AGT155,2026-03-01,9332.58,0,0,Promise To Pay,Paid,9332.58
LN29180,AGT145,2026-03-01,3066.78,0,0,Promise To Pay,Paid,3066.78
LN29181,AGT112,2026-03-01,20858.01,60,3,Responsive,Paid,20858.01
LN29182,AGT136,2026-03-01,56995.23,60,3,No Answer,Unpaid,0.0
LN29183,AGT135,2026-03-01,32676.05,30,2,Promise To Pay,Partial,9802.81
LN29184,AGT124,2026-03-01,8772.14,15,1,No Answer,Unpaid,0.0
LN29185,AGT125,2026-03-01,15600.62,15,1,Promise To Pay,Partial,4680.19
LN29186,AGT101,2026-03-01,5983.13,0,0,No Answer,Paid,5983.13
LN29187,AGT153,2026-03-01,11598.7,0,0,No Answer,Paid,11598.7
LN29188,AGT136,2026-03-01,3202.54,0,0,Promise To Pay,Paid,3202.54
LN29189,AGT163,2026-03-01,21093.38,60,3,Promise To Pay,Partial,6328.01
LN29190,AGT141,2026-03-01,43825.17,90,4,Responsive,Paid,43825.17
LN29191,AGT172,2026-03-01,14808.14,90,4,Responsive,Partial,7404.07
LN29192,AGT121,2026-03-01,10812.94,30,2,Responsive,Paid,10812.94
LN29193,AGT137,2026-03-01,13406.95,0,0,Promise To Pay,Paid,13406.95
LN29194,AGT106,2026-03-01,13356.75,90,4,No Answer,Unpaid,0.0
LN29195,AGT145,2026-03-01,38748.79,90,4,Promise To Pay,Partial,11624.64
LN29196,AGT174,2026-03-01,13744.2,15,1,Responsive,Paid,13744.2
LN29197,AGT141,2026-03-01,38304.01,30,2,Promise To Pay,Partial,11491.2
LN29198,AGT123,2026-03-01,3813.12,60,3,Responsive,Paid,3813.12
LN29199,AGT134,2026-03-01,4873.19,0,0,Promise To Pay,Paid,4873.19
LN29200,AGT116,2026-03-01,1074.3,0,0,No Answer,Paid,1074.3
LN29201,AGT173,2026-03-01,57623.89,90,4,Promise To Pay,Partial,17287.17
LN29202,AGT100,2026-03-01,19523.91,30,2,Promise To Pay,Partial,5857.17
LN29203,AGT141,2026-03-01,28650.57,0,0,Responsive,Paid,28650.57
LN29204,AGT110,2026-03-01,10491.46,15,1,Promise To Pay,Partial,3147.44
LN29205,AGT106,2026-03-01,38126.86,30,2,Promise To Pay,Partial,11438.06
LN29206,AGT114,2026-03-01,6350.4,0,0,No Answer,Paid,6350.4
LN29207,AGT165,2026-03-01,90385.27,30,2,No Answer,Unpaid,0.0
LN29208,AGT149,2026-03-01,4637.19,0,0,No Answer,Paid,4637.19
LN29209,AGT171,2026-03-01,35963.98,0,0,Responsive,Paid,35963.98
LN29210,AGT112,2026-03-01,33462.03,30,2,Promise To Pay,Partial,10038.61
LN29211,AGT123,2026-03-01,12962.43,0,0,No Answer,Paid,12962.43
LN29212,AGT168,2026-03-01,25128.47,90,4,No Answer,Unpaid,0.0
LN29213,AGT143,2026-03-01,4400.99,0,0,Promise To Pay,Paid,4400.99
LN29214,AGT166,2026-03-01,5874.66,0,0,No Answer,Paid,5874.66
LN29215,AGT118,2026-03-01,30394.01,90,4,No Answer,Unpaid,0.0
LN29216,AGT158,2026-03-01,22304.82,0,0,Responsive,Paid,22304.82
LN29217,AGT124,2026-03-01,29500.67,60,3,Promise To Pay,Partial,8850.2
LN29218,AGT118,2026-03-01,69798.42,30,2,No Answer,Unpaid,0.0
LN29219,AGT123,2026-03-01,4027.43,0,0,Promise To Pay,Paid,4027.43
LN29220,AGT109,2026-03-01,7781.29,0,0,Promise To Pay,Paid,7781.29
LN29221,AGT112,2026-03-01,6554.18,15,1,Responsive,Partial,3277.09
LN29222,AGT159,2026-03-01,15965.71,0,0,Responsive,Paid,15965.71
LN29223,AGT153,2026-03-01,12580.73,0,0,Promise To Pay,Paid,12580.73
LN29224,AGT152,2026-03-01,32097.56,90,4,Promise To Pay,Partial,9629.27
LN29225,AGT109,2026-03-01,14288.03,0,0,No Answer,Paid,14288.03
LN29226,AGT168,2026-03-01,8913.56,0,0,No Answer,Paid,8913.56
LN29227,AGT168,2026-03-01,13661.06,60,3,Promise To Pay,Partial,4098.32
LN29228,AGT154,2026-03-01,6373.65,15,1,Promise To Pay,Partial,1912.09
LN29229,AGT116,2026-03-01,2596.01,0,0,No Answer,Paid,2596.01
LN29230,AGT141,2026-03-01,16651.89,0,0,No Answer,Paid,16651.89
LN29231,AGT142,2026-03-01,12235.8,15,1,Responsive,Partial,6117.9
LN29232,AGT106,2026-03-01,38690.94,90,4,Promise To Pay,Partial,11607.28
LN29233,AGT161,2026-03-01,34284.63,90,4,No Answer,Unpaid,0.0
LN29234,AGT118,2026-03-01,3583.5,0,0,No Answer,Paid,3583.5
LN29235,AGT114,2026-03-01,11263.99,0,0,No Answer,Paid,11263.99
LN29236,AGT166,2026-03-01,3696.04,0,0,Responsive,Paid,3696.04
LN29237,AGT165,2026-03-01,2678.3,15,1,Promise To Pay,Partial,803.49
LN29238,AGT135,2026-03-01,747.35,15,1,Promise To Pay,Partial,224.21
LN29239,AGT165,2026-03-01,7871.81,15,1,Responsive,Partial,3935.91
LN29240,AGT139,2026-03-01,37952.01,30,2,Responsive,Partial,18976.01
LN29241,AGT144,2026-03-01,2248.73,0,0,Responsive,Paid,2248.73
LN29242,AGT144,2026-03-01,52426.8,30,2,Responsive,Paid,52426.8
LN29243,AGT114,2026-03-01,30356.66,0,0,Responsive,Paid,30356.66
LN29244,AGT127,2026-03-01,14426.32,0,0,No Answer,Paid,14426.32
LN29245,AGT114,2026-03-01,30059.05,60,3,Responsive,Paid,30059.05
LN29246,AGT167,2026-03-01,3219.69,0,0,Responsive,Paid,3219.69
LN29247,AGT140,2026-03-01,33109.53,15,1,Responsive,Paid,33109.53
LN29248,AGT101,2026-03-01,24849.61,0,0,No Answer,Paid,24849.61
LN29249,AGT138,2026-03-01,4915.39,0,0,No Answer,Paid,4915.39
LN29250,AGT116,2026-03-01,22443.11,0,0,Responsive,Paid,22443.11
LN29251,AGT130,2026-03-01,22450.07,30,2,Responsive,Partial,11225.03
LN29252,AGT144,2026-03-01,9929.56,0,0,Responsive,Paid,9929.56
LN29253,AGT128,2026-03-01,14791.41,30,2,Promise To Pay,Partial,4437.42
LN29254,AGT152,2026-03-01,29439.25,0,0,Promise To Pay,Paid,29439.25
LN29255,AGT120,2026-03-01,7056.29,0,0,Responsive,Paid,7056.29
LN29256,AGT154,2026-03-01,17483.18,0,0,No Answer,Paid,17483.18
LN29257,AGT131,2026-03-01,16563.56,90,4,No Answer,Unpaid,0.0
LN29258,AGT121,2026-03-01,30198.73,60,3,Responsive,Paid,30198.73
LN29259,AGT167,2026-03-01,29581.16,0,0,Responsive,Paid,29581.16
LN29260,AGT131,2026-03-01,32229.1,0,0,Promise To Pay,Paid,32229.1
LN29261,AGT162,2026-03-01,14314.05,90,4,Promise To Pay,Partial,4294.21
LN29262,AGT147,2026-03-01,12486.26,0,0,Responsive,Paid,12486.26
LN29263,AGT133,2026-03-01,33343.11,0,0,Responsive,Paid,33343.11
LN29264,AGT161,2026-03-01,8150.38,0,0,Responsive,Paid,8150.38
LN29265,AGT100,2026-03-01,7294.02,60,3,Promise To Pay,Partial,2188.21
LN29266,AGT153,2026-03-01,37517.5,30,2,No Answer,Unpaid,0.0
LN29267,AGT122,2026-03-01,4041.25,15,1,No Answer,Unpaid,0.0
LN29268,AGT130,2026-03-01,11150.69,30,2,No Answer,Unpaid,0.0
LN29269,AGT117,2026-03-01,11876.71,15,1,No Answer,Unpaid,0.0
LN29270,AGT111,2026-03-01,11445.66,0,0,No Answer,Paid,11445.66
LN29271,AGT133,2026-03-01,9653.94,30,2,Responsive,Partial,4826.97
LN29272,AGT171,2026-03-01,45957.97,90,4,No Answer,Unpaid,0.0
LN29273,AGT100,2026-03-01,7292.61,0,0,Promise To Pay,Paid,7292.61
LN29274,AGT166,2026-03-01,104946.76,90,4,Promise To Pay,Partial,31484.03
LN29275,AGT126,2026-03-01,21981.44,60,3,Responsive,Paid,21981.44
LN29276,AGT154,2026-03-01,14013.96,0,0,No Answer,Paid,14013.96
LN29277,AGT127,2026-03-01,10421.31,0,0,No Answer,Paid,10421.31
LN29278,AGT173,2026-03-01,13790.39,90,4,Responsive,Paid,13790.39
LN29279,AGT122,2026-03-01,51754.19,60,3,Responsive,Partial,25877.1
LN29280,AGT168,2026-03-01,112134.15,90,4,Promise To Pay,Partial,33640.24
LN29281,AGT140,2026-03-01,4965.46,0,0,Promise To Pay,Paid,4965.46
LN29282,AGT152,2026-03-01,13137.27,90,4,Responsive,Partial,6568.64
LN29283,AGT135,2026-03-01,115675.46,90,4,Responsive,Partial,57837.73
LN29284,AGT132,2026-03-01,5412.48,0,0,No Answer,Paid,5412.48
LN29285,AGT124,2026-03-01,7481.71,0,0,Promise To Pay,Paid,7481.71
LN29286,AGT166,2026-03-01,11515.38,0,0,Promise To Pay,Paid,11515.38
LN29287,AGT112,2026-03-01,26359.2,90,4,Responsive,Partial,13179.6
LN29288,AGT106,2026-03-01,41666.65,30,2,Responsive,Paid,41666.65
LN29289,AGT138,2026-03-01,12460.72,0,0,Responsive,Paid,12460.72
LN29290,AGT156,2026-03-01,8265.58,15,1,No Answer,Unpaid,0.0
LN29291,AGT136,2026-03-01,14898.56,0,0,No Answer,Paid,14898.56
LN29292,AGT145,2026-03-01,16753.95,60,3,Promise To Pay,Partial,5026.19
LN29293,AGT131,2026-03-01,43627.7,60,3,Responsive,Partial,21813.85
LN29294,AGT167,2026-03-01,23802.21,30,2,Responsive,Paid,23802.21
LN29295,AGT139,2026-03-01,13966.85,0,0,Responsive,Paid,13966.85
LN29296,AGT132,2026-03-01,10775.18,60,3,Responsive,Paid,10775.18
LN29297,AGT157,2026-03-01,14879.86,0,0,No Answer,Paid,14879.86
LN29298,AGT144,2026-03-01,160400.84,90,4,Responsive,Partial,80200.42
LN29299,AGT115,2026-03-01,6779.57,15,1,No Answer,Unpaid,0.0
LN29300,AGT157,2026-03-01,20061.57,15,1,Promise To Pay,Partial,6018.47
LN29301,AGT157,2026-03-01,4747.78,0,0,Responsive,Paid,4747.78
LN29302,AGT104,2026-03-01,1641.4,0,0,Promise To Pay,Paid,1641.4
LN29303,AGT126,2026-03-01,2103.94,0,0,Promise To Pay,Paid,2103.94
LN29304,AGT125,2026-03-01,4580.98,15,1,Responsive,Partial,2290.49
LN29305,AGT115,2026-03-01,4502.35,0,0,No Answer,Paid,4502.35
LN29306,AGT172,2026-03-01,1515.02,0,0,No Answer,Paid,1515.02
LN29307,AGT113,2026-03-01,6224.73,60,3,Promise To Pay,Partial,1867.42
LN29308,AGT153,2026-03-01,34501.19,90,4,Responsive,Paid,34501.19
LN29309,AGT163,2026-03-01,5491.2,30,2,No Answer,Unpaid,0.0
LN29310,AGT133,2026-03-01,110240.78,90,4,Promise To Pay,Partial,33072.23
LN29311,AGT138,2026-03-01,11670.05,90,4,Responsive,Paid,11670.05
LN29312,AGT113,2026-03-01,13305.34,30,2,Promise To Pay,Partial,3991.6
LN29313,AGT116,2026-03-01,10542.4,0,0,No Answer,Paid,10542.4
LN29314,AGT102,2026-03-01,8966.6,0,0,No Answer,Paid,8966.6
LN29315,AGT128,2026-03-01,19179.78,90,4,Responsive,Paid,19179.78
LN29316,AGT132,2026-03-01,28824.55,90,4,No Answer,Unpaid,0.0
LN29317,AGT125,2026-03-01,24674.69,0,0,No Answer,Paid,24674.69
LN29318,AGT112,2026-03-01,21790.67,60,3,Promise To Pay,Partial,6537.2
LN29319,AGT151,2026-03-01,7541.04,0,0,Promise To Pay,Paid,7541.04
LN29320,AGT121,2026-03-01,20325.95,30,2,Promise To Pay,Partial,6097.78
LN29321,AGT104,2026-03-01,11736.16,30,2,Responsive,Paid,11736.16
LN29322,AGT161,2026-03-01,26113.51,60,3,No Answer,Unpaid,0.0
LN29323,AGT170,2026-03-01,24387.8,30,2,No Answer,Unpaid,0.0
LN29324,AGT101,2026-03-01,15528.82,60,3,Promise To Pay,Partial,4658.65
LN29325,AGT137,2026-03-01,15014.71,30,2,Responsive,Paid,15014.71
LN29326,AGT163,2026-03-01,3378.41,15,1,No Answer,Unpaid,0.0
LN29327,AGT101,2026-03-01,25278.87,30,2,Promise To Pay,Partial,7583.66
LN29328,AGT129,2026-03-01,30949.54,60,3,Promise To Pay,Partial,9284.86
LN29329,AGT151,2026-03-01,83827.65,60,3,Responsive,Paid,83827.65
LN29330,AGT102,2026-03-01,2831.3,0,0,Promise To Pay,Paid,2831.3
LN29331,AGT168,2026-03-01,11794.29,30,2,Responsive,Paid,11794.29
LN29332,AGT165,2026-03-01,3705.69,0,0,Promise To Pay,Paid,3705.69
LN29333,AGT163,2026-03-01,65771.62,30,2,Responsive,Partial,32885.81
LN29334,AGT138,2026-03-01,7518.95,0,0,No Answer,Paid,7518.95
LN29335,AGT150,2026-03-01,19624.81,30,2,Promise To Pay,Partial,5887.44
LN29336,AGT118,2026-03-01,36672.98,15,1,Promise To Pay,Partial,11001.89
LN29337,AGT160,2026-03-01,7478.32,15,1,No Answer,Unpaid,0.0
LN29338,AGT158,2026-03-01,24671.23,90,4,No Answer,Unpaid,0.0
LN29339,AGT159,2026-03-01,25027.05,30,2,Promise To Pay,Partial,7508.11
LN29340,AGT166,2026-03-01,3393.52,15,1,Promise To Pay,Partial,1018.06
LN29341,AGT100,2026-03-01,13907.28,15,1,Responsive,Partial,6953.64
LN29342,AGT130,2026-03-01,19299.95,30,2,Responsive,Partial,9649.98
LN29343,AGT120,2026-03-01,19704.61,90,4,Promise To Pay,Partial,5911.38
LN29344,AGT131,2026-03-01,26309.87,90,4,Promise To Pay,Partial,7892.96
LN29345,AGT117,2026-03-01,9928.43,15,1,No Answer,Unpaid,0.0
LN29346,AGT164,2026-03-01,8755.82,0,0,Promise To Pay,Paid,8755.82
LN29347,AGT134,2026-03-01,5599.18,60,3,Promise To Pay,Partial,1679.75
LN29348,AGT100,2026-03-01,8270.68,90,4,Promise To Pay,Partial,2481.2
LN29349,AGT104,2026-03-01,14267.57,0,0,Promise To Pay,Paid,14267.57
LN29350,AGT114,2026-03-01,3918.19,0,0,Promise To Pay,Paid,3918.19
LN29351,AGT158,2026-03-01,10945.07,30,2,Promise To Pay,Partial,3283.52
LN29352,AGT157,2026-03-01,9844.74,15,1,Promise To Pay,Partial,2953.42
LN29353,AGT170,2026-03-01,12827.58,0,0,Responsive,Paid,12827.58
LN29354,AGT165,2026-03-01,15797.34,0,0,Promise To Pay,Paid,15797.34
LN29355,AGT104,2026-03-01,7070.74,15,1,Promise To Pay,Partial,2121.22
LN29356,AGT149,2026-03-01,4516.56,0,0,Responsive,Paid,4516.56
LN29357,AGT145,2026-03-01,11713.28,30,2,No Answer,Unpaid,0.0
LN29358,AGT102,2026-03-01,13076.63,15,1,No Answer,Unpaid,0.0
LN29359,AGT119,2026-03-01,3209.4,15,1,Promise To Pay,Partial,962.82
LN29360,AGT124,2026-03-01,53428.29,90,4,Promise To Pay,Partial,16028.49
LN29361,AGT126,2026-03-01,7202.84,15,1,No Answer,Unpaid,0.0
LN29362,AGT170,2026-03-01,10987.23,15,1,No Answer,Unpaid,0.0
LN29363,AGT116,2026-03-01,2515.83,0,0,Responsive,Paid,2515.83
LN29364,AGT158,2026-03-01,7986.02,15,1,Responsive,Partial,3993.01
LN29365,AGT122,2026-03-01,6023.42,30,2,Promise To Pay,Partial,1807.03
LN29366,AGT135,2026-03-01,32471.3,30,2,Promise To Pay,Partial,9741.39
LN29367,AGT102,2026-03-01,34992.11,30,2,No Answer,Unpaid,0.0
LN29368,AGT112,2026-03-01,12672.83,0,0,No Answer,Paid,12672.83
LN29369,AGT143,2026-03-01,7095.83,0,0,No Answer,Paid,7095.83
LN29370,AGT159,2026-03-01,32872.89,30,2,No Answer,Unpaid,0.0
LN29371,AGT113,2026-03-01,10735.19,0,0,No Answer,Paid,10735.19
LN29372,AGT142,2026-03-01,9603.53,0,0,Promise To Pay,Paid,9603.53
LN29373,AGT128,2026-03-01,4991.26,15,1,Promise To Pay,Partial,1497.38
LN29374,AGT114,2026-03-01,19224.62,30,2,Promise To Pay,Partial,5767.39
LN29375,AGT115,2026-03-01,19845.62,15,1,Responsive,Partial,9922.81
LN29376,AGT123,2026-03-01,6443.15,0,0,Promise To Pay,Paid,6443.15
LN29377,AGT112,2026-03-01,23798.17,30,2,No Answer,Unpaid,0.0
LN29378,AGT164,2026-03-01,18698.98,0,0,No Answer,Paid,18698.98
LN29379,AGT132,2026-03-01,9373.98,0,0,Responsive,Paid,9373.98
LN29380,AGT149,2026-03-01,52345.34,90,4,No Answer,Unpaid,0.0
LN29381,AGT121,2026-03-01,3807.21,0,0,Responsive,Paid,3807.21
LN29382,AGT128,2026-03-01,17792.11,0,0,Responsive,Paid,17792.11
LN29383,AGT119,2026-03-01,14388.88,15,1,No Answer,Unpaid,0.0
LN29384,AGT160,2026-03-01,6599.63,15,1,Responsive,Paid,6599.63
LN29385,AGT132,2026-03-01,7159.31,30,2,Responsive,Paid,7159.31
LN29386,AGT160,2026-03-01,20761.81,60,3,No Answer,Unpaid,0.0
LN29387,AGT156,2026-03-01,4614.97,30,2,Responsive,Paid,4614.97
LN29388,AGT172,2026-03-01,13168.13,30,2,Promise To Pay,Partial,3950.44
LN29389,AGT141,2026-03-01,35567.13,0,0,Responsive,Paid,35567.13
LN29390,AGT163,2026-03-01,11689.32,30,2,Responsive,Partial,5844.66
LN29391,AGT170,2026-03-01,13592.35,0,0,Responsive,Paid,13592.35
LN29392,AGT121,2026-03-01,23164.86,60,3,Promise To Pay,Partial,6949.46
LN29393,AGT151,2026-03-01,14313.06,30,2,Promise To Pay,Partial,4293.92
LN29394,AGT143,2026-03-01,9904.28,0,0,No Answer,Paid,9904.28
LN29395,AGT121,2026-03-01,15471.97,30,2,Promise To Pay,Partial,4641.59
LN29396,AGT152,2026-03-01,28434.54,0,0,Promise To Pay,Paid,28434.54
LN29397,AGT173,2026-03-01,4244.84,15,1,No Answer,Unpaid,0.0
LN29398,AGT156,2026-03-01,68258.16,90,4,No Answer,Unpaid,0.0
LN29399,AGT141,2026-03-01,6836.33,15,1,Responsive,Paid,6836.33
LN29400,AGT157,2026-03-01,17833.37,0,0,Responsive,Paid,17833.37
LN29401,AGT170,2026-03-01,10304.12,0,0,Promise To Pay,Paid,10304.12
LN29402,AGT152,2026-03-01,10700.83,0,0,Promise To Pay,Paid,10700.83
LN29403,AGT163,2026-03-01,14700.63,0,0,Responsive,Paid,14700.63
LN29404,AGT125,2026-03-01,14787.89,0,0,No Answer,Paid,14787.89
LN29405,AGT117,2026-03-01,13488.76,0,0,Promise To Pay,Paid,13488.76
LN29406,AGT133,2026-03-01,15569.58,0,0,No Answer,Paid,15569.58
LN29407,AGT157,2026-03-01,22157.19,15,1,Responsive,Paid,22157.19
LN29408,AGT132,2026-03-01,62850.25,90,4,No Answer,Unpaid,0.0
LN29409,AGT140,2026-03-01,8203.63,90,4,Responsive,Partial,4101.81
LN29410,AGT103,2026-03-01,8323.0,15,1,Responsive,Paid,8323.0
LN29411,AGT101,2026-03-01,15093.48,0,0,No Answer,Paid,15093.48
LN29412,AGT109,2026-03-01,6179.8,30,2,Promise To Pay,Partial,1853.94
LN29413,AGT161,2026-03-01,3237.1,0,0,Promise To Pay,Paid,3237.1
LN29414,AGT137,2026-03-01,1362.66,0,0,Promise To Pay,Paid,1362.66
LN29415,AGT129,2026-03-01,52612.26,15,1,Promise To Pay,Partial,15783.68
LN29416,AGT163,2026-03-01,29281.07,0,0,No Answer,Paid,29281.07
LN29417,AGT127,2026-03-01,3311.29,30,2,No Answer,Unpaid,0.0
LN29418,AGT148,2026-03-01,24349.16,60,3,Promise To Pay,Partial,7304.75
LN29419,AGT140,2026-03-01,15158.34,30,2,Promise To Pay,Partial,4547.5
LN29420,AGT167,2026-03-01,8639.79,0,0,Responsive,Paid,8639.79
LN29421,AGT101,2026-03-01,10431.41,15,1,Promise To Pay,Partial,3129.42
LN29422,AGT148,2026-03-01,39795.34,0,0,Responsive,Paid,39795.34
LN29423,AGT111,2026-03-01,7685.79,15,1,Responsive,Paid,7685.79
LN29424,AGT155,2026-03-01,12675.6,15,1,No Answer,Unpaid,0.0
LN29425,AGT143,2026-03-01,1870.06,0,0,Promise To Pay,Paid,1870.06
LN29426,AGT116,2026-03-01,20140.68,0,0,Promise To Pay,Paid,20140.68
LN29427,AGT135,2026-03-01,18094.91,0,0,Responsive,Paid,18094.91
LN29428,AGT135,2026-03-01,4537.54,0,0,No Answer,Paid,4537.54
LN29429,AGT131,2026-03-01,6659.66,0,0,Promise To Pay,Paid,6659.66
LN29430,AGT145,2026-03-01,14164.26,0,0,Responsive,Paid,14164.26
LN29431,AGT158,2026-03-01,24809.9,90,4,Promise To Pay,Partial,7442.97
LN29432,AGT121,2026-03-01,13491.24,15,1,Promise To Pay,Partial,4047.37
LN29433,AGT145,2026-03-01,18817.34,0,0,No Answer,Paid,18817.34
LN29434,AGT146,2026-03-01,24670.57,30,2,Promise To Pay,Partial,7401.17
LN29435,AGT138,2026-03-01,6825.94,0,0,No Answer,Paid,6825.94
LN29436,AGT120,2026-03-01,25743.99,90,4,No Answer,Unpaid,0.0
LN29437,AGT129,2026-03-01,19516.37,0,0,Responsive,Paid,19516.37
LN29438,AGT128,2026-03-01,4385.85,0,0,Promise To Pay,Paid,4385.85
LN29439,AGT118,2026-03-01,19848.59,90,4,No Answer,Unpaid,0.0
LN29440,AGT153,2026-03-01,57484.19,90,4,Promise To Pay,Partial,17245.26
LN29441,AGT149,2026-03-01,8685.89,0,0,Promise To Pay,Paid,8685.89
LN29442,AGT113,2026-03-01,4436.22,0,0,Responsive,Paid,4436.22
LN29443,AGT146,2026-03-01,25489.49,30,2,No Answer,Unpaid,0.0
LN29444,AGT164,2026-03-01,14313.07,60,3,Responsive,Partial,7156.53
LN29445,AGT142,2026-03-01,3749.74,15,1,Responsive,Partial,1874.87
LN29446,AGT171,2026-03-01,20082.87,15,1,Responsive,Paid,20082.87
LN29447,AGT172,2026-03-01,1177.0,15,1,Promise To Pay,Partial,353.1
LN29448,AGT168,2026-03-01,23365.96,60,3,No Answer,Unpaid,0.0
LN29449,AGT116,2026-03-01,5508.57,30,2,Responsive,Partial,2754.28
LN29450,AGT133,2026-03-01,20126.79,30,2,Responsive,Paid,20126.79
LN29451,AGT147,2026-03-01,76871.57,60,3,No Answer,Unpaid,0.0
LN29452,AGT159,2026-03-01,14823.74,0,0,Promise To Pay,Paid,14823.74
LN29453,AGT108,2026-03-01,10443.74,15,1,Responsive,Paid,10443.74
LN29454,AGT168,2026-03-01,2528.15,0,0,Responsive,Paid,2528.15
LN29455,AGT143,2026-03-01,17502.91,30,2,Promise To Pay,Partial,5250.87
LN29456,AGT145,2026-03-01,3379.18,15,1,No Answer,Unpaid,0.0
LN29457,AGT165,2026-03-01,4236.61,90,4,Responsive,Paid,4236.61
LN29458,AGT137,2026-03-01,23589.41,30,2,Responsive,Paid,23589.41
LN29459,AGT129,2026-03-01,15526.74,60,3,Responsive,Partial,7763.37
LN29460,AGT155,2026-03-01,4627.0,0,0,Responsive,Paid,4627.0
LN29461,AGT172,2026-03-01,3459.38,15,1,No Answer,Unpaid,0.0
LN29462,AGT122,2026-03-01,6319.69,0,0,No Answer,Paid,6319.69
LN29463,AGT150,2026-03-01,34418.85,15,1,No Answer,Unpaid,0.0
LN29464,AGT144,2026-03-01,12950.94,0,0,No Answer,Paid,12950.94
LN29465,AGT115,2026-03-01,20644.92,15,1,Responsive,Partial,10322.46
LN29466,AGT104,2026-03-01,20579.85,90,4,Promise To Pay,Partial,6173.95
LN29467,AGT158,2026-03-01,22716.56,0,0,Promise To Pay,Paid,22716.56
LN29468,AGT150,2026-03-01,20358.5,60,3,No Answer,Unpaid,0.0
LN29469,AGT122,2026-03-01,10326.38,15,1,Responsive,Partial,5163.19
LN29470,AGT113,2026-03-01,7190.4,15,1,Responsive,Partial,3595.2
LN29471,AGT108,2026-03-01,3729.66,0,0,No Answer,Paid,3729.66
LN29472,AGT154,2026-03-01,10197.63,0,0,Promise To Pay,Paid,10197.63
LN29473,AGT155,2026-03-01,2014.4,0,0,Promise To Pay,Paid,2014.4
LN29474,AGT121,2026-03-01,9070.4,15,1,Promise To Pay,Partial,2721.12
LN29475,AGT159,2026-03-01,52864.74,90,4,Responsive,Paid,52864.74
LN29476,AGT102,2026-03-01,5879.69,15,1,No Answer,Unpaid,0.0
LN29477,AGT137,2026-03-01,5639.25,0,0,Promise To Pay,Paid,5639.25
LN29478,AGT152,2026-03-01,14658.24,0,0,Responsive,Paid,14658.24
LN29479,AGT103,2026-03-01,4774.12,15,1,No Answer,Unpaid,0.0
LN29480,AGT141,2026-03-01,4652.5,0,0,Promise To Pay,Paid,4652.5
LN29481,AGT102,2026-03-01,10510.53,15,1,No Answer,Unpaid,0.0
LN29482,AGT153,2026-03-01,20358.94,0,0,Promise To Pay,Paid,20358.94
LN29483,AGT137,2026-03-01,7502.28,0,0,Promise To Pay,Paid,7502.28
LN29484,AGT112,2026-03-01,3262.71,15,1,Responsive,Paid,3262.71
LN29485,AGT116,2026-03-01,12695.09,0,0,Responsive,Paid,12695.09
LN29486,AGT117,2026-03-01,6031.23,0,0,Responsive,Paid,6031.23
LN29487,AGT140,2026-03-01,25625.84,30,2,Responsive,Paid,25625.84
LN29488,AGT135,2026-03-01,23405.35,0,0,Responsive,Paid,23405.35
LN29489,AGT101,2026-03-01,28194.85,0,0,No Answer,Paid,28194.85
LN29490,AGT134,2026-03-01,11156.92,15,1,No Answer,Unpaid,0.0
LN29491,AGT155,2026-03-01,6322.97,15,1,Responsive,Partial,3161.49
LN29492,AGT113,2026-03-01,20772.49,90,4,Responsive,Partial,10386.25
LN29493,AGT145,2026-03-01,10960.79,0,0,Promise To Pay,Paid,10960.79
LN29494,AGT126,2026-03-01,10698.2,0,0,No Answer,Paid,10698.2
LN29495,AGT124,2026-03-01,17454.11,0,0,Promise To Pay,Paid,17454.11
LN29496,AGT147,2026-03-01,1428.06,0,0,Responsive,Paid,1428.06
LN29497,AGT139,2026-03-01,20998.31,30,2,Responsive,Partial,10499.16
LN29498,AGT112,2026-03-01,31692.12,30,2,Promise To Pay,Partial,9507.64
LN29499,AGT146,2026-03-01,74450.05,30,2,Responsive,Paid,74450.05
LN29500,AGT118,2026-03-01,14354.89,90,4,Responsive,Paid,14354.89
LN29501,AGT101,2026-03-01,121843.89,90,4,Responsive,Partial,60921.94
LN29502,AGT100,2026-03-01,24069.26,90,4,Promise To Pay,Partial,7220.78
LN29503,AGT102,2026-03-01,25394.06,15,1,Responsive,Partial,12697.03
LN29504,AGT156,2026-03-01,7693.03,15,1,Responsive,Paid,7693.03
LN29505,AGT145,2026-03-01,13851.95,0,0,Promise To Pay,Paid,13851.95
LN29506,AGT159,2026-03-01,17450.79,60,3,No Answer,Unpaid,0.0
LN29507,AGT141,2026-03-01,15138.12,0,0,Promise To Pay,Paid,15138.12
LN29508,AGT106,2026-03-01,12989.62,0,0,Responsive,Paid,12989.62
LN29509,AGT174,2026-03-01,40038.74,90,4,No Answer,Unpaid,0.0
LN29510,AGT101,2026-03-01,10820.32,30,2,Promise To Pay,Partial,3246.1
LN29511,AGT141,2026-03-01,16436.49,0,0,Promise To Pay,Paid,16436.49
LN29512,AGT147,2026-03-01,41431.36,60,3,Promise To Pay,Partial,12429.41
LN29513,AGT142,2026-03-01,26143.95,60,3,Promise To Pay,Partial,7843.18
LN29514,AGT145,2026-03-01,1786.14,0,0,No Answer,Paid,1786.14
LN29515,AGT133,2026-03-01,130201.6,90,4,Responsive,Partial,65100.8
LN29516,AGT160,2026-03-01,16206.34,30,2,Responsive,Paid,16206.34
LN29517,AGT171,2026-03-01,6382.4,15,1,Responsive,Partial,3191.2
LN29518,AGT139,2026-03-01,74184.78,60,3,Promise To Pay,Partial,22255.43
LN29519,AGT164,2026-03-01,13246.03,0,0,Responsive,Paid,13246.03
LN29520,AGT168,2026-03-01,14956.14,15,1,Promise To Pay,Partial,4486.84
LN29521,AGT121,2026-03-01,10314.2,30,2,Responsive,Partial,5157.1
LN29522,AGT141,2026-03-01,10952.88,0,0,Responsive,Paid,10952.88
LN29523,AGT151,2026-03-01,13193.91,0,0,Responsive,Paid,13193.91
LN29524,AGT170,2026-03-01,10844.02,15,1,Responsive,Paid,10844.02
LN29525,AGT153,2026-03-01,14332.72,0,0,No Answer,Paid,14332.72
LN29526,AGT113,2026-03-01,10311.04,15,1,No Answer,Unpaid,0.0
LN29527,AGT124,2026-03-01,29931.64,60,3,Responsive,Paid,29931.64
LN29528,AGT109,2026-03-01,2218.37,30,2,Promise To Pay,Partial,665.51
LN29529,AGT134,2026-03-01,8897.46,0,0,Promise To Pay,Paid,8897.46
LN29530,AGT138,2026-03-01,6822.65,0,0,Responsive,Paid,6822.65
LN29531,AGT116,2026-03-01,12518.95,0,0,No Answer,Paid,12518.95
LN29532,AGT145,2026-03-01,44726.11,0,0,Promise To Pay,Paid,44726.11
LN29533,AGT134,2026-03-01,32563.26,15,1,Promise To Pay,Partial,9768.98
LN29534,AGT106,2026-03-01,8562.27,0,0,Promise To Pay,Paid,8562.27
LN29535,AGT112,2026-03-01,2256.58,0,0,Responsive,Paid,2256.58
LN29536,AGT123,2026-03-01,13718.52,0,0,No Answer,Paid,13718.52
LN29537,AGT136,2026-03-01,10865.46,90,4,Promise To Pay,Partial,3259.64
LN29538,AGT167,2026-03-01,6475.18,15,1,Promise To Pay,Partial,1942.55
LN29539,AGT167,2026-03-01,24530.97,30,2,No Answer,Unpaid,0.0
LN29540,AGT128,2026-03-01,4724.06,30,2,Promise To Pay,Partial,1417.22
LN29541,AGT128,2026-03-01,6433.38,0,0,Promise To Pay,Paid,6433.38
LN29542,AGT113,2026-03-01,21755.65,90,4,Responsive,Partial,10877.83
LN29543,AGT133,2026-03-01,4527.45,15,1,Responsive,Partial,2263.72
LN29544,AGT105,2026-03-01,16700.22,15,1,No Answer,Unpaid,0.0
LN29545,AGT152,2026-03-01,10055.68,0,0,No Answer,Paid,10055.68
LN29546,AGT165,2026-03-01,15564.55,60,3,No Answer,Unpaid,0.0
LN29547,AGT129,2026-03-01,86286.77,30,2,Responsive,Partial,43143.39
LN29548,AGT125,2026-03-01,10145.86,15,1,No Answer,Unpaid,0.0
LN29549,AGT125,2026-03-01,5747.62,15,1,Responsive,Paid,5747.62
LN29550,AGT173,2026-03-01,19417.54,60,3,Responsive,Partial,9708.77
LN29551,AGT123,2026-03-01,17421.85,30,2,No Answer,Unpaid,0.0
LN29552,AGT131,2026-03-01,17991.99,15,1,Promise To Pay,Partial,5397.6
LN29553,AGT114,2026-03-01,69275.08,30,2,No Answer,Unpaid,0.0
LN29554,AGT119,2026-03-01,2160.1,15,1,Responsive,Paid,2160.1
LN29555,AGT100,2026-03-01,23742.06,0,0,Promise To Pay,Paid,23742.06
LN29556,AGT158,2026-03-01,34874.19,90,4,Responsive,Paid,34874.19
LN29557,AGT147,2026-03-01,14031.19,30,2,Promise To Pay,Partial,4209.36
LN29558,AGT121,2026-03-01,19098.27,30,2,No Answer,Unpaid,0.0
LN29559,AGT111,2026-03-01,16630.48,0,0,Responsive,Paid,16630.48
LN29560,AGT103,2026-03-01,17244.78,15,1,Promise To Pay,Partial,5173.43
LN29561,AGT148,2026-03-01,28902.27,60,3,Responsive,Partial,14451.14
LN29562,AGT125,2026-03-01,5255.52,15,1,Responsive,Paid,5255.52
LN29563,AGT101,2026-03-01,22814.63,0,0,Promise To Pay,Paid,22814.63
LN29564,AGT104,2026-03-01,6672.4,60,3,No Answer,Unpaid,0.0
LN29565,AGT131,2026-03-01,7484.08,0,0,No Answer,Paid,7484.08
LN29566,AGT109,2026-03-01,3901.7,15,1,No Answer,Unpaid,0.0
LN29567,AGT161,2026-03-01,37950.69,0,0,Responsive,Paid,37950.69
LN29568,AGT170,2026-03-01,11568.97,0,0,No Answer,Paid,11568.97
LN29569,AGT173,2026-03-01,16496.54,30,2,Promise To Pay,Partial,4948.96
LN29570,AGT171,2026-03-01,13263.34,90,4,Responsive,Paid,13263.34
LN29571,AGT103,2026-03-01,31965.78,60,3,Responsive,Paid,31965.78
LN29572,AGT168,2026-03-01,5694.69,0,0,Responsive,Paid,5694.69
LN29573,AGT102,2026-03-01,20543.88,60,3,No Answer,Unpaid,0.0
LN29574,AGT145,2026-03-01,28223.64,60,3,Responsive,Partial,14111.82
LN29575,AGT139,2026-03-01,14366.81,0,0,No Answer,Paid,14366.81
LN29576,AGT164,2026-03-01,7340.24,0,0,Responsive,Paid,7340.24
LN29577,AGT141,2026-03-01,6325.33,0,0,Responsive,Paid,6325.33
LN29578,AGT113,2026-03-01,38099.24,90,4,Responsive,Partial,19049.62
LN29579,AGT173,2026-03-01,23139.4,60,3,Responsive,Partial,11569.7
LN29580,AGT107,2026-03-01,11192.14,15,1,Responsive,Paid,11192.14
LN29581,AGT116,2026-03-01,37852.46,0,0,No Answer,Paid,37852.46
LN29582,AGT112,2026-03-01,11077.28,15,1,No Answer,Unpaid,0.0
LN29583,AGT173,2026-03-01,6769.75,30,2,No Answer,Unpaid,0.0
LN29584,AGT165,2026-03-01,8322.6,0,0,Promise To Pay,Paid,8322.6
LN29585,AGT114,2026-03-01,2765.29,15,1,No Answer,Unpaid,0.0
LN29586,AGT107,2026-03-01,6052.79,15,1,No Answer,Unpaid,0.0
LN29587,AGT112,2026-03-01,13414.77,0,0,Responsive,Paid,13414.77
LN29588,AGT154,2026-03-01,9911.77,0,0,Promise To Pay,Paid,9911.77
LN29589,AGT151,2026-03-01,7214.41,0,0,No Answer,Paid,7214.41
LN29590,AGT165,2026-03-01,32226.05,60,3,Responsive,Paid,32226.05
LN29591,AGT154,2026-03-01,5492.66,0,0,No Answer,Paid,5492.66
LN29592,AGT111,2026-03-01,5537.66,0,0,Promise To Pay,Paid,5537.66
LN29593,AGT170,2026-03-01,33243.7,0,0,No Answer,Paid,33243.7
LN29594,AGT118,2026-03-01,44023.91,30,2,No Answer,Unpaid,0.0
LN29595,AGT152,2026-03-01,7452.62,0,0,Promise To Pay,Paid,7452.62
LN29596,AGT139,2026-03-01,7028.43,0,0,Responsive,Paid,7028.43
LN29597,AGT146,2026-03-01,3767.88,0,0,Promise To Pay,Paid,3767.88
LN29598,AGT107,2026-03-01,3800.31,15,1,No Answer,Unpaid,0.0
LN29599,AGT120,2026-03-01,38165.09,60,3,No Answer,Unpaid,0.0
LN29600,AGT155,2026-03-01,2518.38,0,0,No Answer,Paid,2518.38
LN29601,AGT124,2026-03-01,12276.08,0,0,Responsive,Paid,12276.08
LN29602,AGT168,2026-03-01,8352.76,0,0,No Answer,Paid,8352.76
LN29603,AGT164,2026-03-01,6068.44,0,0,Promise To Pay,Paid,6068.44
LN29604,AGT123,2026-03-01,4381.32,30,2,No Answer,Unpaid,0.0
LN29605,AGT173,2026-03-01,12624.77,0,0,No Answer,Paid,12624.77
LN29606,AGT114,2026-03-01,38511.08,30,2,Promise To Pay,Partial,11553.32
LN29607,AGT138,2026-03-01,6740.31,15,1,Responsive,Partial,3370.16
LN29608,AGT119,2026-03-01,36957.66,30,2,No Answer,Unpaid,0.0
LN29609,AGT129,2026-03-01,25749.4,30,2,No Answer,Unpaid,0.0
LN29610,AGT150,2026-03-01,22780.61,30,2,Responsive,Paid,22780.61
LN29611,AGT121,2026-03-01,1905.17,0,0,Promise To Pay,Paid,1905.17
LN29612,AGT130,2026-03-01,6467.96,15,1,Responsive,Partial,3233.98
LN29613,AGT116,2026-03-01,37824.5,30,2,Promise To Pay,Partial,11347.35
LN29614,AGT138,2026-03-01,7849.8,0,0,Responsive,Paid,7849.8
LN29615,AGT122,2026-03-01,10556.67,0,0,Promise To Pay,Paid,10556.67
LN29616,AGT144,2026-03-01,47578.53,30,2,No Answer,Unpaid,0.0
LN29617,AGT126,2026-03-01,16057.62,30,2,Promise To Pay,Partial,4817.29
LN29618,AGT172,2026-03-01,7694.27,60,3,Promise To Pay,Partial,2308.28
LN29619,AGT127,2026-03-01,32404.8,15,1,Responsive,Partial,16202.4
LN29620,AGT165,2026-03-01,9058.53,90,4,Promise To Pay,Partial,2717.56
LN29621,AGT121,2026-03-01,45837.59,90,4,No Answer,Unpaid,0.0
LN29622,AGT133,2026-03-01,5822.31,60,3,Responsive,Partial,2911.16
LN29623,AGT148,2026-03-01,45214.47,30,2,Promise To Pay,Partial,13564.34
LN29624,AGT146,2026-03-01,36053.17,60,3,No Answer,Unpaid,0.0
LN29625,AGT136,2026-03-01,27045.18,30,2,No Answer,Unpaid,0.0
LN29626,AGT164,2026-03-01,9035.72,0,0,Promise To Pay,Paid,9035.72
LN29627,AGT104,2026-03-01,48784.19,60,3,Promise To Pay,Partial,14635.26
LN29628,AGT134,2026-03-01,89433.22,30,2,Responsive,Partial,44716.61
LN29629,AGT119,2026-03-01,9921.16,0,0,Responsive,Paid,9921.16
LN29630,AGT148,2026-03-01,10842.27,0,0,No Answer,Paid,10842.27
LN29631,AGT109,2026-03-01,1726.71,0,0,Promise To Pay,Paid,1726.71
LN29632,AGT158,2026-03-01,5597.65,15,1,Promise To Pay,Partial,1679.29
LN29633,AGT165,2026-03-01,76424.53,90,4,Responsive,Paid,76424.53
LN29634,AGT125,2026-03-01,11162.02,0,0,Promise To Pay,Paid,11162.02
LN29635,AGT145,2026-03-01,8325.59,30,2,No Answer,Unpaid,0.0
LN29636,AGT130,2026-03-01,12933.73,0,0,Responsive,Paid,12933.73
LN29637,AGT119,2026-03-01,28957.99,0,0,Responsive,Paid,28957.99
LN29638,AGT170,2026-03-01,14519.31,0,0,Promise To Pay,Paid,14519.31
LN29639,AGT107,2026-03-01,4987.97,0,0,Responsive,Paid,4987.97
LN29640,AGT111,2026-03-01,8360.97,0,0,No Answer,Paid,8360.97
LN29641,AGT149,2026-03-01,4018.93,15,1,Responsive,Partial,2009.46
LN29642,AGT154,2026-03-01,3224.73,15,1,Promise To Pay,Partial,967.42
LN29643,AGT111,2026-03-01,11773.88,0,0,Promise To Pay,Paid,11773.88
LN29644,AGT138,2026-03-01,6108.69,30,2,No Answer,Unpaid,0.0
LN29645,AGT168,2026-03-01,8588.1,0,0,Promise To Pay,Paid,8588.1
LN29646,AGT101,2026-03-01,27444.98,30,2,Responsive,Paid,27444.98
LN29647,AGT123,2026-03-01,35907.25,0,0,No Answer,Paid,35907.25
LN29648,AGT160,2026-03-01,6498.83,0,0,No Answer,Paid,6498.83
LN29649,AGT173,2026-03-01,33412.68,90,4,Promise To Pay,Partial,10023.8
LN29650,AGT148,2026-03-01,6792.66,0,0,Responsive,Paid,6792.66
LN29651,AGT170,2026-03-01,28037.15,0,0,Responsive,Paid,28037.15
LN29652,AGT147,2026-03-01,4984.2,15,1,No Answer,Unpaid,0.0
LN29653,AGT139,2026-03-01,14459.6,60,3,No Answer,Unpaid,0.0
LN29654,AGT161,2026-03-01,6476.54,0,0,No Answer,Paid,6476.54
LN29655,AGT117,2026-03-01,9370.72,60,3,No Answer,Unpaid,0.0
LN29656,AGT106,2026-03-01,3586.5,0,0,Promise To Pay,Paid,3586.5
LN29657,AGT159,2026-03-01,116306.09,60,3,No Answer,Unpaid,0.0
LN29658,AGT145,2026-03-01,8579.21,0,0,Responsive,Paid,8579.21
LN29659,AGT157,2026-03-01,21918.03,60,3,Responsive,Partial,10959.01
LN29660,AGT102,2026-03-01,43454.85,0,0,Promise To Pay,Paid,43454.85
LN29661,AGT151,2026-03-01,4145.03,0,0,Responsive,Paid,4145.03
LN29662,AGT146,2026-03-01,5416.89,0,0,Promise To Pay,Paid,5416.89
LN29663,AGT132,2026-03-01,3857.69,15,1,Promise To Pay,Partial,1157.31
LN29664,AGT159,2026-03-01,1219.49,0,0,Responsive,Paid,1219.49
LN29665,AGT173,2026-03-01,22790.81,90,4,No Answer,Unpaid,0.0
LN29666,AGT172,2026-03-01,29253.7,60,3,Responsive,Paid,29253.7
LN29667,AGT102,2026-03-01,8489.57,0,0,No Answer,Paid,8489.57
LN29668,AGT146,2026-03-01,8274.5,0,0,Promise To Pay,Paid,8274.5
LN29669,AGT165,2026-03-01,5483.6,15,1,Responsive,Partial,2741.8
LN29670,AGT142,2026-03-01,3796.44,0,0,Responsive,Paid,3796.44
LN29671,AGT146,2026-03-01,25519.17,0,0,Responsive,Paid,25519.17
LN29672,AGT173,2026-03-01,7475.65,0,0,Promise To Pay,Paid,7475.65
LN29673,AGT168,2026-03-01,14162.01,0,0,No Answer,Paid,14162.01
LN29674,AGT122,2026-03-01,6827.73,0,0,Responsive,Paid,6827.73
LN29675,AGT140,2026-03-01,1935.68,0,0,Promise To Pay,Paid,1935.68
LN29676,AGT168,2026-03-01,28402.29,30,2,Responsive,Paid,28402.29
LN29677,AGT132,2026-03-01,8299.44,0,0,No Answer,Paid,8299.44
LN29678,AGT146,2026-03-01,5330.3,15,1,Responsive,Partial,2665.15
LN29679,AGT133,2026-03-01,11619.63,15,1,Promise To Pay,Partial,3485.89
LN29680,AGT166,2026-03-01,31047.26,90,4,Responsive,Partial,15523.63
LN29681,AGT170,2026-03-01,11774.79,0,0,Promise To Pay,Paid,11774.79
LN29682,AGT124,2026-03-01,56221.34,90,4,Promise To Pay,Partial,16866.4
LN29683,AGT125,2026-03-01,43208.21,60,3,Promise To Pay,Partial,12962.46
LN29684,AGT156,2026-03-01,15525.32,30,2,Responsive,Paid,15525.32
LN29685,AGT124,2026-03-01,16731.26,0,0,Responsive,Paid,16731.26
LN29686,AGT102,2026-03-01,1801.9,0,0,Responsive,Paid,1801.9
LN29687,AGT153,2026-03-01,33751.88,60,3,Promise To Pay,Partial,10125.56
LN29688,AGT120,2026-03-01,1853.7,0,0,No Answer,Paid,1853.7
LN29689,AGT168,2026-03-01,34445.6,0,0,Promise To Pay,Paid,34445.6
LN29690,AGT144,2026-03-01,6752.94,0,0,No Answer,Paid,6752.94
LN29691,AGT173,2026-03-01,6870.82,0,0,Responsive,Paid,6870.82
LN29692,AGT162,2026-03-01,8215.1,15,1,Promise To Pay,Partial,2464.53
LN29693,AGT105,2026-03-01,41794.29,90,4,Promise To Pay,Partial,12538.29
LN29694,AGT112,2026-03-01,22573.25,30,2,No Answer,Unpaid,0.0
LN29695,AGT104,2026-03-01,2016.74,30,2,No Answer,Unpaid,0.0
LN29696,AGT149,2026-03-01,33907.78,90,4,Responsive,Partial,16953.89
LN29697,AGT159,2026-03-01,9790.96,0,0,Responsive,Paid,9790.96
LN29698,AGT136,2026-03-01,38428.26,0,0,Responsive,Paid,38428.26
LN29699,AGT120,2026-03-01,24162.44,60,3,Responsive,Paid,24162.44
LN29700,AGT147,2026-03-01,48078.6,90,4,No Answer,Unpaid,0.0
LN29701,AGT158,2026-03-01,1313.13,0,0,Promise To Pay,Paid,1313.13
LN29702,AGT121,2026-03-01,21346.0,60,3,Responsive,Partial,10673.0
LN29703,AGT152,2026-03-01,21512.18,30,2,Responsive,Paid,21512.18
LN29704,AGT125,2026-03-01,4787.35,15,1,No Answer,Unpaid,0.0
LN29705,AGT149,2026-03-01,6330.19,0,0,Responsive,Paid,6330.19
LN29706,AGT168,2026-03-01,9349.85,30,2,Responsive,Paid,9349.85
LN29707,AGT172,2026-03-01,22684.24,30,2,Responsive,Partial,11342.12
LN29708,AGT126,2026-03-01,29936.17,0,0,Responsive,Paid,29936.17
LN29709,AGT164,2026-03-01,16891.06,30,2,No Answer,Unpaid,0.0
LN29710,AGT135,2026-03-01,8764.08,0,0,Responsive,Paid,8764.08
LN29711,AGT124,2026-03-01,7171.61,0,0,Responsive,Paid,7171.61
LN29712,AGT148,2026-03-01,6112.46,0,0,Promise To Pay,Paid,6112.46
LN29713,AGT115,2026-03-01,4184.64,0,0,No Answer,Paid,4184.64
LN29714,AGT138,2026-03-01,17188.73,30,2,No Answer,Unpaid,0.0
LN29715,AGT167,2026-03-01,32725.42,0,0,Responsive,Paid,32725.42
LN29716,AGT146,2026-03-01,1803.52,0,0,Promise To Pay,Paid,1803.52
LN29717,AGT172,2026-03-01,29857.37,60,3,Responsive,Paid,29857.37
LN29718,AGT109,2026-03-01,42329.28,90,4,Responsive,Partial,21164.64
LN29719,AGT137,2026-03-01,17878.4,30,2,Promise To Pay,Partial,5363.52
LN29720,AGT127,2026-03-01,10071.15,0,0,Responsive,Paid,10071.15
LN29721,AGT159,2026-03-01,8764.39,60,3,No Answer,Unpaid,0.0
LN29722,AGT154,2026-03-01,13732.53,30,2,No Answer,Unpaid,0.0
LN29723,AGT165,2026-03-01,4716.62,0,0,No Answer,Paid,4716.62
LN29724,AGT150,2026-03-01,14757.7,30,2,Promise To Pay,Partial,4427.31
LN29725,AGT151,2026-03-01,6822.25,30,2,No Answer,Unpaid,0.0
LN29726,AGT152,2026-03-01,10162.08,60,3,No Answer,Unpaid,0.0
LN29727,AGT131,2026-03-01,8120.25,60,3,No Answer,Unpaid,0.0
LN29728,AGT137,2026-03-01,2550.84,30,2,Promise To Pay,Partial,765.25
LN29729,AGT169,2026-03-01,5117.41,30,2,No Answer,Unpaid,0.0
LN29730,AGT158,2026-03-01,4804.41,30,2,Promise To Pay,Partial,1441.32
LN29731,AGT148,2026-03-01,1974.85,0,0,No Answer,Paid,1974.85
LN29732,AGT101,2026-03-01,31586.08,60,3,No Answer,Unpaid,0.0
LN29733,AGT148,2026-03-01,5603.79,0,0,Responsive,Paid,5603.79
LN29734,AGT113,2026-03-01,5390.52,15,1,No Answer,Unpaid,0.0
LN29735,AGT131,2026-03-01,52245.76,90,4,Promise To Pay,Partial,15673.73
LN29736,AGT160,2026-03-01,19535.48,90,4,Promise To Pay,Partial,5860.64
LN29737,AGT110,2026-03-01,17829.85,0,0,No Answer,Paid,17829.85
LN29738,AGT146,2026-03-01,11723.97,30,2,Responsive,Partial,5861.98
LN29739,AGT141,2026-03-01,2790.66,15,1,Responsive,Paid,2790.66
LN29740,AGT144,2026-03-01,5985.5,15,1,No Answer,Unpaid,0.0
LN29741,AGT109,2026-03-01,38080.5,0,0,No Answer,Paid,38080.5
LN29742,AGT168,2026-03-01,28176.27,30,2,Promise To Pay,Partial,8452.88
LN29743,AGT159,2026-03-01,5383.67,0,0,Responsive,Paid,5383.67
LN29744,AGT146,2026-03-01,18573.97,30,2,Promise To Pay,Partial,5572.19
LN29745,AGT110,2026-03-01,12463.87,15,1,Responsive,Partial,6231.94
LN29746,AGT131,2026-03-01,2440.36,30,2,No Answer,Unpaid,0.0
LN29747,AGT100,2026-03-01,6795.84,30,2,Promise To Pay,Partial,2038.75
LN29748,AGT150,2026-03-01,16674.63,15,1,Responsive,Partial,8337.32
LN29749,AGT142,2026-03-01,7027.02,0,0,No Answer,Paid,7027.02
LN29750,AGT156,2026-03-01,10248.54,30,2,Promise To Pay,Partial,3074.56
LN29751,AGT155,2026-03-01,3549.7,15,1,No Answer,Unpaid,0.0
LN29752,AGT129,2026-03-01,53729.35,90,4,Responsive,Paid,53729.35
LN29753,AGT159,2026-03-01,13274.26,0,0,No Answer,Paid,13274.26
LN29754,AGT168,2026-03-01,1646.87,15,1,Promise To Pay,Partial,494.06
LN29755,AGT171,2026-03-01,11926.72,30,2,Promise To Pay,Partial,3578.02
LN29756,AGT102,2026-03-01,11900.46,0,0,No Answer,Paid,11900.46
LN29757,AGT154,2026-03-01,17852.61,30,2,Promise To Pay,Partial,5355.78
LN29758,AGT104,2026-03-01,2739.52,15,1,Responsive,Partial,1369.76
LN29759,AGT131,2026-03-01,1297.01,0,0,Responsive,Paid,1297.01
LN29760,AGT145,2026-03-01,16938.96,15,1,Responsive,Paid,16938.96
LN29761,AGT153,2026-03-01,11796.77,0,0,Responsive,Paid,11796.77
LN29762,AGT100,2026-03-01,1954.25,0,0,Responsive,Paid,1954.25
LN29763,AGT124,2026-03-01,14641.39,30,2,Promise To Pay,Partial,4392.42
LN29764,AGT145,2026-03-01,8417.07,0,0,Responsive,Paid,8417.07
LN29765,AGT151,2026-03-01,16748.28,30,2,No Answer,Unpaid,0.0
LN29766,AGT108,2026-03-01,12167.49,15,1,Responsive,Paid,12167.49
LN29767,AGT117,2026-03-01,120600.52,90,4,Promise To Pay,Partial,36180.16
LN29768,AGT145,2026-03-01,12163.73,15,1,No Answer,Unpaid,0.0
LN29769,AGT135,2026-03-01,5446.59,0,0,No Answer,Paid,5446.59
LN29770,AGT108,2026-03-01,39333.62,60,3,Responsive,Paid,39333.62
LN29771,AGT133,2026-03-01,86859.39,90,4,No Answer,Unpaid,0.0
LN29772,AGT114,2026-03-01,4681.48,0,0,Promise To Pay,Paid,4681.48
LN29773,AGT112,2026-03-01,14467.23,0,0,Promise To Pay,Paid,14467.23
LN29774,AGT108,2026-03-01,16338.79,0,0,No Answer,Paid,16338.79
LN29775,AGT170,2026-03-01,54248.99,90,4,Promise To Pay,Partial,16274.7
LN29776,AGT129,2026-03-01,10639.45,0,0,Responsive,Paid,10639.45
LN29777,AGT174,2026-03-01,10249.92,0,0,Responsive,Paid,10249.92
LN29778,AGT163,2026-03-01,3909.26,0,0,Promise To Pay,Paid,3909.26
LN29779,AGT114,2026-03-01,2465.19,0,0,Responsive,Paid,2465.19
LN29780,AGT130,2026-03-01,3007.8,30,2,Responsive,Paid,3007.8
LN29781,AGT128,2026-03-01,28922.12,60,3,Promise To Pay,Partial,8676.64
LN29782,AGT142,2026-03-01,33021.57,30,2,Responsive,Paid,33021.57
LN29783,AGT135,2026-03-01,9291.04,15,1,Promise To Pay,Partial,2787.31
LN29784,AGT104,2026-03-01,7044.92,0,0,No Answer,Paid,7044.92
LN29785,AGT160,2026-03-01,29139.78,15,1,No Answer,Unpaid,0.0
LN29786,AGT120,2026-03-01,44749.82,30,2,Responsive,Partial,22374.91
LN29787,AGT162,2026-03-01,5271.34,15,1,Responsive,Paid,5271.34
LN29788,AGT100,2026-03-01,18963.19,0,0,Promise To Pay,Paid,18963.19
LN29789,AGT139,2026-03-01,7172.55,90,4,Promise To Pay,Partial,2151.76
LN29790,AGT131,2026-03-01,40786.81,60,3,No Answer,Unpaid,0.0
LN29791,AGT105,2026-03-01,29824.66,0,0,No Answer,Paid,29824.66
LN29792,AGT123,2026-03-01,25027.75,30,2,No Answer,Unpaid,0.0
LN29793,AGT163,2026-03-01,26545.96,30,2,No Answer,Unpaid,0.0
LN29794,AGT105,2026-03-01,16239.0,15,1,Promise To Pay,Partial,4871.7
LN29795,AGT142,2026-03-01,4707.72,15,1,No Answer,Unpaid,0.0
LN29796,AGT167,2026-03-01,91236.38,30,2,No Answer,Unpaid,0.0
LN29797,AGT146,2026-03-01,6251.74,0,0,No Answer,Paid,6251.74
LN29798,AGT117,2026-03-01,9318.28,0,0,Promise To Pay,Paid,9318.28
LN29799,AGT148,2026-03-01,13321.51,15,1,Responsive,Partial,6660.76
LN29800,AGT144,2026-03-01,11538.65,15,1,Promise To Pay,Partial,3461.59
LN29801,AGT142,2026-03-01,1106.32,15,1,No Answer,Unpaid,0.0
LN29802,AGT115,2026-03-01,16602.09,0,0,No Answer,Paid,16602.09
LN29803,AGT104,2026-03-01,47631.04,60,3,Responsive,Paid,47631.04
LN29804,AGT107,2026-03-01,9779.6,0,0,Promise To Pay,Paid,9779.6
LN29805,AGT142,2026-03-01,17613.48,15,1,Responsive,Partial,8806.74
LN29806,AGT161,2026-03-01,126205.12,60,3,Promise To Pay,Partial,37861.54
LN29807,AGT132,2026-03-01,31356.29,30,2,Responsive,Paid,31356.29
LN29808,AGT140,2026-03-01,55374.55,0,0,Responsive,Paid,55374.55
LN29809,AGT135,2026-03-01,6699.01,30,2,Responsive,Paid,6699.01
LN29810,AGT134,2026-03-01,9870.11,0,0,No Answer,Paid,9870.11
LN29811,AGT145,2026-03-01,18974.3,15,1,Responsive,Paid,18974.3
LN29812,AGT129,2026-03-01,12529.94,30,2,No Answer,Unpaid,0.0
LN29813,AGT170,2026-03-01,10721.98,0,0,No Answer,Paid,10721.98
LN29814,AGT109,2026-03-01,21760.06,90,4,No Answer,Unpaid,0.0
LN29815,AGT159,2026-03-01,5222.71,0,0,No Answer,Paid,5222.71
LN29816,AGT170,2026-03-01,12814.83,30,2,Promise To Pay,Partial,3844.45
LN29817,AGT138,2026-03-01,35126.16,30,2,Responsive,Partial,17563.08
LN29818,AGT173,2026-03-01,12828.28,15,1,Promise To Pay,Partial,3848.48
LN29819,AGT161,2026-03-01,12741.21,15,1,Responsive,Partial,6370.6
LN29820,AGT110,2026-03-01,4609.25,15,1,Responsive,Partial,2304.62
LN29821,AGT148,2026-03-01,9952.77,0,0,Responsive,Paid,9952.77
LN29822,AGT171,2026-03-01,24094.37,30,2,No Answer,Unpaid,0.0
LN29823,AGT154,2026-03-01,57671.45,60,3,Responsive,Partial,28835.72
LN29824,AGT162,2026-03-01,4002.36,15,1,Responsive,Paid,4002.36
LN29825,AGT160,2026-03-01,52701.22,30,2,No Answer,Unpaid,0.0
LN29826,AGT125,2026-03-01,6160.13,0,0,No Answer,Paid,6160.13
LN29827,AGT135,2026-03-01,8617.52,60,3,Promise To Pay,Partial,2585.26
LN29828,AGT138,2026-03-01,20692.68,60,3,No Answer,Unpaid,0.0
LN29829,AGT117,2026-03-01,7746.32,60,3,No Answer,Unpaid,0.0
LN29830,AGT137,2026-03-01,41751.31,60,3,Promise To Pay,Partial,12525.39
LN29831,AGT167,2026-03-01,34954.48,60,3,No Answer,Unpaid,0.0
LN29832,AGT120,2026-03-01,60526.05,60,3,Responsive,Partial,30263.03
LN29833,AGT165,2026-03-01,45102.96,0,0,No Answer,Paid,45102.96
LN29834,AGT166,2026-03-01,10800.69,0,0,Responsive,Paid,10800.69
LN29835,AGT116,2026-03-01,13504.43,30,2,Responsive,Paid,13504.43
LN29836,AGT129,2026-03-01,18711.3,30,2,No Answer,Unpaid,0.0
LN29837,AGT162,2026-03-01,1500.37,0,0,Responsive,Paid,1500.37
LN29838,AGT132,2026-03-01,8929.16,30,2,No Answer,Unpaid,0.0
LN29839,AGT146,2026-03-01,25076.84,0,0,Responsive,Paid,25076.84
LN29840,AGT155,2026-03-01,9187.13,15,1,Responsive,Partial,4593.56
LN29841,AGT142,2026-03-01,2658.86,15,1,Promise To Pay,Partial,797.66
LN29842,AGT170,2026-03-01,2245.07,15,1,No Answer,Unpaid,0.0
LN29843,AGT156,2026-03-01,19625.78,60,3,Responsive,Paid,19625.78
LN29844,AGT127,2026-03-01,4315.71,0,0,Promise To Pay,Paid,4315.71
LN29845,AGT145,2026-03-01,4825.17,0,0,Responsive,Paid,4825.17
LN29846,AGT124,2026-03-01,10707.79,30,2,Promise To Pay,Partial,3212.34
LN29847,AGT103,2026-03-01,15532.91,0,0,Responsive,Paid,15532.91
LN29848,AGT155,2026-03-01,26502.83,60,3,Promise To Pay,Partial,7950.85
LN29849,AGT110,2026-03-01,124957.54,90,4,Responsive,Paid,124957.54
LN29850,AGT144,2026-03-01,9158.76,0,0,Responsive,Paid,9158.76
LN29851,AGT139,2026-03-01,45912.46,0,0,Promise To Pay,Paid,45912.46
LN29852,AGT111,2026-03-01,9124.43,0,0,No Answer,Paid,9124.43
LN29853,AGT159,2026-03-01,23082.82,15,1,No Answer,Unpaid,0.0
LN29854,AGT124,2026-03-01,22724.28,0,0,No Answer,Paid,22724.28
LN29855,AGT136,2026-03-01,2372.0,0,0,Promise To Pay,Paid,2372.0
LN29856,AGT148,2026-03-01,39885.96,0,0,Responsive,Paid,39885.96
LN29857,AGT159,2026-03-01,7335.12,0,0,Responsive,Paid,7335.12
LN29858,AGT153,2026-03-01,29819.2,90,4,Responsive,Paid,29819.2
LN29859,AGT160,2026-03-01,26024.6,30,2,Promise To Pay,Partial,7807.38
LN29860,AGT157,2026-03-01,34216.96,0,0,Promise To Pay,Paid,34216.96
LN29861,AGT139,2026-03-01,9111.98,15,1,Responsive,Partial,4555.99
LN29862,AGT139,2026-03-01,3075.46,30,2,No Answer,Unpaid,0.0
LN29863,AGT138,2026-03-01,13921.31,30,2,Promise To Pay,Partial,4176.39
LN29864,AGT110,2026-03-01,11775.11,0,0,Promise To Pay,Paid,11775.11
LN29865,AGT172,2026-03-01,30672.38,90,4,Promise To Pay,Partial,9201.71
LN29866,AGT110,2026-03-01,5280.12,15,1,Promise To Pay,Partial,1584.04
LN29867,AGT128,2026-03-01,2688.15,0,0,Promise To Pay,Paid,2688.15
LN29868,AGT154,2026-03-01,17131.19,0,0,Promise To Pay,Paid,17131.19
LN29869,AGT132,2026-03-01,8709.6,0,0,Promise To Pay,Paid,8709.6
LN29870,AGT105,2026-03-01,18144.25,0,0,Responsive,Paid,18144.25
LN29871,AGT170,2026-03-01,15899.38,90,4,Responsive,Paid,15899.38
LN29872,AGT127,2026-03-01,16989.06,90,4,No Answer,Unpaid,0.0
LN29873,AGT117,2026-03-01,20491.69,30,2,Promise To Pay,Partial,6147.51
LN29874,AGT172,2026-03-01,11721.2,0,0,Promise To Pay,Paid,11721.2
LN29875,AGT114,2026-03-01,4754.72,0,0,Responsive,Paid,4754.72
LN29876,AGT122,2026-03-01,9214.29,60,3,Responsive,Partial,4607.15
LN29877,AGT118,2026-03-01,2531.61,15,1,Responsive,Paid,2531.61
LN29878,AGT140,2026-03-01,30644.26,60,3,Promise To Pay,Partial,9193.28
LN29879,AGT168,2026-03-01,3631.72,15,1,Promise To Pay,Partial,1089.52
LN29880,AGT143,2026-03-01,23765.33,30,2,Responsive,Paid,23765.33
LN29881,AGT170,2026-03-01,6367.89,0,0,Promise To Pay,Paid,6367.89
LN29882,AGT148,2026-03-01,27826.72,15,1,Responsive,Partial,13913.36
LN29883,AGT172,2026-03-01,8700.29,0,0,Promise To Pay,Paid,8700.29
LN29884,AGT139,2026-03-01,12261.23,0,0,Responsive,Paid,12261.23
LN29885,AGT112,2026-03-01,13625.52,0,0,Responsive,Paid,13625.52
LN29886,AGT157,2026-03-01,16226.13,0,0,Promise To Pay,Paid,16226.13
LN29887,AGT144,2026-03-01,22123.92,0,0,No Answer,Paid,22123.92
LN29888,AGT119,2026-03-01,27528.03,0,0,Responsive,Paid,27528.03
LN29889,AGT125,2026-03-01,30951.81,0,0,Responsive,Paid,30951.81
LN29890,AGT119,2026-03-01,11983.89,60,3,Responsive,Paid,11983.89
LN29891,AGT121,2026-03-01,25838.18,60,3,Responsive,Paid,25838.18
LN29892,AGT113,2026-03-01,9110.99,30,2,Responsive,Paid,9110.99
LN29893,AGT168,2026-03-01,10856.74,0,0,Promise To Pay,Paid,10856.74
LN29894,AGT122,2026-03-01,4506.99,30,2,Promise To Pay,Partial,1352.1
LN29895,AGT108,2026-03-01,8734.1,0,0,No Answer,Paid,8734.1
LN29896,AGT115,2026-03-01,10023.92,0,0,No Answer,Paid,10023.92
LN29897,AGT103,2026-03-01,15596.41,0,0,Responsive,Paid,15596.41
LN29898,AGT111,2026-03-01,21430.66,60,3,Responsive,Paid,21430.66
LN29899,AGT141,2026-03-01,16885.77,15,1,Responsive,Partial,8442.89
LN29900,AGT161,2026-03-01,64721.17,90,4,Promise To Pay,Partial,19416.35
LN29901,AGT167,2026-03-01,15496.04,0,0,No Answer,Paid,15496.04
LN29902,AGT100,2026-03-01,42336.18,0,0,No Answer,Paid,42336.18
LN29903,AGT165,2026-03-01,33457.81,0,0,Responsive,Paid,33457.81
LN29904,AGT105,2026-03-01,9581.89,15,1,Responsive,Paid,9581.89
LN29905,AGT147,2026-03-01,17748.16,30,2,Promise To Pay,Partial,5324.45
LN29906,AGT138,2026-03-01,10175.93,0,0,No Answer,Paid,10175.93
LN29907,AGT113,2026-03-01,18451.52,15,1,Promise To Pay,Partial,5535.46
LN29908,AGT114,2026-03-01,12696.95,15,1,Responsive,Partial,6348.48
LN29909,AGT144,2026-03-01,7490.29,0,0,Promise To Pay,Paid,7490.29
LN29910,AGT134,2026-03-01,14560.72,0,0,No Answer,Paid,14560.72
LN29911,AGT104,2026-03-01,35623.81,0,0,Promise To Pay,Paid,35623.81
LN29912,AGT149,2026-03-01,16823.46,15,1,Promise To Pay,Partial,5047.04
LN29913,AGT116,2026-03-01,49928.41,30,2,Responsive,Partial,24964.21
LN29914,AGT128,2026-03-01,47329.53,30,2,Responsive,Paid,47329.53
LN29915,AGT118,2026-03-01,3540.73,0,0,Promise To Pay,Paid,3540.73
LN29916,AGT163,2026-03-01,8786.24,0,0,Responsive,Paid,8786.24
LN29917,AGT168,2026-03-01,10873.1,60,3,Responsive,Paid,10873.1
LN29918,AGT104,2026-03-01,41042.89,0,0,Promise To Pay,Paid,41042.89
LN29919,AGT155,2026-03-01,6110.0,15,1,Promise To Pay,Partial,1833.0
LN29920,AGT105,2026-03-01,5517.16,15,1,Promise To Pay,Partial,1655.15
LN29921,AGT118,2026-03-01,24793.46,60,3,No Answer,Unpaid,0.0
LN29922,AGT118,2026-03-01,4057.98,0,0,No Answer,Paid,4057.98
LN29923,AGT101,2026-03-01,1746.05,0,0,Promise To Pay,Paid,1746.05
LN29924,AGT152,2026-03-01,13206.93,0,0,Promise To Pay,Paid,13206.93
LN29925,AGT117,2026-03-01,51618.38,30,2,Promise To Pay,Partial,15485.51
LN29926,AGT170,2026-03-01,3418.4,0,0,No Answer,Paid,3418.4
LN29927,AGT170,2026-03-01,3220.71,0,0,Promise To Pay,Paid,3220.71
LN29928,AGT146,2026-03-01,15348.74,0,0,Promise To Pay,Paid,15348.74
LN29929,AGT156,2026-03-01,21304.55,90,4,Promise To Pay,Partial,6391.36
LN29930,AGT122,2026-03-01,166971.19,90,4,Promise To Pay,Partial,50091.36
LN29931,AGT130,2026-03-01,25475.08,30,2,No Answer,Unpaid,0.0
LN29932,AGT160,2026-03-01,6865.02,15,1,No Answer,Unpaid,0.0
LN29933,AGT136,2026-03-01,41825.16,60,3,Responsive,Paid,41825.16
LN29934,AGT124,2026-03-01,3118.7,30,2,No Answer,Unpaid,0.0
LN29935,AGT119,2026-03-01,11366.24,60,3,No Answer,Unpaid,0.0
LN29936,AGT140,2026-03-01,5410.76,0,0,Promise To Pay,Paid,5410.76
LN29937,AGT135,2026-03-01,8564.23,15,1,Responsive,Paid,8564.23
LN29938,AGT119,2026-03-01,13104.84,15,1,No Answer,Unpaid,0.0
LN29939,AGT110,2026-03-01,8767.56,15,1,Promise To Pay,Partial,2630.27
LN29940,AGT171,2026-03-01,7317.44,0,0,Responsive,Paid,7317.44
LN29941,AGT127,2026-03-01,11414.37,0,0,Promise To Pay,Paid,11414.37
LN29942,AGT164,2026-03-01,3764.7,15,1,Responsive,Partial,1882.35
LN29943,AGT151,2026-03-01,18171.37,30,2,Responsive,Paid,18171.37
LN29944,AGT151,2026-03-01,3395.19,0,0,Promise To Pay,Paid,3395.19
LN29945,AGT131,2026-03-01,15905.84,0,0,Responsive,Paid,15905.84
LN29946,AGT132,2026-03-01,9354.84,30,2,Responsive,Paid,9354.84
LN29947,AGT129,2026-03-01,5986.86,0,0,Promise To Pay,Paid,5986.86
LN29948,AGT169,2026-03-01,7737.87,0,0,Promise To Pay,Paid,7737.87
LN29949,AGT109,2026-03-01,27077.47,30,2,Promise To Pay,Partial,8123.24
LN29950,AGT142,2026-03-01,8098.32,15,1,Promise To Pay,Partial,2429.5
LN29951,AGT112,2026-03-01,5855.78,0,0,Responsive,Paid,5855.78
LN29952,AGT148,2026-03-01,26280.97,60,3,No Answer,Unpaid,0.0
LN29953,AGT138,2026-03-01,3668.1,0,0,No Answer,Paid,3668.1
LN29954,AGT155,2026-03-01,17617.71,60,3,Promise To Pay,Partial,5285.31
LN29955,AGT119,2026-03-01,10315.98,60,3,Responsive,Paid,10315.98
LN29956,AGT153,2026-03-01,11038.18,30,2,No Answer,Unpaid,0.0
LN29957,AGT132,2026-03-01,22632.76,60,3,No Answer,Unpaid,0.0
LN29958,AGT144,2026-03-01,4880.73,30,2,No Answer,Unpaid,0.0
LN29959,AGT167,2026-03-01,8556.36,0,0,No Answer,Paid,8556.36
LN29960,AGT163,2026-03-01,4526.24,60,3,Promise To Pay,Partial,1357.87
LN29961,AGT126,2026-03-01,17489.95,30,2,Promise To Pay,Partial,5246.98
LN29962,AGT120,2026-03-01,5087.78,15,1,Promise To Pay,Partial,1526.33
LN29963,AGT106,2026-03-01,6618.62,0,0,Responsive,Paid,6618.62
LN29964,AGT120,2026-03-01,35311.69,30,2,Responsive,Partial,17655.85
LN29965,AGT148,2026-03-01,3954.91,0,0,Promise To Pay,Paid,3954.91
LN29966,AGT157,2026-03-01,936.82,15,1,Promise To Pay,Partial,281.05
LN29967,AGT168,2026-03-01,11815.93,0,0,Responsive,Paid,11815.93
LN29968,AGT149,2026-03-01,26718.87,0,0,No Answer,Paid,26718.87
LN29969,AGT136,2026-03-01,2625.61,0,0,No Answer,Paid,2625.61
LN29970,AGT127,2026-03-01,9486.59,0,0,No Answer,Paid,9486.59
LN29971,AGT109,2026-03-01,5059.02,0,0,No Answer,Paid,5059.02
LN29972,AGT151,2026-03-01,29652.98,0,0,Responsive,Paid,29652.98
LN29973,AGT122,2026-03-01,27367.49,60,3,No Answer,Unpaid,0.0
LN29974,AGT104,2026-03-01,4073.61,0,0,Promise To Pay,Paid,4073.61
LN29975,AGT127,2026-03-01,19339.22,0,0,No Answer,Paid,19339.22
LN29976,AGT142,2026-03-01,4191.31,0,0,No Answer,Paid,4191.31
LN29977,AGT138,2026-03-01,53614.35,60,3,Responsive,Partial,26807.17
LN29978,AGT145,2026-03-01,13892.5,0,0,Promise To Pay,Paid,13892.5
LN29979,AGT108,2026-03-01,28344.33,60,3,No Answer,Unpaid,0.0
LN29980,AGT132,2026-03-01,105767.79,60,3,Responsive,Partial,52883.89
LN29981,AGT110,2026-03-01,23081.13,30,2,No Answer,Unpaid,0.0
LN29982,AGT133,2026-03-01,10438.25,15,1,No Answer,Unpaid,0.0
LN29983,AGT125,2026-03-01,18314.08,30,2,No Answer,Unpaid,0.0
LN29984,AGT104,2026-03-01,12306.82,0,0,No Answer,Paid,12306.82
LN29985,AGT153,2026-03-01,9797.07,0,0,No Answer,Paid,9797.07
LN29986,AGT136,2026-03-01,14492.89,0,0,Promise To Pay,Paid,14492.89
LN29987,AGT165,2026-03-01,94694.46,90,4,Promise To Pay,Partial,28408.34
LN29988,AGT162,2026-03-01,5447.44,0,0,Responsive,Paid,5447.44
LN29989,AGT133,2026-03-01,106675.74,90,4,Promise To Pay,Partial,32002.72
LN29990,AGT150,2026-03-01,3765.0,0,0,Responsive,Paid,3765.0
LN29991,AGT158,2026-03-01,20776.71,0,0,Promise To Pay,Paid,20776.71
LN29992,AGT114,2026-03-01,6349.92,30,2,Responsive,Paid,6349.92
LN29993,AGT120,2026-03-01,2733.47,15,1,Responsive,Paid,2733.47
LN29994,AGT131,2026-03-01,4524.68,15,1,Promise To Pay,Partial,1357.4
LN29995,AGT158,2026-03-01,3127.97,15,1,No Answer,Unpaid,0.0
LN29996,AGT167,2026-03-01,91732.35,30,2,Promise To Pay,Partial,27519.71
LN29997,AGT171,2026-03-01,5112.08,0,0,Promise To Pay,Paid,5112.08
LN29998,AGT172,2026-03-01,6886.33,0,0,Promise To Pay,Paid,6886.33
LN29999,AGT168,2026-03-01,3396.3,15,1,No Answer,Unpaid,0.0
LN30000,AGT145,2026-03-01,11749.64,0,0,No Answer,Paid,11749.64
LN30001,AGT151,2026-03-01,24071.54,15,1,No Answer,Unpaid,0.0
LN30002,AGT130,2026-03-01,3942.53,60,3,No Answer,Unpaid,0.0
LN30003,AGT143,2026-03-01,7264.92,0,0,Promise To Pay,Paid,7264.92
LN30004,AGT135,2026-03-01,8654.72,90,4,No Answer,Unpaid,0.0
LN30005,AGT107,2026-03-01,11676.69,0,0,Responsive,Paid,11676.69
LN30006,AGT141,2026-03-01,13032.77,90,4,Responsive,Partial,6516.39
LN30007,AGT137,2026-03-01,9056.47,30,2,Responsive,Partial,4528.23
LN30008,AGT108,2026-03-01,13665.45,15,1,Promise To Pay,Partial,4099.64
LN30009,AGT101,2026-03-01,30477.96,90,4,No Answer,Unpaid,0.0
LN30010,AGT145,2026-03-01,8013.11,0,0,Responsive,Paid,8013.11
LN30011,AGT107,2026-03-01,20979.79,30,2,Responsive,Paid,20979.79
LN30012,AGT172,2026-03-01,117158.19,90,4,Promise To Pay,Partial,35147.46
LN30013,AGT162,2026-03-01,61477.18,90,4,Promise To Pay,Partial,18443.15
LN30014,AGT126,2026-03-01,7529.08,15,1,Responsive,Partial,3764.54
LN30015,AGT134,2026-03-01,12102.43,0,0,No Answer,Paid,12102.43
LN30016,AGT108,2026-03-01,1386.19,15,1,Responsive,Paid,1386.19
LN30017,AGT100,2026-03-01,6295.78,0,0,Promise To Pay,Paid,6295.78
LN30018,AGT160,2026-03-01,24433.12,15,1,Responsive,Partial,12216.56
LN30019,AGT163,2026-03-01,62599.53,60,3,No Answer,Unpaid,0.0
LN30020,AGT143,2026-03-01,42133.32,30,2,Responsive,Paid,42133.32
LN30021,AGT107,2026-03-01,9230.98,0,0,Promise To Pay,Paid,9230.98
LN30022,AGT141,2026-03-01,5434.08,30,2,Responsive,Partial,2717.04
LN30023,AGT151,2026-03-01,8680.95,15,1,No Answer,Unpaid,0.0
LN30024,AGT109,2026-03-01,32375.82,60,3,Promise To Pay,Partial,9712.75
