Customer_ID,City,Region,Income_Band,Credit_Score,Customer_Segment
CUST10000,mumbai,East,Medium,674.0,Mass
CUST10001,mumbai,South,Medium,682.0,Affluent
CUST10002,mumbai,East,Medium,655.0,Mass
CUST10003,mumbai,South,High,789.0,Affluent
CUST10004,mumbai,West,Medium,677.0,Mass
CUST10005,mumbai,South,Medium,680.0,Affluent
CUST10006,mumbai,East,Low,674.0,Mass
CUST10007,mumbai,North,Low,673.0,Affluent
CUST10008,mumbai,South,Low,609.0,Mass
CUST10009,mumbai,East,Low,581.0,Mass
CUST10010,mumbai,South,High,722.0,Affluent
CUST10011,mumbai,West,Low,650.0,Mass
CUST10012,mumbai,East,Medium,720.0,Mass
CUST10013,mumbai,East,Low,674.0,Affluent
CUST10014,mumbai,North,Medium,746.0,Affluent
CUST10015,mumbai,South,Low,584.0,Mass
CUST10016,mumbai,North,Low,624.0,Affluent
CUST10017,mumbai,South,Low,692.0,Mass
CUST10018,mumbai,West,Medium,703.0,Mass
CUST10019,mumbai,East,Medium,683.0,Mass
CUST10020,mumbai,East,Medium,722.0,Mass
CUST10021,mumbai,West,Low,643.0,Mass
CUST10022,mumbai,West,Medium,734.0,Mass
CUST10023,mumbai,South,High,830.0,Mass
CUST10024,mumbai,South,Medium,663.0,Premium
CUST10025,mumbai,North,Medium,700.0,Mass
CUST10026,mumbai,South,Medium,730.0,Mass
CUST10027,mumbai,North,Low,567.0,Affluent
CUST10028,mumbai,North,Low,618.0,Mass
CUST10029,mumbai,North,Medium,708.0,Affluent
CUST10030,mumbai,East,Low,709.0,Mass
CUST10031,mumbai,South,Low,651.0,Mass
CUST10032,mumbai,West,Medium,738.0,Mass
CUST10033,mumbai,North,Low,669.0,Affluent
CUST10034,mumbai,North,Low,573.0,Affluent
CUST10035,mumbai,West,Low,675.0,Affluent
CUST10036,mumbai,West,Low,619.0,Premium
CUST10037,mumbai,West,Medium,765.0,Affluent
CUST10038,mumbai,South,Low,707.0,Affluent
CUST10039,mumbai,West,Medium,667.0,Mass
CUST10040,mumbai,East,Low,649.0,Affluent
CUST10041,DELHI NCR,South,Medium,709.0,Premium
CUST10042,DELHI NCR,East,Low,558.0,Affluent
CUST10043,DELHI NCR,West,Low,555.0,Affluent
CUST10044,DELHI NCR,South,Medium,752.0,Premium
CUST10045,DELHI NCR,East,High,744.0,Affluent
CUST10046,DELHI NCR,West,Medium,725.0,Affluent
CUST10047,DELHI NCR,West,Medium,730.0,Mass
CUST10048,DELHI NCR,South,Medium,704.0,Mass
CUST10049,DELHI NCR,West,Medium,691.0,Affluent
CUST10050,DELHI NCR,West,High,849.0,Mass
CUST10051,DELHI NCR,South,Medium,758.0,Affluent
CUST10052,DELHI NCR,East,Medium,779.0,Mass
CUST10053,DELHI NCR,South,Low,628.0,Mass
CUST10054,DELHI NCR,West,Low,634.0,Mass
CUST10055,DELHI NCR,South,High,827.0,Premium
CUST10056,DELHI NCR,South,High,757.0,Mass
CUST10057,DELHI NCR,South,Low,590.0,Mass
CUST10058,DELHI NCR,East,High,756.0,Mass
CUST10059,DELHI NCR,East,High,845.0,Mass
CUST10060,DELHI NCR,East,Medium,780.0,Affluent
CUST10061,DELHI NCR,South,High,736.0,Mass
CUST10062,DELHI NCR,East,High,794.0,Mass
CUST10063,DELHI NCR,West,Medium,735.0,Mass
CUST10064,DELHI NCR,South,Low,565.0,Affluent
CUST10065,DELHI NCR,West,Medium,756.0,Mass
CUST10066,DELHI NCR,North,Low,694.0,Mass
CUST10067,DELHI NCR,South,High,751.0,Mass
CUST10068,DELHI NCR,South,Medium,715.0,Affluent
CUST10069,DELHI NCR,East,Medium,719.0,Affluent
CUST10070,DELHI NCR,West,Low,619.0,Mass
CUST10071,DELHI NCR,West,Medium,661.0,Mass
CUST10072,DELHI NCR,North,Low,581.0,Affluent
CUST10073,DELHI NCR,West,Medium,660.0,Mass
CUST10074,DELHI NCR,South,Medium,690.0,Affluent
CUST10075,DELHI NCR,East,Medium,695.0,Affluent
CUST10076,DELHI NCR,West,Medium,734.0,Affluent
CUST10077,DELHI NCR,West,Medium,702.0,Mass
CUST10078,DELHI NCR,West,Low,674.0,Premium
CUST10079,DELHI NCR,East,High,815.0,Mass
CUST10080,DELHI NCR,West,Medium,772.0,Affluent
CUST10081,Pune,West,,711.0,Mass
CUST10082,Bangalore,South,,813.0,Mass
CUST10083,Kolkata,East,,782.0,Mass
CUST10084,Pune,West,,665.0,Mass
CUST10085,Pune,West,,586.0,Premium
CUST10086,Bangalore,South,,760.0,Mass
CUST10087,Pune,West,,802.0,Mass
CUST10088,Delhi NCR,North,,677.0,Mass
CUST10089,Hyderabad,South,,555.0,Mass
CUST10090,Bangalore,South,,639.0,Premium
CUST10091,Hyderabad,South,,795.0,Mass
CUST10092,Mumbai,West,,651.0,Mass
CUST10093,Hyderabad,South,,650.0,Mass
CUST10094,Hyderabad,South,,664.0,Mass
CUST10095,Kolkata,East,,839.0,Affluent
CUST10096,Mumbai,West,,733.0,Mass
CUST10097,Mumbai,West,,725.0,Affluent
CUST10098,Delhi NCR,North,,726.0,Mass
CUST10099,Pune,West,,711.0,Mass
CUST10100,Mumbai,West,,768.0,Affluent
CUST10101,Hyderabad,South,,662.0,Affluent
CUST10102,Mumbai,West,,613.0,Mass
CUST10103,Mumbai,West,,609.0,Premium
CUST10104,Kolkata,East,,657.0,Mass
CUST10105,Bangalore,South,,827.0,Mass
CUST10106,Mumbai,West,,839.0,Mass
CUST10107,Kolkata,East,,602.0,Affluent
CUST10108,Hyderabad,South,,677.0,Mass
CUST10109,Bangalore,South,,658.0,Affluent
CUST10110,Pune,West,,736.0,Mass
CUST10111,Delhi NCR,North,,670.0,Affluent
CUST10112,Delhi NCR,North,,564.0,Mass
CUST10113,Pune,West,,753.0,Mass
CUST10114,Bangalore,South,,609.0,Mass
CUST10115,Pune,West,,679.0,Mass
CUST10116,Pune,West,,791.0,Premium
CUST10117,Delhi NCR,North,,678.0,Affluent
CUST10118,Pune,West,,653.0,Mass
CUST10119,Bangalore,South,,658.0,Mass
CUST10120,Bangalore,South,,707.0,Mass
CUST10121,Hyderabad,South,,748.0,Mass
CUST10122,Bangalore,South,,584.0,Affluent
CUST10123,Hyderabad,South,,662.0,Mass
CUST10124,Mumbai,West,,813.0,Mass
CUST10125,Hyderabad,South,,590.0,Premium
CUST10126,Kolkata,East,,822.0,Mass
CUST10127,Kolkata,East,,724.0,Affluent
CUST10128,Mumbai,West,,700.0,Mass
CUST10129,Kolkata,East,,831.0,Premium
CUST10130,Pune,West,,693.0,Premium
CUST10131,Hyderabad,South,Medium,,Affluent
CUST10132,Bangalore,South,Medium,,Mass
CUST10133,Bangalore,South,Medium,,Mass
CUST10134,Hyderabad,South,High,,Premium
CUST10135,Pune,West,High,,Mass
CUST10136,Hyderabad,South,High,,Mass
CUST10137,Delhi NCR,North,Low,,Premium
CUST10138,Delhi NCR,North,Low,,Affluent
CUST10139,Kolkata,East,Medium,,Affluent
CUST10140,Hyderabad,South,Medium,,Mass
CUST10141,Hyderabad,South,Medium,,Mass
CUST10142,Mumbai,West,Low,,Premium
CUST10143,Bangalore,South,Low,,Affluent
CUST10144,Pune,West,Medium,,Premium
CUST10145,Mumbai,West,Medium,,Mass
CUST10146,Mumbai,West,Low,,Affluent
CUST10147,Kolkata,East,Medium,,Mass
CUST10148,Mumbai,West,Medium,,Mass
CUST10149,Delhi NCR,North,Medium,,Affluent
CUST10150,Kolkata,East,Medium,,Premium
CUST10151,Delhi NCR,North,High,,Mass
CUST10152,Kolkata,East,Low,,Affluent
CUST10153,Mumbai,West,Low,,Mass
CUST10154,Kolkata,East,High,,Mass
CUST10155,Mumbai,West,Medium,,Mass
CUST10156,Delhi NCR,North,Low,,Affluent
CUST10157,Mumbai,West,Medium,,Affluent
CUST10158,Bangalore,South,Low,,Premium
CUST10159,Bangalore,South,High,,Mass
CUST10160,Kolkata,East,Medium,,Affluent
CUST10161,Delhi NCR,North,High,,Mass
CUST10162,Kolkata,East,Low,,Mass
CUST10163,Pune,West,Low,,Premium
CUST10164,Hyderabad,South,High,,Affluent
CUST10165,Delhi NCR,North,Medium,,Mass
CUST10166,Kolkata,East,Medium,,Mass
CUST10167,Mumbai,West,Medium,,Affluent
CUST10168,Kolkata,East,Medium,,Mass
CUST10169,Kolkata,East,Low,,Mass
CUST10170,Kolkata,East,Low,,Mass
CUST10171,Pune,West,High,814.0,Affluent
CUST10172,Hyderabad,South,High,750.0,Mass
CUST10173,Hyderabad,South,Low,681.0,Mass
CUST10174,Pune,West,Low,697.0,Mass
CUST10175,Kolkata,East,Low,610.0,Mass
CUST10176,Kolkata,East,Medium,724.0,Affluent
CUST10177,Pune,West,Low,560.0,Mass
CUST10178,Kolkata,East,Low,694.0,Affluent
CUST10179,Bangalore,South,Low,582.0,Affluent
CUST10180,Delhi NCR,North,Low,619.0,Premium
CUST10181,Pune,West,High,845.0,Mass
CUST10182,Hyderabad,South,Low,655.0,Premium
CUST10183,Mumbai,West,High,813.0,Affluent
CUST10184,Bangalore,South,Medium,751.0,Mass
CUST10185,Mumbai,West,Medium,732.0,Mass
CUST10186,Kolkata,East,Low,559.0,Mass
CUST10187,Kolkata,East,Low,621.0,Mass
CUST10188,Delhi NCR,North,Medium,740.0,Mass
CUST10189,Kolkata,East,Medium,694.0,Mass
CUST10190,Mumbai,West,Medium,747.0,Mass
CUST10191,Kolkata,East,Low,703.0,Mass
CUST10192,Hyderabad,South,High,831.0,Premium
CUST10193,Pune,West,Low,687.0,Mass
CUST10194,Delhi NCR,North,Low,637.0,Mass
CUST10195,Delhi NCR,North,High,772.0,Mass
CUST10196,Kolkata,East,Medium,738.0,Affluent
CUST10197,Bangalore,South,Medium,658.0,Mass
CUST10198,Delhi NCR,North,High,754.0,Affluent
CUST10199,Kolkata,East,Low,677.0,Affluent
CUST10200,Mumbai,West,Medium,683.0,Mass
CUST10201,Kolkata,East,Low,554.0,Affluent
CUST10202,Delhi NCR,North,Medium,723.0,Affluent
CUST10203,Bangalore,South,Medium,704.0,Affluent
CUST10204,Bangalore,South,Low,714.0,Affluent
CUST10205,Bangalore,South,Medium,657.0,Affluent
CUST10206,Pune,West,Low,581.0,Premium
CUST10207,Kolkata,East,Medium,759.0,Affluent
CUST10208,Hyderabad,South,High,828.0,Affluent
CUST10209,Hyderabad,South,Medium,715.0,Premium
CUST10210,Hyderabad,South,Medium,663.0,Affluent
CUST10211,Pune,West,High,735.0,Mass
CUST10212,Bangalore,South,Low,614.0,Mass
CUST10213,Delhi NCR,North,Medium,694.0,Affluent
CUST10214,Hyderabad,South,Low,689.0,Mass
CUST10215,Hyderabad,South,Medium,738.0,Mass
CUST10216,Pune,West,Low,622.0,Affluent
CUST10217,Delhi NCR,North,Low,607.0,Mass
CUST10218,Kolkata,East,Low,642.0,Mass
CUST10219,Hyderabad,South,Medium,766.0,Affluent
CUST10220,Hyderabad,South,Low,636.0,Mass
CUST10221,Mumbai,West,Low,683.0,Mass
CUST10222,Kolkata,East,High,745.0,Mass
CUST10223,Bangalore,South,Medium,658.0,Mass
CUST10224,Delhi NCR,North,Medium,708.0,Mass
CUST10225,Kolkata,East,High,845.0,Affluent
CUST10226,Kolkata,East,High,765.0,Affluent
CUST10227,Mumbai,West,Medium,723.0,Affluent
CUST10228,Hyderabad,South,Low,700.0,Affluent
CUST10229,Kolkata,East,Low,702.0,Affluent
CUST10230,Bangalore,South,Medium,748.0,Mass
CUST10231,Kolkata,East,Medium,712.0,Affluent
CUST10232,Pune,West,Medium,711.0,Mass
CUST10233,Delhi NCR,North,Medium,731.0,Mass
CUST10234,Bangalore,South,Medium,771.0,Affluent
CUST10235,Kolkata,East,High,833.0,Mass
CUST10236,Pune,West,Medium,667.0,Affluent
CUST10237,Kolkata,East,High,831.0,Mass
CUST10238,Delhi NCR,North,Medium,670.0,Affluent
CUST10239,Delhi NCR,North,High,794.0,Mass
CUST10240,Pune,West,Low,584.0,Affluent
CUST10241,Pune,West,High,805.0,Mass
CUST10242,Pune,West,Medium,735.0,Mass
CUST10243,Pune,West,Low,667.0,Affluent
CUST10244,Delhi NCR,North,Medium,685.0,Mass
CUST10245,Hyderabad,South,Medium,747.0,Mass
CUST10246,Bangalore,South,Low,709.0,Premium
CUST10247,Hyderabad,South,Medium,772.0,Mass
CUST10248,Kolkata,East,Medium,684.0,Mass
CUST10249,Mumbai,West,Low,581.0,Affluent
CUST10250,Mumbai,West,Medium,715.0,Mass
CUST10251,Delhi NCR,North,Medium,756.0,Mass
CUST10252,Kolkata,East,Low,571.0,Mass
CUST10253,Bangalore,South,Medium,677.0,Mass
CUST10254,Bangalore,South,High,730.0,Affluent
CUST10255,Kolkata,East,Medium,653.0,Mass
CUST10256,Pune,West,Medium,717.0,Mass
CUST10257,Pune,West,High,843.0,Mass
CUST10258,Delhi NCR,North,Low,673.0,Affluent
CUST10259,Pune,West,High,820.0,Mass
CUST10260,Hyderabad,South,Low,708.0,Affluent
CUST10261,Bangalore,South,High,731.0,Mass
CUST10262,Bangalore,South,Low,668.0,Mass
CUST10263,Delhi NCR,North,Medium,705.0,Mass
CUST10264,Bangalore,South,Low,633.0,Premium
CUST10265,Delhi NCR,North,High,834.0,Mass
CUST10266,Pune,West,Medium,714.0,Mass
CUST10267,Pune,West,Medium,735.0,Mass
CUST10268,Kolkata,East,High,772.0,Mass
CUST10269,Pune,West,Low,715.0,Mass
CUST10270,Kolkata,East,Medium,650.0,Mass
CUST10271,Hyderabad,South,High,766.0,Mass
CUST10272,Kolkata,East,Low,571.0,Affluent
CUST10273,Pune,West,High,843.0,Mass
CUST10274,Bangalore,South,High,825.0,Mass
CUST10275,Kolkata,East,Medium,719.0,Affluent
CUST10276,Hyderabad,South,Low,573.0,Affluent
CUST10277,Hyderabad,South,Low,624.0,Premium
CUST10278,Delhi NCR,North,Low,718.0,Mass
CUST10279,Delhi NCR,North,Medium,705.0,Affluent
CUST10280,Delhi NCR,North,Low,696.0,Mass
CUST10281,Bangalore,South,Medium,733.0,Affluent
CUST10282,Kolkata,East,Medium,747.0,Affluent
CUST10283,Hyderabad,South,Low,671.0,Affluent
CUST10284,Kolkata,East,Medium,777.0,Affluent
CUST10285,Delhi NCR,North,Medium,726.0,Mass
CUST10286,Hyderabad,South,High,826.0,Mass
CUST10287,Pune,West,Medium,696.0,Premium
CUST10288,Pune,West,Low,713.0,Mass
CUST10289,Kolkata,East,Low,610.0,Mass
CUST10290,Mumbai,West,Medium,762.0,Mass
CUST10291,Bangalore,South,Low,607.0,Mass
CUST10292,Kolkata,East,High,801.0,Mass
CUST10293,Mumbai,West,Medium,750.0,Affluent
CUST10294,Hyderabad,South,Low,716.0,Mass
CUST10295,Hyderabad,South,Low,580.0,Mass
CUST10296,Mumbai,West,Low,616.0,Mass
CUST10297,Mumbai,West,Medium,664.0,Mass
CUST10298,Bangalore,South,High,743.0,Mass
CUST10299,Delhi NCR,North,Medium,700.0,Mass
CUST10300,Pune,West,Medium,713.0,Affluent
CUST10301,Kolkata,East,Medium,773.0,Premium
CUST10302,Pune,West,High,801.0,Affluent
CUST10303,Kolkata,East,Medium,767.0,Mass
CUST10304,Hyderabad,South,Medium,726.0,Mass
CUST10305,Kolkata,East,Medium,659.0,Affluent
CUST10306,Hyderabad,South,Low,700.0,Mass
CUST10307,Kolkata,East,Low,574.0,Affluent
CUST10308,Bangalore,South,Low,672.0,Mass
CUST10309,Mumbai,West,Low,613.0,Mass
CUST10310,Delhi NCR,North,Medium,704.0,Affluent
CUST10311,Delhi NCR,North,Low,670.0,Mass
CUST10312,Bangalore,South,Medium,713.0,Mass
CUST10313,Hyderabad,South,Medium,723.0,Affluent
CUST10314,Mumbai,West,Low,584.0,Mass
CUST10315,Pune,West,Medium,718.0,Mass
CUST10316,Delhi NCR,North,Medium,666.0,Affluent
CUST10317,Pune,West,Medium,671.0,Affluent
CUST10318,Hyderabad,South,Medium,743.0,Premium
CUST10319,Bangalore,South,Medium,706.0,Mass
CUST10320,Pune,West,Low,689.0,Affluent
CUST10321,Bangalore,South,Medium,761.0,Affluent
CUST10322,Delhi NCR,North,Low,587.0,Affluent
CUST10323,Kolkata,East,Medium,707.0,Affluent
CUST10324,Delhi NCR,North,Low,662.0,Mass
CUST10325,Kolkata,East,Medium,699.0,Mass
CUST10326,Bangalore,South,High,824.0,Mass
CUST10327,Bangalore,South,Medium,729.0,Mass
CUST10328,Pune,West,Medium,742.0,Mass
CUST10329,Bangalore,South,Low,683.0,Affluent
CUST10330,Delhi NCR,North,Low,581.0,Mass
CUST10331,Kolkata,East,High,732.0,Affluent
CUST10332,Kolkata,East,Medium,772.0,Premium
CUST10333,Bangalore,South,Medium,739.0,Mass
CUST10334,Mumbai,West,Medium,678.0,Mass
CUST10335,Pune,West,Low,577.0,Mass
CUST10336,Mumbai,West,Medium,757.0,Affluent
CUST10337,Hyderabad,South,Medium,716.0,Affluent
CUST10338,Bangalore,South,Medium,704.0,Mass
CUST10339,Hyderabad,South,Medium,759.0,Affluent
CUST10340,Hyderabad,South,Low,712.0,Mass
CUST10341,Bangalore,South,Low,606.0,Mass
CUST10342,Delhi NCR,North,Low,620.0,Mass
CUST10343,Pune,West,Medium,700.0,Premium
CUST10344,Hyderabad,South,Medium,689.0,Affluent
CUST10345,Pune,West,Medium,778.0,Affluent
CUST10346,Mumbai,West,Medium,650.0,Mass
CUST10347,Delhi NCR,North,Low,690.0,Mass
CUST10348,Pune,West,Medium,730.0,Mass
CUST10349,Mumbai,West,Low,703.0,Mass
CUST10350,Bangalore,South,Low,550.0,Premium
CUST10351,Bangalore,South,Medium,656.0,Affluent
CUST10352,Kolkata,East,Medium,759.0,Premium
CUST10353,Delhi NCR,North,Medium,774.0,Mass
CUST10354,Hyderabad,South,Low,646.0,Premium
CUST10355,Mumbai,West,Medium,731.0,Affluent
CUST10356,Kolkata,East,Low,662.0,Mass
CUST10357,Bangalore,South,Medium,749.0,Affluent
CUST10358,Hyderabad,South,Low,715.0,Affluent
CUST10359,Kolkata,East,Medium,726.0,Mass
CUST10360,Kolkata,East,Medium,738.0,Affluent
CUST10361,Pune,West,High,782.0,Mass
CUST10362,Mumbai,West,Medium,714.0,Affluent
CUST10363,Bangalore,South,Low,703.0,Affluent
CUST10364,Hyderabad,South,Low,694.0,Mass
CUST10365,Bangalore,South,Low,672.0,Mass
CUST10366,Hyderabad,South,Medium,690.0,Mass
CUST10367,Mumbai,West,Low,681.0,Mass
CUST10368,Hyderabad,South,Medium,668.0,Mass
CUST10369,Kolkata,East,Low,694.0,Mass
CUST10370,Kolkata,East,Medium,706.0,Mass
CUST10371,Delhi NCR,North,Medium,660.0,Affluent
CUST10372,Pune,West,Medium,732.0,Premium
CUST10373,Kolkata,East,Low,579.0,Mass
CUST10374,Hyderabad,South,Low,643.0,Mass
CUST10375,Bangalore,South,Low,567.0,Affluent
CUST10376,Kolkata,East,Low,597.0,Mass
CUST10377,Bangalore,South,Medium,770.0,Affluent
CUST10378,Mumbai,West,High,779.0,Mass
CUST10379,Delhi NCR,North,High,824.0,Premium
CUST10380,Bangalore,South,Low,599.0,Mass
CUST10381,Pune,West,Low,630.0,Premium
CUST10382,Kolkata,East,Medium,751.0,Mass
CUST10383,Delhi NCR,North,Medium,680.0,Affluent
CUST10384,Kolkata,East,Medium,775.0,Mass
CUST10385,Kolkata,East,Medium,770.0,Affluent
CUST10386,Kolkata,East,Medium,771.0,Mass
CUST10387,Delhi NCR,North,Medium,713.0,Premium
CUST10388,Mumbai,West,Medium,706.0,Mass
CUST10389,Kolkata,East,Medium,713.0,Mass
CUST10390,Hyderabad,South,High,847.0,Mass
CUST10391,Pune,West,Medium,733.0,Mass
CUST10392,Bangalore,South,High,734.0,Affluent
CUST10393,Pune,West,Medium,743.0,Mass
CUST10394,Pune,West,Low,703.0,Affluent
CUST10395,Hyderabad,South,Low,556.0,Affluent
CUST10396,Pune,West,Low,706.0,Premium
CUST10397,Delhi NCR,North,Medium,687.0,Affluent
CUST10398,Hyderabad,South,Low,590.0,Mass
CUST10399,Bangalore,South,Low,635.0,Mass
CUST10400,Kolkata,East,Low,639.0,Mass
CUST10401,Hyderabad,South,Medium,763.0,Mass
CUST10402,Bangalore,South,Low,663.0,Mass
CUST10403,Delhi NCR,North,Low,691.0,Affluent
CUST10404,Mumbai,West,Medium,767.0,Mass
CUST10405,Pune,West,Low,678.0,Mass
CUST10406,Bangalore,South,Low,630.0,Mass
CUST10407,Delhi NCR,North,Medium,743.0,Affluent
CUST10408,Delhi NCR,North,Medium,772.0,Mass
CUST10409,Delhi NCR,North,Medium,744.0,Mass
CUST10410,Mumbai,West,Medium,656.0,Affluent
CUST10411,Bangalore,South,Low,561.0,Mass
CUST10412,Hyderabad,South,Medium,666.0,Mass
CUST10413,Delhi NCR,North,Medium,712.0,Mass
CUST10414,Kolkata,East,Medium,696.0,Mass
CUST10415,Hyderabad,South,High,805.0,Mass
CUST10416,Delhi NCR,North,Medium,689.0,Affluent
CUST10417,Mumbai,West,Low,696.0,Premium
CUST10418,Delhi NCR,North,Low,576.0,Mass
CUST10419,Hyderabad,South,Low,659.0,Affluent
CUST10420,Pune,West,Low,685.0,Mass
CUST10421,Bangalore,South,Medium,716.0,Mass
CUST10422,Pune,West,High,828.0,Mass
CUST10423,Kolkata,East,High,761.0,Mass
CUST10424,Delhi NCR,North,Medium,755.0,Mass
CUST10425,Mumbai,West,High,815.0,Mass
CUST10426,Bangalore,South,Medium,712.0,Mass
CUST10427,Pune,West,High,794.0,Affluent
CUST10428,Mumbai,West,High,833.0,Mass
CUST10429,Hyderabad,South,High,723.0,Mass
CUST10430,Bangalore,South,Low,686.0,Mass
CUST10431,Pune,West,Medium,666.0,Mass
CUST10432,Mumbai,West,Medium,733.0,Premium
CUST10433,Kolkata,East,Medium,774.0,Mass
CUST10434,Kolkata,East,Low,670.0,Mass
CUST10435,Pune,West,Low,589.0,Mass
CUST10436,Bangalore,South,High,793.0,Mass
CUST10437,Mumbai,West,Low,627.0,Affluent
CUST10438,Kolkata,East,Low,553.0,Mass
CUST10439,Kolkata,East,Medium,679.0,Mass
CUST10440,Mumbai,West,Low,647.0,Mass
CUST10441,Hyderabad,South,Low,554.0,Affluent
CUST10442,Pune,West,Low,641.0,Affluent
CUST10443,Mumbai,West,Low,629.0,Affluent
CUST10444,Bangalore,South,Medium,685.0,Mass
CUST10445,Delhi NCR,North,Medium,659.0,Mass
CUST10446,Pune,West,Low,628.0,Affluent
CUST10447,Kolkata,East,Low,639.0,Mass
CUST10448,Pune,West,Medium,779.0,Affluent
CUST10449,Mumbai,West,High,820.0,Mass
CUST10450,Delhi NCR,North,Medium,774.0,Mass
CUST10451,Delhi NCR,North,High,803.0,Mass
CUST10452,Kolkata,East,High,729.0,Mass
CUST10453,Kolkata,East,Medium,666.0,Mass
CUST10454,Bangalore,South,High,786.0,Affluent
CUST10455,Bangalore,South,Medium,754.0,Affluent
CUST10456,Hyderabad,South,Medium,659.0,Affluent
CUST10457,Mumbai,West,Medium,704.0,Mass
CUST10458,Kolkata,East,High,724.0,Affluent
CUST10459,Bangalore,South,Medium,756.0,Affluent
CUST10460,Hyderabad,South,Medium,676.0,Affluent
CUST10461,Bangalore,South,Low,578.0,Mass
CUST10462,Pune,West,Medium,778.0,Mass
CUST10463,Hyderabad,South,Low,553.0,Mass
CUST10464,Kolkata,East,Medium,751.0,Mass
CUST10465,Hyderabad,South,High,746.0,Premium
CUST10466,Delhi NCR,North,High,795.0,Mass
CUST10467,Hyderabad,South,Medium,674.0,Affluent
CUST10468,Bangalore,South,Low,633.0,Mass
CUST10469,Bangalore,South,High,759.0,Mass
CUST10470,Bangalore,South,Medium,739.0,Mass
CUST10471,Delhi NCR,North,Medium,753.0,Mass
CUST10472,Kolkata,East,Medium,691.0,Mass
CUST10473,Kolkata,East,Low,713.0,Mass
CUST10474,Kolkata,East,High,813.0,Mass
CUST10475,Mumbai,West,Medium,779.0,Affluent
CUST10476,Kolkata,East,Medium,709.0,Mass
CUST10477,Pune,West,Low,676.0,Affluent
CUST10478,Mumbai,West,High,791.0,Mass
CUST10479,Delhi NCR,North,Low,571.0,Premium
CUST10480,Bangalore,South,High,834.0,Affluent
CUST10481,Mumbai,West,High,787.0,Mass
CUST10482,Bangalore,South,Medium,760.0,Mass
CUST10483,Bangalore,South,Low,718.0,Mass
CUST10484,Kolkata,East,Medium,756.0,Mass
CUST10485,Pune,West,Medium,744.0,Affluent
CUST10486,Bangalore,South,Low,696.0,Affluent
CUST10487,Mumbai,West,High,838.0,Premium
CUST10488,Kolkata,East,Low,674.0,Mass
CUST10489,Hyderabad,South,Low,690.0,Affluent
CUST10490,Delhi NCR,North,Medium,733.0,Mass
CUST10491,Pune,West,Low,671.0,Affluent
CUST10492,Pune,West,Medium,774.0,Affluent
CUST10493,Bangalore,South,Medium,761.0,Mass
CUST10494,Bangalore,South,High,720.0,Affluent
CUST10495,Delhi NCR,North,Medium,740.0,Mass
CUST10496,Delhi NCR,North,Low,637.0,Mass
CUST10497,Hyderabad,South,Low,660.0,Mass
CUST10498,Pune,West,Low,686.0,Mass
CUST10499,Bangalore,South,High,812.0,Affluent
CUST10500,Bangalore,South,Low,720.0,Mass
CUST10501,Bangalore,South,Low,710.0,Mass
CUST10502,Bangalore,South,Medium,736.0,Affluent
CUST10503,Mumbai,West,Low,678.0,Premium
CUST10504,Pune,West,Low,715.0,Premium
CUST10505,Kolkata,East,High,832.0,Affluent
CUST10506,Delhi NCR,North,Medium,698.0,Mass
CUST10507,Delhi NCR,North,Low,597.0,Affluent
CUST10508,Pune,West,Medium,676.0,Mass
CUST10509,Pune,West,Medium,770.0,Mass
CUST10510,Delhi NCR,North,Medium,754.0,Mass
CUST10511,Delhi NCR,North,Medium,759.0,Premium
CUST10512,Hyderabad,South,Low,635.0,Affluent
CUST10513,Kolkata,East,Medium,724.0,Affluent
CUST10514,Hyderabad,South,Medium,767.0,Mass
CUST10515,Bangalore,South,Medium,724.0,Mass
CUST10516,Bangalore,South,Medium,668.0,Mass
CUST10517,Delhi NCR,North,Medium,776.0,Mass
CUST10518,Delhi NCR,North,High,823.0,Affluent
CUST10519,Hyderabad,South,Medium,651.0,Affluent
CUST10520,Pune,West,Low,658.0,Mass
CUST10521,Hyderabad,South,Medium,697.0,Mass
CUST10522,Mumbai,West,Low,602.0,Mass
CUST10523,Mumbai,West,Medium,737.0,Mass
CUST10524,Delhi NCR,North,Low,691.0,Premium
CUST10525,Pune,West,Medium,676.0,Mass
CUST10526,Pune,West,Low,574.0,Premium
CUST10527,Kolkata,East,Low,621.0,Mass
CUST10528,Kolkata,East,High,828.0,Mass
CUST10529,Delhi NCR,North,Medium,706.0,Affluent
CUST10530,Kolkata,East,Medium,743.0,Affluent
CUST10531,Delhi NCR,North,Low,611.0,Mass
CUST10532,Kolkata,East,Medium,742.0,Premium
CUST10533,Hyderabad,South,Low,631.0,Affluent
CUST10534,Kolkata,East,High,816.0,Mass
CUST10535,Hyderabad,South,Low,596.0,Mass
CUST10536,Delhi NCR,North,Medium,724.0,Mass
CUST10537,Hyderabad,South,Low,717.0,Mass
CUST10538,Delhi NCR,North,High,846.0,Mass
CUST10539,Kolkata,East,Medium,736.0,Mass
CUST10540,Mumbai,West,Medium,687.0,Mass
CUST10541,Hyderabad,South,High,782.0,Mass
CUST10542,Bangalore,South,Low,566.0,Mass
CUST10543,Mumbai,West,Medium,732.0,Mass
CUST10544,Hyderabad,South,High,847.0,Affluent
CUST10545,Pune,West,Low,707.0,Mass
CUST10546,Kolkata,East,Low,706.0,Mass
CUST10547,Hyderabad,South,Medium,758.0,Mass
CUST10548,Kolkata,East,Low,562.0,Premium
CUST10549,Kolkata,East,Low,650.0,Mass
CUST10550,Kolkata,East,High,761.0,Affluent
CUST10551,Mumbai,West,Low,607.0,Mass
CUST10552,Hyderabad,South,High,836.0,Mass
CUST10553,Mumbai,West,High,724.0,Affluent
CUST10554,Delhi NCR,North,Medium,689.0,Affluent
CUST10555,Mumbai,West,High,820.0,Mass
CUST10556,Delhi NCR,North,Low,551.0,Mass
CUST10557,Pune,West,Low,622.0,Affluent
CUST10558,Hyderabad,South,Low,717.0,Affluent
CUST10559,Hyderabad,South,Medium,693.0,Affluent
CUST10560,Mumbai,West,Low,686.0,Mass
CUST10561,Mumbai,West,High,759.0,Premium
CUST10562,Kolkata,East,Medium,684.0,Mass
CUST10563,Kolkata,East,Medium,733.0,Affluent
CUST10564,Bangalore,South,Low,613.0,Mass
CUST10565,Kolkata,East,Medium,725.0,Affluent
CUST10566,Hyderabad,South,Medium,710.0,Mass
CUST10567,Pune,West,Low,629.0,Mass
CUST10568,Bangalore,South,Medium,663.0,Mass
CUST10569,Mumbai,West,Medium,694.0,Affluent
CUST10570,Pune,West,High,775.0,Affluent
CUST10571,Hyderabad,South,Medium,711.0,Mass
CUST10572,Hyderabad,South,High,813.0,Mass
CUST10573,Pune,West,Low,636.0,Affluent
CUST10574,Kolkata,East,Low,559.0,Mass
CUST10575,Mumbai,West,High,838.0,Mass
CUST10576,Mumbai,West,Medium,698.0,Mass
CUST10577,Mumbai,West,Medium,669.0,Mass
CUST10578,Delhi NCR,North,Medium,778.0,Premium
CUST10579,Mumbai,West,Low,578.0,Mass
CUST10580,Bangalore,South,Medium,717.0,Mass
CUST10581,Mumbai,West,Low,653.0,Mass
CUST10582,Mumbai,West,Low,601.0,Affluent
CUST10583,Delhi NCR,North,Low,661.0,Mass
CUST10584,Delhi NCR,North,High,818.0,Affluent
CUST10585,Mumbai,West,Medium,749.0,Mass
CUST10586,Pune,West,Low,652.0,Affluent
CUST10587,Delhi NCR,North,Low,624.0,Mass
CUST10588,Mumbai,West,High,768.0,Premium
CUST10589,Mumbai,West,Low,664.0,Mass
CUST10590,Mumbai,West,Medium,731.0,Mass
CUST10591,Hyderabad,South,High,805.0,Mass
CUST10592,Mumbai,West,Medium,742.0,Affluent
CUST10593,Mumbai,West,Medium,652.0,Mass
CUST10594,Mumbai,West,High,805.0,Affluent
CUST10595,Hyderabad,South,Medium,709.0,Affluent
CUST10596,Pune,West,Low,607.0,Affluent
CUST10597,Bangalore,South,Medium,760.0,Mass
CUST10598,Delhi NCR,North,Low,611.0,Mass
CUST10599,Pune,West,High,767.0,Mass
CUST10600,Kolkata,East,Medium,675.0,Mass
CUST10601,Mumbai,West,Low,658.0,Mass
CUST10602,Mumbai,West,Low,599.0,Mass
CUST10603,Bangalore,South,High,793.0,Mass
CUST10604,Mumbai,West,Medium,744.0,Mass
CUST10605,Hyderabad,South,Low,588.0,Mass
CUST10606,Delhi NCR,North,Medium,776.0,Affluent
CUST10607,Pune,West,Medium,691.0,Affluent
CUST10608,Hyderabad,South,High,838.0,Mass
CUST10609,Kolkata,East,Medium,679.0,Premium
CUST10610,Hyderabad,South,High,783.0,Mass
CUST10611,Mumbai,West,Medium,679.0,Mass
CUST10612,Mumbai,West,Low,617.0,Mass
CUST10613,Mumbai,West,Low,678.0,Affluent
CUST10614,Bangalore,South,High,826.0,Affluent
CUST10615,Hyderabad,South,Low,602.0,Premium
CUST10616,Hyderabad,South,Low,617.0,Affluent
CUST10617,Mumbai,West,Medium,754.0,Premium
CUST10618,Hyderabad,South,Medium,731.0,Mass
CUST10619,Pune,West,Low,551.0,Mass
CUST10620,Delhi NCR,North,Low,716.0,Affluent
CUST10621,Mumbai,West,High,742.0,Mass
CUST10622,Hyderabad,South,Low,716.0,Mass
CUST10623,Mumbai,West,Low,665.0,Affluent
CUST10624,Delhi NCR,North,Medium,672.0,Affluent
CUST10625,Hyderabad,South,Low,631.0,Premium
CUST10626,Hyderabad,South,Medium,758.0,Mass
CUST10627,Bangalore,South,Low,566.0,Mass
CUST10628,Pune,West,Medium,731.0,Affluent
CUST10629,Bangalore,South,High,734.0,Affluent
CUST10630,Pune,West,High,758.0,Mass
CUST10631,Bangalore,South,Low,621.0,Mass
CUST10632,Delhi NCR,North,Low,627.0,Affluent
CUST10633,Pune,West,Medium,681.0,Affluent
CUST10634,Bangalore,South,High,794.0,Mass
CUST10635,Pune,West,Low,620.0,Mass
CUST10636,Kolkata,East,Low,565.0,Mass
CUST10637,Pune,West,Medium,725.0,Premium
CUST10638,Delhi NCR,North,Medium,758.0,Affluent
CUST10639,Kolkata,East,Low,682.0,Mass
CUST10640,Kolkata,East,High,806.0,Mass
CUST10641,Kolkata,East,Low,658.0,Mass
CUST10642,Hyderabad,South,Low,676.0,Mass
CUST10643,Bangalore,South,Medium,709.0,Mass
CUST10644,Mumbai,West,High,789.0,Affluent
CUST10645,Kolkata,East,Medium,658.0,Mass
CUST10646,Bangalore,South,Medium,674.0,Mass
CUST10647,Pune,West,High,746.0,Mass
CUST10648,Delhi NCR,North,Medium,758.0,Mass
CUST10649,Pune,West,High,746.0,Mass
CUST10650,Pune,West,Low,703.0,Mass
CUST10651,Pune,West,Low,659.0,Mass
CUST10652,Kolkata,East,High,835.0,Affluent
CUST10653,Pune,West,Low,684.0,Mass
CUST10654,Delhi NCR,North,High,802.0,Mass
CUST10655,Pune,West,High,792.0,Mass
CUST10656,Hyderabad,South,Low,610.0,Mass
CUST10657,Bangalore,South,Medium,770.0,Mass
CUST10658,Delhi NCR,North,Medium,658.0,Affluent
CUST10659,Mumbai,West,Medium,742.0,Mass
CUST10660,Delhi NCR,North,High,781.0,Mass
CUST10661,Mumbai,West,Medium,773.0,Affluent
CUST10662,Bangalore,South,Low,694.0,Premium
CUST10663,Delhi NCR,North,Medium,679.0,Mass
CUST10664,Kolkata,East,Low,696.0,Mass
CUST10665,Pune,West,Medium,741.0,Affluent
CUST10666,Delhi NCR,North,Medium,740.0,Mass
CUST10667,Mumbai,West,Medium,689.0,Mass
CUST10668,Kolkata,East,Low,589.0,Mass
CUST10669,Hyderabad,South,Low,602.0,Mass
CUST10670,Pune,West,High,764.0,Affluent
CUST10671,Bangalore,South,Low,574.0,Premium
CUST10672,Mumbai,West,Medium,659.0,Affluent
CUST10673,Pune,West,Medium,747.0,Premium
CUST10674,Delhi NCR,North,Medium,656.0,Mass
CUST10675,Kolkata,East,High,733.0,Premium
CUST10676,Hyderabad,South,Medium,681.0,Mass
CUST10677,Delhi NCR,North,High,837.0,Affluent
CUST10678,Kolkata,East,Low,691.0,Mass
CUST10679,Delhi NCR,North,Medium,703.0,Affluent
CUST10680,Delhi NCR,North,High,819.0,Mass
CUST10681,Hyderabad,South,Medium,704.0,Mass
CUST10682,Kolkata,East,High,829.0,Premium
CUST10683,Mumbai,West,Medium,679.0,Affluent
CUST10684,Bangalore,South,Low,594.0,Mass
CUST10685,Hyderabad,South,Medium,686.0,Mass
CUST10686,Delhi NCR,North,Low,675.0,Mass
CUST10687,Bangalore,South,Low,629.0,Affluent
CUST10688,Pune,West,Low,597.0,Affluent
CUST10689,Mumbai,West,Medium,773.0,Mass
CUST10690,Bangalore,South,Low,666.0,Affluent
CUST10691,Mumbai,West,Medium,686.0,Affluent
CUST10692,Bangalore,South,Low,634.0,Affluent
CUST10693,Kolkata,East,Low,634.0,Premium
CUST10694,Delhi NCR,North,High,720.0,Premium
CUST10695,Kolkata,East,Low,690.0,Affluent
CUST10696,Hyderabad,South,Medium,707.0,Affluent
CUST10697,Hyderabad,South,Low,675.0,Affluent
CUST10698,Delhi NCR,North,Medium,688.0,Mass
CUST10699,Delhi NCR,North,Medium,758.0,Affluent
CUST10700,Pune,West,Medium,688.0,Mass
CUST10701,Mumbai,West,Low,718.0,Mass
CUST10702,Pune,West,Low,562.0,Affluent
CUST10703,Mumbai,West,Low,645.0,Mass
CUST10704,Pune,West,Low,653.0,Affluent
CUST10705,Kolkata,East,Low,623.0,Mass
CUST10706,Pune,West,Medium,704.0,Mass
CUST10707,Delhi NCR,North,High,778.0,Mass
CUST10708,Delhi NCR,North,High,783.0,Mass
CUST10709,Kolkata,East,Medium,771.0,Affluent
CUST10710,Mumbai,West,High,797.0,Affluent
CUST10711,Delhi NCR,North,Medium,713.0,Affluent
CUST10712,Hyderabad,South,Low,640.0,Mass
CUST10713,Kolkata,East,High,772.0,Premium
CUST10714,Hyderabad,South,Medium,678.0,Mass
CUST10715,Hyderabad,South,High,767.0,Affluent
CUST10716,Delhi NCR,North,Low,551.0,Mass
CUST10717,Kolkata,East,High,834.0,Mass
CUST10718,Mumbai,West,Low,569.0,Affluent
CUST10719,Hyderabad,South,High,783.0,Mass
CUST10720,Kolkata,East,Low,621.0,Mass
CUST10721,Pune,West,Medium,709.0,Affluent
CUST10722,Kolkata,East,Low,603.0,Mass
CUST10723,Hyderabad,South,Low,618.0,Mass
CUST10724,Hyderabad,South,Low,630.0,Affluent
CUST10725,Bangalore,South,Low,553.0,Affluent
CUST10726,Mumbai,West,Low,641.0,Mass
CUST10727,Bangalore,South,Medium,683.0,Mass
CUST10728,Delhi NCR,North,High,745.0,Mass
CUST10729,Pune,West,Low,720.0,Mass
CUST10730,Kolkata,East,High,779.0,Mass
CUST10731,Kolkata,East,High,754.0,Mass
CUST10732,Pune,West,High,843.0,Mass
CUST10733,Kolkata,East,High,807.0,Affluent
CUST10734,Kolkata,East,Medium,768.0,Mass
CUST10735,Mumbai,West,High,795.0,Mass
CUST10736,Mumbai,West,Low,610.0,Affluent
CUST10737,Delhi NCR,North,Medium,654.0,Mass
CUST10738,Hyderabad,South,Medium,776.0,Affluent
CUST10739,Mumbai,West,Medium,752.0,Affluent
CUST10740,Delhi NCR,North,Medium,675.0,Mass
CUST10741,Kolkata,East,Medium,760.0,Mass
CUST10742,Pune,West,Low,701.0,Mass
CUST10743,Bangalore,South,Low,702.0,Mass
CUST10744,Delhi NCR,North,Medium,698.0,Affluent
CUST10745,Bangalore,South,Medium,776.0,Mass
CUST10746,Kolkata,East,Low,605.0,Mass
CUST10747,Hyderabad,South,Medium,657.0,Affluent
CUST10748,Hyderabad,South,Low,585.0,Mass
CUST10749,Mumbai,West,High,814.0,Mass
CUST10750,Kolkata,East,Low,574.0,Mass
CUST10751,Hyderabad,South,Low,626.0,Mass
CUST10752,Delhi NCR,North,Low,672.0,Mass
CUST10753,Delhi NCR,North,Low,632.0,Affluent
CUST10754,Mumbai,West,Medium,684.0,Premium
CUST10755,Kolkata,East,Medium,706.0,Mass
CUST10756,Hyderabad,South,High,750.0,Premium
CUST10757,Delhi NCR,North,Low,590.0,Mass
CUST10758,Pune,West,Medium,772.0,Affluent
CUST10759,Kolkata,East,High,725.0,Premium
CUST10760,Delhi NCR,North,Low,632.0,Premium
CUST10761,Mumbai,West,High,826.0,Mass
CUST10762,Kolkata,East,High,787.0,Premium
CUST10763,Bangalore,South,Low,664.0,Mass
CUST10764,Pune,West,Medium,670.0,Mass
CUST10765,Pune,West,Medium,697.0,Mass
CUST10766,Mumbai,West,High,812.0,Mass
CUST10767,Mumbai,West,High,803.0,Premium
CUST10768,Hyderabad,South,Medium,652.0,Premium
CUST10769,Kolkata,East,Medium,750.0,Mass
CUST10770,Pune,West,Medium,712.0,Mass
CUST10771,Mumbai,West,High,777.0,Mass
CUST10772,Bangalore,South,High,728.0,Mass
CUST10773,Bangalore,South,Medium,749.0,Mass
CUST10774,Pune,West,Medium,715.0,Mass
CUST10775,Bangalore,South,High,785.0,Mass
CUST10776,Mumbai,West,High,795.0,Mass
CUST10777,Mumbai,West,Low,615.0,Affluent
CUST10778,Bangalore,South,Low,685.0,Mass
CUST10779,Delhi NCR,North,Low,662.0,Premium
CUST10780,Bangalore,South,Low,622.0,Mass
CUST10781,Kolkata,East,Medium,722.0,Mass
CUST10782,Hyderabad,South,Medium,758.0,Mass
CUST10783,Mumbai,West,Low,560.0,Mass
CUST10784,Pune,West,Medium,670.0,Mass
CUST10785,Mumbai,West,High,747.0,Mass
CUST10786,Hyderabad,South,Low,645.0,Affluent
CUST10787,Mumbai,West,Medium,734.0,Mass
CUST10788,Kolkata,East,Low,636.0,Mass
CUST10789,Mumbai,West,Medium,668.0,Affluent
CUST10790,Hyderabad,South,Low,620.0,Affluent
CUST10791,Hyderabad,South,High,819.0,Mass
CUST10792,Delhi NCR,North,High,745.0,Affluent
CUST10793,Pune,West,Low,608.0,Premium
CUST10794,Delhi NCR,North,Medium,767.0,Mass
CUST10795,Hyderabad,South,Medium,728.0,Mass
CUST10796,Hyderabad,South,Low,624.0,Mass
CUST10797,Bangalore,South,Low,643.0,Mass
CUST10798,Pune,West,Medium,696.0,Premium
CUST10799,Bangalore,South,Medium,708.0,Mass
CUST10800,Delhi NCR,North,Medium,672.0,Affluent
CUST10801,Delhi NCR,North,High,789.0,Affluent
CUST10802,Pune,West,Medium,776.0,Mass
CUST10803,Pune,West,Medium,767.0,Affluent
CUST10804,Pune,West,Medium,673.0,Premium
CUST10805,Pune,West,High,796.0,Premium
CUST10806,Kolkata,East,High,798.0,Mass
CUST10807,Mumbai,West,High,799.0,Mass
CUST10808,Hyderabad,South,Low,689.0,Affluent
CUST10809,Bangalore,South,High,759.0,Mass
CUST10810,Pune,West,Medium,778.0,Mass
CUST10811,Hyderabad,South,Medium,772.0,Affluent
CUST10812,Delhi NCR,North,Medium,772.0,Affluent
CUST10813,Hyderabad,South,High,840.0,Affluent
CUST10814,Delhi NCR,North,Medium,713.0,Mass
CUST10815,Bangalore,South,High,745.0,Mass
CUST10816,Kolkata,East,Medium,764.0,Mass
CUST10817,Bangalore,South,Medium,760.0,Affluent
CUST10818,Hyderabad,South,Medium,664.0,Mass
CUST10819,Pune,West,Medium,698.0,Mass
CUST10820,Bangalore,South,Low,582.0,Affluent
CUST10821,Bangalore,South,Medium,703.0,Affluent
CUST10822,Mumbai,West,Medium,777.0,Affluent
CUST10823,Mumbai,West,Medium,764.0,Mass
CUST10824,Bangalore,South,Medium,745.0,Mass
CUST10825,Pune,West,Medium,756.0,Affluent
CUST10826,Hyderabad,South,Low,621.0,Mass
CUST10827,Hyderabad,South,Medium,678.0,Mass
CUST10828,Bangalore,South,Low,669.0,Affluent
CUST10829,Mumbai,West,Low,554.0,Mass
CUST10830,Pune,West,Low,622.0,Mass
CUST10831,Bangalore,South,Medium,732.0,Mass
CUST10832,Hyderabad,South,High,819.0,Mass
CUST10833,Pune,West,Low,618.0,Mass
CUST10834,Pune,West,Medium,736.0,Mass
CUST10835,Pune,West,Medium,754.0,Mass
CUST10836,Delhi NCR,North,Low,619.0,Mass
CUST10837,Delhi NCR,North,Low,635.0,Premium
CUST10838,Mumbai,West,High,775.0,Affluent
CUST10839,Mumbai,West,Medium,770.0,Mass
CUST10840,Delhi NCR,North,Medium,686.0,Affluent
CUST10841,Hyderabad,South,Low,679.0,Mass
CUST10842,Kolkata,East,Medium,719.0,Premium
CUST10843,Delhi NCR,North,Medium,759.0,Affluent
CUST10844,Hyderabad,South,Low,658.0,Mass
CUST10845,Kolkata,East,Medium,697.0,Affluent
CUST10846,Hyderabad,South,Medium,717.0,Affluent
CUST10847,Kolkata,East,Low,703.0,Premium
CUST10848,Bangalore,South,Low,564.0,Mass
CUST10849,Hyderabad,South,Medium,676.0,Mass
CUST10850,Hyderabad,South,Low,669.0,Mass
CUST10851,Pune,West,Medium,775.0,Mass
CUST10852,Mumbai,West,Medium,666.0,Mass
CUST10853,Kolkata,East,Low,659.0,Mass
CUST10854,Kolkata,East,Low,670.0,Affluent
CUST10855,Delhi NCR,North,Low,559.0,Mass
CUST10856,Mumbai,West,Low,659.0,Mass
CUST10857,Kolkata,East,Medium,780.0,Mass
CUST10858,Delhi NCR,North,Low,561.0,Mass
CUST10859,Mumbai,West,Medium,728.0,Mass
CUST10860,Pune,West,Medium,772.0,Mass
CUST10861,Bangalore,South,Low,660.0,Affluent
CUST10862,Kolkata,East,High,791.0,Mass
CUST10863,Kolkata,East,Low,573.0,Mass
CUST10864,Pune,West,Low,640.0,Mass
CUST10865,Kolkata,East,Medium,694.0,Mass
CUST10866,Kolkata,East,High,787.0,Mass
CUST10867,Mumbai,West,Low,688.0,Premium
CUST10868,Delhi NCR,North,Medium,674.0,Premium
CUST10869,Bangalore,South,Medium,739.0,Mass
CUST10870,Mumbai,West,High,727.0,Affluent
CUST10871,Delhi NCR,North,High,735.0,Mass
CUST10872,Bangalore,South,Medium,760.0,Mass
CUST10873,Pune,West,Medium,689.0,Mass
CUST10874,Delhi NCR,North,Medium,698.0,Premium
CUST10875,Kolkata,East,Medium,741.0,Affluent
CUST10876,Pune,West,Medium,690.0,Premium
CUST10877,Kolkata,East,Medium,771.0,Mass
CUST10878,Pune,West,Medium,733.0,Mass
CUST10879,Mumbai,West,Medium,695.0,Mass
CUST10880,Hyderabad,South,Medium,670.0,Mass
CUST10881,Hyderabad,South,Medium,752.0,Affluent
CUST10882,Delhi NCR,North,Low,634.0,Premium
CUST10883,Bangalore,South,Low,708.0,Mass
CUST10884,Kolkata,East,Low,717.0,Affluent
CUST10885,Pune,West,Low,680.0,Affluent
CUST10886,Delhi NCR,North,Medium,768.0,Mass
CUST10887,Pune,West,Medium,780.0,Affluent
CUST10888,Pune,West,Medium,670.0,Affluent
CUST10889,Delhi NCR,North,High,833.0,Premium
CUST10890,Delhi NCR,North,Medium,777.0,Mass
CUST10891,Kolkata,East,Low,563.0,Affluent
CUST10892,Bangalore,South,Low,592.0,Mass
CUST10893,Kolkata,East,Low,647.0,Affluent
CUST10894,Bangalore,South,Low,575.0,Affluent
CUST10895,Pune,West,Low,720.0,Mass
CUST10896,Kolkata,East,Low,555.0,Mass
CUST10897,Bangalore,South,Low,667.0,Affluent
CUST10898,Mumbai,West,Medium,721.0,Mass
CUST10899,Delhi NCR,North,Medium,664.0,Mass
CUST10900,Delhi NCR,North,Medium,675.0,Mass
CUST10901,Bangalore,South,Medium,741.0,Mass
CUST10902,Bangalore,South,Low,644.0,Mass
CUST10903,Delhi NCR,North,High,727.0,Affluent
CUST10904,Mumbai,West,Medium,744.0,Mass
CUST10905,Hyderabad,South,Medium,673.0,Mass
CUST10906,Delhi NCR,North,Medium,666.0,Affluent
CUST10907,Pune,West,Medium,698.0,Mass
CUST10908,Mumbai,West,High,826.0,Mass
CUST10909,Mumbai,West,High,721.0,Premium
CUST10910,Delhi NCR,North,High,833.0,Affluent
CUST10911,Delhi NCR,North,Medium,773.0,Mass
CUST10912,Pune,West,Medium,651.0,Mass
CUST10913,Mumbai,West,Medium,693.0,Premium
CUST10914,Hyderabad,South,Low,691.0,Affluent
CUST10915,Kolkata,East,High,760.0,Premium
CUST10916,Pune,West,Medium,650.0,Mass
CUST10917,Hyderabad,South,Low,635.0,Mass
CUST10918,Bangalore,South,High,823.0,Mass
CUST10919,Mumbai,West,Low,571.0,Affluent
CUST10920,Bangalore,South,Low,560.0,Mass
CUST10921,Bangalore,South,High,727.0,Mass
CUST10922,Mumbai,West,High,741.0,Mass
CUST10923,Bangalore,South,Medium,678.0,Premium
CUST10924,Kolkata,East,High,824.0,Affluent
CUST10925,Mumbai,West,High,823.0,Mass
CUST10926,Kolkata,East,Medium,720.0,Affluent
CUST10927,Hyderabad,South,High,826.0,Affluent
CUST10928,Mumbai,West,High,848.0,Mass
CUST10929,Bangalore,South,Low,639.0,Mass
CUST10930,Mumbai,West,High,799.0,Mass
CUST10931,Hyderabad,South,High,819.0,Affluent
CUST10932,Kolkata,East,High,848.0,Affluent
CUST10933,Hyderabad,South,Medium,775.0,Affluent
CUST10934,Bangalore,South,High,760.0,Affluent
CUST10935,Hyderabad,South,Medium,679.0,Mass
CUST10936,Bangalore,South,Medium,674.0,Affluent
CUST10937,Hyderabad,South,Low,555.0,Premium
CUST10938,Mumbai,West,Medium,734.0,Affluent
CUST10939,Bangalore,South,High,763.0,Mass
CUST10940,Hyderabad,South,Medium,733.0,Mass
CUST10941,Mumbai,West,Low,573.0,Affluent
CUST10942,Bangalore,South,High,755.0,Mass
CUST10943,Kolkata,East,High,757.0,Mass
CUST10944,Pune,West,Medium,654.0,Affluent
CUST10945,Kolkata,East,Medium,661.0,Affluent
CUST10946,Mumbai,West,Low,662.0,Mass
CUST10947,Pune,West,Medium,695.0,Mass
CUST10948,Hyderabad,South,Medium,763.0,Affluent
CUST10949,Mumbai,West,Low,655.0,Mass
CUST10950,Pune,West,Medium,725.0,Mass
CUST10951,Delhi NCR,North,High,833.0,Premium
CUST10952,Hyderabad,South,Medium,652.0,Mass
CUST10953,Mumbai,West,Medium,717.0,Mass
CUST10954,Delhi NCR,North,Medium,689.0,Mass
CUST10955,Pune,West,High,839.0,Mass
CUST10956,Hyderabad,South,Medium,662.0,Mass
CUST10957,Bangalore,South,Low,571.0,Affluent
CUST10958,Bangalore,South,Low,660.0,Affluent
CUST10959,Mumbai,West,Low,667.0,Affluent
CUST10960,Bangalore,South,Medium,651.0,Mass
CUST10961,Mumbai,West,High,784.0,Premium
CUST10962,Delhi NCR,North,Medium,742.0,Premium
CUST10963,Hyderabad,South,Medium,759.0,Mass
CUST10964,Hyderabad,South,Medium,759.0,Mass
CUST10965,Hyderabad,South,Low,590.0,Mass
CUST10966,Delhi NCR,North,Medium,680.0,Mass
CUST10967,Bangalore,South,Low,701.0,Premium
CUST10968,Delhi NCR,North,Low,595.0,Mass
CUST10969,Pune,West,Low,606.0,Mass
CUST10970,Delhi NCR,North,Medium,721.0,Affluent
CUST10971,Pune,West,Low,697.0,Mass
CUST10972,Mumbai,West,Low,638.0,Affluent
CUST10973,Kolkata,East,Medium,723.0,Mass
CUST10974,Pune,West,Medium,750.0,Affluent
CUST10975,Kolkata,East,Medium,657.0,Mass
CUST10976,Mumbai,West,Low,637.0,Affluent
CUST10977,Hyderabad,South,Medium,705.0,Mass
CUST10978,Hyderabad,South,Low,693.0,Mass
CUST10979,Kolkata,East,Low,718.0,Mass
CUST10980,Mumbai,West,Medium,693.0,Affluent
CUST10981,Pune,West,Low,611.0,Affluent
CUST10982,Hyderabad,South,Low,636.0,Premium
CUST10983,Kolkata,East,Low,577.0,Affluent
CUST10984,Bangalore,South,Low,646.0,Mass
CUST10985,Mumbai,West,Medium,753.0,Mass
CUST10986,Bangalore,South,Medium,699.0,Mass
CUST10987,Hyderabad,South,High,812.0,Mass
CUST10988,Delhi NCR,North,High,844.0,Mass
CUST10989,Delhi NCR,North,High,757.0,Affluent
CUST10990,Delhi NCR,North,Low,561.0,Mass
CUST10991,Kolkata,East,High,819.0,Premium
CUST10992,Kolkata,East,Low,693.0,Affluent
CUST10993,Hyderabad,South,High,847.0,Affluent
CUST10994,Mumbai,West,High,771.0,Mass
CUST10995,Pune,West,High,734.0,Affluent
CUST10996,Mumbai,West,Medium,732.0,Mass
CUST10997,Kolkata,East,Low,611.0,Mass
CUST10998,Pune,West,Medium,709.0,Affluent
CUST10999,Mumbai,West,Medium,665.0,Mass
CUST11000,Delhi NCR,North,Medium,756.0,Mass
CUST11001,Mumbai,West,Medium,777.0,Affluent
CUST11002,Mumbai,West,Low,612.0,Mass
CUST11003,Hyderabad,South,Low,622.0,Affluent
CUST11004,Bangalore,South,Medium,663.0,Affluent
CUST11005,Pune,West,High,782.0,Mass
CUST11006,Mumbai,West,Low,675.0,Mass
CUST11007,Pune,West,Medium,766.0,Mass
CUST11008,Hyderabad,South,Low,598.0,Mass
CUST11009,Mumbai,West,Medium,732.0,Affluent
CUST11010,Pune,West,Medium,680.0,Affluent
CUST11011,Kolkata,East,Medium,775.0,Premium
CUST11012,Bangalore,South,Low,688.0,Mass
CUST11013,Kolkata,East,Medium,696.0,Mass
CUST11014,Hyderabad,South,Low,680.0,Mass
CUST11015,Delhi NCR,North,Medium,763.0,Affluent
CUST11016,Delhi NCR,North,Low,553.0,Mass
CUST11017,Bangalore,South,Medium,742.0,Premium
CUST11018,Mumbai,West,Low,564.0,Mass
CUST11019,Mumbai,West,Low,669.0,Mass
CUST11020,Mumbai,West,Low,680.0,Mass
CUST11021,Hyderabad,South,Medium,738.0,Premium
CUST11022,Mumbai,West,Medium,680.0,Mass
CUST11023,Kolkata,East,Medium,656.0,Mass
CUST11024,Bangalore,South,Medium,676.0,Affluent
CUST11025,Delhi NCR,North,Low,550.0,Affluent
CUST11026,Hyderabad,South,Low,620.0,Premium
CUST11027,Pune,West,High,829.0,Mass
CUST11028,Kolkata,East,Medium,705.0,Affluent
CUST11029,Delhi NCR,North,Medium,687.0,Affluent
CUST11030,Hyderabad,South,Medium,717.0,Affluent
CUST11031,Hyderabad,South,Low,706.0,Mass
CUST11032,Delhi NCR,North,Low,644.0,Premium
CUST11033,Delhi NCR,North,High,816.0,Affluent
CUST11034,Mumbai,West,Low,561.0,Mass
CUST11035,Hyderabad,South,Low,581.0,Mass
CUST11036,Delhi NCR,North,Medium,726.0,Affluent
CUST11037,Kolkata,East,Low,687.0,Affluent
CUST11038,Mumbai,West,Medium,749.0,Affluent
CUST11039,Kolkata,East,Low,626.0,Mass
CUST11040,Delhi NCR,North,High,769.0,Mass
CUST11041,Mumbai,West,Medium,730.0,Premium
CUST11042,Pune,West,High,791.0,Premium
CUST11043,Bangalore,South,High,750.0,Mass
CUST11044,Bangalore,South,Low,631.0,Mass
CUST11045,Mumbai,West,High,779.0,Mass
CUST11046,Pune,West,High,834.0,Mass
CUST11047,Kolkata,East,Medium,755.0,Mass
CUST11048,Delhi NCR,North,Low,561.0,Affluent
CUST11049,Delhi NCR,North,Low,603.0,Mass
CUST11050,Delhi NCR,North,High,781.0,Affluent
CUST11051,Mumbai,West,Medium,687.0,Mass
CUST11052,Bangalore,South,Low,718.0,Affluent
CUST11053,Delhi NCR,North,Medium,656.0,Mass
CUST11054,Bangalore,South,Low,661.0,Affluent
CUST11055,Hyderabad,South,Medium,660.0,Mass
CUST11056,Hyderabad,South,Medium,691.0,Mass
CUST11057,Hyderabad,South,Low,705.0,Affluent
CUST11058,Hyderabad,South,High,848.0,Mass
CUST11059,Mumbai,West,Low,674.0,Premium
CUST11060,Delhi NCR,North,Medium,687.0,Affluent
CUST11061,Delhi NCR,North,Low,694.0,Affluent
CUST11062,Hyderabad,South,Low,698.0,Affluent
CUST11063,Kolkata,East,Low,562.0,Mass
CUST11064,Pune,West,Medium,751.0,Mass
CUST11065,Delhi NCR,North,Low,719.0,Mass
CUST11066,Pune,West,High,825.0,Affluent
CUST11067,Delhi NCR,North,Medium,694.0,Mass
CUST11068,Kolkata,East,Medium,758.0,Mass
CUST11069,Kolkata,East,High,723.0,Mass
CUST11070,Hyderabad,South,Medium,779.0,Affluent
CUST11071,Pune,West,High,760.0,Mass
CUST11072,Hyderabad,South,Medium,691.0,Mass
CUST11073,Bangalore,South,Low,646.0,Affluent
CUST11074,Bangalore,South,Medium,669.0,Mass
CUST11075,Pune,West,Medium,723.0,Mass
CUST11076,Mumbai,West,Medium,766.0,Affluent
CUST11077,Kolkata,East,Medium,660.0,Mass
CUST11078,Kolkata,East,Low,693.0,Mass
CUST11079,Pune,West,Low,638.0,Mass
CUST11080,Pune,West,Low,666.0,Premium
CUST11081,Kolkata,East,Medium,719.0,Premium
CUST11082,Kolkata,East,Low,631.0,Mass
CUST11083,Kolkata,East,Low,712.0,Affluent
CUST11084,Delhi NCR,North,Low,605.0,Mass
CUST11085,Mumbai,West,Medium,657.0,Mass
CUST11086,Hyderabad,South,Medium,756.0,Affluent
CUST11087,Bangalore,South,Low,705.0,Premium
CUST11088,Kolkata,East,Medium,706.0,Affluent
CUST11089,Pune,West,Low,692.0,Mass
CUST11090,Mumbai,West,High,764.0,Mass
CUST11091,Pune,West,Medium,711.0,Affluent
CUST11092,Hyderabad,South,Low,684.0,Mass
CUST11093,Kolkata,East,Medium,670.0,Mass
CUST11094,Bangalore,South,Medium,675.0,Mass
CUST11095,Delhi NCR,North,Medium,669.0,Mass
CUST11096,Bangalore,South,High,750.0,Premium
CUST11097,Hyderabad,South,Medium,685.0,Mass
CUST11098,Bangalore,South,Medium,714.0,Affluent
CUST11099,Delhi NCR,North,Low,689.0,Mass
CUST11100,Delhi NCR,North,Medium,659.0,Affluent
CUST11101,Bangalore,South,Medium,754.0,Affluent
CUST11102,Hyderabad,South,Low,553.0,Mass
CUST11103,Hyderabad,South,Medium,752.0,Affluent
CUST11104,Bangalore,South,High,805.0,Affluent
CUST11105,Hyderabad,South,Medium,748.0,Mass
CUST11106,Delhi NCR,North,Low,674.0,Affluent
CUST11107,Kolkata,East,Medium,737.0,Affluent
CUST11108,Pune,West,Low,719.0,Premium
CUST11109,Bangalore,South,Low,658.0,Mass
CUST11110,Hyderabad,South,Medium,664.0,Affluent
CUST11111,Hyderabad,South,Low,657.0,Premium
CUST11112,Hyderabad,South,Medium,656.0,Mass
CUST11113,Mumbai,West,Low,576.0,Affluent
CUST11114,Delhi NCR,North,Medium,709.0,Mass
CUST11115,Kolkata,East,Medium,705.0,Mass
CUST11116,Delhi NCR,North,Medium,749.0,Affluent
CUST11117,Delhi NCR,North,Low,614.0,Affluent
CUST11118,Hyderabad,South,Medium,697.0,Affluent
CUST11119,Kolkata,East,Medium,672.0,Mass
CUST11120,Mumbai,West,Low,677.0,Mass
CUST11121,Bangalore,South,Medium,729.0,Mass
CUST11122,Delhi NCR,North,Medium,728.0,Premium
CUST11123,Kolkata,East,Low,609.0,Mass
CUST11124,Pune,West,Low,558.0,Affluent
CUST11125,Mumbai,West,Medium,759.0,Mass
CUST11126,Hyderabad,South,High,729.0,Affluent
CUST11127,Kolkata,East,Medium,659.0,Mass
CUST11128,Kolkata,East,High,732.0,Mass
CUST11129,Kolkata,East,Low,720.0,Mass
CUST11130,Kolkata,East,High,799.0,Mass
CUST11131,Pune,West,Low,671.0,Mass
CUST11132,Kolkata,East,High,753.0,Affluent
CUST11133,Pune,West,Medium,726.0,Mass
CUST11134,Pune,West,Medium,651.0,Affluent
CUST11135,Pune,West,Low,583.0,Affluent
CUST11136,Bangalore,South,Medium,779.0,Mass
CUST11137,Hyderabad,South,Medium,664.0,Affluent
CUST11138,Hyderabad,South,Medium,677.0,Mass
CUST11139,Hyderabad,South,High,822.0,Mass
CUST11140,Kolkata,East,High,834.0,Mass
CUST11141,Mumbai,West,Medium,753.0,Affluent
CUST11142,Mumbai,West,High,743.0,Affluent
CUST11143,Delhi NCR,North,Medium,687.0,Mass
CUST11144,Bangalore,South,Low,619.0,Mass
CUST11145,Delhi NCR,North,Low,657.0,Mass
CUST11146,Bangalore,South,Low,715.0,Affluent
CUST11147,Bangalore,South,Medium,685.0,Mass
CUST11148,Hyderabad,South,Medium,665.0,Premium
CUST11149,Bangalore,South,High,845.0,Mass
CUST11150,Pune,West,High,825.0,Mass
CUST11151,Mumbai,West,Low,696.0,Mass
CUST11152,Bangalore,South,Low,690.0,Affluent
CUST11153,Kolkata,East,Medium,776.0,Mass
CUST11154,Bangalore,South,Medium,665.0,Affluent
CUST11155,Bangalore,South,Medium,732.0,Affluent
CUST11156,Delhi NCR,North,High,762.0,Premium
CUST11157,Delhi NCR,North,Low,652.0,Affluent
CUST11158,Bangalore,South,Medium,713.0,Mass
CUST11159,Pune,West,High,846.0,Mass
CUST11160,Hyderabad,South,Medium,723.0,Mass
CUST11161,Delhi NCR,North,Low,587.0,Affluent
CUST11162,Kolkata,East,Medium,766.0,Mass
CUST11163,Kolkata,East,Medium,777.0,Premium
CUST11164,Pune,West,Medium,663.0,Mass
CUST11165,Bangalore,South,High,836.0,Affluent
CUST11166,Delhi NCR,North,Low,650.0,Affluent
CUST11167,Pune,West,Low,588.0,Affluent
CUST11168,Pune,West,High,795.0,Mass
CUST11169,Mumbai,West,Medium,765.0,Mass
CUST11170,Pune,West,High,739.0,Affluent
CUST11171,Mumbai,West,Low,693.0,Mass
CUST11172,Bangalore,South,Low,680.0,Mass
CUST11173,Delhi NCR,North,Medium,747.0,Mass
CUST11174,Pune,West,Low,678.0,Mass
CUST11175,Delhi NCR,North,Medium,770.0,Mass
CUST11176,Mumbai,West,High,766.0,Affluent
CUST11177,Bangalore,South,Medium,737.0,Mass
CUST11178,Pune,West,Low,695.0,Mass
CUST11179,Mumbai,West,Low,685.0,Affluent
CUST11180,Pune,West,Low,639.0,Mass
CUST11181,Hyderabad,South,Low,587.0,Mass
CUST11182,Delhi NCR,North,Low,620.0,Premium
CUST11183,Mumbai,West,Medium,656.0,Mass
CUST11184,Kolkata,East,Medium,705.0,Mass
CUST11185,Mumbai,West,High,804.0,Mass
CUST11186,Kolkata,East,Medium,765.0,Mass
CUST11187,Kolkata,East,Medium,718.0,Affluent
CUST11188,Bangalore,South,Medium,703.0,Affluent
CUST11189,Pune,West,Medium,691.0,Mass
CUST11190,Mumbai,West,Medium,696.0,Affluent
CUST11191,Hyderabad,South,Low,718.0,Mass
CUST11192,Kolkata,East,Low,676.0,Mass
CUST11193,Kolkata,East,Medium,768.0,Mass
CUST11194,Pune,West,High,734.0,Mass
CUST11195,Bangalore,South,High,814.0,Mass
CUST11196,Pune,West,Medium,683.0,Affluent
CUST11197,Hyderabad,South,Medium,753.0,Mass
CUST11198,Delhi NCR,North,High,771.0,Affluent
CUST11199,Delhi NCR,North,Medium,650.0,Mass
CUST11200,Hyderabad,South,Medium,775.0,Mass
CUST11201,Mumbai,West,Medium,711.0,Affluent
CUST11202,Hyderabad,South,Medium,776.0,Mass
CUST11203,Pune,West,Low,716.0,Affluent
CUST11204,Delhi NCR,North,Medium,699.0,Affluent
CUST11205,Hyderabad,South,Medium,726.0,Mass
CUST11206,Bangalore,South,Low,700.0,Mass
CUST11207,Kolkata,East,Medium,742.0,Premium
CUST11208,Hyderabad,South,High,759.0,Affluent
CUST11209,Kolkata,East,Low,704.0,Affluent
CUST11210,Mumbai,West,Low,640.0,Affluent
CUST11211,Mumbai,West,Low,630.0,Affluent
CUST11212,Delhi NCR,North,Medium,776.0,Mass
CUST11213,Mumbai,West,Low,607.0,Mass
CUST11214,Delhi NCR,North,High,834.0,Mass
CUST11215,Kolkata,East,High,774.0,Mass
CUST11216,Pune,West,Low,648.0,Mass
CUST11217,Mumbai,West,Medium,674.0,Mass
CUST11218,Hyderabad,South,Low,586.0,Affluent
CUST11219,Mumbai,West,High,731.0,Affluent
CUST11220,Delhi NCR,North,Medium,741.0,Mass
CUST11221,Kolkata,East,Medium,768.0,Affluent
CUST11222,Mumbai,West,Medium,682.0,Mass
CUST11223,Bangalore,South,Low,563.0,Affluent
CUST11224,Pune,West,Medium,650.0,Mass
CUST11225,Bangalore,South,High,818.0,Affluent
CUST11226,Kolkata,East,Low,669.0,Affluent
CUST11227,Pune,West,Medium,692.0,Affluent
CUST11228,Pune,West,High,793.0,Premium
CUST11229,Pune,West,High,767.0,Mass
CUST11230,Delhi NCR,North,Low,706.0,Mass
CUST11231,Hyderabad,South,Low,639.0,Mass
CUST11232,Delhi NCR,North,Medium,702.0,Affluent
CUST11233,Kolkata,East,Medium,656.0,Affluent
CUST11234,Hyderabad,South,Low,574.0,Affluent
CUST11235,Bangalore,South,High,788.0,Mass
CUST11236,Mumbai,West,Medium,719.0,Mass
CUST11237,Bangalore,South,High,818.0,Mass
CUST11238,Delhi NCR,North,Medium,721.0,Affluent
CUST11239,Mumbai,West,High,756.0,Premium
CUST11240,Hyderabad,South,Medium,740.0,Affluent
CUST11241,Hyderabad,South,High,825.0,Mass
CUST11242,Kolkata,East,Low,565.0,Affluent
CUST11243,Bangalore,South,Medium,689.0,Affluent
CUST11244,Bangalore,South,Low,557.0,Premium
CUST11245,Delhi NCR,North,Low,665.0,Mass
CUST11246,Delhi NCR,North,High,746.0,Mass
CUST11247,Bangalore,South,Low,656.0,Affluent
CUST11248,Hyderabad,South,High,824.0,Mass
CUST11249,Hyderabad,South,Medium,652.0,Affluent
CUST11250,Mumbai,West,Medium,719.0,Mass
CUST11251,Delhi NCR,North,Low,570.0,Mass
CUST11252,Mumbai,West,High,815.0,Mass
CUST11253,Bangalore,South,Medium,768.0,Affluent
CUST11254,Bangalore,South,Medium,751.0,Affluent
CUST11255,Bangalore,South,Medium,685.0,Affluent
CUST11256,Kolkata,East,Medium,727.0,Mass
CUST11257,Mumbai,West,Medium,760.0,Mass
CUST11258,Kolkata,East,Low,588.0,Mass
CUST11259,Delhi NCR,North,Low,626.0,Affluent
CUST11260,Hyderabad,South,Medium,729.0,Mass
CUST11261,Pune,West,Medium,757.0,Mass
CUST11262,Mumbai,West,High,805.0,Premium
CUST11263,Delhi NCR,North,High,776.0,Affluent
CUST11264,Mumbai,West,Low,625.0,Affluent
CUST11265,Delhi NCR,North,Medium,775.0,Mass
CUST11266,Pune,West,Medium,756.0,Affluent
CUST11267,Delhi NCR,North,Medium,746.0,Mass
CUST11268,Mumbai,West,Low,578.0,Mass
CUST11269,Mumbai,West,Medium,663.0,Mass
CUST11270,Delhi NCR,North,Medium,664.0,Affluent
CUST11271,Bangalore,South,Medium,680.0,Mass
CUST11272,Hyderabad,South,Medium,770.0,Mass
CUST11273,Hyderabad,South,Medium,676.0,Affluent
CUST11274,Kolkata,East,Medium,763.0,Mass
CUST11275,Mumbai,West,Medium,662.0,Affluent
CUST11276,Kolkata,East,Medium,667.0,Affluent
CUST11277,Delhi NCR,North,Low,680.0,Affluent
CUST11278,Delhi NCR,North,Low,675.0,Affluent
CUST11279,Kolkata,East,Medium,765.0,Affluent
CUST11280,Kolkata,East,Medium,689.0,Premium
CUST11281,Bangalore,South,Medium,753.0,Mass
CUST11282,Kolkata,East,Medium,760.0,Mass
CUST11283,Delhi NCR,North,Medium,778.0,Mass
CUST11284,Delhi NCR,North,High,729.0,Mass
CUST11285,Kolkata,East,Medium,733.0,Mass
CUST11286,Bangalore,South,Medium,740.0,Mass
CUST11287,Mumbai,West,Low,605.0,Premium
CUST11288,Hyderabad,South,Medium,672.0,Mass
CUST11289,Mumbai,West,High,736.0,Mass
CUST11290,Bangalore,South,Low,686.0,Mass
CUST11291,Delhi NCR,North,High,823.0,Affluent
CUST11292,Bangalore,South,High,750.0,Affluent
CUST11293,Pune,West,Low,633.0,Mass
CUST11294,Mumbai,West,Medium,692.0,Affluent
CUST11295,Pune,West,High,747.0,Mass
CUST11296,Bangalore,South,High,780.0,Mass
CUST11297,Hyderabad,South,High,777.0,Mass
CUST11298,Mumbai,West,High,736.0,Affluent
CUST11299,Bangalore,South,Low,611.0,Affluent
CUST11300,Hyderabad,South,High,726.0,Affluent
CUST11301,Bangalore,South,High,797.0,Mass
CUST11302,Hyderabad,South,Medium,717.0,Mass
CUST11303,Mumbai,West,Medium,666.0,Affluent
CUST11304,Bangalore,South,Low,707.0,Affluent
CUST11305,Bangalore,South,High,743.0,Mass
CUST11306,Pune,West,Medium,691.0,Mass
CUST11307,Hyderabad,South,Medium,663.0,Mass
CUST11308,Mumbai,West,Medium,759.0,Affluent
CUST11309,Pune,West,Low,683.0,Mass
CUST11310,Mumbai,West,High,798.0,Affluent
CUST11311,Mumbai,West,Medium,749.0,Affluent
CUST11312,Mumbai,West,Low,588.0,Affluent
CUST11313,Kolkata,East,Low,654.0,Premium
CUST11314,Hyderabad,South,Low,637.0,Premium
CUST11315,Pune,West,Medium,689.0,Premium
CUST11316,Bangalore,South,High,842.0,Mass
CUST11317,Hyderabad,South,Medium,732.0,Mass
CUST11318,Pune,West,Medium,651.0,Mass
CUST11319,Mumbai,West,Low,643.0,Mass
CUST11320,Mumbai,West,Medium,755.0,Mass
CUST11321,Mumbai,West,Medium,761.0,Mass
CUST11322,Delhi NCR,North,Medium,727.0,Affluent
CUST11323,Pune,West,High,745.0,Mass
CUST11324,Kolkata,East,Low,638.0,Premium
CUST11325,Kolkata,East,High,812.0,Mass
CUST11326,Mumbai,West,Medium,652.0,Mass
CUST11327,Delhi NCR,North,High,779.0,Affluent
CUST11328,Delhi NCR,North,Low,584.0,Affluent
CUST11329,Delhi NCR,North,Medium,771.0,Affluent
CUST11330,Mumbai,West,Medium,692.0,Mass
CUST11331,Hyderabad,South,Medium,742.0,Mass
CUST11332,Pune,West,Low,621.0,Mass
CUST11333,Bangalore,South,Medium,711.0,Mass
CUST11334,Kolkata,East,Medium,730.0,Mass
CUST11335,Pune,West,High,790.0,Mass
CUST11336,Mumbai,West,Medium,676.0,Mass
CUST11337,Delhi NCR,North,Medium,742.0,Affluent
CUST11338,Bangalore,South,High,772.0,Mass
CUST11339,Hyderabad,South,Low,605.0,Mass
CUST11340,Kolkata,East,Medium,731.0,Mass
CUST11341,Delhi NCR,North,High,776.0,Mass
CUST11342,Delhi NCR,North,Low,587.0,Mass
CUST11343,Mumbai,West,Medium,773.0,Mass
CUST11344,Kolkata,East,High,831.0,Mass
CUST11345,Delhi NCR,North,Medium,707.0,Mass
CUST11346,Bangalore,South,Low,616.0,Mass
CUST11347,Pune,West,Low,683.0,Mass
CUST11348,Mumbai,West,High,763.0,Mass
CUST11349,Kolkata,East,High,760.0,Mass
CUST11350,Kolkata,East,Low,638.0,Mass
CUST11351,Kolkata,East,Medium,698.0,Mass
CUST11352,Pune,West,Medium,759.0,Mass
CUST11353,Delhi NCR,North,Medium,779.0,Mass
CUST11354,Hyderabad,South,Medium,665.0,Mass
CUST11355,Bangalore,South,Low,584.0,Mass
CUST11356,Hyderabad,South,Low,720.0,Mass
CUST11357,Mumbai,West,High,815.0,Premium
CUST11358,Mumbai,West,Low,584.0,Mass
CUST11359,Pune,West,High,775.0,Affluent
CUST11360,Bangalore,South,Medium,723.0,Affluent
CUST11361,Hyderabad,South,Medium,747.0,Mass
CUST11362,Pune,West,Medium,757.0,Affluent
CUST11363,Delhi NCR,North,Medium,762.0,Mass
CUST11364,Kolkata,East,Medium,657.0,Mass
CUST11365,Pune,West,High,849.0,Mass
CUST11366,Delhi NCR,North,Medium,669.0,Mass
CUST11367,Delhi NCR,North,Medium,707.0,Affluent
CUST11368,Pune,West,High,804.0,Mass
CUST11369,Hyderabad,South,Medium,699.0,Mass
CUST11370,Pune,West,Medium,719.0,Affluent
CUST11371,Bangalore,South,Low,633.0,Mass
CUST11372,Hyderabad,South,Low,553.0,Mass
CUST11373,Kolkata,East,High,791.0,Affluent
CUST11374,Hyderabad,South,High,753.0,Affluent
CUST11375,Kolkata,East,Medium,681.0,Affluent
CUST11376,Delhi NCR,North,Medium,746.0,Mass
CUST11377,Mumbai,West,High,771.0,Mass
CUST11378,Kolkata,East,Medium,659.0,Mass
CUST11379,Hyderabad,South,Medium,688.0,Mass
CUST11380,Kolkata,East,Low,699.0,Mass
CUST11381,Kolkata,East,High,798.0,Mass
CUST11382,Pune,West,Low,676.0,Mass
CUST11383,Mumbai,West,Medium,698.0,Mass
CUST11384,Pune,West,Low,635.0,Mass
CUST11385,Pune,West,High,765.0,Affluent
CUST11386,Bangalore,South,Medium,748.0,Affluent
CUST11387,Kolkata,East,Low,631.0,Mass
CUST11388,Delhi NCR,North,Medium,650.0,Mass
CUST11389,Pune,West,High,818.0,Mass
CUST11390,Mumbai,West,Medium,650.0,Mass
CUST11391,Hyderabad,South,Low,594.0,Mass
CUST11392,Delhi NCR,North,Medium,755.0,Mass
CUST11393,Kolkata,East,Low,692.0,Affluent
CUST11394,Pune,West,Medium,719.0,Mass
CUST11395,Delhi NCR,North,High,748.0,Mass
CUST11396,Delhi NCR,North,Low,676.0,Affluent
CUST11397,Hyderabad,South,High,777.0,Mass
CUST11398,Mumbai,West,Medium,779.0,Mass
CUST11399,Mumbai,West,High,796.0,Mass
CUST11400,Pune,West,Low,670.0,Affluent
CUST11401,Kolkata,East,High,816.0,Mass
CUST11402,Kolkata,East,Medium,680.0,Mass
CUST11403,Kolkata,East,Low,558.0,Affluent
CUST11404,Mumbai,West,High,840.0,Affluent
CUST11405,Bangalore,South,Medium,708.0,Mass
CUST11406,Mumbai,West,Low,641.0,Premium
CUST11407,Kolkata,East,Medium,651.0,Mass
CUST11408,Delhi NCR,North,Low,577.0,Affluent
CUST11409,Delhi NCR,North,Low,664.0,Mass
CUST11410,Mumbai,West,Low,585.0,Affluent
CUST11411,Hyderabad,South,High,743.0,Mass
CUST11412,Mumbai,West,Medium,692.0,Affluent
CUST11413,Mumbai,West,Medium,716.0,Mass
CUST11414,Mumbai,West,Low,666.0,Mass
CUST11415,Delhi NCR,North,High,746.0,Mass
CUST11416,Mumbai,West,Medium,660.0,Mass
CUST11417,Mumbai,West,High,837.0,Affluent
CUST11418,Kolkata,East,Medium,732.0,Mass
CUST11419,Mumbai,West,Low,593.0,Affluent
CUST11420,Delhi NCR,North,Low,569.0,Affluent
CUST11421,Delhi NCR,North,Medium,695.0,Premium
CUST11422,Mumbai,West,High,743.0,Affluent
CUST11423,Kolkata,East,Low,620.0,Mass
CUST11424,Hyderabad,South,Medium,710.0,Mass
CUST11425,Hyderabad,South,Low,586.0,Mass
CUST11426,Hyderabad,South,Low,622.0,Affluent
CUST11427,Bangalore,South,Low,691.0,Affluent
CUST11428,Mumbai,West,Medium,702.0,Affluent
CUST11429,Pune,West,Medium,708.0,Affluent
CUST11430,Delhi NCR,North,High,748.0,Mass
CUST11431,Hyderabad,South,Medium,733.0,Mass
CUST11432,Mumbai,West,Low,697.0,Affluent
CUST11433,Bangalore,South,Low,612.0,Mass
CUST11434,Mumbai,West,High,739.0,Mass
CUST11435,Pune,West,High,776.0,Mass
CUST11436,Pune,West,Low,663.0,Mass
CUST11437,Delhi NCR,North,Low,700.0,Affluent
CUST11438,Delhi NCR,North,Low,629.0,Mass
CUST11439,Mumbai,West,Medium,757.0,Mass
CUST11440,Hyderabad,South,Low,562.0,Mass
CUST11441,Delhi NCR,North,Medium,742.0,Mass
CUST11442,Hyderabad,South,Low,575.0,Mass
CUST11443,Kolkata,East,Low,552.0,Mass
CUST11444,Mumbai,West,Medium,750.0,Mass
CUST11445,Delhi NCR,North,Medium,661.0,Mass
CUST11446,Mumbai,West,Medium,711.0,Mass
CUST11447,Pune,West,Low,551.0,Mass
CUST11448,Mumbai,West,Low,712.0,Mass
CUST11449,Bangalore,South,High,794.0,Mass
CUST11450,Hyderabad,South,High,761.0,Mass
CUST11451,Mumbai,West,Low,715.0,Mass
CUST11452,Kolkata,East,Low,550.0,Mass
CUST11453,Mumbai,West,Low,703.0,Mass
CUST11454,Kolkata,East,Medium,753.0,Affluent
CUST11455,Pune,West,Low,674.0,Mass
CUST11456,Bangalore,South,Low,580.0,Premium
CUST11457,Pune,West,Medium,768.0,Mass
CUST11458,Hyderabad,South,Medium,721.0,Affluent
CUST11459,Hyderabad,South,Low,590.0,Mass
CUST11460,Pune,West,Low,681.0,Affluent
CUST11461,Pune,West,High,830.0,Premium
CUST11462,Bangalore,South,Medium,777.0,Affluent
CUST11463,Delhi NCR,North,Low,615.0,Affluent
CUST11464,Kolkata,East,High,727.0,Mass
CUST11465,Delhi NCR,North,Low,608.0,Affluent
CUST11466,Bangalore,South,Medium,672.0,Affluent
CUST11467,Bangalore,South,Low,670.0,Mass
CUST11468,Mumbai,West,Medium,762.0,Mass
CUST11469,Bangalore,South,Low,625.0,Mass
CUST11470,Bangalore,South,Medium,663.0,Mass
CUST11471,Mumbai,West,Low,554.0,Affluent
CUST11472,Hyderabad,South,Medium,770.0,Mass
CUST11473,Delhi NCR,North,High,785.0,Mass
CUST11474,Delhi NCR,North,High,785.0,Affluent
CUST11475,Delhi NCR,North,Medium,656.0,Mass
CUST11476,Kolkata,East,Medium,732.0,Mass
CUST11477,Mumbai,West,Medium,760.0,Mass
CUST11478,Pune,West,Low,600.0,Mass
CUST11479,Hyderabad,South,Low,675.0,Mass
CUST11480,Mumbai,West,Medium,694.0,Mass
CUST11481,Bangalore,South,Low,601.0,Mass
CUST11482,Pune,West,Medium,673.0,Mass
CUST11483,Hyderabad,South,Medium,657.0,Premium
CUST11484,Kolkata,East,Low,675.0,Premium
CUST11485,Bangalore,South,Low,649.0,Mass
CUST11486,Delhi NCR,North,High,729.0,Mass
CUST11487,Bangalore,South,Medium,692.0,Mass
CUST11488,Kolkata,East,Low,602.0,Mass
CUST11489,Delhi NCR,North,Medium,753.0,Affluent
CUST11490,Kolkata,East,Medium,691.0,Mass
CUST11491,Kolkata,East,Medium,740.0,Affluent
CUST11492,Hyderabad,South,High,735.0,Mass
CUST11493,Hyderabad,South,Low,654.0,Mass
CUST11494,Hyderabad,South,Low,641.0,Mass
CUST11495,Hyderabad,South,Low,692.0,Affluent
CUST11496,Bangalore,South,High,739.0,Mass
CUST11497,Pune,West,High,798.0,Affluent
CUST11498,Delhi NCR,North,Medium,689.0,Affluent
CUST11499,Bangalore,South,Medium,693.0,Mass
CUST11500,Kolkata,East,Medium,738.0,Mass
CUST11501,Pune,West,Low,614.0,Affluent
CUST11502,Delhi NCR,North,Medium,732.0,Affluent
CUST11503,Pune,West,Low,597.0,Mass
CUST11504,Pune,West,High,824.0,Mass
CUST11505,Bangalore,South,High,751.0,Mass
CUST11506,Kolkata,East,Medium,739.0,Mass
CUST11507,Delhi NCR,North,Medium,660.0,Mass
CUST11508,Bangalore,South,Low,675.0,Premium
CUST11509,Delhi NCR,North,High,777.0,Affluent
CUST11510,Mumbai,West,Low,624.0,Premium
CUST11511,Mumbai,West,Low,671.0,Mass
CUST11512,Hyderabad,South,Medium,666.0,Mass
CUST11513,Kolkata,East,High,724.0,Mass
CUST11514,Bangalore,South,Low,575.0,Mass
CUST11515,Kolkata,East,Medium,774.0,Affluent
CUST11516,Bangalore,South,High,809.0,Affluent
CUST11517,Pune,West,Low,701.0,Affluent
CUST11518,Mumbai,West,High,836.0,Mass
CUST11519,Hyderabad,South,Medium,728.0,Mass
CUST11520,Delhi NCR,North,Low,712.0,Affluent
CUST11521,Bangalore,South,Medium,776.0,Mass
CUST11522,Hyderabad,South,Medium,768.0,Mass
CUST11523,Kolkata,East,Low,654.0,Mass
CUST11524,Delhi NCR,North,Low,592.0,Mass
CUST11525,Bangalore,South,High,730.0,Mass
CUST11526,Delhi NCR,North,Medium,670.0,Affluent
CUST11527,Kolkata,East,Medium,754.0,Mass
CUST11528,Hyderabad,South,Medium,677.0,Affluent
CUST11529,Bangalore,South,Low,598.0,Mass
CUST11530,Mumbai,West,High,779.0,Mass
CUST11531,Delhi NCR,North,High,833.0,Affluent
CUST11532,Hyderabad,South,High,830.0,Mass
CUST11533,Mumbai,West,High,742.0,Affluent
CUST11534,Kolkata,East,Low,590.0,Affluent
CUST11535,Pune,West,Low,659.0,Affluent
CUST11536,Pune,West,Low,719.0,Mass
CUST11537,Delhi NCR,North,Medium,667.0,Mass
CUST11538,Delhi NCR,North,High,787.0,Mass
CUST11539,Delhi NCR,North,Low,673.0,Mass
CUST11540,Pune,West,Low,693.0,Mass
CUST11541,Delhi NCR,North,Medium,723.0,Mass
CUST11542,Hyderabad,South,Low,556.0,Affluent
CUST11543,Hyderabad,South,Low,673.0,Mass
CUST11544,Delhi NCR,North,Medium,721.0,Mass
CUST11545,Bangalore,South,High,826.0,Affluent
CUST11546,Bangalore,South,Medium,699.0,Premium
CUST11547,Mumbai,West,Medium,733.0,Affluent
CUST11548,Kolkata,East,Low,671.0,Mass
CUST11549,Pune,West,Medium,718.0,Mass
CUST11550,Delhi NCR,North,Medium,726.0,Mass
CUST11551,Kolkata,East,Medium,676.0,Mass
CUST11552,Hyderabad,South,Low,682.0,Mass
CUST11553,Kolkata,East,High,787.0,Affluent
CUST11554,Mumbai,West,Medium,683.0,Affluent
CUST11555,Bangalore,South,Low,597.0,Mass
CUST11556,Kolkata,East,Medium,666.0,Mass
CUST11557,Hyderabad,South,Low,558.0,Affluent
CUST11558,Kolkata,East,Medium,761.0,Affluent
CUST11559,Delhi NCR,North,Low,573.0,Mass
CUST11560,Kolkata,East,Low,584.0,Mass
CUST11561,Delhi NCR,North,Medium,651.0,Mass
CUST11562,Bangalore,South,Low,550.0,Affluent
CUST11563,Pune,West,Medium,720.0,Affluent
CUST11564,Kolkata,East,Low,623.0,Mass
CUST11565,Hyderabad,South,Medium,772.0,Mass
CUST11566,Delhi NCR,North,Medium,674.0,Premium
CUST11567,Delhi NCR,North,High,841.0,Premium
CUST11568,Pune,West,Low,712.0,Affluent
CUST11569,Hyderabad,South,High,746.0,Affluent
CUST11570,Kolkata,East,Low,603.0,Mass
CUST11571,Pune,West,Medium,778.0,Mass
CUST11572,Kolkata,East,Low,572.0,Premium
CUST11573,Delhi NCR,North,Low,563.0,Mass
CUST11574,Pune,West,Low,568.0,Mass
CUST11575,Pune,West,Medium,753.0,Mass
CUST11576,Mumbai,West,Low,703.0,Mass
CUST11577,Mumbai,West,Medium,714.0,Mass
CUST11578,Kolkata,East,Medium,657.0,Mass
CUST11579,Delhi NCR,North,Medium,669.0,Mass
CUST11580,Delhi NCR,North,Medium,763.0,Affluent
CUST11581,Kolkata,East,Medium,734.0,Affluent
CUST11582,Pune,West,Medium,664.0,Premium
CUST11583,Kolkata,East,High,767.0,Premium
CUST11584,Hyderabad,South,Medium,720.0,Mass
CUST11585,Hyderabad,South,Medium,731.0,Mass
CUST11586,Delhi NCR,North,High,758.0,Mass
CUST11587,Delhi NCR,North,High,730.0,Affluent
CUST11588,Hyderabad,South,Low,680.0,Mass
CUST11589,Hyderabad,South,Low,637.0,Affluent
CUST11590,Hyderabad,South,Medium,690.0,Affluent
CUST11591,Delhi NCR,North,High,819.0,Affluent
CUST11592,Hyderabad,South,Medium,721.0,Mass
CUST11593,Hyderabad,South,Medium,720.0,Premium
CUST11594,Pune,West,High,720.0,Affluent
CUST11595,Bangalore,South,Low,590.0,Mass
CUST11596,Mumbai,West,High,827.0,Mass
CUST11597,Delhi NCR,North,Low,678.0,Mass
CUST11598,Bangalore,South,Medium,764.0,Mass
CUST11599,Kolkata,East,Medium,667.0,Mass
CUST11600,Hyderabad,South,High,753.0,Affluent
CUST11601,Hyderabad,South,Medium,756.0,Mass
CUST11602,Delhi NCR,North,Medium,734.0,Affluent
CUST11603,Pune,West,Low,692.0,Mass
CUST11604,Kolkata,East,High,812.0,Mass
CUST11605,Hyderabad,South,Low,701.0,Affluent
CUST11606,Kolkata,East,Low,656.0,Mass
CUST11607,Hyderabad,South,High,783.0,Mass
CUST11608,Hyderabad,South,Medium,756.0,Affluent
CUST11609,Mumbai,West,High,810.0,Mass
CUST11610,Delhi NCR,North,Low,676.0,Mass
CUST11611,Kolkata,East,Low,706.0,Mass
CUST11612,Bangalore,South,High,825.0,Mass
CUST11613,Mumbai,West,Medium,699.0,Affluent
CUST11614,Hyderabad,South,Low,694.0,Mass
CUST11615,Delhi NCR,North,Low,646.0,Affluent
CUST11616,Mumbai,West,Low,633.0,Mass
CUST11617,Mumbai,West,Low,649.0,Affluent
CUST11618,Hyderabad,South,Medium,772.0,Mass
CUST11619,Kolkata,East,Low,700.0,Mass
CUST11620,Kolkata,East,Medium,751.0,Mass
CUST11621,Mumbai,West,Medium,762.0,Premium
CUST11622,Pune,West,Medium,724.0,Affluent
CUST11623,Mumbai,West,Low,557.0,Affluent
CUST11624,Bangalore,South,Low,710.0,Mass
CUST11625,Delhi NCR,North,Medium,652.0,Affluent
CUST11626,Kolkata,East,Medium,680.0,Mass
CUST11627,Mumbai,West,Medium,676.0,Affluent
CUST11628,Kolkata,East,High,720.0,Mass
CUST11629,Hyderabad,South,High,772.0,Affluent
CUST11630,Kolkata,East,Medium,710.0,Affluent
CUST11631,Delhi NCR,North,Medium,770.0,Mass
CUST11632,Bangalore,South,Medium,660.0,Mass
CUST11633,Mumbai,West,High,834.0,Mass
CUST11634,Bangalore,South,Low,683.0,Mass
CUST11635,Hyderabad,South,Low,568.0,Mass
CUST11636,Mumbai,West,Medium,650.0,Affluent
CUST11637,Bangalore,South,Low,636.0,Affluent
CUST11638,Bangalore,South,Medium,722.0,Mass
CUST11639,Mumbai,West,Low,557.0,Mass
CUST11640,Pune,West,Medium,679.0,Mass
CUST11641,Hyderabad,South,High,737.0,Affluent
CUST11642,Pune,West,Low,662.0,Premium
CUST11643,Hyderabad,South,Medium,692.0,Affluent
CUST11644,Bangalore,South,Low,703.0,Mass
CUST11645,Hyderabad,South,Medium,671.0,Mass
CUST11646,Bangalore,South,Low,649.0,Affluent
CUST11647,Kolkata,East,High,805.0,Mass
CUST11648,Bangalore,South,Low,648.0,Affluent
CUST11649,Kolkata,East,Low,596.0,Affluent
CUST11650,Hyderabad,South,Low,684.0,Mass
CUST11651,Kolkata,East,Low,705.0,Affluent
CUST11652,Pune,West,Medium,752.0,Mass
CUST11653,Hyderabad,South,Medium,679.0,Mass
CUST11654,Kolkata,East,Medium,659.0,Mass
CUST11655,Bangalore,South,Low,599.0,Affluent
CUST11656,Hyderabad,South,High,833.0,Premium
CUST11657,Bangalore,South,Low,649.0,Mass
CUST11658,Mumbai,West,High,835.0,Affluent
CUST11659,Kolkata,East,Low,717.0,Mass
CUST11660,Pune,West,High,725.0,Mass
CUST11661,Kolkata,East,Medium,705.0,Mass
CUST11662,Mumbai,West,Medium,700.0,Mass
CUST11663,Bangalore,South,High,804.0,Affluent
CUST11664,Hyderabad,South,Medium,660.0,Mass
CUST11665,Hyderabad,South,Low,692.0,Mass
CUST11666,Hyderabad,South,Low,647.0,Mass
CUST11667,Pune,West,Low,664.0,Mass
CUST11668,Kolkata,East,High,738.0,Mass
CUST11669,Pune,West,Medium,663.0,Mass
CUST11670,Bangalore,South,Low,666.0,Mass
CUST11671,Hyderabad,South,High,812.0,Premium
CUST11672,Kolkata,East,Medium,682.0,Affluent
CUST11673,Pune,West,High,818.0,Mass
CUST11674,Hyderabad,South,Low,657.0,Mass
CUST11675,Hyderabad,South,Low,699.0,Affluent
CUST11676,Mumbai,West,High,798.0,Mass
CUST11677,Bangalore,South,Low,591.0,Mass
CUST11678,Kolkata,East,Medium,721.0,Affluent
CUST11679,Bangalore,South,Low,685.0,Premium
CUST11680,Delhi NCR,North,Low,653.0,Mass
CUST11681,Kolkata,East,Low,649.0,Mass
CUST11682,Hyderabad,South,Medium,759.0,Affluent
CUST11683,Kolkata,East,Medium,652.0,Mass
CUST11684,Kolkata,East,Medium,709.0,Mass
CUST11685,Kolkata,East,High,796.0,Premium
CUST11686,Mumbai,West,Medium,659.0,Mass
CUST11687,Pune,West,Medium,663.0,Affluent
CUST11688,Pune,West,Low,669.0,Mass
CUST11689,Bangalore,South,Low,585.0,Mass
CUST11690,Bangalore,South,Low,588.0,Mass
CUST11691,Hyderabad,South,Medium,735.0,Mass
CUST11692,Bangalore,South,Medium,771.0,Affluent
CUST11693,Bangalore,South,High,743.0,Mass
CUST11694,Kolkata,East,Low,614.0,Mass
CUST11695,Hyderabad,South,Medium,693.0,Mass
CUST11696,Kolkata,East,High,800.0,Mass
CUST11697,Hyderabad,South,Medium,679.0,Mass
CUST11698,Pune,West,High,815.0,Mass
CUST11699,Kolkata,East,Medium,770.0,Mass
CUST11700,Bangalore,South,Low,717.0,Mass
CUST11701,Pune,West,Medium,694.0,Affluent
CUST11702,Bangalore,South,Low,706.0,Premium
CUST11703,Hyderabad,South,Medium,750.0,Mass
CUST11704,Delhi NCR,North,Low,673.0,Premium
CUST11705,Mumbai,West,Medium,754.0,Mass
CUST11706,Pune,West,Medium,755.0,Affluent
CUST11707,Mumbai,West,Medium,707.0,Mass
CUST11708,Kolkata,East,Low,580.0,Affluent
CUST11709,Delhi NCR,North,Low,654.0,Mass
CUST11710,Delhi NCR,North,Low,682.0,Affluent
CUST11711,Hyderabad,South,Low,653.0,Affluent
CUST11712,Hyderabad,South,Low,695.0,Affluent
CUST11713,Hyderabad,South,Medium,707.0,Affluent
CUST11714,Hyderabad,South,Low,613.0,Premium
CUST11715,Bangalore,South,High,793.0,Affluent
CUST11716,Mumbai,West,Low,647.0,Affluent
CUST11717,Delhi NCR,North,Low,558.0,Mass
CUST11718,Mumbai,West,Medium,713.0,Affluent
CUST11719,Bangalore,South,High,722.0,Mass
CUST11720,Mumbai,West,Medium,654.0,Mass
CUST11721,Bangalore,South,Low,556.0,Mass
CUST11722,Bangalore,South,Medium,759.0,Mass
CUST11723,Kolkata,East,Medium,670.0,Mass
CUST11724,Kolkata,East,Low,572.0,Mass
CUST11725,Bangalore,South,Low,619.0,Mass
CUST11726,Mumbai,West,High,803.0,Affluent
CUST11727,Kolkata,East,Medium,687.0,Affluent
CUST11728,Hyderabad,South,Medium,673.0,Mass
CUST11729,Pune,West,High,770.0,Mass
CUST11730,Delhi NCR,North,Low,661.0,Affluent
CUST11731,Kolkata,East,Low,573.0,Mass
CUST11732,Kolkata,East,Low,664.0,Affluent
CUST11733,Hyderabad,South,High,764.0,Mass
CUST11734,Kolkata,East,High,813.0,Premium
CUST11735,Mumbai,West,Medium,653.0,Mass
CUST11736,Delhi NCR,North,Low,712.0,Mass
CUST11737,Pune,West,High,782.0,Premium
CUST11738,Pune,West,Low,585.0,Mass
CUST11739,Delhi NCR,North,Low,644.0,Premium
CUST11740,Pune,West,High,829.0,Mass
CUST11741,Pune,West,Low,565.0,Affluent
CUST11742,Delhi NCR,North,Medium,755.0,Mass
CUST11743,Hyderabad,South,Medium,727.0,Mass
CUST11744,Pune,West,Low,681.0,Affluent
CUST11745,Kolkata,East,Low,704.0,Premium
CUST11746,Mumbai,West,High,805.0,Affluent
CUST11747,Delhi NCR,North,Low,617.0,Affluent
CUST11748,Delhi NCR,North,Low,660.0,Affluent
CUST11749,Delhi NCR,North,High,828.0,Mass
CUST11750,Pune,West,Medium,780.0,Mass
CUST11751,Mumbai,West,High,849.0,Mass
CUST11752,Bangalore,South,High,805.0,Mass
CUST11753,Mumbai,West,Low,561.0,Affluent
CUST11754,Hyderabad,South,Medium,778.0,Affluent
CUST11755,Pune,West,Low,687.0,Mass
CUST11756,Delhi NCR,North,Medium,738.0,Mass
CUST11757,Pune,West,High,826.0,Affluent
CUST11758,Pune,West,Low,652.0,Mass
CUST11759,Kolkata,East,Low,660.0,Affluent
CUST11760,Mumbai,West,Low,639.0,Premium
CUST11761,Kolkata,East,Medium,689.0,Affluent
CUST11762,Bangalore,South,Low,580.0,Mass
CUST11763,Bangalore,South,Medium,708.0,Mass
CUST11764,Kolkata,East,Medium,682.0,Mass
CUST11765,Kolkata,East,Low,554.0,Mass
CUST11766,Mumbai,West,Medium,703.0,Mass
CUST11767,Mumbai,West,Medium,662.0,Premium
CUST11768,Hyderabad,South,Medium,737.0,Mass
CUST11769,Pune,West,Low,559.0,Mass
CUST11770,Delhi NCR,North,Medium,703.0,Affluent
CUST11771,Delhi NCR,North,Medium,749.0,Mass
CUST11772,Delhi NCR,North,Low,643.0,Mass
CUST11773,Pune,West,Low,647.0,Mass
CUST11774,Delhi NCR,North,High,847.0,Mass
CUST11775,Bangalore,South,Low,663.0,Mass
CUST11776,Kolkata,East,Medium,708.0,Affluent
CUST11777,Kolkata,East,Low,624.0,Mass
CUST11778,Delhi NCR,North,Low,639.0,Mass
CUST11779,Mumbai,West,High,810.0,Mass
CUST11780,Hyderabad,South,Medium,697.0,Mass
CUST11781,Kolkata,East,High,807.0,Mass
CUST11782,Hyderabad,South,Low,680.0,Affluent
CUST11783,Delhi NCR,North,Medium,653.0,Mass
CUST11784,Pune,West,High,830.0,Mass
CUST11785,Bangalore,South,Medium,724.0,Mass
CUST11786,Hyderabad,South,Medium,654.0,Affluent
CUST11787,Hyderabad,South,Medium,757.0,Mass
CUST11788,Delhi NCR,North,Medium,746.0,Affluent
CUST11789,Pune,West,Medium,690.0,Affluent
CUST11790,Hyderabad,South,Low,713.0,Mass
CUST11791,Kolkata,East,Medium,734.0,Mass
CUST11792,Mumbai,West,Medium,658.0,Mass
CUST11793,Pune,West,Low,719.0,Mass
CUST11794,Delhi NCR,North,Low,699.0,Mass
CUST11795,Mumbai,West,High,773.0,Premium
CUST11796,Kolkata,East,Low,616.0,Mass
CUST11797,Kolkata,East,Low,598.0,Premium
CUST11798,Kolkata,East,Low,711.0,Mass
CUST11799,Bangalore,South,High,723.0,Affluent
CUST11800,Pune,West,Medium,773.0,Affluent
CUST11801,Mumbai,West,High,720.0,Affluent
CUST11802,Mumbai,West,Low,600.0,Mass
CUST11803,Hyderabad,South,Medium,668.0,Mass
CUST11804,Pune,West,Low,614.0,Affluent
CUST11805,Delhi NCR,North,High,820.0,Mass
CUST11806,Hyderabad,South,Medium,666.0,Mass
CUST11807,Mumbai,West,Medium,738.0,Mass
CUST11808,Delhi NCR,North,Medium,684.0,Mass
CUST11809,Pune,West,Medium,677.0,Mass
CUST11810,Pune,West,High,769.0,Affluent
CUST11811,Mumbai,West,Medium,748.0,Mass
CUST11812,Mumbai,West,Medium,695.0,Mass
CUST11813,Mumbai,West,Low,561.0,Premium
CUST11814,Mumbai,West,High,737.0,Mass
CUST11815,Pune,West,Low,618.0,Mass
CUST11816,Delhi NCR,North,High,726.0,Mass
CUST11817,Bangalore,South,Low,610.0,Affluent
CUST11818,Mumbai,West,Low,583.0,Mass
CUST11819,Bangalore,South,Low,621.0,Affluent
CUST11820,Hyderabad,South,Low,650.0,Mass
CUST11821,Mumbai,West,Medium,710.0,Premium
CUST11822,Hyderabad,South,High,762.0,Mass
CUST11823,Mumbai,West,Low,560.0,Mass
CUST11824,Mumbai,West,Medium,656.0,Affluent
CUST11825,Kolkata,East,Medium,661.0,Mass
CUST11826,Pune,West,Low,565.0,Mass
CUST11827,Pune,West,Low,669.0,Mass
CUST11828,Pune,West,High,804.0,Mass
CUST11829,Kolkata,East,Medium,743.0,Mass
CUST11830,Hyderabad,South,Medium,707.0,Affluent
CUST11831,Hyderabad,South,Medium,731.0,Affluent
CUST11832,Pune,West,Medium,721.0,Affluent
CUST11833,Hyderabad,South,High,725.0,Premium
CUST11834,Kolkata,East,Medium,705.0,Affluent
CUST11835,Pune,West,High,792.0,Mass
CUST11836,Kolkata,East,Medium,691.0,Mass
CUST11837,Delhi NCR,North,Medium,723.0,Mass
CUST11838,Bangalore,South,High,774.0,Mass
CUST11839,Mumbai,West,Low,594.0,Affluent
CUST11840,Mumbai,West,Medium,650.0,Affluent
CUST11841,Mumbai,West,Low,669.0,Premium
CUST11842,Bangalore,South,Low,601.0,Mass
CUST11843,Pune,West,Medium,724.0,Mass
CUST11844,Pune,West,Low,685.0,Mass
CUST11845,Delhi NCR,North,Low,586.0,Mass
CUST11846,Pune,West,Low,639.0,Mass
CUST11847,Kolkata,East,Low,594.0,Mass
CUST11848,Hyderabad,South,High,727.0,Affluent
CUST11849,Kolkata,East,Medium,716.0,Mass
CUST11850,Kolkata,East,High,723.0,Affluent
CUST11851,Kolkata,East,High,829.0,Mass
CUST11852,Pune,West,Low,644.0,Mass
CUST11853,Kolkata,East,Low,609.0,Mass
CUST11854,Mumbai,West,Low,668.0,Mass
CUST11855,Hyderabad,South,Low,663.0,Mass
CUST11856,Mumbai,West,Medium,650.0,Mass
CUST11857,Kolkata,East,Medium,766.0,Mass
CUST11858,Hyderabad,South,High,814.0,Premium
CUST11859,Delhi NCR,North,Low,657.0,Mass
CUST11860,Hyderabad,South,Low,579.0,Affluent
CUST11861,Mumbai,West,Low,651.0,Affluent
CUST11862,Kolkata,East,Medium,720.0,Affluent
CUST11863,Hyderabad,South,High,745.0,Affluent
CUST11864,Bangalore,South,Medium,729.0,Mass
CUST11865,Hyderabad,South,Medium,769.0,Mass
CUST11866,Bangalore,South,High,801.0,Mass
CUST11867,Hyderabad,South,Medium,775.0,Mass
CUST11868,Pune,West,Medium,745.0,Affluent
CUST11869,Mumbai,West,Low,558.0,Premium
CUST11870,Delhi NCR,North,Medium,713.0,Premium
CUST11871,Pune,West,Medium,675.0,Affluent
CUST11872,Bangalore,South,Medium,740.0,Mass
CUST11873,Pune,West,Medium,762.0,Mass
CUST11874,Pune,West,High,744.0,Mass
CUST11875,Kolkata,East,Medium,706.0,Mass
CUST11876,Delhi NCR,North,Low,674.0,Affluent
CUST11877,Hyderabad,South,Low,657.0,Affluent
CUST11878,Mumbai,West,Medium,738.0,Mass
CUST11879,Pune,West,Medium,708.0,Affluent
CUST11880,Kolkata,East,Medium,682.0,Mass
CUST11881,Pune,West,High,724.0,Affluent
CUST11882,Hyderabad,South,Low,680.0,Affluent
CUST11883,Mumbai,West,Low,654.0,Affluent
CUST11884,Hyderabad,South,Low,599.0,Affluent
CUST11885,Mumbai,West,High,734.0,Mass
CUST11886,Bangalore,South,High,775.0,Affluent
CUST11887,Bangalore,South,High,772.0,Mass
CUST11888,Hyderabad,South,Low,565.0,Mass
CUST11889,Pune,West,High,833.0,Mass
CUST11890,Kolkata,East,Medium,713.0,Affluent
CUST11891,Bangalore,South,Medium,716.0,Mass
CUST11892,Mumbai,West,Medium,686.0,Mass
CUST11893,Mumbai,West,High,794.0,Mass
CUST11894,Delhi NCR,North,Low,677.0,Mass
CUST11895,Bangalore,South,Low,585.0,Affluent
CUST11896,Hyderabad,South,Medium,773.0,Affluent
CUST11897,Mumbai,West,Medium,694.0,Premium
CUST11898,Kolkata,East,High,763.0,Mass
CUST11899,Kolkata,East,Medium,729.0,Mass
CUST11900,Bangalore,South,Low,646.0,Affluent
CUST11901,Delhi NCR,North,Medium,707.0,Premium
CUST11902,Mumbai,West,High,744.0,Mass
CUST11903,Delhi NCR,North,Medium,769.0,Premium
CUST11904,Hyderabad,South,High,721.0,Mass
CUST11905,Bangalore,South,Medium,714.0,Affluent
CUST11906,Bangalore,South,High,807.0,Mass
CUST11907,Pune,West,Low,627.0,Affluent
CUST11908,Hyderabad,South,High,804.0,Mass
CUST11909,Mumbai,West,Medium,772.0,Mass
CUST11910,Bangalore,South,Low,645.0,Mass
CUST11911,Pune,West,Medium,726.0,Affluent
CUST11912,Bangalore,South,Low,710.0,Mass
CUST11913,Bangalore,South,Low,662.0,Mass
CUST11914,Bangalore,South,Medium,661.0,Affluent
CUST11915,Hyderabad,South,Medium,767.0,Mass
CUST11916,Kolkata,East,Low,720.0,Mass
CUST11917,Delhi NCR,North,Low,561.0,Mass
CUST11918,Hyderabad,South,Medium,739.0,Mass
CUST11919,Kolkata,East,Low,582.0,Mass
CUST11920,Bangalore,South,Low,688.0,Mass
CUST11921,Kolkata,East,Low,719.0,Affluent
CUST11922,Delhi NCR,North,High,799.0,Affluent
CUST11923,Mumbai,West,Medium,740.0,Affluent
CUST11924,Bangalore,South,Medium,675.0,Affluent
CUST11925,Mumbai,West,Medium,677.0,Mass
CUST11926,Mumbai,West,Medium,768.0,Mass
CUST11927,Delhi NCR,North,Medium,670.0,Affluent
CUST11928,Pune,West,Low,716.0,Mass
CUST11929,Delhi NCR,North,High,784.0,Mass
CUST11930,Bangalore,South,Medium,652.0,Affluent
CUST11931,Pune,West,Low,568.0,Mass
CUST11932,Delhi NCR,North,High,746.0,Premium
CUST11933,Bangalore,South,Low,636.0,Mass
CUST11934,Delhi NCR,North,High,744.0,Affluent
CUST11935,Pune,West,Medium,714.0,Mass
CUST11936,Mumbai,West,High,769.0,Mass
CUST11937,Mumbai,West,Medium,690.0,Premium
CUST11938,Delhi NCR,North,Medium,753.0,Mass
CUST11939,Bangalore,South,High,819.0,Affluent
CUST11940,Bangalore,South,Medium,689.0,Mass
CUST11941,Pune,West,Medium,714.0,Mass
CUST11942,Bangalore,South,Low,631.0,Mass
CUST11943,Kolkata,East,Medium,653.0,Mass
CUST11944,Delhi NCR,North,Low,631.0,Affluent
CUST11945,Hyderabad,South,Low,553.0,Mass
CUST11946,Kolkata,East,Low,556.0,Mass
CUST11947,Pune,West,High,850.0,Affluent
CUST11948,Mumbai,West,Low,550.0,Mass
CUST11949,Bangalore,South,High,759.0,Mass
CUST11950,Kolkata,East,High,842.0,Affluent
CUST11951,Pune,West,Low,710.0,Affluent
CUST11952,Delhi NCR,North,Low,598.0,Affluent
CUST11953,Mumbai,West,Medium,666.0,Mass
CUST11954,Hyderabad,South,Medium,692.0,Mass
CUST11955,Delhi NCR,North,High,816.0,Mass
CUST11956,Pune,West,Low,618.0,Mass
CUST11957,Mumbai,West,Low,567.0,Premium
CUST11958,Kolkata,East,High,720.0,Mass
CUST11959,Pune,West,High,754.0,Mass
CUST11960,Kolkata,East,Medium,728.0,Affluent
CUST11961,Delhi NCR,North,Medium,735.0,Mass
CUST11962,Kolkata,East,Medium,692.0,Mass
CUST11963,Pune,West,High,844.0,Mass
CUST11964,Pune,West,Medium,739.0,Affluent
CUST11965,Kolkata,East,Low,608.0,Affluent
CUST11966,Delhi NCR,North,Low,679.0,Affluent
CUST11967,Bangalore,South,Medium,706.0,Premium
CUST11968,Bangalore,South,Medium,674.0,Mass
CUST11969,Hyderabad,South,Low,639.0,Mass
CUST11970,Bangalore,South,High,813.0,Mass
CUST11971,Delhi NCR,North,Low,700.0,Affluent
CUST11972,Hyderabad,South,Low,703.0,Affluent
CUST11973,Pune,West,Medium,726.0,Premium
CUST11974,Mumbai,West,Medium,690.0,Mass
CUST11975,Pune,West,Low,680.0,Mass
CUST11976,Kolkata,East,Medium,720.0,Affluent
CUST11977,Bangalore,South,High,740.0,Premium
CUST11978,Mumbai,West,Medium,680.0,Affluent
CUST11979,Hyderabad,South,Medium,736.0,Mass
CUST11980,Kolkata,East,Low,619.0,Affluent
CUST11981,Kolkata,East,Low,697.0,Affluent
CUST11982,Delhi NCR,North,Medium,751.0,Mass
CUST11983,Bangalore,South,Medium,776.0,Affluent
CUST11984,Pune,West,Low,564.0,Mass
CUST11985,Kolkata,East,Medium,766.0,Mass
CUST11986,Mumbai,West,Low,623.0,Premium
CUST11987,Delhi NCR,North,High,802.0,Affluent
CUST11988,Hyderabad,South,Low,707.0,Mass
CUST11989,Delhi NCR,North,Low,645.0,Premium
CUST11990,Pune,West,Medium,718.0,Mass
CUST11991,Hyderabad,South,High,720.0,Affluent
CUST11992,Mumbai,West,Low,578.0,Affluent
CUST11993,Delhi NCR,North,Medium,689.0,Mass
CUST11994,Bangalore,South,Medium,723.0,Mass
CUST11995,Hyderabad,South,Medium,738.0,Mass
CUST11996,Mumbai,West,Medium,764.0,Mass
CUST11997,Delhi NCR,North,Low,658.0,Mass
CUST11998,Mumbai,West,Medium,771.0,Mass
CUST11999,Pune,West,Medium,723.0,Mass
CUST12000,Kolkata,East,Medium,748.0,Mass
CUST12001,Delhi NCR,North,High,774.0,Premium
CUST12002,Bangalore,South,Medium,657.0,Affluent
CUST12003,Kolkata,East,Low,564.0,Affluent
CUST12004,Mumbai,West,Medium,713.0,Affluent
CUST12005,Bangalore,South,Medium,670.0,Mass
CUST12006,Kolkata,East,Low,584.0,Mass
CUST12007,Mumbai,West,Medium,653.0,Mass
CUST12008,Bangalore,South,Medium,738.0,Mass
CUST12009,Hyderabad,South,Low,660.0,Premium
CUST12010,Kolkata,East,Medium,778.0,Affluent
CUST12011,Hyderabad,South,Low,642.0,Premium
CUST12012,Pune,West,Low,680.0,Mass
CUST12013,Hyderabad,South,Medium,742.0,Premium
CUST12014,Mumbai,West,Medium,748.0,Mass
CUST12015,Bangalore,South,High,762.0,Mass
CUST12016,Pune,West,Medium,780.0,Affluent
CUST12017,Hyderabad,South,Low,563.0,Mass
CUST12018,Delhi NCR,North,Low,714.0,Mass
CUST12019,Bangalore,South,Low,623.0,Mass
CUST12020,Hyderabad,South,Medium,717.0,Mass
CUST12021,Pune,West,Medium,723.0,Mass
CUST12022,Hyderabad,South,Low,629.0,Affluent
CUST12023,Bangalore,South,Low,648.0,Affluent
CUST12024,Delhi NCR,North,Medium,759.0,Mass
CUST12025,Kolkata,East,High,736.0,Affluent
CUST12026,Kolkata,East,Low,580.0,Mass
CUST12027,Delhi NCR,North,Medium,743.0,Mass
CUST12028,Pune,West,Medium,721.0,Mass
CUST12029,Delhi NCR,North,Low,576.0,Mass
CUST12030,Pune,West,Low,715.0,Affluent
CUST12031,Delhi NCR,North,Low,707.0,Affluent
CUST12032,Hyderabad,South,High,742.0,Affluent
CUST12033,Mumbai,West,Medium,746.0,Affluent
CUST12034,Hyderabad,South,Medium,699.0,Mass
CUST12035,Hyderabad,South,Low,709.0,Mass
CUST12036,Mumbai,West,High,759.0,Mass
CUST12037,Hyderabad,South,Low,656.0,Mass
CUST12038,Kolkata,East,Medium,702.0,Mass
CUST12039,Pune,West,Low,682.0,Mass
CUST12040,Kolkata,East,Medium,756.0,Affluent
CUST12041,Mumbai,West,Low,684.0,Affluent
CUST12042,Pune,West,Medium,728.0,Mass
CUST12043,Pune,West,Low,688.0,Affluent
CUST12044,Bangalore,South,Low,656.0,Affluent
CUST12045,Pune,West,Low,664.0,Affluent
CUST12046,Kolkata,East,Medium,657.0,Affluent
CUST12047,Bangalore,South,Low,657.0,Mass
CUST12048,Mumbai,West,Low,675.0,Affluent
CUST12049,Bangalore,South,Low,686.0,Premium
CUST12050,Bangalore,South,High,833.0,Affluent
CUST12051,Hyderabad,South,Medium,674.0,Mass
CUST12052,Pune,West,Low,608.0,Mass
CUST12053,Mumbai,West,Medium,703.0,Mass
CUST12054,Mumbai,West,Medium,711.0,Affluent
CUST12055,Bangalore,South,Medium,693.0,Mass
CUST12056,Pune,West,Low,616.0,Affluent
CUST12057,Bangalore,South,Medium,695.0,Mass
CUST12058,Bangalore,South,Medium,696.0,Mass
CUST12059,Bangalore,South,Low,569.0,Affluent
CUST12060,Mumbai,West,Medium,769.0,Premium
CUST12061,Bangalore,South,Medium,722.0,Mass
CUST12062,Kolkata,East,Low,601.0,Affluent
CUST12063,Delhi NCR,North,Medium,702.0,Mass
CUST12064,Mumbai,West,Medium,658.0,Affluent
CUST12065,Delhi NCR,North,Medium,747.0,Mass
CUST12066,Mumbai,West,Medium,749.0,Affluent
CUST12067,Delhi NCR,North,High,773.0,Mass
CUST12068,Bangalore,South,Medium,746.0,Mass
CUST12069,Delhi NCR,North,Low,621.0,Mass
CUST12070,Mumbai,West,Medium,776.0,Affluent
CUST12071,Mumbai,West,High,744.0,Mass
CUST12072,Bangalore,South,Medium,718.0,Affluent
CUST12073,Pune,West,Medium,739.0,Affluent
CUST12074,Mumbai,West,Medium,747.0,Affluent
CUST12075,Kolkata,East,Low,718.0,Mass
CUST12076,Bangalore,South,Medium,663.0,Mass
CUST12077,Pune,West,High,782.0,Mass
CUST12078,Bangalore,South,Low,593.0,Mass
CUST12079,Bangalore,South,Low,642.0,Mass
CUST12080,Delhi NCR,North,Low,569.0,Mass
CUST12081,Mumbai,West,High,721.0,Affluent
CUST12082,Bangalore,South,Low,704.0,Mass
CUST12083,Delhi NCR,North,Medium,692.0,Affluent
CUST12084,Delhi NCR,North,Low,559.0,Mass
CUST12085,Bangalore,South,Medium,707.0,Affluent
CUST12086,Delhi NCR,North,Low,652.0,Premium
CUST12087,Delhi NCR,North,Medium,666.0,Mass
CUST12088,Kolkata,East,Medium,703.0,Mass
CUST12089,Kolkata,East,Medium,749.0,Mass
CUST12090,Kolkata,East,Medium,738.0,Mass
CUST12091,Pune,West,Low,603.0,Affluent
CUST12092,Delhi NCR,North,High,752.0,Mass
CUST12093,Hyderabad,South,Medium,723.0,Mass
CUST12094,Mumbai,West,Low,644.0,Mass
CUST12095,Mumbai,West,Low,553.0,Affluent
CUST12096,Bangalore,South,Medium,738.0,Affluent
CUST12097,Bangalore,South,Medium,659.0,Affluent
CUST12098,Pune,West,Low,651.0,Mass
CUST12099,Kolkata,East,Medium,684.0,Affluent
CUST12100,Delhi NCR,North,Low,560.0,Mass
CUST12101,Bangalore,South,Low,611.0,Mass
CUST12102,Pune,West,Low,559.0,Mass
CUST12103,Hyderabad,South,High,745.0,Mass
CUST12104,Pune,West,High,781.0,Mass
CUST12105,Bangalore,South,Medium,673.0,Affluent
CUST12106,Bangalore,South,High,732.0,Mass
CUST12107,Delhi NCR,North,Medium,686.0,Mass
CUST12108,Delhi NCR,North,Low,580.0,Mass
CUST12109,Bangalore,South,Low,712.0,Affluent
CUST12110,Bangalore,South,High,757.0,Mass
CUST12111,Bangalore,South,Medium,723.0,Mass
CUST12112,Delhi NCR,North,Low,583.0,Mass
CUST12113,Pune,West,Low,598.0,Mass
CUST12114,Delhi NCR,North,Medium,693.0,Premium
CUST12115,Kolkata,East,Medium,710.0,Mass
CUST12116,Bangalore,South,Low,675.0,Mass
CUST12117,Kolkata,East,Low,635.0,Premium
CUST12118,Delhi NCR,North,Medium,747.0,Affluent
CUST12119,Mumbai,West,Medium,755.0,Mass
CUST12120,Delhi NCR,North,Medium,720.0,Affluent
CUST12121,Hyderabad,South,Medium,723.0,Affluent
CUST12122,Mumbai,West,High,836.0,Mass
CUST12123,Hyderabad,South,Medium,746.0,Mass
CUST12124,Mumbai,West,High,768.0,Mass
CUST12125,Mumbai,West,Medium,663.0,Mass
CUST12126,Hyderabad,South,Low,646.0,Premium
CUST12127,Mumbai,West,Low,581.0,Premium
CUST12128,Pune,West,High,761.0,Mass
CUST12129,Hyderabad,South,Low,600.0,Affluent
CUST12130,Hyderabad,South,Low,632.0,Mass
CUST12131,Kolkata,East,Medium,765.0,Mass
CUST12132,Hyderabad,South,Low,596.0,Affluent
CUST12133,Pune,West,Low,589.0,Premium
CUST12134,Mumbai,West,Low,590.0,Mass
CUST12135,Delhi NCR,North,Low,685.0,Mass
CUST12136,Delhi NCR,North,Low,571.0,Affluent
CUST12137,Delhi NCR,North,Medium,695.0,Premium
CUST12138,Pune,West,Low,557.0,Mass
CUST12139,Hyderabad,South,Low,698.0,Affluent
CUST12140,Pune,West,Low,560.0,Premium
CUST12141,Pune,West,Medium,726.0,Premium
CUST12142,Mumbai,West,Low,591.0,Mass
CUST12143,Delhi NCR,North,Medium,744.0,Mass
CUST12144,Hyderabad,South,Medium,706.0,Mass
CUST12145,Kolkata,East,Medium,739.0,Premium
CUST12146,Mumbai,West,Low,707.0,Premium
CUST12147,Pune,West,Low,667.0,Affluent
CUST12148,Bangalore,South,Low,637.0,Premium
CUST12149,Kolkata,East,High,779.0,Affluent
CUST12150,Delhi NCR,North,Medium,743.0,Mass
CUST12151,Kolkata,East,Low,706.0,Premium
CUST12152,Mumbai,West,Low,698.0,Affluent
CUST12153,Pune,West,Medium,773.0,Mass
CUST12154,Bangalore,South,Medium,697.0,Mass
CUST12155,Bangalore,South,High,777.0,Mass
CUST12156,Delhi NCR,North,Medium,653.0,Affluent
CUST12157,Mumbai,West,Medium,667.0,Mass
CUST12158,Kolkata,East,Medium,778.0,Affluent
CUST12159,Bangalore,South,Low,669.0,Mass
CUST12160,Pune,West,Medium,675.0,Mass
CUST12161,Bangalore,South,Medium,747.0,Affluent
CUST12162,Bangalore,South,Low,647.0,Affluent
CUST12163,Kolkata,East,Low,667.0,Affluent
CUST12164,Pune,West,Low,583.0,Mass
CUST12165,Pune,West,Medium,717.0,Affluent
CUST12166,Pune,West,Low,720.0,Mass
CUST12167,Mumbai,West,High,810.0,Affluent
CUST12168,Pune,West,Medium,668.0,Affluent
CUST12169,Delhi NCR,North,Medium,757.0,Mass
CUST12170,Pune,West,Medium,717.0,Affluent
CUST12171,Mumbai,West,Medium,727.0,Mass
CUST12172,Hyderabad,South,Low,618.0,Mass
CUST12173,Delhi NCR,North,High,803.0,Affluent
CUST12174,Delhi NCR,North,High,830.0,Mass
CUST12175,Bangalore,South,Low,607.0,Affluent
CUST12176,Delhi NCR,North,High,795.0,Affluent
CUST12177,Delhi NCR,North,Low,720.0,Mass
CUST12178,Delhi NCR,North,Medium,718.0,Mass
CUST12179,Delhi NCR,North,Medium,666.0,Mass
CUST12180,Bangalore,South,Medium,713.0,Premium
CUST12181,Pune,West,High,813.0,Affluent
CUST12182,Delhi NCR,North,Medium,697.0,Premium
CUST12183,Delhi NCR,North,High,822.0,Mass
CUST12184,Bangalore,South,Medium,768.0,Mass
CUST12185,Mumbai,West,Medium,747.0,Affluent
CUST12186,Bangalore,South,Low,710.0,Mass
CUST12187,Delhi NCR,North,Low,557.0,Premium
CUST12188,Hyderabad,South,Medium,667.0,Affluent
CUST12189,Pune,West,Low,624.0,Mass
CUST12190,Kolkata,East,Medium,726.0,Mass
CUST12191,Delhi NCR,North,Low,673.0,Affluent
CUST12192,Bangalore,South,Medium,656.0,Affluent
CUST12193,Bangalore,South,Low,563.0,Mass
CUST12194,Pune,West,High,832.0,Affluent
CUST12195,Delhi NCR,North,Medium,725.0,Affluent
CUST12196,Kolkata,East,Low,695.0,Mass
CUST12197,Kolkata,East,Low,656.0,Affluent
CUST12198,Bangalore,South,Low,583.0,Mass
CUST12199,Mumbai,West,Low,620.0,Mass
CUST12200,Pune,West,High,809.0,Mass
CUST12201,Bangalore,South,Medium,743.0,Mass
CUST12202,Pune,West,Medium,731.0,Mass
CUST12203,Mumbai,West,Low,660.0,Mass
CUST12204,Hyderabad,South,High,749.0,Mass
CUST12205,Bangalore,South,Low,638.0,Mass
CUST12206,Mumbai,West,Low,639.0,Mass
CUST12207,Mumbai,West,Low,667.0,Mass
CUST12208,Hyderabad,South,Low,637.0,Mass
CUST12209,Delhi NCR,North,Medium,735.0,Mass
CUST12210,Mumbai,West,Low,661.0,Premium
CUST12211,Delhi NCR,North,High,744.0,Mass
CUST12212,Bangalore,South,Low,599.0,Mass
CUST12213,Bangalore,South,Low,715.0,Mass
CUST12214,Hyderabad,South,High,785.0,Mass
CUST12215,Pune,West,High,801.0,Mass
CUST12216,Bangalore,South,Low,559.0,Affluent
CUST12217,Hyderabad,South,Low,597.0,Affluent
CUST12218,Delhi NCR,North,Low,558.0,Mass
CUST12219,Kolkata,East,Medium,695.0,Mass
CUST12220,Bangalore,South,High,831.0,Mass
CUST12221,Pune,West,Medium,759.0,Affluent
CUST12222,Pune,West,Medium,708.0,Mass
CUST12223,Delhi NCR,North,Medium,653.0,Mass
CUST12224,Kolkata,East,Medium,710.0,Affluent
CUST12225,Mumbai,West,High,745.0,Mass
CUST12226,Pune,West,High,726.0,Affluent
CUST12227,Kolkata,East,Medium,692.0,Mass
CUST12228,Pune,West,High,748.0,Mass
CUST12229,Kolkata,East,Low,714.0,Affluent
CUST12230,Delhi NCR,North,Medium,728.0,Mass
CUST12231,Pune,West,Low,615.0,Affluent
CUST12232,Kolkata,East,Low,712.0,Mass
CUST12233,Delhi NCR,North,Low,561.0,Mass
CUST12234,Delhi NCR,North,Medium,694.0,Mass
CUST12235,Hyderabad,South,Low,660.0,Premium
CUST12236,Pune,West,Medium,761.0,Mass
CUST12237,Bangalore,South,Medium,659.0,Affluent
CUST12238,Bangalore,South,Low,694.0,Affluent
CUST12239,Pune,West,Medium,769.0,Affluent
CUST12240,Delhi NCR,North,High,829.0,Mass
CUST12241,Hyderabad,South,Medium,709.0,Affluent
CUST12242,Pune,West,Low,567.0,Mass
CUST12243,Mumbai,West,Medium,684.0,Mass
CUST12244,Bangalore,South,High,777.0,Mass
CUST12245,Pune,West,Low,606.0,Affluent
CUST12246,Delhi NCR,North,Medium,740.0,Mass
CUST12247,Hyderabad,South,Medium,696.0,Mass
CUST12248,Pune,West,Low,571.0,Mass
CUST12249,Pune,West,Low,571.0,Mass
CUST12250,Hyderabad,South,High,803.0,Premium
CUST12251,Pune,West,Low,714.0,Mass
CUST12252,Hyderabad,South,Low,657.0,Affluent
CUST12253,Kolkata,East,Medium,672.0,Mass
CUST12254,Mumbai,West,Medium,711.0,Mass
CUST12255,Kolkata,East,Low,718.0,Mass
CUST12256,Pune,West,Medium,750.0,Premium
CUST12257,Hyderabad,South,Low,685.0,Mass
CUST12258,Hyderabad,South,Low,605.0,Affluent
CUST12259,Kolkata,East,Medium,661.0,Premium
CUST12260,Hyderabad,South,Low,676.0,Mass
CUST12261,Hyderabad,South,Low,640.0,Affluent
CUST12262,Mumbai,West,Medium,659.0,Mass
CUST12263,Bangalore,South,High,733.0,Mass
CUST12264,Kolkata,East,Low,709.0,Mass
CUST12265,Delhi NCR,North,Low,701.0,Affluent
CUST12266,Kolkata,East,High,814.0,Mass
CUST12267,Hyderabad,South,High,739.0,Mass
CUST12268,Kolkata,East,Medium,667.0,Mass
CUST12269,Delhi NCR,North,Low,650.0,Mass
CUST12270,Mumbai,West,Low,702.0,Affluent
CUST12271,Pune,West,Medium,660.0,Mass
CUST12272,Hyderabad,South,Low,711.0,Mass
CUST12273,Kolkata,East,Low,629.0,Affluent
CUST12274,Kolkata,East,High,846.0,Mass
CUST12275,Kolkata,East,Low,584.0,Mass
CUST12276,Mumbai,West,Medium,673.0,Mass
CUST12277,Mumbai,West,Medium,735.0,Mass
CUST12278,Bangalore,South,Low,720.0,Affluent
CUST12279,Mumbai,West,Low,636.0,Affluent
CUST12280,Pune,West,High,746.0,Affluent
CUST12281,Bangalore,South,High,753.0,Mass
CUST12282,Delhi NCR,North,Medium,713.0,Mass
CUST12283,Kolkata,East,Low,699.0,Premium
CUST12284,Mumbai,West,Low,692.0,Mass
CUST12285,Hyderabad,South,Medium,751.0,Mass
CUST12286,Hyderabad,South,High,803.0,Affluent
CUST12287,Mumbai,West,High,846.0,Mass
CUST12288,Bangalore,South,Low,677.0,Premium
CUST12289,Mumbai,West,Medium,767.0,Mass
CUST12290,Kolkata,East,Low,556.0,Affluent
CUST12291,Delhi NCR,North,Medium,650.0,Mass
CUST12292,Mumbai,West,Low,551.0,Affluent
CUST12293,Kolkata,East,Low,574.0,Mass
CUST12294,Hyderabad,South,Low,556.0,Affluent
CUST12295,Kolkata,East,Medium,740.0,Mass
CUST12296,Mumbai,West,High,724.0,Mass
CUST12297,Hyderabad,South,High,788.0,Mass
CUST12298,Kolkata,East,Low,701.0,Mass
CUST12299,Bangalore,South,Medium,752.0,Affluent
CUST12300,Pune,West,Low,586.0,Premium
CUST12301,Delhi NCR,North,Medium,763.0,Premium
CUST12302,Delhi NCR,North,Medium,718.0,Mass
CUST12303,Pune,West,Medium,693.0,Premium
CUST12304,Pune,West,Low,596.0,Affluent
CUST12305,Kolkata,East,Medium,755.0,Affluent
CUST12306,Bangalore,South,Medium,673.0,Mass
CUST12307,Pune,West,Medium,779.0,Mass
CUST12308,Hyderabad,South,High,775.0,Affluent
CUST12309,Delhi NCR,North,Medium,720.0,Mass
CUST12310,Bangalore,South,Low,566.0,Affluent
CUST12311,Kolkata,East,Low,625.0,Mass
CUST12312,Kolkata,East,Medium,727.0,Mass
CUST12313,Bangalore,South,Low,607.0,Affluent
CUST12314,Pune,West,Medium,709.0,Mass
CUST12315,Hyderabad,South,Medium,665.0,Affluent
CUST12316,Kolkata,East,Low,669.0,Mass
CUST12317,Kolkata,East,Low,605.0,Mass
CUST12318,Mumbai,West,Medium,715.0,Mass
CUST12319,Delhi NCR,North,Medium,690.0,Mass
CUST12320,Bangalore,South,High,844.0,Mass
CUST12321,Kolkata,East,High,771.0,Mass
CUST12322,Bangalore,South,Low,570.0,Premium
CUST12323,Bangalore,South,Low,590.0,Premium
CUST12324,Mumbai,West,Medium,753.0,Mass
CUST12325,Pune,West,Low,705.0,Mass
CUST12326,Hyderabad,South,Low,659.0,Mass
CUST12327,Bangalore,South,Medium,778.0,Affluent
CUST12328,Pune,West,Low,644.0,Mass
CUST12329,Hyderabad,South,Low,697.0,Mass
CUST12330,Delhi NCR,North,Medium,660.0,Mass
CUST12331,Pune,West,Medium,736.0,Affluent
CUST12332,Mumbai,West,Medium,752.0,Affluent
CUST12333,Delhi NCR,North,Medium,714.0,Premium
CUST12334,Hyderabad,South,High,725.0,Premium
CUST12335,Kolkata,East,Low,705.0,Mass
CUST12336,Kolkata,East,Low,704.0,Mass
CUST12337,Pune,West,Medium,707.0,Mass
CUST12338,Delhi NCR,North,Medium,707.0,Affluent
CUST12339,Mumbai,West,Low,555.0,Premium
CUST12340,Hyderabad,South,Low,576.0,Affluent
CUST12341,Kolkata,East,Low,684.0,Mass
CUST12342,Pune,West,Medium,655.0,Mass
CUST12343,Mumbai,West,Low,713.0,Mass
CUST12344,Delhi NCR,North,High,790.0,Mass
CUST12345,Bangalore,South,Low,588.0,Affluent
CUST12346,Kolkata,East,High,808.0,Affluent
CUST12347,Bangalore,South,Medium,701.0,Mass
CUST12348,Hyderabad,South,Medium,775.0,Mass
CUST12349,Pune,West,Low,556.0,Affluent
CUST12350,Hyderabad,South,High,754.0,Mass
CUST12351,Mumbai,West,High,735.0,Mass
CUST12352,Pune,West,Medium,780.0,Mass
CUST12353,Hyderabad,South,Medium,735.0,Affluent
CUST12354,Mumbai,West,Low,631.0,Mass
CUST12355,Hyderabad,South,Medium,748.0,Affluent
CUST12356,Pune,West,Low,665.0,Mass
CUST12357,Delhi NCR,North,Low,618.0,Mass
CUST12358,Delhi NCR,North,High,741.0,Mass
CUST12359,Bangalore,South,Medium,761.0,Mass
CUST12360,Pune,West,Low,661.0,Affluent
CUST12361,Hyderabad,South,Medium,780.0,Affluent
CUST12362,Pune,West,Low,717.0,Affluent
CUST12363,Delhi NCR,North,Medium,669.0,Mass
CUST12364,Hyderabad,South,Medium,742.0,Affluent
CUST12365,Pune,West,Medium,749.0,Mass
CUST12366,Mumbai,West,Low,557.0,Premium
CUST12367,Mumbai,West,Medium,672.0,Mass
CUST12368,Kolkata,East,Low,565.0,Mass
CUST12369,Mumbai,West,High,803.0,Mass
CUST12370,Hyderabad,South,Medium,734.0,Affluent
CUST12371,Kolkata,East,Medium,682.0,Mass
CUST12372,Hyderabad,South,Medium,771.0,Affluent
CUST12373,Hyderabad,South,Medium,650.0,Mass
CUST12374,Delhi NCR,North,Low,670.0,Premium
CUST12375,Mumbai,West,Low,599.0,Mass
CUST12376,Hyderabad,South,Low,582.0,Affluent
CUST12377,Kolkata,East,Medium,741.0,Mass
CUST12378,Pune,West,Medium,696.0,Premium
CUST12379,Kolkata,East,Low,672.0,Affluent
CUST12380,Bangalore,South,Low,614.0,Mass
CUST12381,Bangalore,South,Medium,709.0,Mass
CUST12382,Bangalore,South,Medium,713.0,Premium
CUST12383,Kolkata,East,Medium,734.0,Affluent
CUST12384,Delhi NCR,North,Low,593.0,Mass
CUST12385,Delhi NCR,North,Medium,717.0,Affluent
CUST12386,Hyderabad,South,Low,616.0,Mass
CUST12387,Hyderabad,South,High,771.0,Mass
CUST12388,Kolkata,East,Medium,652.0,Affluent
CUST12389,Mumbai,West,High,839.0,Affluent
CUST12390,Hyderabad,South,Medium,692.0,Affluent
CUST12391,Hyderabad,South,Low,680.0,Affluent
CUST12392,Kolkata,East,Low,682.0,Affluent
CUST12393,Hyderabad,South,Low,682.0,Affluent
CUST12394,Delhi NCR,North,Low,618.0,Premium
CUST12395,Delhi NCR,North,Low,708.0,Affluent
CUST12396,Pune,West,Medium,711.0,Affluent
CUST12397,Kolkata,East,Low,595.0,Mass
CUST12398,Bangalore,South,Low,616.0,Affluent
CUST12399,Kolkata,East,Medium,758.0,Mass
CUST12400,Kolkata,East,Medium,661.0,Affluent
CUST12401,Kolkata,East,Medium,715.0,Mass
CUST12402,Pune,West,Low,662.0,Mass
CUST12403,Hyderabad,South,Low,690.0,Mass
CUST12404,Hyderabad,South,Low,687.0,Affluent
CUST12405,Mumbai,West,Low,653.0,Mass
CUST12406,Delhi NCR,North,Low,646.0,Mass
CUST12407,Hyderabad,South,High,846.0,Mass
CUST12408,Delhi NCR,North,Low,713.0,Mass
CUST12409,Delhi NCR,North,High,750.0,Mass
CUST12410,Hyderabad,South,Medium,680.0,Affluent
CUST12411,Hyderabad,South,Low,719.0,Affluent
CUST12412,Hyderabad,South,Medium,760.0,Mass
CUST12413,Hyderabad,South,High,739.0,Mass
CUST12414,Kolkata,East,Low,695.0,Mass
CUST12415,Pune,West,Medium,776.0,Mass
CUST12416,Hyderabad,South,Medium,758.0,Affluent
CUST12417,Hyderabad,South,Low,576.0,Affluent
CUST12418,Hyderabad,South,High,788.0,Mass
CUST12419,Kolkata,East,Medium,686.0,Mass
CUST12420,Bangalore,South,Medium,694.0,Mass
CUST12421,Delhi NCR,North,High,848.0,Premium
CUST12422,Mumbai,West,High,768.0,Mass
CUST12423,Bangalore,South,Medium,763.0,Mass
CUST12424,Delhi NCR,North,Low,623.0,Mass
CUST12425,Hyderabad,South,High,744.0,Affluent
CUST12426,Mumbai,West,Low,597.0,Mass
CUST12427,Delhi NCR,North,High,805.0,Mass
CUST12428,Mumbai,West,Medium,650.0,Affluent
CUST12429,Hyderabad,South,High,840.0,Mass
CUST12430,Pune,West,Medium,700.0,Affluent
CUST12431,Mumbai,West,Low,650.0,Affluent
CUST12432,Bangalore,South,Low,599.0,Mass
CUST12433,Hyderabad,South,High,802.0,Mass
CUST12434,Mumbai,West,High,782.0,Premium
CUST12435,Delhi NCR,North,Medium,694.0,Affluent
CUST12436,Pune,West,Low,636.0,Mass
CUST12437,Bangalore,South,Medium,667.0,Mass
CUST12438,Bangalore,South,Medium,741.0,Affluent
CUST12439,Kolkata,East,Medium,770.0,Affluent
CUST12440,Mumbai,West,Low,672.0,Affluent
CUST12441,Mumbai,West,Low,582.0,Mass
CUST12442,Bangalore,South,Medium,667.0,Mass
CUST12443,Bangalore,South,High,798.0,Mass
CUST12444,Bangalore,South,Low,599.0,Premium
CUST12445,Hyderabad,South,High,778.0,Affluent
CUST12446,Hyderabad,South,Medium,726.0,Mass
CUST12447,Pune,West,Low,698.0,Mass
CUST12448,Kolkata,East,High,823.0,Mass
CUST12449,Delhi NCR,North,Medium,764.0,Affluent
CUST12450,Delhi NCR,North,Medium,746.0,Affluent
CUST12451,Pune,West,Medium,725.0,Mass
CUST12452,Delhi NCR,North,Medium,669.0,Affluent
CUST12453,Mumbai,West,Medium,764.0,Mass
CUST12454,Bangalore,South,High,807.0,Affluent
CUST12455,Mumbai,West,Medium,693.0,Affluent
CUST12456,Mumbai,West,Medium,778.0,Affluent
CUST12457,Hyderabad,South,Low,585.0,Mass
CUST12458,Mumbai,West,Low,701.0,Mass
CUST12459,Kolkata,East,Medium,660.0,Mass
CUST12460,Mumbai,West,Low,720.0,Mass
CUST12461,Pune,West,High,796.0,Affluent
CUST12462,Hyderabad,South,High,735.0,Mass
CUST12463,Pune,West,Medium,658.0,Mass
CUST12464,Delhi NCR,North,Low,557.0,Affluent
CUST12465,Mumbai,West,High,789.0,Mass
CUST12466,Hyderabad,South,Medium,701.0,Mass
CUST12467,Mumbai,West,High,774.0,Premium
CUST12468,Delhi NCR,North,Medium,776.0,Premium
CUST12469,Bangalore,South,Low,577.0,Mass
CUST12470,Mumbai,West,High,805.0,Mass
CUST12471,Kolkata,East,Medium,683.0,Affluent
CUST12472,Kolkata,East,Low,702.0,Affluent
CUST12473,Pune,West,High,732.0,Mass
CUST12474,Kolkata,East,High,794.0,Mass
CUST12475,Mumbai,West,Medium,682.0,Mass
CUST12476,Mumbai,West,High,797.0,Affluent
CUST12477,Kolkata,East,Medium,656.0,Affluent
CUST12478,Kolkata,East,High,739.0,Affluent
CUST12479,Hyderabad,South,High,741.0,Mass
CUST12480,Bangalore,South,High,775.0,Affluent
CUST12481,Pune,West,Medium,724.0,Affluent
CUST12482,Delhi NCR,North,Medium,700.0,Mass
CUST12483,Pune,West,Low,603.0,Affluent
CUST12484,Delhi NCR,North,Low,655.0,Affluent
CUST12485,Mumbai,West,High,805.0,Mass
CUST12486,Delhi NCR,North,High,727.0,Premium
CUST12487,Bangalore,South,Low,638.0,Affluent
CUST12488,Hyderabad,South,Medium,654.0,Premium
CUST12489,Bangalore,South,High,787.0,Mass
CUST12490,Hyderabad,South,Low,634.0,Affluent
CUST12491,Bangalore,South,Low,653.0,Premium
CUST12492,Kolkata,East,Medium,722.0,Mass
CUST12493,Mumbai,West,High,835.0,Affluent
CUST12494,Pune,West,High,740.0,Mass
CUST12495,Pune,West,Medium,675.0,Mass
CUST12496,Pune,West,Low,698.0,Mass
CUST12497,Mumbai,West,Medium,752.0,Affluent
CUST12498,Hyderabad,South,Medium,742.0,Mass
CUST12499,Delhi NCR,North,Low,635.0,Mass
CUST12500,Pune,West,Medium,660.0,Premium
CUST12501,Bangalore,South,Medium,716.0,Mass
CUST12502,Delhi NCR,North,Medium,686.0,Mass
CUST12503,Bangalore,South,Medium,733.0,Affluent
CUST12504,Hyderabad,South,Medium,661.0,Mass
CUST12505,Delhi NCR,North,Medium,770.0,Mass
CUST12506,Delhi NCR,North,Medium,744.0,Mass
CUST12507,Kolkata,East,Medium,728.0,Mass
CUST12508,Kolkata,East,Low,666.0,Affluent
CUST12509,Bangalore,South,Medium,669.0,Premium
CUST12510,Delhi NCR,North,Low,701.0,Mass
CUST12511,Bangalore,South,Medium,720.0,Mass
CUST12512,Mumbai,West,Low,691.0,Affluent
CUST12513,Mumbai,West,Low,648.0,Affluent
CUST12514,Mumbai,West,Medium,659.0,Mass
CUST12515,Bangalore,South,Medium,677.0,Mass
CUST12516,Pune,West,High,754.0,Premium
CUST12517,Pune,West,Low,576.0,Mass
CUST12518,Mumbai,West,High,803.0,Mass
CUST12519,Delhi NCR,North,Low,696.0,Affluent
CUST12520,Hyderabad,South,Low,660.0,Affluent
CUST12521,Mumbai,West,Low,589.0,Mass
CUST12522,Pune,West,High,834.0,Affluent
CUST12523,Mumbai,West,Low,706.0,Affluent
CUST12524,Delhi NCR,North,Medium,687.0,Mass
CUST12525,Kolkata,East,Low,660.0,Mass
CUST12526,Mumbai,West,Low,628.0,Affluent
CUST12527,Kolkata,East,High,729.0,Mass
CUST12528,Kolkata,East,Medium,684.0,Mass
CUST12529,Pune,West,Medium,681.0,Mass
CUST12530,Hyderabad,South,High,796.0,Mass
CUST12531,Kolkata,East,Low,713.0,Affluent
CUST12532,Mumbai,West,Low,603.0,Mass
CUST12533,Delhi NCR,North,High,827.0,Mass
CUST12534,Hyderabad,South,Medium,744.0,Mass
CUST12535,Pune,West,High,782.0,Affluent
CUST12536,Delhi NCR,North,Low,599.0,Affluent
CUST12537,Hyderabad,South,Medium,711.0,Mass
CUST12538,Bangalore,South,Low,594.0,Affluent
CUST12539,Kolkata,East,Low,719.0,Mass
CUST12540,Kolkata,East,Medium,701.0,Mass
CUST12541,Kolkata,East,Medium,653.0,Affluent
CUST12542,Bangalore,South,Medium,719.0,Mass
CUST12543,Delhi NCR,North,Medium,709.0,Mass
CUST12544,Hyderabad,South,Low,675.0,Premium
CUST12545,Delhi NCR,North,Low,675.0,Affluent
CUST12546,Delhi NCR,North,Medium,681.0,Premium
CUST12547,Mumbai,West,High,740.0,Mass
CUST12548,Bangalore,South,Medium,780.0,Premium
CUST12549,Pune,West,High,815.0,Affluent
CUST12550,Bangalore,South,Low,701.0,Mass
CUST12551,Bangalore,South,Medium,692.0,Affluent
CUST12552,Kolkata,East,Medium,731.0,Mass
CUST12553,Delhi NCR,North,Low,582.0,Mass
CUST12554,Kolkata,East,Low,684.0,Mass
CUST12555,Hyderabad,South,High,735.0,Affluent
CUST12556,Pune,West,Low,708.0,Affluent
CUST12557,Mumbai,West,Medium,694.0,Mass
CUST12558,Hyderabad,South,Low,715.0,Mass
CUST12559,Delhi NCR,North,Medium,729.0,Mass
CUST12560,Pune,West,Low,578.0,Mass
CUST12561,Delhi NCR,North,Low,647.0,Mass
CUST12562,Delhi NCR,North,Medium,705.0,Mass
CUST12563,Mumbai,West,High,736.0,Mass
CUST12564,Delhi NCR,North,Low,603.0,Mass
CUST12565,Mumbai,West,Low,628.0,Mass
CUST12566,Delhi NCR,North,Low,714.0,Mass
CUST12567,Hyderabad,South,Medium,657.0,Affluent
CUST12568,Bangalore,South,Low,585.0,Premium
CUST12569,Pune,West,Low,671.0,Mass
CUST12570,Mumbai,West,High,733.0,Mass
CUST12571,Pune,West,Low,709.0,Mass
CUST12572,Pune,West,Medium,765.0,Mass
CUST12573,Pune,West,Low,701.0,Mass
CUST12574,Hyderabad,South,Medium,666.0,Mass
CUST12575,Delhi NCR,North,Low,661.0,Affluent
CUST12576,Bangalore,South,Medium,692.0,Mass
CUST12577,Pune,West,Medium,705.0,Mass
CUST12578,Kolkata,East,Medium,660.0,Mass
CUST12579,Hyderabad,South,Low,622.0,Mass
CUST12580,Hyderabad,South,Low,641.0,Affluent
CUST12581,Pune,West,Low,566.0,Mass
CUST12582,Delhi NCR,North,High,843.0,Affluent
CUST12583,Mumbai,West,Medium,744.0,Mass
CUST12584,Kolkata,East,Medium,685.0,Mass
CUST12585,Delhi NCR,North,Medium,727.0,Mass
CUST12586,Delhi NCR,North,Low,569.0,Mass
CUST12587,Hyderabad,South,High,840.0,Affluent
CUST12588,Bangalore,South,Medium,755.0,Premium
CUST12589,Kolkata,East,Medium,678.0,Mass
CUST12590,Kolkata,East,High,804.0,Affluent
CUST12591,Mumbai,West,Medium,776.0,Mass
CUST12592,Kolkata,East,High,735.0,Mass
CUST12593,Delhi NCR,North,Medium,744.0,Mass
CUST12594,Kolkata,East,Medium,727.0,Mass
CUST12595,Delhi NCR,North,Low,627.0,Affluent
CUST12596,Bangalore,South,Medium,723.0,Mass
CUST12597,Pune,West,Low,602.0,Mass
CUST12598,Hyderabad,South,Low,715.0,Mass
CUST12599,Kolkata,East,Medium,655.0,Affluent
CUST12600,Bangalore,South,Medium,666.0,Mass
CUST12601,Mumbai,West,High,847.0,Affluent
CUST12602,Kolkata,East,Low,562.0,Mass
CUST12603,Mumbai,West,Low,616.0,Mass
CUST12604,Kolkata,East,Medium,728.0,Mass
CUST12605,Delhi NCR,North,Medium,753.0,Affluent
CUST12606,Hyderabad,South,Medium,729.0,Mass
CUST12607,Kolkata,East,Medium,767.0,Affluent
CUST12608,Mumbai,West,Low,654.0,Mass
CUST12609,Mumbai,West,Medium,762.0,Affluent
CUST12610,Pune,West,Low,668.0,Affluent
CUST12611,Bangalore,South,Medium,724.0,Mass
CUST12612,Bangalore,South,Medium,710.0,Mass
CUST12613,Pune,West,High,746.0,Affluent
CUST12614,Pune,West,Medium,676.0,Affluent
CUST12615,Bangalore,South,Medium,722.0,Mass
CUST12616,Mumbai,West,High,790.0,Affluent
CUST12617,Pune,West,Medium,737.0,Affluent
CUST12618,Pune,West,Medium,657.0,Mass
CUST12619,Pune,West,Medium,665.0,Affluent
CUST12620,Hyderabad,South,High,799.0,Affluent
CUST12621,Pune,West,Medium,703.0,Mass
CUST12622,Mumbai,West,High,770.0,Mass
CUST12623,Mumbai,West,Medium,688.0,Mass
CUST12624,Hyderabad,South,Low,594.0,Mass
CUST12625,Mumbai,West,Medium,741.0,Mass
CUST12626,Hyderabad,South,Medium,663.0,Mass
CUST12627,Bangalore,South,Low,710.0,Affluent
CUST12628,Delhi NCR,North,Low,677.0,Affluent
CUST12629,Hyderabad,South,Low,660.0,Mass
CUST12630,Bangalore,South,Low,628.0,Affluent
CUST12631,Delhi NCR,North,Medium,705.0,Affluent
CUST12632,Hyderabad,South,Low,584.0,Mass
CUST12633,Delhi NCR,North,Low,620.0,Mass
CUST12634,Mumbai,West,Low,696.0,Mass
CUST12635,Hyderabad,South,Low,637.0,Mass
CUST12636,Delhi NCR,North,Medium,677.0,Premium
CUST12637,Pune,West,Low,562.0,Mass
CUST12638,Kolkata,East,Medium,762.0,Premium
CUST12639,Delhi NCR,North,Low,611.0,Mass
CUST12640,Delhi NCR,North,High,807.0,Affluent
CUST12641,Hyderabad,South,Medium,699.0,Premium
CUST12642,Delhi NCR,North,Low,658.0,Affluent
CUST12643,Pune,West,Low,695.0,Mass
CUST12644,Hyderabad,South,High,805.0,Mass
CUST12645,Kolkata,East,Medium,739.0,Mass
CUST12646,Delhi NCR,North,Low,617.0,Mass
CUST12647,Mumbai,West,Low,558.0,Affluent
CUST12648,Pune,West,Low,646.0,Mass
CUST12649,Hyderabad,South,Medium,664.0,Mass
CUST12650,Hyderabad,South,Low,574.0,Premium
CUST12651,Bangalore,South,Low,669.0,Premium
CUST12652,Bangalore,South,Low,701.0,Mass
CUST12653,Delhi NCR,North,High,806.0,Mass
CUST12654,Kolkata,East,Medium,719.0,Mass
CUST12655,Pune,West,Medium,695.0,Mass
CUST12656,Delhi NCR,North,Low,623.0,Affluent
CUST12657,Delhi NCR,North,Low,666.0,Affluent
CUST12658,Hyderabad,South,Low,669.0,Mass
CUST12659,Bangalore,South,Medium,735.0,Premium
CUST12660,Kolkata,East,Medium,774.0,Affluent
CUST12661,Bangalore,South,Low,558.0,Affluent
CUST12662,Mumbai,West,Medium,770.0,Mass
CUST12663,Pune,West,High,774.0,Mass
CUST12664,Kolkata,East,Medium,680.0,Mass
CUST12665,Mumbai,West,Low,717.0,Mass
CUST12666,Bangalore,South,Low,588.0,Premium
CUST12667,Delhi NCR,North,Medium,692.0,Mass
CUST12668,Delhi NCR,North,Low,561.0,Mass
CUST12669,Bangalore,South,Low,557.0,Mass
CUST12670,Hyderabad,South,Medium,717.0,Affluent
CUST12671,Bangalore,South,Medium,714.0,Affluent
CUST12672,Hyderabad,South,Low,593.0,Affluent
CUST12673,Hyderabad,South,Low,643.0,Affluent
CUST12674,Bangalore,South,Medium,713.0,Mass
CUST12675,Delhi NCR,North,Medium,664.0,Mass
CUST12676,Delhi NCR,North,Low,647.0,Affluent
CUST12677,Mumbai,West,Medium,658.0,Affluent
CUST12678,Bangalore,South,Medium,662.0,Mass
CUST12679,Delhi NCR,North,High,813.0,Affluent
CUST12680,Bangalore,South,Low,561.0,Mass
CUST12681,Bangalore,South,Low,558.0,Mass
CUST12682,Delhi NCR,North,Medium,658.0,Mass
CUST12683,Bangalore,South,Low,593.0,Mass
CUST12684,Delhi NCR,North,High,790.0,Affluent
CUST12685,Hyderabad,South,Medium,751.0,Affluent
CUST12686,Mumbai,West,Low,641.0,Affluent
CUST12687,Mumbai,West,Low,653.0,Mass
CUST12688,Bangalore,South,Medium,695.0,Affluent
CUST12689,Delhi NCR,North,Medium,668.0,Mass
CUST12690,Mumbai,West,Low,636.0,Mass
CUST12691,Mumbai,West,Low,593.0,Affluent
CUST12692,Pune,West,Medium,669.0,Affluent
CUST12693,Hyderabad,South,Medium,687.0,Premium
CUST12694,Delhi NCR,North,High,809.0,Affluent
CUST12695,Delhi NCR,North,Medium,763.0,Mass
CUST12696,Bangalore,South,Medium,749.0,Mass
CUST12697,Mumbai,West,Medium,774.0,Mass
CUST12698,Delhi NCR,North,Low,643.0,Mass
CUST12699,Kolkata,East,High,780.0,Mass
CUST12700,Hyderabad,South,Medium,705.0,Mass
CUST12701,Delhi NCR,North,High,771.0,Mass
CUST12702,Pune,West,High,850.0,Mass
CUST12703,Delhi NCR,North,Low,640.0,Affluent
CUST12704,Pune,West,Medium,756.0,Affluent
CUST12705,Kolkata,East,Medium,656.0,Affluent
CUST12706,Kolkata,East,High,814.0,Mass
CUST12707,Hyderabad,South,Low,562.0,Mass
CUST12708,Delhi NCR,North,High,813.0,Mass
CUST12709,Mumbai,West,Medium,654.0,Affluent
CUST12710,Bangalore,South,Medium,689.0,Mass
CUST12711,Kolkata,East,Low,665.0,Affluent
CUST12712,Mumbai,West,Low,605.0,Affluent
CUST12713,Hyderabad,South,Low,677.0,Affluent
CUST12714,Kolkata,East,Low,586.0,Mass
CUST12715,Pune,West,Medium,778.0,Affluent
CUST12716,Kolkata,East,Low,616.0,Mass
CUST12717,Delhi NCR,North,Medium,682.0,Mass
CUST12718,Kolkata,East,Low,613.0,Affluent
CUST12719,Hyderabad,South,Medium,780.0,Affluent
CUST12720,Delhi NCR,North,Low,670.0,Mass
CUST12721,Delhi NCR,North,Medium,738.0,Mass
CUST12722,Kolkata,East,Medium,756.0,Affluent
CUST12723,Mumbai,West,Medium,779.0,Mass
CUST12724,Mumbai,West,Medium,665.0,Mass
CUST12725,Bangalore,South,Low,650.0,Mass
CUST12726,Pune,West,Low,618.0,Mass
CUST12727,Bangalore,South,Low,673.0,Mass
CUST12728,Bangalore,South,Medium,775.0,Mass
CUST12729,Delhi NCR,North,Medium,773.0,Affluent
CUST12730,Delhi NCR,North,Low,630.0,Mass
CUST12731,Bangalore,South,Low,574.0,Mass
CUST12732,Hyderabad,South,Medium,697.0,Mass
CUST12733,Kolkata,East,High,812.0,Mass
CUST12734,Mumbai,West,Low,636.0,Affluent
CUST12735,Pune,West,High,828.0,Affluent
CUST12736,Mumbai,West,Medium,725.0,Mass
CUST12737,Kolkata,East,Medium,707.0,Affluent
CUST12738,Delhi NCR,North,Medium,651.0,Mass
CUST12739,Pune,West,High,802.0,Affluent
CUST12740,Delhi NCR,North,Medium,728.0,Mass
CUST12741,Hyderabad,South,Low,681.0,Affluent
CUST12742,Mumbai,West,Low,718.0,Affluent
CUST12743,Mumbai,West,Medium,680.0,Mass
CUST12744,Kolkata,East,Medium,752.0,Mass
CUST12745,Bangalore,South,High,825.0,Affluent
CUST12746,Delhi NCR,North,Medium,780.0,Affluent
CUST12747,Bangalore,South,High,816.0,Affluent
CUST12748,Hyderabad,South,High,812.0,Affluent
CUST12749,Bangalore,South,Medium,669.0,Premium
CUST12750,Kolkata,East,Low,699.0,Affluent
CUST12751,Hyderabad,South,Medium,685.0,Affluent
CUST12752,Delhi NCR,North,Low,696.0,Premium
CUST12753,Pune,West,Medium,676.0,Affluent
CUST12754,Bangalore,South,Low,618.0,Affluent
CUST12755,Delhi NCR,North,High,759.0,Mass
CUST12756,Bangalore,South,Medium,689.0,Affluent
CUST12757,Hyderabad,South,Low,670.0,Mass
CUST12758,Bangalore,South,Medium,696.0,Mass
CUST12759,Delhi NCR,North,Low,627.0,Mass
CUST12760,Delhi NCR,North,High,842.0,Mass
CUST12761,Delhi NCR,North,High,727.0,Mass
CUST12762,Delhi NCR,North,Low,666.0,Mass
CUST12763,Bangalore,South,Low,701.0,Affluent
CUST12764,Bangalore,South,Medium,733.0,Affluent
CUST12765,Mumbai,West,Medium,693.0,Mass
CUST12766,Hyderabad,South,Low,603.0,Mass
CUST12767,Pune,West,High,775.0,Mass
CUST12768,Bangalore,South,Medium,725.0,Affluent
CUST12769,Delhi NCR,North,Low,569.0,Mass
CUST12770,Kolkata,East,Medium,666.0,Affluent
CUST12771,Hyderabad,South,Low,639.0,Affluent
CUST12772,Bangalore,South,Medium,741.0,Mass
CUST12773,Bangalore,South,High,849.0,Mass
CUST12774,Delhi NCR,North,Low,655.0,Mass
CUST12775,Kolkata,East,Medium,687.0,Mass
CUST12776,Mumbai,West,Low,695.0,Mass
CUST12777,Pune,West,Medium,737.0,Affluent
CUST12778,Kolkata,East,Medium,727.0,Mass
CUST12779,Bangalore,South,Medium,756.0,Affluent
CUST12780,Kolkata,East,High,741.0,Premium
CUST12781,Hyderabad,South,Medium,725.0,Mass
CUST12782,Kolkata,East,Medium,727.0,Mass
CUST12783,Bangalore,South,Low,575.0,Mass
CUST12784,Delhi NCR,North,Low,661.0,Mass
CUST12785,Mumbai,West,Medium,724.0,Mass
CUST12786,Hyderabad,South,Low,552.0,Mass
CUST12787,Bangalore,South,Low,555.0,Mass
CUST12788,Hyderabad,South,Medium,710.0,Affluent
CUST12789,Hyderabad,South,Medium,716.0,Mass
CUST12790,Hyderabad,South,Low,645.0,Affluent
CUST12791,Delhi NCR,North,High,836.0,Mass
CUST12792,Kolkata,East,High,720.0,Mass
CUST12793,Pune,West,Medium,765.0,Affluent
CUST12794,Delhi NCR,North,High,756.0,Mass
CUST12795,Mumbai,West,Low,593.0,Mass
CUST12796,Kolkata,East,Low,577.0,Affluent
CUST12797,Pune,West,Low,711.0,Mass
CUST12798,Hyderabad,South,Low,692.0,Affluent
CUST12799,Hyderabad,South,Medium,716.0,Mass
CUST12800,Mumbai,West,High,756.0,Affluent
CUST12801,Pune,West,Low,580.0,Mass
CUST12802,Hyderabad,South,High,720.0,Mass
CUST12803,Bangalore,South,Low,578.0,Mass
CUST12804,Bangalore,South,Medium,719.0,Mass
CUST12805,Mumbai,West,Low,582.0,Affluent
CUST12806,Hyderabad,South,Medium,762.0,Mass
CUST12807,Hyderabad,South,High,795.0,Affluent
CUST12808,Mumbai,West,Low,718.0,Mass
CUST12809,Mumbai,West,Medium,754.0,Mass
CUST12810,Pune,West,Medium,734.0,Mass
CUST12811,Pune,West,Low,683.0,Mass
CUST12812,Delhi NCR,North,Low,588.0,Premium
CUST12813,Kolkata,East,Medium,705.0,Mass
CUST12814,Bangalore,South,Low,643.0,Mass
CUST12815,Kolkata,East,Medium,768.0,Affluent
CUST12816,Hyderabad,South,Medium,750.0,Mass
CUST12817,Pune,West,High,756.0,Mass
CUST12818,Bangalore,South,Medium,719.0,Affluent
CUST12819,Delhi NCR,North,Medium,757.0,Mass
CUST12820,Hyderabad,South,Low,569.0,Mass
CUST12821,Hyderabad,South,High,831.0,Premium
CUST12822,Bangalore,South,High,807.0,Premium
CUST12823,Kolkata,East,Medium,699.0,Mass
CUST12824,Kolkata,East,Low,562.0,Mass
CUST12825,Hyderabad,South,Medium,736.0,Mass
CUST12826,Kolkata,East,Medium,717.0,Mass
CUST12827,Kolkata,East,Medium,665.0,Affluent
CUST12828,Kolkata,East,Medium,688.0,Mass
CUST12829,Kolkata,East,Low,620.0,Affluent
CUST12830,Mumbai,West,Medium,726.0,Mass
CUST12831,Delhi NCR,North,Low,580.0,Affluent
CUST12832,Bangalore,South,Low,614.0,Mass
CUST12833,Bangalore,South,Medium,658.0,Premium
CUST12834,Kolkata,East,Medium,687.0,Affluent
CUST12835,Bangalore,South,High,812.0,Mass
CUST12836,Hyderabad,South,Low,644.0,Mass
CUST12837,Delhi NCR,North,Medium,769.0,Affluent
CUST12838,Mumbai,West,Low,668.0,Mass
CUST12839,Hyderabad,South,Low,609.0,Affluent
CUST12840,Mumbai,West,High,833.0,Affluent
CUST12841,Kolkata,East,High,739.0,Mass
CUST12842,Pune,West,Medium,751.0,Mass
CUST12843,Pune,West,Medium,675.0,Affluent
CUST12844,Kolkata,East,High,763.0,Mass
CUST12845,Delhi NCR,North,Low,576.0,Affluent
CUST12846,Bangalore,South,Medium,666.0,Mass
CUST12847,Hyderabad,South,Low,588.0,Mass
CUST12848,Delhi NCR,North,Low,631.0,Mass
CUST12849,Mumbai,West,Medium,657.0,Mass
CUST12850,Mumbai,West,Low,561.0,Affluent
CUST12851,Mumbai,West,Medium,762.0,Mass
CUST12852,Bangalore,South,High,834.0,Affluent
CUST12853,Delhi NCR,North,Medium,738.0,Mass
CUST12854,Bangalore,South,Low,679.0,Mass
CUST12855,Delhi NCR,North,Medium,776.0,Mass
CUST12856,Bangalore,South,Medium,730.0,Affluent
CUST12857,Hyderabad,South,High,754.0,Mass
CUST12858,Hyderabad,South,Low,612.0,Mass
CUST12859,Pune,West,Medium,756.0,Affluent
CUST12860,Bangalore,South,Low,603.0,Premium
CUST12861,Pune,West,Low,563.0,Mass
CUST12862,Kolkata,East,Low,560.0,Mass
CUST12863,Mumbai,West,Medium,715.0,Mass
CUST12864,Pune,West,High,730.0,Mass
CUST12865,Delhi NCR,North,Low,612.0,Affluent
CUST12866,Bangalore,South,High,844.0,Mass
CUST12867,Pune,West,Medium,699.0,Affluent
CUST12868,Delhi NCR,North,Low,609.0,Affluent
CUST12869,Pune,West,Medium,766.0,Premium
CUST12870,Mumbai,West,Medium,675.0,Affluent
CUST12871,Pune,West,High,818.0,Mass
CUST12872,Pune,West,Low,598.0,Mass
CUST12873,Kolkata,East,Low,685.0,Mass
CUST12874,Hyderabad,South,Medium,679.0,Affluent
CUST12875,Pune,West,Low,556.0,Affluent
CUST12876,Kolkata,East,High,759.0,Premium
CUST12877,Delhi NCR,North,High,822.0,Mass
CUST12878,Kolkata,East,Medium,685.0,Premium
CUST12879,Pune,West,Medium,731.0,Mass
CUST12880,Delhi NCR,North,Medium,719.0,Mass
CUST12881,Pune,West,Low,717.0,Mass
CUST12882,Pune,West,Low,665.0,Mass
CUST12883,Pune,West,Low,701.0,Mass
CUST12884,Kolkata,East,Medium,654.0,Mass
CUST12885,Pune,West,Low,617.0,Mass
CUST12886,Kolkata,East,Low,671.0,Mass
CUST12887,Pune,West,Low,632.0,Mass
CUST12888,Mumbai,West,Medium,656.0,Affluent
CUST12889,Pune,West,Low,672.0,Affluent
CUST12890,Delhi NCR,North,Medium,711.0,Mass
CUST12891,Kolkata,East,Low,713.0,Mass
CUST12892,Mumbai,West,Low,673.0,Affluent
CUST12893,Delhi NCR,North,Low,597.0,Premium
CUST12894,Hyderabad,South,Low,605.0,Premium
CUST12895,Bangalore,South,Medium,695.0,Mass
CUST12896,Pune,West,Low,683.0,Mass
CUST12897,Kolkata,East,Medium,742.0,Mass
CUST12898,Kolkata,East,Low,596.0,Mass
CUST12899,Mumbai,West,Low,578.0,Affluent
CUST12900,Pune,West,Medium,743.0,Premium
CUST12901,Pune,West,Low,690.0,Affluent
CUST12902,Bangalore,South,Medium,764.0,Mass
CUST12903,Bangalore,South,Low,690.0,Mass
CUST12904,Hyderabad,South,Low,584.0,Mass
CUST12905,Delhi NCR,North,Low,666.0,Affluent
CUST12906,Bangalore,South,Medium,738.0,Mass
CUST12907,Bangalore,South,Medium,711.0,Affluent
CUST12908,Kolkata,East,Low,603.0,Premium
CUST12909,Delhi NCR,North,Low,563.0,Mass
CUST12910,Delhi NCR,North,Medium,667.0,Mass
CUST12911,Mumbai,West,High,836.0,Premium
CUST12912,Delhi NCR,North,Medium,764.0,Affluent
CUST12913,Bangalore,South,High,749.0,Affluent
CUST12914,Delhi NCR,North,Medium,664.0,Mass
CUST12915,Hyderabad,South,Medium,704.0,Mass
CUST12916,Delhi NCR,North,Medium,690.0,Affluent
CUST12917,Bangalore,South,Low,661.0,Mass
CUST12918,Kolkata,East,Medium,692.0,Mass
CUST12919,Hyderabad,South,Low,603.0,Mass
CUST12920,Delhi NCR,North,Low,638.0,Mass
CUST12921,Kolkata,East,Low,644.0,Affluent
CUST12922,Hyderabad,South,High,736.0,Mass
CUST12923,Kolkata,East,High,803.0,Mass
CUST12924,Kolkata,East,Low,695.0,Affluent
CUST12925,Bangalore,South,High,796.0,Mass
CUST12926,Hyderabad,South,Low,662.0,Mass
CUST12927,Hyderabad,South,High,764.0,Affluent
CUST12928,Bangalore,South,High,850.0,Premium
CUST12929,Bangalore,South,Medium,777.0,Premium
CUST12930,Hyderabad,South,Medium,732.0,Mass
CUST12931,Pune,West,Medium,732.0,Affluent
CUST12932,Mumbai,West,Medium,663.0,Affluent
CUST12933,Hyderabad,South,Medium,755.0,Affluent
CUST12934,Bangalore,South,High,815.0,Mass
CUST12935,Kolkata,East,Medium,685.0,Mass
CUST12936,Bangalore,South,Medium,729.0,Mass
CUST12937,Delhi NCR,North,Medium,777.0,Mass
CUST12938,Kolkata,East,Low,689.0,Affluent
CUST12939,Mumbai,West,Medium,751.0,Mass
CUST12940,Hyderabad,South,High,819.0,Affluent
CUST12941,Delhi NCR,North,Medium,696.0,Affluent
CUST12942,Kolkata,East,Low,576.0,Affluent
CUST12943,Hyderabad,South,Low,550.0,Mass
CUST12944,Pune,West,Medium,690.0,Mass
CUST12945,Delhi NCR,North,Low,607.0,Mass
CUST12946,Kolkata,East,Low,622.0,Mass
CUST12947,Bangalore,South,Medium,684.0,Mass
CUST12948,Hyderabad,South,Low,574.0,Mass
CUST12949,Bangalore,South,Medium,770.0,Mass
CUST12950,Pune,West,Low,583.0,Affluent
CUST12951,Pune,West,Medium,744.0,Mass
CUST12952,Kolkata,East,Medium,730.0,Affluent
CUST12953,Delhi NCR,North,High,778.0,Premium
CUST12954,Bangalore,South,Medium,667.0,Affluent
CUST12955,Hyderabad,South,Medium,739.0,Mass
CUST12956,Pune,West,Medium,686.0,Affluent
CUST12957,Delhi NCR,North,Medium,732.0,Mass
CUST12958,Mumbai,West,Low,561.0,Mass
CUST12959,Mumbai,West,Medium,727.0,Mass
CUST12960,Kolkata,East,Medium,681.0,Affluent
CUST12961,Mumbai,West,Low,611.0,Affluent
CUST12962,Delhi NCR,North,Medium,674.0,Mass
CUST12963,Mumbai,West,Low,632.0,Mass
CUST12964,Kolkata,East,Medium,676.0,Affluent
CUST12965,Kolkata,East,Medium,718.0,Affluent
CUST12966,Mumbai,West,Low,707.0,Affluent
CUST12967,Hyderabad,South,Low,617.0,Mass
CUST12968,Pune,West,High,789.0,Mass
CUST12969,Delhi NCR,North,Low,591.0,Affluent
CUST12970,Mumbai,West,Medium,672.0,Premium
CUST12971,Kolkata,East,Low,654.0,Affluent
CUST12972,Bangalore,South,Low,669.0,Mass
CUST12973,Kolkata,East,Medium,658.0,Mass
CUST12974,Pune,West,Low,580.0,Mass
CUST12975,Kolkata,East,Low,644.0,Mass
CUST12976,Hyderabad,South,Medium,763.0,Premium
CUST12977,Kolkata,East,High,727.0,Affluent
CUST12978,Pune,West,Medium,758.0,Premium
CUST12979,Kolkata,East,Low,643.0,Mass
CUST12980,Mumbai,West,Low,692.0,Mass
CUST12981,Delhi NCR,North,Low,642.0,Affluent
CUST12982,Kolkata,East,High,760.0,Mass
CUST12983,Hyderabad,South,Medium,754.0,Mass
CUST12984,Kolkata,East,Medium,684.0,Mass
CUST12985,Hyderabad,South,Medium,745.0,Affluent
CUST12986,Hyderabad,South,Medium,714.0,Affluent
CUST12987,Kolkata,East,Low,684.0,Affluent
CUST12988,Pune,West,Low,554.0,Mass
CUST12989,Mumbai,West,Low,569.0,Mass
CUST12990,Pune,West,Low,616.0,Premium
CUST12991,Bangalore,South,High,818.0,Affluent
CUST12992,Kolkata,East,Low,670.0,Premium
CUST12993,Delhi NCR,North,Medium,699.0,Affluent
CUST12994,Kolkata,East,Low,658.0,Affluent
CUST12995,Delhi NCR,North,Low,681.0,Mass
CUST12996,Pune,West,Medium,671.0,Mass
CUST12997,Delhi NCR,North,Medium,777.0,Affluent
CUST12998,Mumbai,West,Low,711.0,Mass
CUST12999,Pune,West,Medium,672.0,Affluent
CUST13000,Mumbai,West,Medium,771.0,Mass
CUST13001,Kolkata,East,Low,590.0,Affluent
CUST13002,Delhi NCR,North,Low,592.0,Mass
CUST13003,Bangalore,South,Low,553.0,Premium
CUST13004,Pune,West,Medium,675.0,Affluent
CUST13005,Delhi NCR,North,Medium,756.0,Mass
CUST13006,Delhi NCR,North,Low,707.0,Mass
CUST13007,Pune,West,Low,567.0,Mass
CUST13008,Delhi NCR,North,Medium,662.0,Mass
CUST13009,Kolkata,East,High,733.0,Mass
CUST13010,Bangalore,South,Low,611.0,Mass
CUST13011,Bangalore,South,Low,693.0,Mass
CUST13012,Mumbai,West,Medium,740.0,Mass
CUST13013,Hyderabad,South,Low,624.0,Affluent
CUST13014,Delhi NCR,North,Medium,654.0,Mass
CUST13015,Mumbai,West,Medium,697.0,Affluent
CUST13016,Kolkata,East,Low,574.0,Mass
CUST13017,Hyderabad,South,Low,717.0,Mass
CUST13018,Delhi NCR,North,High,781.0,Affluent
CUST13019,Hyderabad,South,Medium,715.0,Mass
CUST13020,Mumbai,West,Low,565.0,Affluent
CUST13021,Bangalore,South,Medium,693.0,Mass
CUST13022,Bangalore,South,Medium,777.0,Affluent
CUST13023,Delhi NCR,North,Low,683.0,Premium
CUST13024,Mumbai,West,Low,591.0,Mass
CUST13025,Mumbai,West,Low,589.0,Affluent
CUST13026,Kolkata,East,High,827.0,Affluent
CUST13027,Kolkata,East,Low,594.0,Mass
CUST13028,Mumbai,West,Low,552.0,Premium
CUST13029,Pune,West,Low,681.0,Mass
CUST13030,Delhi NCR,North,High,788.0,Affluent
CUST13031,Mumbai,West,Medium,746.0,Affluent
CUST13032,Hyderabad,South,Low,636.0,Affluent
CUST13033,Pune,West,High,752.0,Mass
CUST13034,Mumbai,West,Medium,735.0,Mass
CUST13035,Mumbai,West,Medium,711.0,Mass
CUST13036,Bangalore,South,Low,688.0,Affluent
CUST13037,Pune,West,High,803.0,Affluent
CUST13038,Mumbai,West,Medium,671.0,Affluent
CUST13039,Kolkata,East,Low,701.0,Premium
CUST13040,Bangalore,South,Low,699.0,Affluent
CUST13041,Bangalore,South,Medium,740.0,Mass
CUST13042,Bangalore,South,Medium,664.0,Mass
CUST13043,Bangalore,South,Medium,728.0,Affluent
CUST13044,Delhi NCR,North,Medium,742.0,Mass
CUST13045,Hyderabad,South,Low,550.0,Mass
CUST13046,Bangalore,South,High,792.0,Mass
CUST13047,Bangalore,South,Low,642.0,Mass
CUST13048,Hyderabad,South,Low,624.0,Mass
CUST13049,Pune,West,Low,680.0,Mass
CUST13050,Kolkata,East,Medium,726.0,Affluent
CUST13051,Hyderabad,South,Low,693.0,Mass
CUST13052,Kolkata,East,Low,610.0,Mass
CUST13053,Mumbai,West,Medium,689.0,Mass
CUST13054,Mumbai,West,Low,607.0,Mass
CUST13055,Hyderabad,South,Medium,777.0,Affluent
CUST13056,Bangalore,South,Low,604.0,Mass
CUST13057,Hyderabad,South,Medium,683.0,Affluent
CUST13058,Pune,West,Medium,681.0,Mass
CUST13059,Bangalore,South,Low,615.0,Mass
CUST13060,Mumbai,West,Low,550.0,Mass
CUST13061,Pune,West,Low,603.0,Mass
CUST13062,Bangalore,South,Medium,771.0,Mass
CUST13063,Delhi NCR,North,Low,666.0,Premium
CUST13064,Delhi NCR,North,Low,567.0,Mass
CUST13065,Kolkata,East,Medium,772.0,Mass
CUST13066,Mumbai,West,High,829.0,Mass
CUST13067,Delhi NCR,North,Low,704.0,Mass
CUST13068,Kolkata,East,Medium,775.0,Mass
CUST13069,Hyderabad,South,Low,590.0,Premium
CUST13070,Mumbai,West,High,768.0,Mass
CUST13071,Pune,West,Medium,695.0,Mass
CUST13072,Hyderabad,South,High,742.0,Mass
CUST13073,Kolkata,East,Medium,744.0,Affluent
CUST13074,Mumbai,West,Medium,738.0,Mass
CUST13075,Kolkata,East,Medium,673.0,Affluent
CUST13076,Kolkata,East,Low,704.0,Mass
CUST13077,Kolkata,East,Low,677.0,Mass
CUST13078,Pune,West,Medium,650.0,Mass
CUST13079,Hyderabad,South,Low,700.0,Mass
CUST13080,Pune,West,Medium,736.0,Premium
CUST13081,Delhi NCR,North,High,792.0,Mass
CUST13082,Kolkata,East,Medium,763.0,Affluent
CUST13083,Delhi NCR,North,Medium,705.0,Mass
CUST13084,Delhi NCR,North,Low,600.0,Mass
CUST13085,Pune,West,High,728.0,Affluent
CUST13086,Mumbai,West,Medium,767.0,Mass
CUST13087,Delhi NCR,North,Low,584.0,Mass
CUST13088,Bangalore,South,Medium,777.0,Mass
CUST13089,Delhi NCR,North,Low,611.0,Mass
CUST13090,Kolkata,East,Medium,680.0,Premium
CUST13091,Delhi NCR,North,Low,643.0,Premium
CUST13092,Hyderabad,South,Medium,760.0,Mass
CUST13093,Kolkata,East,High,797.0,Mass
CUST13094,Mumbai,West,Medium,695.0,Mass
CUST13095,Hyderabad,South,Medium,724.0,Premium
CUST13096,Pune,West,Medium,659.0,Mass
CUST13097,Hyderabad,South,Low,569.0,Mass
CUST13098,Bangalore,South,Low,603.0,Premium
CUST13099,Mumbai,West,Low,668.0,Affluent
CUST13100,Hyderabad,South,Medium,759.0,Mass
CUST13101,Hyderabad,South,Low,577.0,Premium
CUST13102,Kolkata,East,Low,625.0,Mass
CUST13103,Mumbai,West,Medium,749.0,Mass
CUST13104,Mumbai,West,Low,606.0,Affluent
CUST13105,Mumbai,West,Low,670.0,Mass
CUST13106,Bangalore,South,Low,554.0,Premium
CUST13107,Delhi NCR,North,Low,687.0,Mass
CUST13108,Bangalore,South,Medium,771.0,Mass
CUST13109,Pune,West,Low,665.0,Mass
CUST13110,Pune,West,High,788.0,Mass
CUST13111,Bangalore,South,Medium,708.0,Affluent
CUST13112,Mumbai,West,High,739.0,Mass
CUST13113,Kolkata,East,Low,671.0,Mass
CUST13114,Delhi NCR,North,Low,585.0,Mass
CUST13115,Kolkata,East,Medium,702.0,Premium
CUST13116,Pune,West,Low,589.0,Mass
CUST13117,Delhi NCR,North,Medium,748.0,Mass
CUST13118,Hyderabad,South,Medium,694.0,Mass
CUST13119,Pune,West,Low,589.0,Affluent
CUST13120,Kolkata,East,Low,650.0,Mass
CUST13121,Bangalore,South,High,791.0,Affluent
CUST13122,Hyderabad,South,Low,660.0,Affluent
CUST13123,Kolkata,East,Low,702.0,Mass
CUST13124,Mumbai,West,Low,640.0,Mass
CUST13125,Pune,West,High,760.0,Affluent
CUST13126,Delhi NCR,North,Medium,715.0,Premium
CUST13127,Hyderabad,South,Medium,682.0,Affluent
CUST13128,Delhi NCR,North,Medium,749.0,Affluent
CUST13129,Mumbai,West,Medium,653.0,Affluent
CUST13130,Bangalore,South,High,805.0,Premium
CUST13131,Delhi NCR,North,Medium,693.0,Mass
CUST13132,Pune,West,Low,659.0,Mass
CUST13133,Bangalore,South,High,793.0,Mass
CUST13134,Kolkata,East,Medium,719.0,Mass
CUST13135,Delhi NCR,North,Medium,751.0,Affluent
CUST13136,Mumbai,West,Medium,780.0,Mass
CUST13137,Kolkata,East,Medium,667.0,Premium
CUST13138,Mumbai,West,Medium,747.0,Mass
CUST13139,Bangalore,South,Low,704.0,Affluent
CUST13140,Bangalore,South,Low,713.0,Mass
CUST13141,Pune,West,High,766.0,Mass
CUST13142,Bangalore,South,Low,616.0,Mass
CUST13143,Delhi NCR,North,High,735.0,Mass
CUST13144,Pune,West,Medium,656.0,Affluent
CUST13145,Kolkata,East,High,814.0,Mass
CUST13146,Bangalore,South,High,777.0,Affluent
CUST13147,Hyderabad,South,Low,693.0,Mass
CUST13148,Hyderabad,South,Low,697.0,Affluent
CUST13149,Kolkata,East,Medium,716.0,Affluent
CUST13150,Delhi NCR,North,Low,591.0,Mass
CUST13151,Pune,West,Medium,727.0,Premium
CUST13152,Delhi NCR,North,Low,672.0,Mass
CUST13153,Bangalore,South,Medium,776.0,Mass
CUST13154,Pune,West,Medium,765.0,Mass
CUST13155,Kolkata,East,High,843.0,Affluent
CUST13156,Delhi NCR,North,Medium,780.0,Mass
CUST13157,Mumbai,West,Low,653.0,Mass
CUST13158,Hyderabad,South,Medium,716.0,Affluent
CUST13159,Bangalore,South,Low,704.0,Affluent
CUST13160,Delhi NCR,North,Medium,722.0,Affluent
CUST13161,Hyderabad,South,Medium,689.0,Affluent
CUST13162,Hyderabad,South,Low,577.0,Mass
CUST13163,Mumbai,West,High,814.0,Affluent
CUST13164,Kolkata,East,Medium,668.0,Mass
CUST13165,Kolkata,East,High,734.0,Mass
CUST13166,Bangalore,South,Low,694.0,Mass
CUST13167,Pune,West,Low,711.0,Mass
CUST13168,Mumbai,West,Low,654.0,Mass
CUST13169,Bangalore,South,Medium,773.0,Mass
CUST13170,Delhi NCR,North,Medium,723.0,Affluent
CUST13171,Mumbai,West,Medium,776.0,Mass
CUST13172,Bangalore,South,Medium,706.0,Mass
CUST13173,Delhi NCR,North,Medium,718.0,Affluent
CUST13174,Mumbai,West,Low,569.0,Mass
CUST13175,Delhi NCR,North,High,844.0,Affluent
CUST13176,Mumbai,West,Medium,717.0,Mass
CUST13177,Hyderabad,South,High,839.0,Mass
CUST13178,Hyderabad,South,Medium,705.0,Mass
CUST13179,Pune,West,Low,696.0,Mass
CUST13180,Delhi NCR,North,Medium,775.0,Affluent
CUST13181,Bangalore,South,Medium,661.0,Mass
CUST13182,Mumbai,West,High,833.0,Affluent
CUST13183,Hyderabad,South,Low,668.0,Mass
CUST13184,Mumbai,West,Low,644.0,Mass
CUST13185,Pune,West,Medium,747.0,Affluent
CUST13186,Pune,West,High,816.0,Mass
CUST13187,Mumbai,West,Low,612.0,Premium
CUST13188,Hyderabad,South,Low,555.0,Mass
CUST13189,Mumbai,West,Low,585.0,Mass
CUST13190,Delhi NCR,North,Medium,751.0,Mass
CUST13191,Kolkata,East,High,730.0,Affluent
CUST13192,Bangalore,South,Low,581.0,Affluent
CUST13193,Mumbai,West,Medium,667.0,Affluent
CUST13194,Pune,West,Low,618.0,Mass
CUST13195,Pune,West,Medium,747.0,Mass
CUST13196,Hyderabad,South,Medium,772.0,Mass
CUST13197,Mumbai,West,Low,622.0,Premium
CUST13198,Kolkata,East,Low,658.0,Mass
CUST13199,Delhi NCR,North,High,758.0,Mass
CUST13200,Bangalore,South,Low,584.0,Mass
CUST13201,Kolkata,East,High,818.0,Mass
CUST13202,Mumbai,West,Medium,666.0,Mass
CUST13203,Hyderabad,South,Low,633.0,Affluent
CUST13204,Bangalore,South,High,819.0,Affluent
CUST13205,Bangalore,South,Low,620.0,Premium
CUST13206,Pune,West,Low,682.0,Affluent
CUST13207,Pune,West,High,803.0,Mass
CUST13208,Bangalore,South,Medium,769.0,Mass
CUST13209,Bangalore,South,Medium,650.0,Premium
CUST13210,Delhi NCR,North,Low,716.0,Premium
CUST13211,Delhi NCR,North,Medium,745.0,Mass
CUST13212,Delhi NCR,North,Low,711.0,Affluent
CUST13213,Bangalore,South,Low,581.0,Mass
CUST13214,Pune,West,High,759.0,Mass
CUST13215,Mumbai,West,Medium,683.0,Affluent
CUST13216,Mumbai,West,Low,656.0,Affluent
CUST13217,Hyderabad,South,Medium,768.0,Affluent
CUST13218,Bangalore,South,Low,595.0,Affluent
CUST13219,Kolkata,East,Medium,777.0,Mass
CUST13220,Delhi NCR,North,Medium,726.0,Mass
CUST13221,Kolkata,East,Medium,748.0,Mass
CUST13222,Hyderabad,South,Low,661.0,Mass
CUST13223,Delhi NCR,North,Medium,690.0,Mass
CUST13224,Pune,West,Medium,729.0,Mass
CUST13225,Kolkata,East,Medium,660.0,Premium
CUST13226,Bangalore,South,Medium,756.0,Mass
CUST13227,Bangalore,South,High,785.0,Mass
CUST13228,Bangalore,South,Medium,727.0,Affluent
CUST13229,Hyderabad,South,Low,580.0,Mass
CUST13230,Delhi NCR,North,Medium,765.0,Premium
CUST13231,Mumbai,West,Low,669.0,Mass
CUST13232,Kolkata,East,Medium,694.0,Mass
CUST13233,Kolkata,East,High,775.0,Mass
CUST13234,Delhi NCR,North,High,839.0,Affluent
CUST13235,Hyderabad,South,Medium,724.0,Mass
CUST13236,Delhi NCR,North,Medium,724.0,Mass
CUST13237,Hyderabad,South,Medium,720.0,Mass
CUST13238,Pune,West,Low,557.0,Affluent
CUST13239,Pune,West,Low,626.0,Affluent
CUST13240,Delhi NCR,North,Low,694.0,Mass
CUST13241,Bangalore,South,Low,691.0,Premium
CUST13242,Kolkata,East,Low,584.0,Premium
CUST13243,Delhi NCR,North,Low,612.0,Premium
CUST13244,Delhi NCR,North,Low,591.0,Mass
CUST13245,Delhi NCR,North,Medium,756.0,Mass
CUST13246,Bangalore,South,Medium,727.0,Affluent
CUST13247,Kolkata,East,High,721.0,Mass
CUST13248,Delhi NCR,North,High,720.0,Affluent
CUST13249,Mumbai,West,Low,669.0,Affluent
CUST13250,Pune,West,Low,569.0,Affluent
CUST13251,Bangalore,South,Medium,652.0,Mass
CUST13252,Mumbai,West,High,749.0,Affluent
CUST13253,Mumbai,West,Low,577.0,Affluent
CUST13254,Pune,West,Low,567.0,Mass
CUST13255,Bangalore,South,Low,690.0,Mass
CUST13256,Mumbai,West,Low,653.0,Mass
CUST13257,Bangalore,South,Low,646.0,Affluent
CUST13258,Delhi NCR,North,High,813.0,Mass
CUST13259,Mumbai,West,Low,705.0,Mass
CUST13260,Delhi NCR,North,Low,566.0,Affluent
CUST13261,Mumbai,West,Medium,673.0,Affluent
CUST13262,Mumbai,West,Low,617.0,Mass
CUST13263,Bangalore,South,Low,667.0,Mass
CUST13264,Hyderabad,South,Low,646.0,Affluent
CUST13265,Bangalore,South,Low,664.0,Mass
CUST13266,Pune,West,Medium,652.0,Mass
CUST13267,Pune,West,Medium,700.0,Mass
CUST13268,Delhi NCR,North,High,826.0,Affluent
CUST13269,Pune,West,Low,572.0,Affluent
CUST13270,Bangalore,South,Low,667.0,Affluent
CUST13271,Bangalore,South,Low,671.0,Mass
CUST13272,Mumbai,West,Low,597.0,Mass
CUST13273,Hyderabad,South,Medium,706.0,Mass
CUST13274,Mumbai,West,Medium,715.0,Affluent
CUST13275,Pune,West,Low,600.0,Mass
CUST13276,Kolkata,East,Medium,779.0,Affluent
CUST13277,Pune,West,Low,584.0,Mass
CUST13278,Pune,West,Medium,730.0,Mass
CUST13279,Bangalore,South,High,792.0,Mass
CUST13280,Pune,West,Medium,724.0,Mass
CUST13281,Hyderabad,South,High,850.0,Mass
CUST13282,Kolkata,East,Medium,728.0,Affluent
CUST13283,Bangalore,South,High,765.0,Mass
CUST13284,Delhi NCR,North,High,808.0,Mass
CUST13285,Pune,West,Low,621.0,Affluent
CUST13286,Delhi NCR,North,Low,626.0,Mass
CUST13287,Pune,West,Medium,678.0,Mass
CUST13288,Hyderabad,South,Medium,721.0,Mass
CUST13289,Bangalore,South,Low,716.0,Affluent
CUST13290,Mumbai,West,Medium,747.0,Mass
CUST13291,Hyderabad,South,High,830.0,Premium
CUST13292,Kolkata,East,Low,610.0,Affluent
CUST13293,Kolkata,East,Low,552.0,Mass
CUST13294,Mumbai,West,Medium,682.0,Affluent
CUST13295,Pune,West,Low,600.0,Mass
CUST13296,Kolkata,East,Low,713.0,Affluent
CUST13297,Bangalore,South,Medium,774.0,Mass
CUST13298,Pune,West,Medium,741.0,Mass
CUST13299,Delhi NCR,North,Low,675.0,Mass
CUST13300,Mumbai,West,Low,579.0,Premium
CUST13301,Mumbai,West,Medium,710.0,Mass
CUST13302,Pune,West,Low,655.0,Mass
CUST13303,Delhi NCR,North,High,765.0,Affluent
CUST13304,Mumbai,West,Low,698.0,Mass
CUST13305,Bangalore,South,Low,690.0,Mass
CUST13306,Hyderabad,South,Low,609.0,Premium
CUST13307,Bangalore,South,High,775.0,Affluent
CUST13308,Bangalore,South,High,741.0,Affluent
CUST13309,Mumbai,West,High,791.0,Affluent
CUST13310,Kolkata,East,High,764.0,Affluent
CUST13311,Bangalore,South,Medium,773.0,Affluent
CUST13312,Delhi NCR,North,Medium,700.0,Affluent
CUST13313,Pune,West,Medium,760.0,Affluent
CUST13314,Mumbai,West,Medium,686.0,Mass
CUST13315,Kolkata,East,Medium,771.0,Mass
CUST13316,Kolkata,East,Low,670.0,Affluent
CUST13317,Hyderabad,South,Low,651.0,Mass
CUST13318,Pune,West,Medium,762.0,Mass
CUST13319,Pune,West,High,818.0,Mass
CUST13320,Hyderabad,South,Medium,682.0,Mass
CUST13321,Pune,West,Medium,751.0,Premium
CUST13322,Kolkata,East,Low,624.0,Affluent
CUST13323,Mumbai,West,Medium,710.0,Affluent
CUST13324,Delhi NCR,North,Low,572.0,Premium
CUST13325,Bangalore,South,Low,688.0,Affluent
CUST13326,Bangalore,South,Low,649.0,Mass
CUST13327,Pune,West,High,730.0,Mass
CUST13328,Hyderabad,South,Medium,652.0,Affluent
CUST13329,Pune,West,Low,613.0,Premium
CUST13330,Delhi NCR,North,Low,581.0,Mass
CUST13331,Kolkata,East,Low,702.0,Mass
CUST13332,Pune,West,Low,652.0,Affluent
CUST13333,Mumbai,West,Low,662.0,Affluent
CUST13334,Pune,West,High,832.0,Affluent
CUST13335,Mumbai,West,Medium,724.0,Mass
CUST13336,Pune,West,Low,600.0,Mass
CUST13337,Mumbai,West,Low,636.0,Affluent
CUST13338,Pune,West,Medium,775.0,Premium
CUST13339,Hyderabad,South,High,795.0,Mass
CUST13340,Hyderabad,South,High,808.0,Affluent
CUST13341,Mumbai,West,Medium,712.0,Mass
CUST13342,Delhi NCR,North,Medium,706.0,Affluent
CUST13343,Delhi NCR,North,Medium,735.0,Mass
CUST13344,Hyderabad,South,Medium,779.0,Mass
CUST13345,Hyderabad,South,Medium,664.0,Mass
CUST13346,Delhi NCR,North,High,725.0,Affluent
CUST13347,Hyderabad,South,Medium,759.0,Mass
CUST13348,Mumbai,West,High,811.0,Mass
CUST13349,Mumbai,West,Medium,687.0,Mass
CUST13350,Hyderabad,South,Low,681.0,Mass
CUST13351,Kolkata,East,Medium,703.0,Mass
CUST13352,Delhi NCR,North,Low,677.0,Premium
CUST13353,Bangalore,South,High,786.0,Affluent
CUST13354,Mumbai,West,Low,616.0,Mass
CUST13355,Delhi NCR,North,Medium,703.0,Mass
CUST13356,Bangalore,South,Medium,662.0,Affluent
CUST13357,Mumbai,West,Low,718.0,Mass
CUST13358,Pune,West,Low,674.0,Premium
CUST13359,Mumbai,West,Low,691.0,Mass
CUST13360,Mumbai,West,Medium,687.0,Affluent
CUST13361,Hyderabad,South,Low,701.0,Mass
CUST13362,Kolkata,East,High,747.0,Mass
CUST13363,Kolkata,East,Medium,682.0,Affluent
CUST13364,Mumbai,West,Medium,668.0,Mass
CUST13365,Hyderabad,South,Medium,652.0,Mass
CUST13366,Mumbai,West,Medium,760.0,Premium
CUST13367,Pune,West,Medium,682.0,Affluent
CUST13368,Delhi NCR,North,Medium,672.0,Mass
CUST13369,Bangalore,South,Low,607.0,Mass
CUST13370,Delhi NCR,North,Medium,753.0,Premium
CUST13371,Hyderabad,South,Low,674.0,Affluent
CUST13372,Hyderabad,South,Low,707.0,Mass
CUST13373,Hyderabad,South,High,749.0,Mass
CUST13374,Delhi NCR,North,Low,675.0,Affluent
CUST13375,Pune,West,High,808.0,Affluent
CUST13376,Bangalore,South,Medium,758.0,Premium
CUST13377,Pune,West,Low,682.0,Mass
CUST13378,Delhi NCR,North,Low,658.0,Affluent
CUST13379,Pune,West,Medium,704.0,Mass
CUST13380,Kolkata,East,Low,574.0,Mass
CUST13381,Bangalore,South,Low,655.0,Affluent
CUST13382,Delhi NCR,North,Medium,699.0,Affluent
CUST13383,Bangalore,South,Low,556.0,Affluent
CUST13384,Delhi NCR,North,Low,671.0,Mass
CUST13385,Bangalore,South,High,849.0,Mass
CUST13386,Hyderabad,South,Low,625.0,Mass
CUST13387,Hyderabad,South,Medium,714.0,Mass
CUST13388,Kolkata,East,Low,675.0,Mass
CUST13389,Delhi NCR,North,Medium,695.0,Mass
CUST13390,Mumbai,West,Medium,733.0,Affluent
CUST13391,Kolkata,East,Medium,770.0,Mass
CUST13392,Bangalore,South,High,809.0,Affluent
CUST13393,Mumbai,West,Low,566.0,Mass
CUST13394,Delhi NCR,North,Low,645.0,Affluent
CUST13395,Mumbai,West,Medium,732.0,Affluent
CUST13396,Pune,West,Medium,759.0,Mass
CUST13397,Pune,West,Medium,718.0,Mass
CUST13398,Bangalore,South,Medium,708.0,Mass
CUST13399,Bangalore,South,Low,611.0,Mass
CUST13400,Pune,West,High,783.0,Affluent
CUST13401,Bangalore,South,High,828.0,Mass
CUST13402,Bangalore,South,Medium,684.0,Affluent
CUST13403,Kolkata,East,Medium,764.0,Premium
CUST13404,Hyderabad,South,High,760.0,Mass
CUST13405,Pune,West,Medium,777.0,Affluent
CUST13406,Pune,West,Low,705.0,Mass
CUST13407,Delhi NCR,North,Low,674.0,Mass
CUST13408,Hyderabad,South,Low,558.0,Affluent
CUST13409,Pune,West,High,784.0,Affluent
CUST13410,Delhi NCR,North,Medium,678.0,Premium
CUST13411,Kolkata,East,Low,553.0,Affluent
CUST13412,Delhi NCR,North,Medium,659.0,Premium
CUST13413,Kolkata,East,Medium,780.0,Mass
CUST13414,Delhi NCR,North,Medium,774.0,Affluent
CUST13415,Delhi NCR,North,Medium,663.0,Premium
CUST13416,Delhi NCR,North,Low,651.0,Mass
CUST13417,Hyderabad,South,Low,642.0,Mass
CUST13418,Mumbai,West,High,788.0,Mass
CUST13419,Hyderabad,South,Medium,769.0,Mass
CUST13420,Kolkata,East,Medium,739.0,Premium
CUST13421,Kolkata,East,Medium,741.0,Affluent
CUST13422,Hyderabad,South,Medium,675.0,Mass
CUST13423,Bangalore,South,High,795.0,Mass
CUST13424,Hyderabad,South,Low,563.0,Affluent
CUST13425,Hyderabad,South,Medium,695.0,Premium
CUST13426,Delhi NCR,North,Medium,740.0,Mass
CUST13427,Mumbai,West,Low,602.0,Affluent
CUST13428,Delhi NCR,North,Medium,751.0,Affluent
CUST13429,Hyderabad,South,Medium,727.0,Mass
CUST13430,Delhi NCR,North,Low,648.0,Mass
CUST13431,Bangalore,South,Low,562.0,Mass
CUST13432,Bangalore,South,High,744.0,Mass
CUST13433,Bangalore,South,Medium,763.0,Mass
CUST13434,Hyderabad,South,Low,607.0,Mass
CUST13435,Delhi NCR,North,Low,622.0,Affluent
CUST13436,Kolkata,East,Low,613.0,Mass
CUST13437,Pune,West,High,826.0,Affluent
CUST13438,Pune,West,Low,619.0,Mass
CUST13439,Pune,West,Medium,772.0,Mass
CUST13440,Mumbai,West,Low,683.0,Mass
CUST13441,Hyderabad,South,Medium,686.0,Mass
CUST13442,Pune,West,Medium,775.0,Mass
CUST13443,Hyderabad,South,Low,600.0,Premium
CUST13444,Bangalore,South,Low,567.0,Mass
CUST13445,Bangalore,South,Medium,680.0,Premium
CUST13446,Bangalore,South,Medium,698.0,Premium
CUST13447,Pune,West,High,812.0,Mass
CUST13448,Delhi NCR,North,High,732.0,Mass
CUST13449,Mumbai,West,Medium,660.0,Mass
CUST13450,Bangalore,South,Low,594.0,Affluent
CUST13451,Bangalore,South,Low,558.0,Affluent
CUST13452,Delhi NCR,North,Medium,712.0,Mass
CUST13453,Hyderabad,South,Medium,702.0,Mass
CUST13454,Bangalore,South,High,736.0,Mass
CUST13455,Bangalore,South,High,843.0,Mass
CUST13456,Hyderabad,South,Low,672.0,Mass
CUST13457,Hyderabad,South,Medium,725.0,Premium
CUST13458,Pune,West,Low,706.0,Premium
CUST13459,Delhi NCR,North,Low,676.0,Affluent
CUST13460,Delhi NCR,North,Medium,684.0,Mass
CUST13461,Mumbai,West,Medium,772.0,Affluent
CUST13462,Bangalore,South,High,845.0,Affluent
CUST13463,Pune,West,Medium,707.0,Mass
CUST13464,Delhi NCR,North,Low,620.0,Mass
CUST13465,Kolkata,East,Low,657.0,Mass
CUST13466,Pune,West,Medium,673.0,Affluent
CUST13467,Kolkata,East,Low,573.0,Mass
CUST13468,Bangalore,South,Low,658.0,Mass
CUST13469,Bangalore,South,High,830.0,Mass
CUST13470,Kolkata,East,Medium,704.0,Affluent
CUST13471,Hyderabad,South,Medium,764.0,Affluent
CUST13472,Hyderabad,South,Low,668.0,Affluent
CUST13473,Mumbai,West,Low,696.0,Mass
CUST13474,Delhi NCR,North,High,742.0,Affluent
CUST13475,Hyderabad,South,Low,550.0,Affluent
CUST13476,Pune,West,High,722.0,Premium
CUST13477,Mumbai,West,Low,697.0,Affluent
CUST13478,Hyderabad,South,Medium,728.0,Affluent
CUST13479,Bangalore,South,Low,624.0,Mass
CUST13480,Delhi NCR,North,Low,606.0,Premium
CUST13481,Kolkata,East,Medium,660.0,Mass
CUST13482,Hyderabad,South,High,828.0,Premium
CUST13483,Bangalore,South,High,742.0,Mass
CUST13484,Pune,West,Medium,727.0,Mass
CUST13485,Kolkata,East,Medium,719.0,Mass
CUST13486,Kolkata,East,Medium,651.0,Affluent
CUST13487,Delhi NCR,North,Medium,746.0,Mass
CUST13488,Kolkata,East,High,840.0,Mass
CUST13489,Mumbai,West,Medium,743.0,Mass
CUST13490,Bangalore,South,High,845.0,Affluent
CUST13491,Kolkata,East,Low,633.0,Affluent
CUST13492,Hyderabad,South,Medium,733.0,Affluent
CUST13493,Delhi NCR,North,Low,657.0,Mass
CUST13494,Bangalore,South,Low,578.0,Premium
CUST13495,Delhi NCR,North,Low,667.0,Mass
CUST13496,Bangalore,South,Low,591.0,Mass
CUST13497,Hyderabad,South,Low,645.0,Affluent
CUST13498,Pune,West,Medium,730.0,Mass
CUST13499,Bangalore,South,High,833.0,Affluent
CUST13500,Delhi NCR,North,Low,588.0,Affluent
CUST13501,Pune,West,High,757.0,Mass
CUST13502,Pune,West,Low,550.0,Mass
CUST13503,Delhi NCR,North,High,848.0,Mass
CUST13504,Mumbai,West,Medium,662.0,Mass
CUST13505,Delhi NCR,North,Low,685.0,Mass
CUST13506,Pune,West,Medium,767.0,Mass
CUST13507,Pune,West,Medium,749.0,Mass
CUST13508,Kolkata,East,Medium,707.0,Mass
CUST13509,Kolkata,East,Medium,700.0,Mass
CUST13510,Pune,West,Low,659.0,Mass
CUST13511,Kolkata,East,Medium,752.0,Mass
CUST13512,Kolkata,East,Medium,738.0,Mass
CUST13513,Kolkata,East,Low,692.0,Mass
CUST13514,Pune,West,Medium,746.0,Mass
CUST13515,Bangalore,South,Low,635.0,Mass
CUST13516,Mumbai,West,Medium,710.0,Affluent
CUST13517,Hyderabad,South,Medium,742.0,Mass
CUST13518,Delhi NCR,North,Low,556.0,Affluent
CUST13519,Hyderabad,South,High,823.0,Mass
CUST13520,Mumbai,West,Medium,724.0,Premium
CUST13521,Delhi NCR,North,Medium,739.0,Affluent
CUST13522,Mumbai,West,Medium,689.0,Mass
CUST13523,Hyderabad,South,Medium,672.0,Mass
CUST13524,Mumbai,West,Medium,763.0,Mass
CUST13525,Kolkata,East,High,778.0,Premium
CUST13526,Pune,West,Medium,667.0,Mass
CUST13527,Kolkata,East,Low,662.0,Affluent
CUST13528,Bangalore,South,High,778.0,Mass
CUST13529,Delhi NCR,North,Low,674.0,Mass
CUST13530,Bangalore,South,Low,615.0,Mass
CUST13531,Delhi NCR,North,Low,610.0,Mass
CUST13532,Delhi NCR,North,Low,670.0,Premium
CUST13533,Hyderabad,South,Low,685.0,Mass
CUST13534,Kolkata,East,Low,707.0,Affluent
CUST13535,Kolkata,East,High,740.0,Affluent
CUST13536,Delhi NCR,North,Low,652.0,Mass
CUST13537,Delhi NCR,North,High,766.0,Premium
CUST13538,Bangalore,South,Medium,739.0,Affluent
CUST13539,Hyderabad,South,Medium,732.0,Affluent
CUST13540,Mumbai,West,Low,626.0,Mass
CUST13541,Delhi NCR,North,Medium,740.0,Affluent
CUST13542,Kolkata,East,Medium,656.0,Affluent
CUST13543,Kolkata,East,Medium,780.0,Mass
CUST13544,Hyderabad,South,Medium,691.0,Affluent
CUST13545,Pune,West,High,800.0,Affluent
CUST13546,Pune,West,Low,618.0,Mass
CUST13547,Kolkata,East,Low,669.0,Mass
CUST13548,Pune,West,Low,674.0,Affluent
CUST13549,Bangalore,South,Low,632.0,Affluent
CUST13550,Delhi NCR,North,High,820.0,Affluent
CUST13551,Mumbai,West,Medium,763.0,Mass
CUST13552,Hyderabad,South,Low,659.0,Mass
CUST13553,Bangalore,South,High,741.0,Mass
CUST13554,Bangalore,South,High,728.0,Mass
CUST13555,Mumbai,West,Low,667.0,Mass
CUST13556,Bangalore,South,Medium,771.0,Affluent
CUST13557,Hyderabad,South,High,840.0,Premium
CUST13558,Pune,West,Medium,659.0,Mass
CUST13559,Bangalore,South,Low,691.0,Mass
CUST13560,Hyderabad,South,Medium,679.0,Affluent
CUST13561,Hyderabad,South,Medium,689.0,Affluent
CUST13562,Mumbai,West,Medium,663.0,Affluent
CUST13563,Mumbai,West,Medium,670.0,Affluent
CUST13564,Bangalore,South,Low,638.0,Affluent
CUST13565,Kolkata,East,Low,719.0,Mass
CUST13566,Delhi NCR,North,High,785.0,Affluent
CUST13567,Bangalore,South,Low,596.0,Mass
CUST13568,Delhi NCR,North,Low,687.0,Mass
CUST13569,Kolkata,East,Low,598.0,Affluent
CUST13570,Kolkata,East,High,815.0,Mass
CUST13571,Pune,West,Low,694.0,Mass
CUST13572,Kolkata,East,Low,611.0,Premium
CUST13573,Kolkata,East,Low,633.0,Mass
CUST13574,Kolkata,East,High,809.0,Mass
CUST13575,Pune,West,Medium,744.0,Affluent
CUST13576,Pune,West,Low,603.0,Affluent
CUST13577,Hyderabad,South,High,736.0,Affluent
CUST13578,Delhi NCR,North,Medium,660.0,Mass
CUST13579,Pune,West,High,736.0,Affluent
CUST13580,Hyderabad,South,High,816.0,Premium
CUST13581,Kolkata,East,Medium,687.0,Mass
CUST13582,Mumbai,West,Low,662.0,Mass
CUST13583,Kolkata,East,Medium,751.0,Affluent
CUST13584,Delhi NCR,North,Medium,710.0,Premium
CUST13585,Mumbai,West,Medium,723.0,Mass
CUST13586,Mumbai,West,Low,641.0,Mass
CUST13587,Mumbai,West,Low,693.0,Affluent
CUST13588,Delhi NCR,North,Medium,688.0,Mass
CUST13589,Pune,West,Medium,740.0,Mass
CUST13590,Pune,West,High,803.0,Mass
CUST13591,Bangalore,South,Medium,719.0,Mass
CUST13592,Bangalore,South,High,781.0,Mass
CUST13593,Kolkata,East,High,810.0,Affluent
CUST13594,Bangalore,South,Medium,697.0,Affluent
CUST13595,Hyderabad,South,Medium,745.0,Premium
CUST13596,Bangalore,South,Medium,770.0,Mass
CUST13597,Mumbai,West,Low,607.0,Mass
CUST13598,Mumbai,West,High,732.0,Premium
CUST13599,Bangalore,South,Low,716.0,Mass
CUST13600,Bangalore,South,Low,577.0,Mass
CUST13601,Bangalore,South,Low,606.0,Mass
CUST13602,Bangalore,South,Low,645.0,Mass
CUST13603,Hyderabad,South,Medium,742.0,Mass
CUST13604,Mumbai,West,High,850.0,Affluent
CUST13605,Bangalore,South,Medium,759.0,Affluent
CUST13606,Bangalore,South,Medium,704.0,Affluent
CUST13607,Hyderabad,South,Medium,674.0,Premium
CUST13608,Kolkata,East,Low,668.0,Mass
CUST13609,Delhi NCR,North,High,730.0,Affluent
CUST13610,Pune,West,Low,571.0,Affluent
CUST13611,Pune,West,Medium,749.0,Affluent
CUST13612,Mumbai,West,Medium,766.0,Mass
CUST13613,Hyderabad,South,High,738.0,Mass
CUST13614,Bangalore,South,Low,608.0,Affluent
CUST13615,Delhi NCR,North,Low,711.0,Mass
CUST13616,Kolkata,East,Low,656.0,Mass
CUST13617,Pune,West,Low,599.0,Mass
CUST13618,Pune,West,High,776.0,Mass
CUST13619,Delhi NCR,North,Low,687.0,Premium
CUST13620,Delhi NCR,North,Low,591.0,Mass
CUST13621,Delhi NCR,North,Medium,653.0,Premium
CUST13622,Delhi NCR,North,Low,600.0,Mass
CUST13623,Pune,West,High,787.0,Mass
CUST13624,Pune,West,Low,631.0,Mass
CUST13625,Hyderabad,South,High,820.0,Premium
CUST13626,Hyderabad,South,Medium,735.0,Mass
CUST13627,Kolkata,East,Low,642.0,Mass
CUST13628,Kolkata,East,Medium,705.0,Mass
CUST13629,Kolkata,East,Low,645.0,Mass
CUST13630,Mumbai,West,High,789.0,Affluent
CUST13631,Delhi NCR,North,Medium,735.0,Premium
CUST13632,Hyderabad,South,Medium,662.0,Mass
CUST13633,Hyderabad,South,Medium,720.0,Premium
CUST13634,Kolkata,East,High,792.0,Premium
CUST13635,Kolkata,East,High,749.0,Affluent
CUST13636,Bangalore,South,Medium,679.0,Affluent
CUST13637,Bangalore,South,Low,702.0,Mass
CUST13638,Pune,West,Medium,766.0,Mass
CUST13639,Mumbai,West,Low,654.0,Affluent
CUST13640,Bangalore,South,Medium,751.0,Mass
CUST13641,Hyderabad,South,Medium,724.0,Mass
CUST13642,Bangalore,South,Medium,752.0,Mass
CUST13643,Delhi NCR,North,Medium,758.0,Affluent
CUST13644,Hyderabad,South,Low,640.0,Affluent
CUST13645,Kolkata,East,Medium,708.0,Mass
CUST13646,Bangalore,South,Low,583.0,Affluent
CUST13647,Delhi NCR,North,High,829.0,Mass
CUST13648,Delhi NCR,North,Low,618.0,Mass
CUST13649,Kolkata,East,High,747.0,Affluent
CUST13650,Kolkata,East,Medium,748.0,Mass
CUST13651,Delhi NCR,North,Medium,705.0,Mass
CUST13652,Pune,West,Low,718.0,Premium
CUST13653,Bangalore,South,Medium,742.0,Mass
CUST13654,Mumbai,West,Medium,700.0,Mass
CUST13655,Bangalore,South,Medium,763.0,Affluent
CUST13656,Mumbai,West,Low,671.0,Mass
CUST13657,Delhi NCR,North,Low,697.0,Mass
CUST13658,Delhi NCR,North,Medium,708.0,Affluent
CUST13659,Kolkata,East,High,843.0,Affluent
CUST13660,Hyderabad,South,Low,654.0,Affluent
CUST13661,Kolkata,East,Low,683.0,Mass
CUST13662,Kolkata,East,Low,619.0,Premium
CUST13663,Pune,West,Low,630.0,Mass
CUST13664,Pune,West,Medium,653.0,Mass
CUST13665,Kolkata,East,Medium,657.0,Mass
CUST13666,Hyderabad,South,Low,697.0,Mass
CUST13667,Pune,West,Medium,738.0,Affluent
CUST13668,Hyderabad,South,Low,696.0,Mass
CUST13669,Mumbai,West,Low,612.0,Mass
CUST13670,Pune,West,Low,581.0,Mass
CUST13671,Mumbai,West,Medium,716.0,Mass
CUST13672,Bangalore,South,Low,719.0,Mass
CUST13673,Delhi NCR,North,Low,583.0,Mass
CUST13674,Kolkata,East,High,784.0,Mass
CUST13675,Mumbai,West,Low,572.0,Mass
CUST13676,Pune,West,Medium,747.0,Affluent
CUST13677,Bangalore,South,Medium,728.0,Mass
CUST13678,Bangalore,South,Low,639.0,Mass
CUST13679,Delhi NCR,North,Low,647.0,Affluent
CUST13680,Kolkata,East,Low,577.0,Mass
CUST13681,Hyderabad,South,Medium,669.0,Mass
CUST13682,Bangalore,South,High,841.0,Mass
CUST13683,Hyderabad,South,High,721.0,Mass
CUST13684,Pune,West,Medium,668.0,Mass
CUST13685,Pune,West,Medium,651.0,Mass
CUST13686,Hyderabad,South,Low,714.0,Mass
CUST13687,Mumbai,West,Medium,738.0,Mass
CUST13688,Mumbai,West,Low,621.0,Mass
CUST13689,Kolkata,East,High,803.0,Affluent
CUST13690,Kolkata,East,Medium,704.0,Mass
CUST13691,Hyderabad,South,Medium,769.0,Premium
CUST13692,Delhi NCR,North,Medium,669.0,Mass
CUST13693,Kolkata,East,Low,683.0,Mass
CUST13694,Kolkata,East,High,799.0,Mass
CUST13695,Kolkata,East,Low,593.0,Mass
CUST13696,Delhi NCR,North,Medium,658.0,Mass
CUST13697,Hyderabad,South,High,818.0,Affluent
CUST13698,Bangalore,South,Low,555.0,Mass
CUST13699,Pune,West,Low,616.0,Affluent
CUST13700,Bangalore,South,Medium,662.0,Mass
CUST13701,Kolkata,East,Low,609.0,Mass
CUST13702,Delhi NCR,North,Low,713.0,Mass
CUST13703,Hyderabad,South,Low,666.0,Premium
CUST13704,Delhi NCR,North,Low,606.0,Affluent
CUST13705,Hyderabad,South,Medium,717.0,Mass
CUST13706,Delhi NCR,North,Low,561.0,Affluent
CUST13707,Bangalore,South,Medium,709.0,Mass
CUST13708,Bangalore,South,Low,592.0,Affluent
CUST13709,Hyderabad,South,Medium,743.0,Affluent
CUST13710,Bangalore,South,Medium,738.0,Mass
CUST13711,Delhi NCR,North,High,768.0,Mass
CUST13712,Bangalore,South,High,808.0,Mass
CUST13713,Kolkata,East,Medium,757.0,Mass
CUST13714,Mumbai,West,Medium,656.0,Affluent
CUST13715,Kolkata,East,Medium,690.0,Affluent
CUST13716,Hyderabad,South,Low,630.0,Mass
CUST13717,Mumbai,West,Low,579.0,Affluent
CUST13718,Hyderabad,South,Low,705.0,Affluent
CUST13719,Kolkata,East,High,831.0,Affluent
CUST13720,Bangalore,South,Medium,690.0,Affluent
CUST13721,Pune,West,Low,594.0,Mass
CUST13722,Hyderabad,South,Low,688.0,Mass
CUST13723,Pune,West,Medium,698.0,Mass
CUST13724,Kolkata,East,Low,668.0,Mass
CUST13725,Kolkata,East,High,801.0,Mass
CUST13726,Kolkata,East,Low,693.0,Affluent
CUST13727,Kolkata,East,Low,714.0,Mass
CUST13728,Hyderabad,South,Low,595.0,Mass
CUST13729,Kolkata,East,Low,640.0,Mass
CUST13730,Hyderabad,South,Low,681.0,Mass
CUST13731,Kolkata,East,Medium,735.0,Affluent
CUST13732,Hyderabad,South,Low,675.0,Mass
CUST13733,Hyderabad,South,Medium,664.0,Affluent
CUST13734,Delhi NCR,North,Low,592.0,Mass
CUST13735,Delhi NCR,North,Medium,776.0,Mass
CUST13736,Bangalore,South,Medium,717.0,Affluent
CUST13737,Delhi NCR,North,Low,680.0,Mass
CUST13738,Delhi NCR,North,High,804.0,Mass
CUST13739,Hyderabad,South,Low,710.0,Mass
CUST13740,Delhi NCR,North,Medium,701.0,Affluent
CUST13741,Kolkata,East,Medium,745.0,Mass
CUST13742,Bangalore,South,Low,599.0,Affluent
CUST13743,Bangalore,South,Medium,736.0,Premium
CUST13744,Delhi NCR,North,High,845.0,Mass
CUST13745,Delhi NCR,North,Medium,747.0,Mass
CUST13746,Hyderabad,South,High,830.0,Mass
CUST13747,Kolkata,East,Medium,688.0,Affluent
CUST13748,Pune,West,Low,641.0,Mass
CUST13749,Hyderabad,South,Medium,676.0,Mass
CUST13750,Mumbai,West,Medium,669.0,Affluent
CUST13751,Mumbai,West,High,761.0,Affluent
CUST13752,Delhi NCR,North,High,773.0,Affluent
CUST13753,Kolkata,East,Low,595.0,Mass
CUST13754,Mumbai,West,High,777.0,Mass
CUST13755,Delhi NCR,North,Low,616.0,Mass
CUST13756,Mumbai,West,Low,592.0,Mass
CUST13757,Hyderabad,South,High,825.0,Affluent
CUST13758,Pune,West,High,795.0,Mass
CUST13759,Bangalore,South,Low,577.0,Premium
CUST13760,Bangalore,South,Medium,681.0,Mass
CUST13761,Kolkata,East,Low,662.0,Mass
CUST13762,Hyderabad,South,Medium,670.0,Affluent
CUST13763,Pune,West,Low,705.0,Mass
CUST13764,Mumbai,West,Low,626.0,Mass
CUST13765,Delhi NCR,North,Low,650.0,Mass
CUST13766,Delhi NCR,North,Low,656.0,Affluent
CUST13767,Kolkata,East,Medium,749.0,Mass
CUST13768,Pune,West,Medium,658.0,Mass
CUST13769,Bangalore,South,Medium,713.0,Mass
CUST13770,Delhi NCR,North,Low,640.0,Mass
CUST13771,Bangalore,South,Low,693.0,Mass
CUST13772,Pune,West,Medium,691.0,Affluent
CUST13773,Pune,West,Low,605.0,Affluent
CUST13774,Bangalore,South,Medium,709.0,Mass
CUST13775,Mumbai,West,Medium,760.0,Affluent
CUST13776,Kolkata,East,Medium,745.0,Mass
CUST13777,Mumbai,West,Medium,776.0,Mass
CUST13778,Kolkata,East,High,775.0,Mass
CUST13779,Pune,West,Medium,681.0,Mass
CUST13780,Pune,West,Medium,767.0,Mass
CUST13781,Bangalore,South,Low,718.0,Mass
CUST13782,Mumbai,West,Medium,659.0,Affluent
CUST13783,Delhi NCR,North,Low,578.0,Mass
CUST13784,Hyderabad,South,High,821.0,Mass
CUST13785,Delhi NCR,North,High,773.0,Premium
CUST13786,Bangalore,South,Low,671.0,Mass
CUST13787,Mumbai,West,Low,701.0,Affluent
CUST13788,Kolkata,East,Medium,778.0,Premium
CUST13789,Hyderabad,South,High,814.0,Premium
CUST13790,Kolkata,East,High,737.0,Mass
CUST13791,Mumbai,West,Low,565.0,Premium
CUST13792,Pune,West,Medium,671.0,Mass
CUST13793,Bangalore,South,Medium,768.0,Mass
CUST13794,Delhi NCR,North,Medium,743.0,Premium
CUST13795,Pune,West,Medium,670.0,Affluent
CUST13796,Mumbai,West,Low,566.0,Mass
CUST13797,Pune,West,Low,564.0,Mass
CUST13798,Pune,West,Medium,756.0,Mass
CUST13799,Mumbai,West,Medium,734.0,Affluent
CUST13800,Kolkata,East,Low,598.0,Mass
CUST13801,Bangalore,South,High,785.0,Mass
CUST13802,Delhi NCR,North,Low,620.0,Mass
CUST13803,Bangalore,South,Low,638.0,Mass
CUST13804,Pune,West,High,830.0,Premium
CUST13805,Mumbai,West,Medium,651.0,Affluent
CUST13806,Kolkata,East,High,731.0,Mass
CUST13807,Pune,West,Low,708.0,Affluent
CUST13808,Kolkata,East,Low,627.0,Mass
CUST13809,Pune,West,Low,565.0,Mass
CUST13810,Kolkata,East,Low,611.0,Affluent
CUST13811,Pune,West,Low,591.0,Affluent
CUST13812,Kolkata,East,Medium,756.0,Premium
CUST13813,Bangalore,South,Low,655.0,Mass
CUST13814,Bangalore,South,Medium,718.0,Mass
CUST13815,Pune,West,Low,595.0,Mass
CUST13816,Bangalore,South,Low,651.0,Mass
CUST13817,Mumbai,West,High,726.0,Mass
CUST13818,Kolkata,East,High,790.0,Mass
CUST13819,Delhi NCR,North,Low,696.0,Mass
CUST13820,Pune,West,Medium,752.0,Affluent
CUST13821,Kolkata,East,Medium,697.0,Affluent
CUST13822,Hyderabad,South,Medium,760.0,Premium
CUST13823,Kolkata,East,High,745.0,Mass
CUST13824,Kolkata,East,Medium,689.0,Mass
CUST13825,Bangalore,South,Medium,749.0,Affluent
CUST13826,Mumbai,West,High,730.0,Affluent
CUST13827,Kolkata,East,High,722.0,Mass
CUST13828,Kolkata,East,Medium,653.0,Mass
CUST13829,Kolkata,East,Medium,675.0,Mass
CUST13830,Pune,West,Low,670.0,Mass
CUST13831,Bangalore,South,Medium,762.0,Mass
CUST13832,Mumbai,West,Low,602.0,Affluent
CUST13833,Delhi NCR,North,Medium,749.0,Mass
CUST13834,Mumbai,West,Low,669.0,Affluent
CUST13835,Hyderabad,South,High,766.0,Mass
CUST13836,Bangalore,South,Low,585.0,Mass
CUST13837,Mumbai,West,Medium,711.0,Mass
CUST13838,Delhi NCR,North,Low,597.0,Mass
CUST13839,Bangalore,South,High,826.0,Mass
CUST13840,Bangalore,South,Medium,667.0,Mass
CUST13841,Delhi NCR,North,High,745.0,Mass
CUST13842,Bangalore,South,Low,608.0,Mass
CUST13843,Kolkata,East,Low,627.0,Mass
CUST13844,Delhi NCR,North,Low,600.0,Affluent
CUST13845,Mumbai,West,Low,554.0,Affluent
CUST13846,Kolkata,East,High,772.0,Affluent
CUST13847,Pune,West,High,750.0,Premium
CUST13848,Delhi NCR,North,Low,713.0,Affluent
CUST13849,Bangalore,South,Low,647.0,Affluent
CUST13850,Hyderabad,South,Medium,728.0,Mass
CUST13851,Hyderabad,South,High,804.0,Affluent
CUST13852,Mumbai,West,Medium,693.0,Mass
CUST13853,Delhi NCR,North,Medium,704.0,Affluent
CUST13854,Delhi NCR,North,High,799.0,Affluent
CUST13855,Kolkata,East,Medium,764.0,Affluent
CUST13856,Kolkata,East,Medium,754.0,Affluent
CUST13857,Bangalore,South,High,781.0,Mass
CUST13858,Pune,West,Low,705.0,Mass
CUST13859,Hyderabad,South,Low,625.0,Affluent
CUST13860,Mumbai,West,High,756.0,Mass
CUST13861,Delhi NCR,North,High,739.0,Premium
CUST13862,Bangalore,South,Low,616.0,Mass
CUST13863,Hyderabad,South,Medium,765.0,Mass
CUST13864,Bangalore,South,Low,586.0,Mass
CUST13865,Hyderabad,South,Medium,718.0,Premium
CUST13866,Kolkata,East,Low,554.0,Mass
CUST13867,Pune,West,Low,704.0,Mass
CUST13868,Pune,West,Low,655.0,Affluent
CUST13869,Bangalore,South,Low,568.0,Premium
CUST13870,Delhi NCR,North,High,786.0,Mass
CUST13871,Pune,West,Low,649.0,Mass
CUST13872,Hyderabad,South,Medium,773.0,Affluent
CUST13873,Kolkata,East,High,798.0,Mass
CUST13874,Hyderabad,South,Medium,697.0,Affluent
CUST13875,Hyderabad,South,Medium,699.0,Mass
CUST13876,Mumbai,West,High,779.0,Mass
CUST13877,Delhi NCR,North,Low,693.0,Mass
CUST13878,Pune,West,High,754.0,Affluent
CUST13879,Mumbai,West,High,826.0,Mass
CUST13880,Pune,West,High,818.0,Mass
CUST13881,Mumbai,West,Low,709.0,Affluent
CUST13882,Mumbai,West,High,798.0,Mass
CUST13883,Pune,West,Medium,681.0,Mass
CUST13884,Hyderabad,South,Medium,722.0,Affluent
CUST13885,Kolkata,East,High,758.0,Premium
CUST13886,Hyderabad,South,Low,597.0,Mass
CUST13887,Delhi NCR,North,High,800.0,Mass
CUST13888,Pune,West,Medium,671.0,Mass
CUST13889,Mumbai,West,Medium,667.0,Mass
CUST13890,Pune,West,High,768.0,Affluent
CUST13891,Delhi NCR,North,Medium,765.0,Premium
CUST13892,Kolkata,East,Medium,779.0,Premium
CUST13893,Bangalore,South,Medium,653.0,Mass
CUST13894,Delhi NCR,North,Low,606.0,Affluent
CUST13895,Bangalore,South,Medium,668.0,Premium
CUST13896,Mumbai,West,Low,604.0,Mass
CUST13897,Mumbai,West,High,779.0,Affluent
CUST13898,Kolkata,East,Medium,734.0,Premium
CUST13899,Pune,West,High,755.0,Mass
CUST13900,Kolkata,East,Medium,659.0,Premium
CUST13901,Hyderabad,South,Low,602.0,Mass
CUST13902,Delhi NCR,North,Low,606.0,Mass
CUST13903,Delhi NCR,North,Medium,741.0,Affluent
CUST13904,Mumbai,West,Low,611.0,Mass
CUST13905,Pune,West,Medium,777.0,Affluent
CUST13906,Pune,West,Medium,767.0,Affluent
CUST13907,Kolkata,East,Low,669.0,Mass
CUST13908,Hyderabad,South,High,760.0,Premium
CUST13909,Delhi NCR,North,Low,625.0,Affluent
CUST13910,Delhi NCR,North,Low,654.0,Affluent
CUST13911,Bangalore,South,Low,616.0,Mass
CUST13912,Kolkata,East,Low,600.0,Mass
CUST13913,Mumbai,West,High,725.0,Mass
CUST13914,Hyderabad,South,Medium,726.0,Mass
CUST13915,Kolkata,East,Medium,779.0,Mass
CUST13916,Pune,West,Medium,670.0,Mass
CUST13917,Mumbai,West,Low,682.0,Affluent
CUST13918,Bangalore,South,Low,699.0,Affluent
CUST13919,Mumbai,West,High,749.0,Affluent
CUST13920,Mumbai,West,Medium,755.0,Affluent
CUST13921,Delhi NCR,North,High,806.0,Mass
CUST13922,Mumbai,West,High,791.0,Affluent
CUST13923,Kolkata,East,High,792.0,Mass
CUST13924,Bangalore,South,Low,662.0,Affluent
CUST13925,Mumbai,West,High,721.0,Mass
CUST13926,Delhi NCR,North,Medium,717.0,Mass
CUST13927,Mumbai,West,Medium,746.0,Mass
CUST13928,Kolkata,East,Low,654.0,Affluent
CUST13929,Delhi NCR,North,Low,684.0,Mass
CUST13930,Bangalore,South,High,829.0,Mass
CUST13931,Delhi NCR,North,Low,600.0,Mass
CUST13932,Hyderabad,South,Low,631.0,Premium
CUST13933,Hyderabad,South,Medium,659.0,Mass
CUST13934,Delhi NCR,North,Medium,694.0,Premium
CUST13935,Hyderabad,South,High,788.0,Mass
CUST13936,Mumbai,West,Medium,703.0,Mass
CUST13937,Kolkata,East,Low,609.0,Affluent
CUST13938,Bangalore,South,Medium,680.0,Mass
CUST13939,Hyderabad,South,Low,661.0,Affluent
CUST13940,Hyderabad,South,High,842.0,Mass
CUST13941,Mumbai,West,High,735.0,Mass
CUST13942,Mumbai,West,Medium,675.0,Affluent
CUST13943,Bangalore,South,Medium,737.0,Affluent
CUST13944,Pune,West,Low,644.0,Mass
CUST13945,Kolkata,East,Low,563.0,Mass
CUST13946,Mumbai,West,Low,598.0,Mass
CUST13947,Pune,West,Low,712.0,Affluent
CUST13948,Kolkata,East,High,850.0,Mass
CUST13949,Kolkata,East,Low,562.0,Affluent
CUST13950,Kolkata,East,Low,612.0,Mass
CUST13951,Bangalore,South,Medium,752.0,Affluent
CUST13952,Hyderabad,South,High,756.0,Mass
CUST13953,Hyderabad,South,Low,596.0,Mass
CUST13954,Hyderabad,South,Medium,720.0,Affluent
CUST13955,Hyderabad,South,Medium,767.0,Affluent
CUST13956,Mumbai,West,Medium,700.0,Affluent
CUST13957,Kolkata,East,Low,663.0,Mass
CUST13958,Pune,West,Low,553.0,Premium
CUST13959,Pune,West,High,785.0,Affluent
CUST13960,Hyderabad,South,Low,710.0,Mass
CUST13961,Kolkata,East,Low,592.0,Premium
CUST13962,Mumbai,West,Low,626.0,Affluent
CUST13963,Kolkata,East,Low,573.0,Affluent
CUST13964,Pune,West,Low,620.0,Mass
CUST13965,Bangalore,South,Low,686.0,Mass
CUST13966,Pune,West,Medium,733.0,Mass
CUST13967,Kolkata,East,Medium,654.0,Mass
CUST13968,Mumbai,West,High,827.0,Mass
CUST13969,Kolkata,East,Medium,713.0,Affluent
CUST13970,Bangalore,South,Low,576.0,Mass
CUST13971,Kolkata,East,Low,600.0,Affluent
CUST13972,Pune,West,Low,649.0,Mass
CUST13973,Hyderabad,South,Low,577.0,Mass
CUST13974,Hyderabad,South,Medium,718.0,Mass
CUST13975,Hyderabad,South,Low,584.0,Affluent
CUST13976,Pune,West,High,845.0,Premium
CUST13977,Delhi NCR,North,Medium,668.0,Affluent
CUST13978,Kolkata,East,Low,650.0,Mass
CUST13979,Kolkata,East,Low,615.0,Affluent
CUST13980,Bangalore,South,Low,586.0,Mass
CUST13981,Bangalore,South,Medium,671.0,Mass
CUST13982,Delhi NCR,North,Medium,700.0,Mass
CUST13983,Pune,West,High,739.0,Mass
CUST13984,Hyderabad,South,Low,619.0,Affluent
CUST13985,Kolkata,East,Medium,678.0,Mass
CUST13986,Hyderabad,South,Medium,699.0,Mass
CUST13987,Mumbai,West,High,832.0,Mass
CUST13988,Mumbai,West,Medium,746.0,Mass
CUST13989,Delhi NCR,North,High,812.0,Mass
CUST13990,Kolkata,East,Medium,714.0,Affluent
CUST13991,Pune,West,Medium,663.0,Affluent
CUST13992,Bangalore,South,Medium,743.0,Affluent
CUST13993,Pune,West,Medium,690.0,Affluent
CUST13994,Hyderabad,South,Low,648.0,Premium
CUST13995,Pune,West,Low,630.0,Affluent
CUST13996,Hyderabad,South,Low,635.0,Mass
CUST13997,Hyderabad,South,Medium,671.0,Premium
CUST13998,Mumbai,West,Low,554.0,Premium
CUST13999,Mumbai,West,Medium,736.0,Affluent
CUST14000,Pune,West,Medium,744.0,Mass
CUST14001,Kolkata,East,Medium,697.0,Affluent
CUST14002,Hyderabad,South,Low,636.0,Affluent
CUST14003,Delhi NCR,North,Low,639.0,Mass
CUST14004,Mumbai,West,Medium,710.0,Premium
CUST14005,Delhi NCR,North,Low,710.0,Affluent
CUST14006,Kolkata,East,Medium,756.0,Mass
CUST14007,Mumbai,West,Medium,698.0,Affluent
CUST14008,Mumbai,West,High,757.0,Mass
CUST14009,Delhi NCR,North,Medium,776.0,Affluent
CUST14010,Kolkata,East,Low,581.0,Mass
CUST14011,Pune,West,Medium,711.0,Mass
CUST14012,Delhi NCR,North,High,775.0,Mass
CUST14013,Mumbai,West,Medium,662.0,Mass
CUST14014,Delhi NCR,North,Medium,757.0,Affluent
CUST14015,Bangalore,South,Medium,654.0,Affluent
CUST14016,Mumbai,West,High,806.0,Mass
CUST14017,Hyderabad,South,Low,640.0,Mass
CUST14018,Hyderabad,South,Medium,661.0,Mass
CUST14019,Kolkata,East,Low,668.0,Mass
CUST14020,Pune,West,Medium,750.0,Mass
CUST14021,Delhi NCR,North,Low,702.0,Affluent
CUST14022,Kolkata,East,High,769.0,Mass
CUST14023,Kolkata,East,Medium,698.0,Mass
CUST14024,Hyderabad,South,Low,656.0,Mass
CUST14025,Mumbai,West,Medium,763.0,Mass
CUST14026,Pune,West,High,836.0,Affluent
CUST14027,Pune,West,Medium,755.0,Mass
CUST14028,Pune,West,High,796.0,Mass
CUST14029,Pune,West,Medium,675.0,Affluent
CUST14030,Bangalore,South,High,838.0,Affluent
CUST14031,Kolkata,East,Medium,717.0,Mass
CUST14032,Mumbai,West,Medium,691.0,Mass
CUST14033,Hyderabad,South,Medium,742.0,Mass
CUST14034,Mumbai,West,Medium,770.0,Affluent
CUST14035,Bangalore,South,High,830.0,Mass
CUST14036,Delhi NCR,North,Low,686.0,Affluent
CUST14037,Mumbai,West,Medium,748.0,Premium
CUST14038,Hyderabad,South,Medium,744.0,Mass
CUST14039,Mumbai,West,Low,578.0,Affluent
CUST14040,Kolkata,East,Low,662.0,Mass
CUST14041,Bangalore,South,High,763.0,Mass
CUST14042,Mumbai,West,Low,709.0,Mass
CUST14043,Pune,West,Medium,704.0,Affluent
CUST14044,Kolkata,East,High,739.0,Affluent
CUST14045,Bangalore,South,Low,629.0,Mass
CUST14046,Hyderabad,South,Medium,700.0,Affluent
CUST14047,Bangalore,South,High,767.0,Premium
CUST14048,Delhi NCR,North,Medium,708.0,Mass
CUST14049,Delhi NCR,North,Low,552.0,Affluent
CUST14050,Delhi NCR,North,Low,629.0,Affluent
CUST14051,Hyderabad,South,Medium,713.0,Mass
CUST14052,Delhi NCR,North,High,730.0,Premium
CUST14053,Kolkata,East,Low,649.0,Premium
CUST14054,Kolkata,East,Medium,698.0,Mass
CUST14055,Mumbai,West,Medium,650.0,Mass
CUST14056,Kolkata,East,Medium,778.0,Affluent
CUST14057,Bangalore,South,Low,669.0,Mass
CUST14058,Mumbai,West,Medium,673.0,Mass
CUST14059,Mumbai,West,Low,653.0,Affluent
CUST14060,Pune,West,High,821.0,Mass
CUST14061,Delhi NCR,North,Low,710.0,Premium
CUST14062,Kolkata,East,Low,638.0,Mass
CUST14063,Hyderabad,South,Medium,737.0,Affluent
CUST14064,Bangalore,South,Low,615.0,Affluent
CUST14065,Bangalore,South,Low,647.0,Mass
CUST14066,Pune,West,Low,645.0,Premium
CUST14067,Pune,West,Medium,745.0,Mass
CUST14068,Hyderabad,South,Low,597.0,Affluent
CUST14069,Mumbai,West,Low,688.0,Mass
CUST14070,Kolkata,East,Low,604.0,Premium
CUST14071,Kolkata,East,Medium,767.0,Mass
CUST14072,Mumbai,West,Low,672.0,Mass
CUST14073,Pune,West,Low,720.0,Affluent
CUST14074,Hyderabad,South,Low,605.0,Affluent
CUST14075,Delhi NCR,North,High,769.0,Mass
CUST14076,Delhi NCR,North,Low,673.0,Mass
CUST14077,Bangalore,South,Medium,719.0,Mass
CUST14078,Hyderabad,South,Low,602.0,Mass
CUST14079,Delhi NCR,North,Low,625.0,Premium
CUST14080,Kolkata,East,Low,693.0,Mass
CUST14081,Kolkata,East,Medium,659.0,Mass
CUST14082,Hyderabad,South,Medium,723.0,Mass
CUST14083,Hyderabad,South,Medium,762.0,Mass
CUST14084,Kolkata,East,Low,643.0,Affluent
CUST14085,Mumbai,West,Medium,720.0,Mass
CUST14086,Delhi NCR,North,Medium,748.0,Mass
CUST14087,Kolkata,East,Medium,742.0,Affluent
CUST14088,Mumbai,West,Low,720.0,Mass
CUST14089,Kolkata,East,Medium,733.0,Affluent
CUST14090,Mumbai,West,Low,685.0,Mass
CUST14091,Hyderabad,South,Low,567.0,Premium
CUST14092,Bangalore,South,Low,720.0,Premium
CUST14093,Hyderabad,South,Medium,754.0,Mass
CUST14094,Delhi NCR,North,Medium,669.0,Affluent
CUST14095,Mumbai,West,Low,662.0,Mass
CUST14096,Delhi NCR,North,Medium,757.0,Affluent
CUST14097,Mumbai,West,High,849.0,Affluent
CUST14098,Kolkata,East,Medium,722.0,Mass
CUST14099,Pune,West,High,804.0,Premium
CUST14100,Pune,West,Medium,733.0,Affluent
CUST14101,Hyderabad,South,Medium,694.0,Mass
CUST14102,Delhi NCR,North,High,787.0,Mass
CUST14103,Hyderabad,South,Low,653.0,Mass
CUST14104,Bangalore,South,Medium,671.0,Mass
CUST14105,Delhi NCR,North,Low,609.0,Affluent
CUST14106,Pune,West,Medium,778.0,Affluent
CUST14107,Pune,West,High,830.0,Affluent
CUST14108,Pune,West,Medium,677.0,Mass
CUST14109,Pune,West,Low,563.0,Affluent
CUST14110,Mumbai,West,Medium,739.0,Affluent
CUST14111,Kolkata,East,Low,559.0,Mass
CUST14112,Mumbai,West,High,805.0,Affluent
CUST14113,Bangalore,South,Medium,749.0,Mass
CUST14114,Bangalore,South,Low,648.0,Mass
CUST14115,Bangalore,South,Low,703.0,Affluent
CUST14116,Bangalore,South,Medium,700.0,Mass
CUST14117,Bangalore,South,Low,585.0,Mass
CUST14118,Mumbai,West,High,838.0,Mass
CUST14119,Pune,West,Low,570.0,Mass
CUST14120,Kolkata,East,Low,621.0,Mass
CUST14121,Kolkata,East,Medium,715.0,Mass
CUST14122,Hyderabad,South,High,805.0,Mass
CUST14123,Bangalore,South,Medium,724.0,Mass
CUST14124,Pune,West,Medium,696.0,Mass
CUST14125,Delhi NCR,North,High,752.0,Mass
CUST14126,Pune,West,Medium,711.0,Mass
CUST14127,Hyderabad,South,Low,617.0,Affluent
CUST14128,Kolkata,East,Medium,652.0,Mass
CUST14129,Kolkata,East,Low,677.0,Affluent
CUST14130,Delhi NCR,North,Low,666.0,Premium
CUST14131,Bangalore,South,Medium,759.0,Affluent
CUST14132,Delhi NCR,North,Medium,698.0,Premium
CUST14133,Hyderabad,South,Low,626.0,Mass
CUST14134,Hyderabad,South,High,809.0,Mass
CUST14135,Kolkata,East,Medium,657.0,Affluent
CUST14136,Kolkata,East,Low,557.0,Mass
CUST14137,Kolkata,East,Low,563.0,Mass
CUST14138,Hyderabad,South,Low,624.0,Affluent
CUST14139,Hyderabad,South,Medium,777.0,Mass
CUST14140,Delhi NCR,North,High,796.0,Mass
CUST14141,Hyderabad,South,High,741.0,Premium
CUST14142,Delhi NCR,North,Medium,685.0,Affluent
CUST14143,Pune,West,High,764.0,Mass
CUST14144,Hyderabad,South,Low,695.0,Mass
CUST14145,Mumbai,West,Medium,670.0,Mass
CUST14146,Delhi NCR,North,Low,568.0,Mass
CUST14147,Bangalore,South,Medium,779.0,Premium
CUST14148,Bangalore,South,Low,621.0,Mass
CUST14149,Mumbai,West,Low,649.0,Affluent
CUST14150,Pune,West,Low,675.0,Premium
CUST14151,Mumbai,West,Low,665.0,Mass
CUST14152,Hyderabad,South,Medium,663.0,Mass
CUST14153,Mumbai,West,Low,660.0,Mass
CUST14154,Mumbai,West,Medium,768.0,Mass
CUST14155,Kolkata,East,Medium,759.0,Mass
CUST14156,Hyderabad,South,High,799.0,Affluent
CUST14157,Hyderabad,South,Low,569.0,Affluent
CUST14158,Mumbai,West,High,755.0,Premium
CUST14159,Delhi NCR,North,High,810.0,Mass
CUST14160,Bangalore,South,Low,673.0,Affluent
CUST14161,Delhi NCR,North,Low,637.0,Mass
CUST14162,Kolkata,East,Low,621.0,Affluent
CUST14163,Bangalore,South,Medium,688.0,Affluent
CUST14164,Delhi NCR,North,Low,584.0,Mass
CUST14165,Pune,West,Medium,741.0,Mass
CUST14166,Bangalore,South,High,770.0,Mass
CUST14167,Pune,West,Medium,655.0,Affluent
CUST14168,Hyderabad,South,Medium,682.0,Mass
CUST14169,Bangalore,South,Medium,765.0,Affluent
CUST14170,Mumbai,West,Medium,697.0,Affluent
CUST14171,Bangalore,South,Low,637.0,Affluent
CUST14172,Bangalore,South,Medium,733.0,Premium
CUST14173,Pune,West,Medium,676.0,Mass
CUST14174,Delhi NCR,North,High,826.0,Mass
CUST14175,Kolkata,East,High,730.0,Mass
CUST14176,Delhi NCR,North,Low,625.0,Mass
CUST14177,Bangalore,South,Medium,709.0,Affluent
CUST14178,Kolkata,East,High,793.0,Premium
CUST14179,Bangalore,South,Medium,653.0,Affluent
CUST14180,Kolkata,East,Low,692.0,Affluent
CUST14181,Pune,West,Low,584.0,Affluent
CUST14182,Hyderabad,South,Low,671.0,Mass
CUST14183,Bangalore,South,Low,712.0,Mass
CUST14184,Mumbai,West,Medium,697.0,Mass
CUST14185,Mumbai,West,Medium,762.0,Mass
CUST14186,Delhi NCR,North,High,727.0,Mass
CUST14187,Hyderabad,South,Low,713.0,Premium
CUST14188,Bangalore,South,Medium,746.0,Mass
CUST14189,Pune,West,Medium,650.0,Mass
CUST14190,Pune,West,Medium,753.0,Affluent
CUST14191,Pune,West,Medium,711.0,Mass
CUST14192,Bangalore,South,Medium,735.0,Mass
CUST14193,Mumbai,West,Low,580.0,Affluent
CUST14194,Kolkata,East,Medium,651.0,Affluent
CUST14195,Mumbai,West,Medium,682.0,Mass
CUST14196,Mumbai,West,Low,592.0,Mass
CUST14197,Mumbai,West,Medium,741.0,Mass
CUST14198,Hyderabad,South,High,727.0,Mass
CUST14199,Bangalore,South,Medium,764.0,Mass
CUST14200,Mumbai,West,High,743.0,Mass
CUST14201,Bangalore,South,Medium,717.0,Mass
CUST14202,Hyderabad,South,High,745.0,Affluent
CUST14203,Mumbai,West,High,731.0,Mass
CUST14204,Hyderabad,South,Medium,753.0,Mass
CUST14205,Kolkata,East,Medium,743.0,Affluent
CUST14206,Hyderabad,South,Medium,696.0,Affluent
CUST14207,Hyderabad,South,High,828.0,Mass
CUST14208,Mumbai,West,Low,563.0,Premium
CUST14209,Delhi NCR,North,Medium,737.0,Affluent
CUST14210,Mumbai,West,Low,601.0,Premium
CUST14211,Delhi NCR,North,Medium,665.0,Affluent
CUST14212,Pune,West,Medium,720.0,Mass
CUST14213,Mumbai,West,Medium,715.0,Premium
CUST14214,Pune,West,Medium,726.0,Mass
CUST14215,Hyderabad,South,Medium,751.0,Mass
CUST14216,Pune,West,High,785.0,Affluent
CUST14217,Hyderabad,South,Medium,721.0,Premium
CUST14218,Delhi NCR,North,Medium,654.0,Mass
CUST14219,Mumbai,West,High,748.0,Affluent
CUST14220,Delhi NCR,North,Medium,717.0,Premium
CUST14221,Delhi NCR,North,Medium,674.0,Mass
CUST14222,Mumbai,West,Medium,695.0,Mass
CUST14223,Delhi NCR,North,High,777.0,Mass
CUST14224,Delhi NCR,North,Medium,692.0,Affluent
CUST14225,Pune,West,Medium,703.0,Affluent
CUST14226,Pune,West,Low,579.0,Mass
CUST14227,Bangalore,South,Low,653.0,Mass
CUST14228,Bangalore,South,Medium,761.0,Premium
CUST14229,Mumbai,West,Low,559.0,Affluent
CUST14230,Mumbai,West,High,751.0,Mass
CUST14231,Kolkata,East,High,788.0,Mass
CUST14232,Hyderabad,South,Medium,705.0,Mass
CUST14233,Pune,West,High,850.0,Premium
CUST14234,Pune,West,Medium,682.0,Mass
CUST14235,Hyderabad,South,High,819.0,Affluent
CUST14236,Delhi NCR,North,Low,638.0,Mass
CUST14237,Pune,West,Low,716.0,Mass
CUST14238,Mumbai,West,Medium,736.0,Mass
CUST14239,Hyderabad,South,Low,604.0,Premium
CUST14240,Mumbai,West,Medium,684.0,Affluent
CUST14241,Delhi NCR,North,Medium,721.0,Affluent
CUST14242,Bangalore,South,Low,713.0,Mass
CUST14243,Bangalore,South,Low,711.0,Affluent
CUST14244,Kolkata,East,Low,626.0,Mass
CUST14245,Mumbai,West,Medium,707.0,Mass
CUST14246,Delhi NCR,North,High,802.0,Affluent
CUST14247,Hyderabad,South,Low,664.0,Mass
CUST14248,Delhi NCR,North,Low,719.0,Affluent
CUST14249,Mumbai,West,Low,599.0,Mass
CUST14250,Hyderabad,South,Low,694.0,Mass
CUST14251,Hyderabad,South,Low,609.0,Mass
CUST14252,Mumbai,West,Medium,749.0,Mass
CUST14253,Delhi NCR,North,Medium,730.0,Mass
CUST14254,Hyderabad,South,High,720.0,Premium
CUST14255,Hyderabad,South,Medium,779.0,Mass
CUST14256,Hyderabad,South,Medium,742.0,Mass
CUST14257,Hyderabad,South,Medium,671.0,Affluent
CUST14258,Pune,West,High,753.0,Mass
CUST14259,Mumbai,West,Medium,730.0,Premium
CUST14260,Kolkata,East,Medium,710.0,Mass
CUST14261,Mumbai,West,Medium,700.0,Mass
CUST14262,Pune,West,Low,617.0,Mass
CUST14263,Kolkata,East,High,848.0,Premium
CUST14264,Pune,West,Medium,674.0,Premium
CUST14265,Kolkata,East,Medium,771.0,Mass
CUST14266,Bangalore,South,Medium,705.0,Mass
CUST14267,Bangalore,South,High,817.0,Affluent
CUST14268,Bangalore,South,Medium,657.0,Mass
CUST14269,Hyderabad,South,High,759.0,Affluent
CUST14270,Bangalore,South,Medium,711.0,Mass
CUST14271,Mumbai,West,Low,639.0,Affluent
CUST14272,Kolkata,East,Low,691.0,Affluent
CUST14273,Hyderabad,South,Low,612.0,Affluent
CUST14274,Bangalore,South,Medium,660.0,Affluent
CUST14275,Kolkata,East,Medium,724.0,Affluent
CUST14276,Kolkata,East,High,741.0,Mass
CUST14277,Kolkata,East,High,832.0,Premium
CUST14278,Pune,West,High,833.0,Premium
CUST14279,Kolkata,East,Medium,777.0,Mass
CUST14280,Kolkata,East,High,768.0,Affluent
CUST14281,Delhi NCR,North,High,742.0,Mass
CUST14282,Hyderabad,South,Medium,775.0,Mass
CUST14283,Hyderabad,South,Medium,707.0,Mass
CUST14284,Bangalore,South,Low,675.0,Mass
CUST14285,Delhi NCR,North,Medium,731.0,Mass
CUST14286,Hyderabad,South,Medium,771.0,Mass
CUST14287,Pune,West,Medium,651.0,Mass
CUST14288,Mumbai,West,Medium,653.0,Mass
CUST14289,Mumbai,West,Low,713.0,Mass
CUST14290,Delhi NCR,North,Medium,654.0,Mass
CUST14291,Bangalore,South,High,783.0,Mass
CUST14292,Pune,West,Medium,669.0,Mass
CUST14293,Kolkata,East,Low,587.0,Affluent
CUST14294,Bangalore,South,Low,657.0,Affluent
CUST14295,Bangalore,South,Low,629.0,Mass
CUST14296,Hyderabad,South,Medium,745.0,Affluent
CUST14297,Pune,West,Medium,700.0,Affluent
CUST14298,Delhi NCR,North,High,833.0,Premium
CUST14299,Bangalore,South,Medium,676.0,Mass
CUST14300,Bangalore,South,Medium,680.0,Affluent
CUST14301,Kolkata,East,Low,553.0,Affluent
CUST14302,Kolkata,East,Medium,683.0,Mass
CUST14303,Pune,West,Low,695.0,Mass
CUST14304,Hyderabad,South,Medium,746.0,Affluent
CUST14305,Kolkata,East,High,823.0,Mass
CUST14306,Hyderabad,South,Medium,748.0,Mass
CUST14307,Pune,West,High,760.0,Affluent
CUST14308,Pune,West,Medium,765.0,Mass
CUST14309,Pune,West,Low,712.0,Affluent
CUST14310,Hyderabad,South,Medium,766.0,Mass
CUST14311,Bangalore,South,High,815.0,Affluent
CUST14312,Kolkata,East,Medium,731.0,Affluent
CUST14313,Kolkata,East,High,831.0,Mass
CUST14314,Hyderabad,South,Low,710.0,Affluent
CUST14315,Kolkata,East,Low,631.0,Premium
CUST14316,Mumbai,West,Medium,684.0,Mass
CUST14317,Delhi NCR,North,Medium,771.0,Mass
CUST14318,Delhi NCR,North,High,781.0,Mass
CUST14319,Bangalore,South,Medium,673.0,Mass
CUST14320,Pune,West,Medium,778.0,Mass
CUST14321,Hyderabad,South,High,834.0,Mass
CUST14322,Delhi NCR,North,Medium,744.0,Mass
CUST14323,Bangalore,South,High,812.0,Mass
CUST14324,Delhi NCR,North,Low,603.0,Mass
CUST14325,Delhi NCR,North,Low,713.0,Mass
CUST14326,Bangalore,South,Medium,692.0,Mass
CUST14327,Pune,West,Medium,692.0,Affluent
CUST14328,Pune,West,Medium,738.0,Premium
CUST14329,Bangalore,South,Medium,777.0,Affluent
CUST14330,Hyderabad,South,Medium,705.0,Mass
CUST14331,Hyderabad,South,High,737.0,Mass
CUST14332,Pune,West,Medium,652.0,Affluent
CUST14333,Hyderabad,South,Low,716.0,Affluent
CUST14334,Mumbai,West,Low,628.0,Mass
CUST14335,Bangalore,South,Medium,775.0,Mass
CUST14336,Bangalore,South,High,793.0,Mass
CUST14337,Kolkata,East,Medium,678.0,Mass
CUST14338,Pune,West,Medium,725.0,Affluent
CUST14339,Kolkata,East,Medium,746.0,Mass
CUST14340,Delhi NCR,North,Low,562.0,Mass
CUST14341,Kolkata,East,Low,586.0,Mass
CUST14342,Pune,West,Medium,750.0,Affluent
CUST14343,Hyderabad,South,Low,705.0,Mass
CUST14344,Hyderabad,South,Low,564.0,Affluent
CUST14345,Mumbai,West,High,745.0,Mass
CUST14346,Bangalore,South,High,834.0,Mass
CUST14347,Mumbai,West,Low,569.0,Affluent
CUST14348,Kolkata,East,Medium,651.0,Mass
CUST14349,Bangalore,South,Medium,690.0,Affluent
CUST14350,Pune,West,High,740.0,Mass
CUST14351,Kolkata,East,High,725.0,Mass
CUST14352,Delhi NCR,North,Low,692.0,Mass
CUST14353,Kolkata,East,Medium,658.0,Mass
CUST14354,Delhi NCR,North,High,743.0,Mass
CUST14355,Hyderabad,South,Low,673.0,Mass
CUST14356,Pune,West,Low,654.0,Mass
CUST14357,Bangalore,South,Low,596.0,Mass
CUST14358,Delhi NCR,North,High,807.0,Premium
CUST14359,Bangalore,South,Medium,727.0,Mass
CUST14360,Pune,West,Medium,755.0,Mass
CUST14361,Hyderabad,South,Low,647.0,Affluent
CUST14362,Delhi NCR,North,Low,628.0,Mass
CUST14363,Kolkata,East,Low,664.0,Mass
CUST14364,Bangalore,South,Low,631.0,Mass
CUST14365,Pune,West,Low,572.0,Premium
CUST14366,Hyderabad,South,Low,668.0,Mass
CUST14367,Mumbai,West,High,829.0,Affluent
CUST14368,Pune,West,Medium,779.0,Mass
CUST14369,Pune,West,Low,617.0,Affluent
CUST14370,Mumbai,West,Low,620.0,Mass
CUST14371,Bangalore,South,Medium,666.0,Mass
CUST14372,Pune,West,High,726.0,Mass
CUST14373,Kolkata,East,Low,639.0,Mass
CUST14374,Pune,West,Medium,720.0,Affluent
CUST14375,Mumbai,West,High,773.0,Mass
CUST14376,Kolkata,East,Low,713.0,Affluent
CUST14377,Pune,West,Medium,702.0,Mass
CUST14378,Delhi NCR,North,High,728.0,Mass
CUST14379,Bangalore,South,Medium,694.0,Mass
CUST14380,Hyderabad,South,Medium,721.0,Premium
CUST14381,Delhi NCR,North,High,840.0,Mass
CUST14382,Pune,West,Low,575.0,Affluent
CUST14383,Kolkata,East,High,812.0,Affluent
CUST14384,Mumbai,West,High,818.0,Mass
CUST14385,Delhi NCR,North,Low,588.0,Affluent
CUST14386,Pune,West,Low,650.0,Premium
CUST14387,Delhi NCR,North,Low,584.0,Premium
CUST14388,Kolkata,East,Medium,680.0,Mass
CUST14389,Mumbai,West,High,763.0,Affluent
CUST14390,Pune,West,Low,577.0,Mass
CUST14391,Delhi NCR,North,Medium,704.0,Affluent
CUST14392,Mumbai,West,High,781.0,Mass
CUST14393,Kolkata,East,Low,717.0,Mass
CUST14394,Kolkata,East,Low,656.0,Mass
CUST14395,Hyderabad,South,Medium,752.0,Mass
CUST14396,Mumbai,West,Medium,652.0,Mass
CUST14397,Hyderabad,South,Medium,770.0,Mass
CUST14398,Delhi NCR,North,Medium,688.0,Premium
CUST14399,Delhi NCR,North,Low,633.0,Premium
CUST14400,Kolkata,East,Low,642.0,Affluent
CUST14401,Delhi NCR,North,Low,640.0,Mass
CUST14402,Hyderabad,South,Low,667.0,Affluent
CUST14403,Pune,West,Low,640.0,Mass
CUST14404,Pune,West,High,789.0,Mass
CUST14405,Pune,West,High,727.0,Premium
CUST14406,Kolkata,East,Low,664.0,Mass
CUST14407,Pune,West,Medium,759.0,Affluent
CUST14408,Kolkata,East,Low,687.0,Affluent
CUST14409,Delhi NCR,North,Low,624.0,Affluent
CUST14410,Bangalore,South,Low,574.0,Mass
CUST14411,Hyderabad,South,Low,674.0,Mass
CUST14412,Mumbai,West,Low,714.0,Mass
CUST14413,Bangalore,South,Medium,762.0,Affluent
CUST14414,Delhi NCR,North,Low,605.0,Affluent
CUST14415,Delhi NCR,North,High,830.0,Mass
CUST14416,Delhi NCR,North,Medium,704.0,Affluent
CUST14417,Hyderabad,South,Medium,737.0,Mass
CUST14418,Bangalore,South,Low,584.0,Mass
CUST14419,Kolkata,East,Medium,721.0,Premium
CUST14420,Hyderabad,South,Low,616.0,Mass
CUST14421,Hyderabad,South,Low,658.0,Mass
CUST14422,Bangalore,South,Low,550.0,Mass
CUST14423,Bangalore,South,Medium,658.0,Mass
CUST14424,Hyderabad,South,Medium,739.0,Mass
CUST14425,Delhi NCR,North,Low,582.0,Mass
CUST14426,Bangalore,South,Low,687.0,Mass
CUST14427,Delhi NCR,North,Low,697.0,Mass
CUST14428,Kolkata,East,Low,690.0,Premium
CUST14429,Pune,West,Medium,731.0,Mass
CUST14430,Bangalore,South,Medium,680.0,Affluent
CUST14431,Pune,West,Low,659.0,Mass
CUST14432,Hyderabad,South,Low,550.0,Affluent
CUST14433,Mumbai,West,Medium,697.0,Premium
CUST14434,Mumbai,West,Low,664.0,Affluent
CUST14435,Hyderabad,South,High,793.0,Mass
CUST14436,Kolkata,East,High,784.0,Mass
CUST14437,Kolkata,East,High,809.0,Mass
CUST14438,Delhi NCR,North,High,780.0,Affluent
CUST14439,Mumbai,West,Low,584.0,Mass
CUST14440,Pune,West,Low,562.0,Premium
CUST14441,Kolkata,East,Low,714.0,Affluent
CUST14442,Kolkata,East,High,766.0,Mass
CUST14443,Delhi NCR,North,High,753.0,Mass
CUST14444,Bangalore,South,Low,715.0,Mass
CUST14445,Pune,West,High,756.0,Mass
CUST14446,Delhi NCR,North,Medium,775.0,Affluent
CUST14447,Kolkata,East,Low,590.0,Mass
CUST14448,Hyderabad,South,High,722.0,Mass
CUST14449,Delhi NCR,North,Low,592.0,Mass
CUST14450,Delhi NCR,North,Medium,684.0,Mass
CUST14451,Bangalore,South,High,783.0,Mass
CUST14452,Bangalore,South,Medium,714.0,Affluent
CUST14453,Delhi NCR,North,Low,609.0,Affluent
CUST14454,Delhi NCR,North,High,721.0,Mass
CUST14455,Pune,West,Medium,653.0,Affluent
CUST14456,Delhi NCR,North,Medium,775.0,Mass
CUST14457,Mumbai,West,Medium,747.0,Mass
CUST14458,Kolkata,East,Low,553.0,Mass
CUST14459,Kolkata,East,Medium,744.0,Premium
CUST14460,Kolkata,East,Low,688.0,Affluent
CUST14461,Bangalore,South,Low,597.0,Mass
CUST14462,Delhi NCR,North,Medium,748.0,Mass
CUST14463,Mumbai,West,Low,709.0,Mass
CUST14464,Pune,West,Medium,721.0,Affluent
CUST14465,Mumbai,West,Low,645.0,Mass
CUST14466,Kolkata,East,High,795.0,Mass
CUST14467,Kolkata,East,Medium,682.0,Mass
CUST14468,Pune,West,Low,719.0,Affluent
CUST14469,Mumbai,West,Medium,759.0,Mass
CUST14470,Kolkata,East,Low,618.0,Affluent
CUST14471,Delhi NCR,North,Medium,763.0,Premium
CUST14472,Kolkata,East,High,845.0,Mass
CUST14473,Mumbai,West,Low,718.0,Premium
CUST14474,Delhi NCR,North,High,806.0,Affluent
CUST14475,Pune,West,Medium,732.0,Affluent
CUST14476,Hyderabad,South,Low,662.0,Mass
CUST14477,Pune,West,High,731.0,Mass
CUST14478,Hyderabad,South,High,741.0,Affluent
CUST14479,Pune,West,Medium,662.0,Affluent
CUST14480,Delhi NCR,North,Low,607.0,Mass
CUST14481,Bangalore,South,Medium,770.0,Mass
CUST14482,Delhi NCR,North,Low,636.0,Mass
CUST14483,Pune,West,Low,689.0,Mass
CUST14484,Pune,West,High,748.0,Mass
CUST14485,Pune,West,Medium,769.0,Affluent
CUST14486,Mumbai,West,Low,627.0,Mass
CUST14487,Delhi NCR,North,High,748.0,Premium
CUST14488,Pune,West,Medium,736.0,Mass
CUST14489,Kolkata,East,Low,579.0,Affluent
CUST14490,Kolkata,East,Low,633.0,Affluent
CUST14491,Pune,West,Medium,702.0,Mass
CUST14492,Delhi NCR,North,Low,628.0,Mass
CUST14493,Kolkata,East,Low,605.0,Mass
CUST14494,Hyderabad,South,High,720.0,Mass
CUST14495,Pune,West,Low,579.0,Mass
CUST14496,Mumbai,West,Low,692.0,Mass
CUST14497,Delhi NCR,North,Low,610.0,Affluent
CUST14498,Delhi NCR,North,Low,695.0,Affluent
CUST14499,Pune,West,Low,705.0,Affluent
CUST14500,Pune,West,Medium,774.0,Mass
CUST14501,Kolkata,East,Medium,733.0,Mass
CUST14502,Mumbai,West,High,808.0,Mass
CUST14503,Bangalore,South,High,730.0,Mass
CUST14504,Pune,West,High,785.0,Mass
CUST14505,Kolkata,East,High,792.0,Mass
CUST14506,Kolkata,East,Low,705.0,Mass
CUST14507,Mumbai,West,Low,700.0,Mass
CUST14508,Bangalore,South,Medium,705.0,Mass
CUST14509,Delhi NCR,North,High,768.0,Premium
CUST14510,Mumbai,West,Low,593.0,Mass
CUST14511,Hyderabad,South,Medium,710.0,Mass
CUST14512,Pune,West,Low,636.0,Mass
CUST14513,Kolkata,East,High,830.0,Mass
CUST14514,Bangalore,South,Low,646.0,Mass
CUST14515,Hyderabad,South,Low,663.0,Mass
CUST14516,Kolkata,East,Low,633.0,Mass
CUST14517,Kolkata,East,Low,688.0,Affluent
CUST14518,Hyderabad,South,Low,624.0,Affluent
CUST14519,Kolkata,East,Low,686.0,Affluent
CUST14520,Delhi NCR,North,Medium,743.0,Mass
CUST14521,Pune,West,Medium,735.0,Affluent
CUST14522,Bangalore,South,High,785.0,Premium
CUST14523,Hyderabad,South,High,757.0,Mass
CUST14524,Hyderabad,South,Medium,681.0,Mass
CUST14525,Mumbai,West,Medium,746.0,Premium
CUST14526,Pune,West,Medium,665.0,Mass
CUST14527,Mumbai,West,Medium,705.0,Mass
CUST14528,Mumbai,West,Medium,680.0,Affluent
CUST14529,Hyderabad,South,Medium,694.0,Mass
CUST14530,Bangalore,South,Low,579.0,Mass
CUST14531,Mumbai,West,Medium,679.0,Affluent
CUST14532,Delhi NCR,North,Medium,675.0,Mass
CUST14533,Bangalore,South,High,835.0,Mass
CUST14534,Kolkata,East,High,787.0,Mass
CUST14535,Hyderabad,South,Medium,654.0,Affluent
CUST14536,Mumbai,West,Low,585.0,Affluent
CUST14537,Bangalore,South,Medium,730.0,Affluent
CUST14538,Hyderabad,South,Low,626.0,Mass
CUST14539,Bangalore,South,Medium,762.0,Affluent
CUST14540,Kolkata,East,Medium,672.0,Affluent
CUST14541,Kolkata,East,Low,707.0,Mass
CUST14542,Mumbai,West,High,787.0,Mass
CUST14543,Mumbai,West,Medium,655.0,Mass
CUST14544,Bangalore,South,Low,629.0,Affluent
CUST14545,Kolkata,East,Medium,745.0,Affluent
CUST14546,Delhi NCR,North,High,783.0,Mass
CUST14547,Kolkata,East,High,775.0,Affluent
CUST14548,Kolkata,East,High,732.0,Affluent
CUST14549,Hyderabad,South,High,822.0,Mass
CUST14550,Hyderabad,South,Low,615.0,Mass
CUST14551,Pune,West,Low,611.0,Mass
CUST14552,Mumbai,West,High,843.0,Affluent
CUST14553,Kolkata,East,Medium,738.0,Mass
CUST14554,Kolkata,East,Low,621.0,Premium
CUST14555,Bangalore,South,Medium,762.0,Affluent
CUST14556,Kolkata,East,Low,560.0,Mass
CUST14557,Pune,West,Medium,780.0,Mass
CUST14558,Mumbai,West,High,757.0,Mass
CUST14559,Hyderabad,South,Low,656.0,Affluent
CUST14560,Delhi NCR,North,Low,715.0,Premium
CUST14561,Delhi NCR,North,Low,550.0,Premium
CUST14562,Mumbai,West,Medium,764.0,Affluent
CUST14563,Delhi NCR,North,High,849.0,Mass
CUST14564,Mumbai,West,High,831.0,Mass
CUST14565,Mumbai,West,Low,616.0,Affluent
CUST14566,Delhi NCR,North,High,721.0,Premium
CUST14567,Mumbai,West,Medium,682.0,Premium
CUST14568,Delhi NCR,North,Low,583.0,Affluent
CUST14569,Pune,West,Medium,692.0,Mass
CUST14570,Bangalore,South,High,731.0,Affluent
CUST14571,Bangalore,South,High,822.0,Affluent
CUST14572,Hyderabad,South,Medium,766.0,Mass
CUST14573,Mumbai,West,Medium,745.0,Affluent
CUST14574,Delhi NCR,North,Low,637.0,Affluent
CUST14575,Hyderabad,South,Low,632.0,Mass
CUST14576,Hyderabad,South,Low,692.0,Affluent
CUST14577,Hyderabad,South,Low,680.0,Affluent
CUST14578,Bangalore,South,Medium,710.0,Premium
CUST14579,Delhi NCR,North,Low,578.0,Mass
CUST14580,Bangalore,South,Low,700.0,Affluent
CUST14581,Hyderabad,South,Low,669.0,Premium
CUST14582,Mumbai,West,Low,706.0,Mass
CUST14583,Delhi NCR,North,Medium,683.0,Mass
CUST14584,Delhi NCR,North,Low,691.0,Affluent
CUST14585,Pune,West,Medium,650.0,Mass
CUST14586,Mumbai,West,Medium,671.0,Affluent
CUST14587,Pune,West,High,805.0,Affluent
CUST14588,Bangalore,South,Medium,672.0,Premium
CUST14589,Delhi NCR,North,High,745.0,Affluent
CUST14590,Delhi NCR,North,Low,599.0,Mass
CUST14591,Bangalore,South,Low,670.0,Affluent
CUST14592,Kolkata,East,Medium,727.0,Mass
CUST14593,Bangalore,South,High,813.0,Affluent
CUST14594,Hyderabad,South,High,816.0,Affluent
CUST14595,Delhi NCR,North,Low,576.0,Mass
CUST14596,Mumbai,West,Medium,661.0,Affluent
CUST14597,Delhi NCR,North,Low,672.0,Mass
CUST14598,Pune,West,Low,663.0,Affluent
CUST14599,Bangalore,South,Low,708.0,Premium
CUST14600,Pune,West,High,721.0,Mass
CUST14601,Mumbai,West,High,765.0,Mass
CUST14602,Delhi NCR,North,Low,573.0,Premium
CUST14603,Hyderabad,South,High,775.0,Mass
CUST14604,Pune,West,Medium,741.0,Affluent
CUST14605,Mumbai,West,High,835.0,Affluent
CUST14606,Pune,West,Medium,666.0,Premium
CUST14607,Mumbai,West,Low,707.0,Premium
CUST14608,Delhi NCR,North,Medium,704.0,Affluent
CUST14609,Pune,West,Low,659.0,Affluent
CUST14610,Pune,West,Low,579.0,Mass
CUST14611,Pune,West,Medium,712.0,Mass
CUST14612,Mumbai,West,Low,579.0,Mass
CUST14613,Mumbai,West,High,820.0,Affluent
CUST14614,Mumbai,West,Low,715.0,Mass
CUST14615,Mumbai,West,Low,649.0,Mass
CUST14616,Hyderabad,South,Medium,738.0,Mass
CUST14617,Mumbai,West,Low,702.0,Mass
CUST14618,Bangalore,South,Low,596.0,Affluent
CUST14619,Delhi NCR,North,Medium,708.0,Affluent
CUST14620,Kolkata,East,High,722.0,Affluent
CUST14621,Delhi NCR,North,Low,628.0,Mass
CUST14622,Bangalore,South,Medium,655.0,Mass
CUST14623,Hyderabad,South,Medium,761.0,Mass
CUST14624,Bangalore,South,Medium,730.0,Affluent
CUST14625,Bangalore,South,Low,702.0,Mass
CUST14626,Delhi NCR,North,Medium,758.0,Mass
CUST14627,Delhi NCR,North,Medium,725.0,Mass
CUST14628,Bangalore,South,Medium,716.0,Mass
CUST14629,Kolkata,East,Medium,666.0,Premium
CUST14630,Mumbai,West,Medium,717.0,Affluent
CUST14631,Pune,West,High,750.0,Mass
CUST14632,Kolkata,East,Low,714.0,Mass
CUST14633,Pune,West,Low,696.0,Mass
CUST14634,Bangalore,South,Low,720.0,Affluent
CUST14635,Bangalore,South,Medium,751.0,Mass
CUST14636,Kolkata,East,Medium,727.0,Affluent
CUST14637,Bangalore,South,Low,580.0,Mass
CUST14638,Pune,West,Low,700.0,Mass
CUST14639,Mumbai,West,Low,564.0,Mass
CUST14640,Hyderabad,South,Low,698.0,Mass
CUST14641,Mumbai,West,Low,583.0,Premium
CUST14642,Hyderabad,South,Medium,751.0,Mass
CUST14643,Mumbai,West,High,810.0,Mass
CUST14644,Bangalore,South,Low,713.0,Affluent
CUST14645,Delhi NCR,North,High,748.0,Affluent
CUST14646,Delhi NCR,North,Medium,652.0,Affluent
CUST14647,Hyderabad,South,Medium,705.0,Mass
CUST14648,Mumbai,West,High,837.0,Premium
CUST14649,Kolkata,East,Low,706.0,Affluent
CUST14650,Pune,West,Low,651.0,Mass
CUST14651,Delhi NCR,North,Low,604.0,Mass
CUST14652,Kolkata,East,Low,718.0,Mass
CUST14653,Pune,West,Medium,690.0,Mass
CUST14654,Kolkata,East,High,741.0,Mass
CUST14655,Kolkata,East,High,802.0,Mass
CUST14656,Mumbai,West,Medium,727.0,Affluent
CUST14657,Kolkata,East,Medium,652.0,Mass
CUST14658,Bangalore,South,Low,638.0,Mass
CUST14659,Mumbai,West,Medium,684.0,Mass
CUST14660,Hyderabad,South,High,824.0,Mass
CUST14661,Delhi NCR,North,Low,650.0,Premium
CUST14662,Delhi NCR,North,Medium,695.0,Affluent
CUST14663,Bangalore,South,Low,581.0,Mass
CUST14664,Bangalore,South,Low,639.0,Mass
CUST14665,Mumbai,West,Medium,765.0,Affluent
CUST14666,Bangalore,South,Low,625.0,Mass
CUST14667,Bangalore,South,Low,689.0,Mass
CUST14668,Bangalore,South,Low,550.0,Mass
CUST14669,Mumbai,West,Low,568.0,Mass
CUST14670,Kolkata,East,High,848.0,Affluent
CUST14671,Bangalore,South,Medium,682.0,Mass
CUST14672,Mumbai,West,High,782.0,Affluent
CUST14673,Mumbai,West,Medium,709.0,Mass
CUST14674,Mumbai,West,High,767.0,Affluent
CUST14675,Delhi NCR,North,Medium,729.0,Mass
CUST14676,Mumbai,West,High,832.0,Mass
CUST14677,Mumbai,West,High,823.0,Premium
CUST14678,Kolkata,East,Low,691.0,Mass
CUST14679,Delhi NCR,North,Low,624.0,Mass
CUST14680,Mumbai,West,Medium,651.0,Mass
CUST14681,Kolkata,East,High,844.0,Affluent
CUST14682,Delhi NCR,North,Low,698.0,Affluent
CUST14683,Pune,West,Medium,739.0,Mass
CUST14684,Kolkata,East,Low,573.0,Mass
CUST14685,Delhi NCR,North,Low,563.0,Premium
CUST14686,Mumbai,West,Low,600.0,Mass
CUST14687,Hyderabad,South,Medium,706.0,Mass
CUST14688,Hyderabad,South,Low,634.0,Mass
CUST14689,Hyderabad,South,Low,711.0,Mass
CUST14690,Mumbai,West,Low,580.0,Mass
CUST14691,Mumbai,West,Medium,734.0,Mass
CUST14692,Pune,West,Medium,738.0,Mass
CUST14693,Bangalore,South,Low,575.0,Mass
CUST14694,Hyderabad,South,High,803.0,Premium
CUST14695,Bangalore,South,Low,702.0,Mass
CUST14696,Bangalore,South,Medium,703.0,Mass
CUST14697,Pune,West,Low,588.0,Mass
CUST14698,Kolkata,East,Medium,701.0,Affluent
CUST14699,Kolkata,East,Low,686.0,Affluent
CUST14700,Pune,West,High,824.0,Affluent
CUST14701,Hyderabad,South,Medium,675.0,Mass
CUST14702,Mumbai,West,Low,596.0,Affluent
CUST14703,Kolkata,East,Low,600.0,Premium
CUST14704,Mumbai,West,Low,658.0,Affluent
CUST14705,Mumbai,West,High,744.0,Affluent
CUST14706,Hyderabad,South,High,779.0,Premium
CUST14707,Pune,West,Medium,691.0,Mass
CUST14708,Hyderabad,South,High,727.0,Affluent
CUST14709,Mumbai,West,High,809.0,Affluent
CUST14710,Mumbai,West,Low,551.0,Affluent
CUST14711,Hyderabad,South,Medium,763.0,Premium
CUST14712,Hyderabad,South,Medium,671.0,Mass
CUST14713,Mumbai,West,High,745.0,Mass
CUST14714,Bangalore,South,Medium,741.0,Mass
CUST14715,Bangalore,South,Low,692.0,Affluent
CUST14716,Hyderabad,South,Medium,728.0,Affluent
CUST14717,Mumbai,West,Medium,676.0,Mass
CUST14718,Bangalore,South,Low,682.0,Mass
CUST14719,Hyderabad,South,Medium,739.0,Mass
CUST14720,Mumbai,West,Low,706.0,Premium
CUST14721,Kolkata,East,High,749.0,Mass
CUST14722,Pune,West,Low,699.0,Affluent
CUST14723,Mumbai,West,Medium,722.0,Mass
CUST14724,Pune,West,Low,653.0,Affluent
CUST14725,Pune,West,Low,709.0,Mass
CUST14726,Pune,West,High,840.0,Mass
CUST14727,Pune,West,Medium,730.0,Mass
CUST14728,Pune,West,High,848.0,Mass
CUST14729,Bangalore,South,Low,647.0,Affluent
CUST14730,Hyderabad,South,High,746.0,Mass
CUST14731,Hyderabad,South,Low,621.0,Affluent
CUST14732,Hyderabad,South,Medium,762.0,Affluent
CUST14733,Kolkata,East,Low,663.0,Mass
CUST14734,Mumbai,West,Low,567.0,Mass
CUST14735,Pune,West,High,823.0,Mass
CUST14736,Kolkata,East,Low,585.0,Affluent
CUST14737,Bangalore,South,Low,660.0,Mass
CUST14738,Kolkata,East,Medium,691.0,Mass
CUST14739,Bangalore,South,Medium,702.0,Mass
CUST14740,Delhi NCR,North,Low,570.0,Mass
CUST14741,Mumbai,West,Low,692.0,Premium
CUST14742,Kolkata,East,Low,618.0,Mass
CUST14743,Kolkata,East,Medium,669.0,Mass
CUST14744,Mumbai,West,Low,561.0,Affluent
CUST14745,Mumbai,West,Medium,769.0,Affluent
CUST14746,Bangalore,South,Medium,730.0,Mass
CUST14747,Pune,West,Medium,720.0,Mass
CUST14748,Delhi NCR,North,Low,597.0,Mass
CUST14749,Pune,West,Low,687.0,Mass
CUST14750,Delhi NCR,North,Low,552.0,Affluent
CUST14751,Kolkata,East,High,731.0,Affluent
CUST14752,Kolkata,East,Low,642.0,Mass
CUST14753,Hyderabad,South,Low,623.0,Mass
CUST14754,Delhi NCR,North,Low,629.0,Mass
CUST14755,Pune,West,Medium,748.0,Premium
CUST14756,Kolkata,East,High,794.0,Affluent
CUST14757,Hyderabad,South,Medium,683.0,Affluent
CUST14758,Mumbai,West,Medium,767.0,Affluent
CUST14759,Delhi NCR,North,Low,610.0,Affluent
CUST14760,Pune,West,Low,715.0,Premium
CUST14761,Hyderabad,South,High,825.0,Mass
CUST14762,Pune,West,Low,627.0,Affluent
CUST14763,Pune,West,Low,662.0,Mass
CUST14764,Bangalore,South,High,764.0,Mass
CUST14765,Kolkata,East,High,771.0,Mass
CUST14766,Kolkata,East,Medium,778.0,Mass
CUST14767,Mumbai,West,High,791.0,Mass
CUST14768,Mumbai,West,High,771.0,Mass
CUST14769,Hyderabad,South,Medium,720.0,Affluent
CUST14770,Kolkata,East,High,795.0,Mass
CUST14771,Hyderabad,South,Medium,766.0,Mass
CUST14772,Bangalore,South,Low,675.0,Mass
CUST14773,Pune,West,Medium,654.0,Mass
CUST14774,Hyderabad,South,Low,583.0,Mass
CUST14775,Delhi NCR,North,Medium,654.0,Mass
CUST14776,Mumbai,West,Medium,770.0,Mass
CUST14777,Kolkata,East,Low,691.0,Affluent
CUST14778,Delhi NCR,North,Medium,730.0,Mass
CUST14779,Delhi NCR,North,Low,596.0,Mass
CUST14780,Delhi NCR,North,Low,576.0,Mass
CUST14781,Hyderabad,South,Medium,731.0,Mass
CUST14782,Kolkata,East,High,764.0,Affluent
CUST14783,Pune,West,High,846.0,Mass
CUST14784,Delhi NCR,North,Low,618.0,Mass
CUST14785,Mumbai,West,High,734.0,Affluent
CUST14786,Kolkata,East,Low,714.0,Mass
CUST14787,Pune,West,Low,699.0,Affluent
CUST14788,Pune,West,Medium,692.0,Mass
CUST14789,Pune,West,Low,599.0,Affluent
CUST14790,Delhi NCR,North,Low,627.0,Premium
CUST14791,Hyderabad,South,Medium,680.0,Premium
CUST14792,Kolkata,East,Medium,661.0,Mass
CUST14793,Kolkata,East,Medium,752.0,Affluent
CUST14794,Delhi NCR,North,Low,578.0,Premium
CUST14795,Delhi NCR,North,Medium,731.0,Mass
CUST14796,Pune,West,High,740.0,Affluent
CUST14797,Bangalore,South,Low,627.0,Mass
CUST14798,Bangalore,South,Medium,657.0,Mass
CUST14799,Pune,West,Low,682.0,Mass
CUST14800,Kolkata,East,High,846.0,Affluent
CUST14801,Bangalore,South,Medium,694.0,Mass
CUST14802,Pune,West,Low,665.0,Affluent
CUST14803,Delhi NCR,North,Low,681.0,Mass
CUST14804,Bangalore,South,Medium,762.0,Mass
CUST14805,Bangalore,South,High,732.0,Mass
CUST14806,Mumbai,West,Medium,713.0,Mass
CUST14807,Mumbai,West,Medium,712.0,Mass
CUST14808,Hyderabad,South,Medium,743.0,Mass
CUST14809,Kolkata,East,Low,674.0,Mass
CUST14810,Mumbai,West,Medium,731.0,Premium
CUST14811,Hyderabad,South,High,805.0,Mass
CUST14812,Delhi NCR,North,Medium,659.0,Mass
CUST14813,Delhi NCR,North,Low,701.0,Affluent
CUST14814,Bangalore,South,Medium,761.0,Mass
CUST14815,Kolkata,East,Medium,767.0,Affluent
CUST14816,Hyderabad,South,Medium,693.0,Premium
CUST14817,Hyderabad,South,High,750.0,Affluent
CUST14818,Delhi NCR,North,Medium,768.0,Premium
CUST14819,Kolkata,East,Medium,659.0,Mass
CUST14820,Kolkata,East,Medium,690.0,Mass
CUST14821,Bangalore,South,Medium,733.0,Affluent
CUST14822,Hyderabad,South,Low,612.0,Mass
CUST14823,Hyderabad,South,Low,555.0,Mass
CUST14824,Mumbai,West,Low,634.0,Mass
CUST14825,Bangalore,South,Medium,725.0,Mass
CUST14826,Hyderabad,South,Low,657.0,Mass
CUST14827,Hyderabad,South,Medium,716.0,Affluent
CUST14828,Pune,West,Medium,780.0,Affluent
CUST14829,Kolkata,East,High,845.0,Affluent
CUST14830,Mumbai,West,Medium,775.0,Mass
CUST14831,Kolkata,East,High,733.0,Affluent
CUST14832,Delhi NCR,North,Low,623.0,Mass
CUST14833,Kolkata,East,High,720.0,Mass
CUST14834,Mumbai,West,Medium,680.0,Mass
CUST14835,Kolkata,East,Medium,731.0,Premium
CUST14836,Pune,West,Low,600.0,Affluent
CUST14837,Kolkata,East,Medium,708.0,Mass
CUST14838,Kolkata,East,High,768.0,Premium
CUST14839,Bangalore,South,Low,613.0,Mass
CUST14840,Hyderabad,South,Medium,744.0,Mass
CUST14841,Pune,West,Low,691.0,Affluent
CUST14842,Kolkata,East,Medium,677.0,Premium
CUST14843,Kolkata,East,Medium,768.0,Affluent
CUST14844,Delhi NCR,North,Low,699.0,Mass
CUST14845,Delhi NCR,North,High,729.0,Mass
CUST14846,Kolkata,East,Medium,710.0,Premium
CUST14847,Pune,West,Medium,751.0,Affluent
CUST14848,Delhi NCR,North,High,729.0,Mass
CUST14849,Hyderabad,South,Low,659.0,Mass
CUST14850,Hyderabad,South,Medium,660.0,Premium
CUST14851,Delhi NCR,North,Medium,667.0,Affluent
CUST14852,Kolkata,East,Medium,772.0,Mass
CUST14853,Mumbai,West,Medium,754.0,Mass
CUST14854,Bangalore,South,Low,566.0,Mass
CUST14855,Mumbai,West,Medium,677.0,Mass
CUST14856,Bangalore,South,Low,594.0,Mass
CUST14857,Bangalore,South,Low,553.0,Mass
CUST14858,Pune,West,Low,561.0,Mass
CUST14859,Kolkata,East,Medium,727.0,Mass
CUST14860,Delhi NCR,North,High,761.0,Mass
CUST14861,Pune,West,Medium,696.0,Premium
CUST14862,Hyderabad,South,Medium,690.0,Affluent
CUST14863,Mumbai,West,Medium,693.0,Affluent
CUST14864,Hyderabad,South,Medium,687.0,Affluent
CUST14865,Delhi NCR,North,Low,618.0,Mass
CUST14866,Delhi NCR,North,Low,648.0,Affluent
CUST14867,Delhi NCR,North,Medium,762.0,Mass
CUST14868,Bangalore,South,Medium,769.0,Mass
CUST14869,Hyderabad,South,Medium,780.0,Affluent
CUST14870,Pune,West,Low,598.0,Mass
CUST14871,Pune,West,High,804.0,Premium
CUST14872,Pune,West,High,735.0,Mass
CUST14873,Kolkata,East,Low,616.0,Mass
CUST14874,Pune,West,Medium,779.0,Premium
CUST14875,Hyderabad,South,Low,652.0,Affluent
CUST14876,Delhi NCR,North,Medium,777.0,Mass
CUST14877,Hyderabad,South,Medium,654.0,Mass
CUST14878,Bangalore,South,Low,550.0,Affluent
CUST14879,Kolkata,East,High,723.0,Mass
CUST14880,Mumbai,West,Low,670.0,Affluent
CUST14881,Kolkata,East,Low,682.0,Affluent
CUST14882,Delhi NCR,North,Medium,714.0,Mass
CUST14883,Mumbai,West,Medium,662.0,Mass
CUST14884,Delhi NCR,North,High,734.0,Mass
CUST14885,Pune,West,Medium,709.0,Affluent
CUST14886,Kolkata,East,Medium,716.0,Mass
CUST14887,Pune,West,Low,718.0,Mass
CUST14888,Pune,West,Low,622.0,Premium
CUST14889,Hyderabad,South,High,846.0,Mass
CUST14890,Pune,West,Medium,722.0,Mass
CUST14891,Hyderabad,South,High,837.0,Affluent
CUST14892,Mumbai,West,Medium,750.0,Mass
CUST14893,Kolkata,East,Low,697.0,Mass
CUST14894,Pune,West,Low,646.0,Affluent
CUST14895,Mumbai,West,Low,686.0,Mass
CUST14896,Delhi NCR,North,Low,693.0,Mass
CUST14897,Delhi NCR,North,Low,602.0,Affluent
CUST14898,Mumbai,West,Medium,776.0,Mass
CUST14899,Kolkata,East,Low,678.0,Mass
CUST14900,Mumbai,West,Low,591.0,Mass
CUST14901,Hyderabad,South,Low,692.0,Affluent
CUST14902,Mumbai,West,Low,558.0,Mass
CUST14903,Delhi NCR,North,High,763.0,Mass
CUST14904,Pune,West,Low,576.0,Affluent
CUST14905,Kolkata,East,Low,583.0,Mass
CUST14906,Kolkata,East,High,844.0,Mass
CUST14907,Pune,West,Low,678.0,Mass
CUST14908,Bangalore,South,Low,592.0,Affluent
CUST14909,Bangalore,South,High,731.0,Mass
CUST14910,Bangalore,South,Low,567.0,Mass
CUST14911,Kolkata,East,Low,580.0,Affluent
CUST14912,Delhi NCR,North,Low,651.0,Premium
CUST14913,Pune,West,Medium,769.0,Premium
CUST14914,Kolkata,East,Low,574.0,Mass
CUST14915,Hyderabad,South,Low,562.0,Affluent
CUST14916,Kolkata,East,Medium,771.0,Affluent
CUST14917,Bangalore,South,Low,686.0,Mass
CUST14918,Bangalore,South,Medium,676.0,Mass
CUST14919,Pune,West,Medium,675.0,Mass
CUST14920,Kolkata,East,Low,709.0,Mass
CUST14921,Delhi NCR,North,Low,619.0,Affluent
CUST14922,Kolkata,East,Medium,736.0,Mass
CUST14923,Mumbai,West,High,815.0,Mass
CUST14924,Hyderabad,South,Medium,738.0,Affluent
CUST14925,Pune,West,High,774.0,Mass
CUST14926,Pune,West,Low,575.0,Premium
CUST14927,Mumbai,West,High,764.0,Mass
CUST14928,Kolkata,East,Medium,771.0,Affluent
CUST14929,Delhi NCR,North,Low,636.0,Premium
CUST14930,Hyderabad,South,Medium,732.0,Affluent
CUST14931,Mumbai,West,Low,707.0,Mass
CUST14932,Delhi NCR,North,High,760.0,Affluent
CUST14933,Delhi NCR,North,High,788.0,Mass
CUST14934,Bangalore,South,Medium,743.0,Mass
CUST14935,Bangalore,South,Medium,653.0,Mass
CUST14936,Hyderabad,South,Medium,734.0,Mass
CUST14937,Bangalore,South,Medium,762.0,Mass
CUST14938,Delhi NCR,North,Low,720.0,Mass
CUST14939,Hyderabad,South,Medium,763.0,Mass
CUST14940,Bangalore,South,High,721.0,Mass
CUST14941,Hyderabad,South,Medium,773.0,Mass
CUST14942,Kolkata,East,High,729.0,Mass
CUST14943,Hyderabad,South,Low,593.0,Affluent
CUST14944,Kolkata,East,High,819.0,Mass
CUST14945,Bangalore,South,Medium,667.0,Mass
CUST14946,Bangalore,South,Medium,727.0,Affluent
CUST14947,Bangalore,South,Low,702.0,Affluent
CUST14948,Mumbai,West,High,817.0,Affluent
CUST14949,Bangalore,South,Low,683.0,Affluent
CUST14950,Bangalore,South,Medium,719.0,Mass
CUST14951,Kolkata,East,Low,607.0,Mass
CUST14952,Bangalore,South,Medium,684.0,Mass
CUST14953,Delhi NCR,North,High,811.0,Mass
CUST14954,Mumbai,West,Low,626.0,Mass
CUST14955,Kolkata,East,Medium,712.0,Mass
CUST14956,Kolkata,East,Medium,714.0,Mass
CUST14957,Hyderabad,South,High,787.0,Mass
CUST14958,Delhi NCR,North,Low,674.0,Affluent
CUST14959,Bangalore,South,Medium,691.0,Mass
CUST14960,Hyderabad,South,High,728.0,Mass
CUST14961,Kolkata,East,Medium,751.0,Mass
CUST14962,Delhi NCR,North,High,784.0,Mass
CUST14963,Hyderabad,South,Medium,676.0,Premium
CUST14964,Delhi NCR,North,Medium,774.0,Mass
CUST14965,Bangalore,South,High,801.0,Mass
CUST14966,Delhi NCR,North,High,842.0,Mass
CUST14967,Kolkata,East,High,829.0,Affluent
CUST14968,Pune,West,Medium,753.0,Affluent
CUST14969,Bangalore,South,Low,679.0,Mass
CUST14970,Kolkata,East,Medium,771.0,Affluent
CUST14971,Delhi NCR,North,Medium,765.0,Mass
CUST14972,Kolkata,East,Medium,768.0,Mass
CUST14973,Bangalore,South,High,838.0,Premium
CUST14974,Mumbai,West,Low,713.0,Mass
CUST14975,Bangalore,South,Medium,779.0,Mass
CUST14976,Pune,West,Low,645.0,Mass
CUST14977,Hyderabad,South,Low,609.0,Premium
CUST14978,Delhi NCR,North,High,798.0,Affluent
CUST14979,Mumbai,West,High,802.0,Mass
CUST14980,Hyderabad,South,Low,563.0,Mass
CUST14981,Mumbai,West,High,818.0,Mass
CUST14982,Delhi NCR,North,Low,709.0,Affluent
CUST14983,Kolkata,East,Medium,744.0,Mass
CUST14984,Delhi NCR,North,Medium,688.0,Affluent
CUST14985,Mumbai,West,Low,651.0,Mass
CUST14986,Delhi NCR,North,High,791.0,Mass
CUST14987,Pune,West,High,822.0,Mass
CUST14988,Pune,West,Low,591.0,Affluent
CUST14989,Delhi NCR,North,Medium,703.0,Mass
CUST14990,Kolkata,East,Medium,707.0,Affluent
CUST14991,Delhi NCR,North,Medium,713.0,Mass
CUST14992,Pune,West,Low,680.0,Affluent
CUST14993,Bangalore,South,High,848.0,Affluent
CUST14994,Pune,West,Low,650.0,Mass
CUST14995,Hyderabad,South,Medium,777.0,Mass
CUST14996,Kolkata,East,Medium,672.0,Affluent
CUST14997,Mumbai,West,Medium,671.0,Mass
CUST14998,Mumbai,West,Low,592.0,Mass
CUST14999,Pune,West,Medium,673.0,Mass
CUST15000,Hyderabad,South,Medium,780.0,Mass
CUST15001,Hyderabad,South,Medium,667.0,Mass
CUST15002,Hyderabad,South,High,846.0,Mass
CUST15003,Pune,West,Medium,650.0,Mass
CUST15004,Delhi NCR,North,High,795.0,Affluent
CUST15005,Delhi NCR,North,Low,589.0,Affluent
CUST15006,Delhi NCR,North,High,812.0,Mass
CUST15007,Delhi NCR,North,Low,699.0,Mass
CUST15008,Delhi NCR,North,High,838.0,Mass
CUST15009,Hyderabad,South,Medium,746.0,Premium
CUST15010,Delhi NCR,North,Low,598.0,Affluent
CUST15011,Delhi NCR,North,Medium,662.0,Mass
CUST15012,Hyderabad,South,High,832.0,Mass
CUST15013,Hyderabad,South,Medium,728.0,Premium
CUST15014,Hyderabad,South,Low,693.0,Mass
CUST15015,Hyderabad,South,Low,632.0,Mass
CUST15016,Mumbai,West,Medium,701.0,Affluent
CUST15017,Mumbai,West,High,776.0,Premium
CUST15018,Mumbai,West,High,777.0,Affluent
CUST15019,Bangalore,South,Medium,676.0,Mass
CUST15020,Hyderabad,South,Low,713.0,Affluent
CUST15021,Delhi NCR,North,Medium,677.0,Mass
CUST15022,Hyderabad,South,Low,654.0,Affluent
CUST15023,Pune,West,Low,693.0,Affluent
CUST15024,Delhi NCR,North,High,836.0,Mass
CUST15025,Pune,West,High,753.0,Mass
CUST15026,Hyderabad,South,Medium,724.0,Mass
CUST15027,Pune,West,Medium,755.0,Affluent
CUST15028,Delhi NCR,North,High,811.0,Mass
CUST15029,Pune,West,Medium,686.0,Mass
CUST15030,Mumbai,West,Medium,670.0,Affluent
CUST15031,Bangalore,South,High,809.0,Mass
CUST15032,Delhi NCR,North,Low,636.0,Affluent
CUST15033,Kolkata,East,Low,571.0,Premium
CUST15034,Kolkata,East,Low,674.0,Mass
CUST15035,Mumbai,West,Low,624.0,Premium
CUST15036,Bangalore,South,Low,695.0,Affluent
CUST15037,Mumbai,West,Low,568.0,Mass
CUST15038,Mumbai,West,Low,602.0,Affluent
CUST15039,Kolkata,East,Medium,765.0,Mass
CUST15040,Mumbai,West,Low,659.0,Affluent
CUST15041,Mumbai,West,High,737.0,Premium
CUST15042,Delhi NCR,North,High,721.0,Mass
CUST15043,Mumbai,West,Low,705.0,Mass
CUST15044,Hyderabad,South,Low,565.0,Mass
CUST15045,Kolkata,East,Low,626.0,Mass
CUST15046,Delhi NCR,North,Low,660.0,Premium
CUST15047,Pune,West,Medium,696.0,Affluent
CUST15048,Delhi NCR,North,Medium,732.0,Premium
CUST15049,Bangalore,South,Low,572.0,Mass
CUST15050,Mumbai,West,Low,677.0,Affluent
CUST15051,Delhi NCR,North,Medium,705.0,Mass
CUST15052,Pune,West,High,728.0,Affluent
CUST15053,Hyderabad,South,High,784.0,Affluent
CUST15054,Pune,West,Medium,711.0,Mass
CUST15055,Bangalore,South,Medium,698.0,Premium
CUST15056,Kolkata,East,Medium,735.0,Mass
CUST15057,Mumbai,West,Medium,685.0,Mass
CUST15058,Mumbai,West,Low,560.0,Mass
CUST15059,Bangalore,South,Medium,764.0,Affluent
CUST15060,Hyderabad,South,Low,593.0,Affluent
CUST15061,Bangalore,South,Low,667.0,Mass
CUST15062,Pune,West,Low,589.0,Mass
CUST15063,Pune,West,High,761.0,Affluent
CUST15064,Delhi NCR,North,Low,603.0,Mass
CUST15065,Bangalore,South,Medium,685.0,Mass
CUST15066,Delhi NCR,North,High,825.0,Mass
CUST15067,Bangalore,South,Medium,657.0,Mass
CUST15068,Delhi NCR,North,Medium,733.0,Affluent
CUST15069,Pune,West,Low,688.0,Affluent
CUST15070,Bangalore,South,Medium,776.0,Mass
CUST15071,Mumbai,West,High,750.0,Affluent
CUST15072,Pune,West,High,789.0,Mass
CUST15073,Delhi NCR,North,Low,561.0,Mass
CUST15074,Kolkata,East,Medium,711.0,Affluent
CUST15075,Bangalore,South,Low,654.0,Mass
CUST15076,Pune,West,Low,673.0,Affluent
CUST15077,Hyderabad,South,Medium,750.0,Affluent
CUST15078,Bangalore,South,Low,589.0,Affluent
CUST15079,Delhi NCR,North,Low,662.0,Affluent
CUST15080,Hyderabad,South,Medium,743.0,Mass
CUST15081,Pune,West,Medium,725.0,Affluent
CUST15082,Bangalore,South,High,846.0,Mass
CUST15083,Hyderabad,South,Low,603.0,Mass
CUST15084,Delhi NCR,North,High,824.0,Mass
CUST15085,Hyderabad,South,Low,597.0,Mass
CUST15086,Delhi NCR,North,Low,706.0,Mass
CUST15087,Bangalore,South,Low,576.0,Mass
CUST15088,Bangalore,South,Medium,723.0,Mass
CUST15089,Delhi NCR,North,Medium,706.0,Affluent
CUST15090,Pune,West,Low,665.0,Affluent
CUST15091,Kolkata,East,Low,562.0,Mass
CUST15092,Bangalore,South,Medium,704.0,Mass
CUST15093,Hyderabad,South,Low,567.0,Mass
CUST15094,Hyderabad,South,Low,605.0,Mass
CUST15095,Pune,West,Medium,773.0,Affluent
CUST15096,Hyderabad,South,Medium,761.0,Mass
CUST15097,Bangalore,South,High,756.0,Mass
CUST15098,Hyderabad,South,High,811.0,Mass
CUST15099,Bangalore,South,High,819.0,Affluent
CUST15100,Kolkata,East,Medium,775.0,Mass
CUST15101,Delhi NCR,North,Medium,775.0,Affluent
CUST15102,Kolkata,East,High,746.0,Premium
CUST15103,Bangalore,South,Medium,729.0,Affluent
CUST15104,Pune,West,High,771.0,Premium
CUST15105,Hyderabad,South,Medium,655.0,Mass
CUST15106,Hyderabad,South,Low,570.0,Mass
CUST15107,Mumbai,West,High,810.0,Mass
CUST15108,Bangalore,South,High,796.0,Mass
CUST15109,Kolkata,East,Medium,752.0,Mass
CUST15110,Kolkata,East,High,742.0,Affluent
CUST15111,Bangalore,South,Medium,666.0,Affluent
CUST15112,Hyderabad,South,Low,582.0,Mass
CUST15113,Kolkata,East,Medium,670.0,Mass
CUST15114,Pune,West,Low,604.0,Mass
CUST15115,Pune,West,Low,593.0,Affluent
CUST15116,Pune,West,High,819.0,Mass
CUST15117,Mumbai,West,Low,567.0,Affluent
CUST15118,Mumbai,West,Medium,773.0,Affluent
CUST15119,Hyderabad,South,Medium,713.0,Mass
CUST15120,Bangalore,South,Medium,682.0,Affluent
CUST15121,Pune,West,High,796.0,Mass
CUST15122,Pune,West,Medium,650.0,Mass
CUST15123,Pune,West,Low,677.0,Mass
CUST15124,Pune,West,Low,671.0,Premium
CUST15125,Delhi NCR,North,Low,643.0,Premium
CUST15126,Kolkata,East,High,766.0,Mass
CUST15127,Delhi NCR,North,High,771.0,Affluent
CUST15128,Bangalore,South,Medium,665.0,Mass
CUST15129,Bangalore,South,Medium,702.0,Mass
CUST15130,Mumbai,West,Medium,670.0,Affluent
CUST15131,Pune,West,Low,651.0,Affluent
CUST15132,Delhi NCR,North,Medium,668.0,Mass
CUST15133,Kolkata,East,Medium,766.0,Affluent
CUST15134,Mumbai,West,Medium,776.0,Mass
CUST15135,Kolkata,East,High,725.0,Mass
CUST15136,Pune,West,Low,642.0,Premium
CUST15137,Kolkata,East,Low,606.0,Mass
CUST15138,Mumbai,West,Low,663.0,Mass
CUST15139,Mumbai,West,High,847.0,Mass
CUST15140,Delhi NCR,North,Low,641.0,Mass
CUST15141,Pune,West,High,807.0,Mass
CUST15142,Bangalore,South,Medium,755.0,Mass
CUST15143,Bangalore,South,Medium,748.0,Mass
CUST15144,Pune,West,Low,599.0,Mass
CUST15145,Hyderabad,South,Medium,672.0,Mass
CUST15146,Bangalore,South,High,779.0,Premium
CUST15147,Kolkata,East,Low,669.0,Affluent
CUST15148,Delhi NCR,North,Medium,762.0,Affluent
CUST15149,Kolkata,East,High,808.0,Affluent
CUST15150,Pune,West,High,797.0,Mass
CUST15151,Mumbai,West,Low,673.0,Mass
CUST15152,Hyderabad,South,Medium,663.0,Mass
CUST15153,Hyderabad,South,Medium,682.0,Affluent
CUST15154,Bangalore,South,Low,622.0,Mass
CUST15155,Bangalore,South,High,751.0,Mass
CUST15156,Pune,West,High,832.0,Mass
CUST15157,Hyderabad,South,Low,551.0,Mass
CUST15158,Kolkata,East,Low,620.0,Mass
CUST15159,Bangalore,South,Low,576.0,Affluent
CUST15160,Mumbai,West,Medium,692.0,Mass
CUST15161,Bangalore,South,Medium,738.0,Affluent
CUST15162,Bangalore,South,Low,611.0,Mass
CUST15163,Bangalore,South,Low,666.0,Mass
CUST15164,Delhi NCR,North,High,827.0,Premium
CUST15165,Kolkata,East,Medium,699.0,Mass
CUST15166,Delhi NCR,North,Low,606.0,Mass
CUST15167,Bangalore,South,Low,596.0,Premium
CUST15168,Hyderabad,South,High,821.0,Mass
CUST15169,Pune,West,Medium,715.0,Mass
CUST15170,Hyderabad,South,High,842.0,Mass
CUST15171,Mumbai,West,Low,675.0,Affluent
CUST15172,Pune,West,Low,571.0,Mass
CUST15173,Pune,West,High,731.0,Affluent
CUST15174,Mumbai,West,Medium,688.0,Mass
CUST15175,Delhi NCR,North,Medium,662.0,Mass
CUST15176,Delhi NCR,North,Low,672.0,Affluent
CUST15177,Pune,West,Low,603.0,Mass
CUST15178,Bangalore,South,High,752.0,Affluent
CUST15179,Mumbai,West,Low,611.0,Affluent
CUST15180,Kolkata,East,Low,694.0,Mass
CUST15181,Bangalore,South,Medium,736.0,Mass
CUST15182,Kolkata,East,Low,627.0,Affluent
CUST15183,Kolkata,East,Low,688.0,Mass
CUST15184,Pune,West,High,749.0,Affluent
CUST15185,Delhi NCR,North,Medium,725.0,Affluent
CUST15186,Bangalore,South,Medium,691.0,Mass
CUST15187,Kolkata,East,Low,675.0,Mass
CUST15188,Bangalore,South,Medium,689.0,Affluent
CUST15189,Kolkata,East,Low,689.0,Mass
CUST15190,Kolkata,East,Medium,757.0,Mass
CUST15191,Hyderabad,South,Low,597.0,Affluent
CUST15192,Kolkata,East,High,744.0,Affluent
CUST15193,Bangalore,South,Low,680.0,Mass
CUST15194,Delhi NCR,North,Low,666.0,Affluent
CUST15195,Mumbai,West,Medium,716.0,Affluent
CUST15196,Pune,West,Medium,716.0,Mass
CUST15197,Mumbai,West,High,789.0,Mass
CUST15198,Hyderabad,South,Low,596.0,Mass
CUST15199,Hyderabad,South,Medium,720.0,Affluent
CUST15200,Kolkata,East,High,777.0,Mass
CUST15201,Bangalore,South,Low,616.0,Mass
CUST15202,Bangalore,South,Medium,705.0,Affluent
CUST15203,Delhi NCR,North,Low,658.0,Affluent
CUST15204,Bangalore,South,Low,589.0,Affluent
CUST15205,Delhi NCR,North,Medium,663.0,Affluent
CUST15206,Kolkata,East,High,822.0,Mass
CUST15207,Mumbai,West,Low,654.0,Mass
CUST15208,Pune,West,High,830.0,Affluent
CUST15209,Mumbai,West,Low,690.0,Mass
CUST15210,Pune,West,Low,626.0,Affluent
CUST15211,Bangalore,South,Low,698.0,Mass
CUST15212,Hyderabad,South,Medium,702.0,Affluent
CUST15213,Kolkata,East,Medium,692.0,Mass
CUST15214,Kolkata,East,Low,702.0,Mass
CUST15215,Delhi NCR,North,High,806.0,Premium
CUST15216,Pune,West,Medium,662.0,Mass
CUST15217,Kolkata,East,High,740.0,Mass
CUST15218,Pune,West,Low,657.0,Affluent
CUST15219,Hyderabad,South,Medium,717.0,Affluent
CUST15220,Hyderabad,South,Medium,765.0,Mass
CUST15221,Delhi NCR,North,Low,686.0,Mass
CUST15222,Mumbai,West,High,784.0,Mass
CUST15223,Bangalore,South,High,756.0,Affluent
CUST15224,Hyderabad,South,Medium,671.0,Mass
CUST15225,Kolkata,East,Medium,664.0,Mass
CUST15226,Pune,West,Low,696.0,Mass
CUST15227,Kolkata,East,Medium,655.0,Mass
CUST15228,Bangalore,South,Medium,666.0,Mass
CUST15229,Kolkata,East,High,796.0,Affluent
CUST15230,Pune,West,High,801.0,Affluent
CUST15231,Pune,West,Medium,773.0,Affluent
CUST15232,Bangalore,South,Low,583.0,Mass
CUST15233,Delhi NCR,North,High,795.0,Mass
CUST15234,Bangalore,South,Low,592.0,Mass
CUST15235,Kolkata,East,Medium,778.0,Affluent
CUST15236,Kolkata,East,Medium,767.0,Premium
CUST15237,Mumbai,West,Medium,710.0,Mass
CUST15238,Bangalore,South,Medium,672.0,Mass
CUST15239,Kolkata,East,Medium,657.0,Mass
CUST15240,Bangalore,South,Medium,695.0,Mass
CUST15241,Bangalore,South,Medium,680.0,Affluent
CUST15242,Delhi NCR,North,Medium,767.0,Mass
CUST15243,Delhi NCR,North,Medium,675.0,Affluent
CUST15244,Pune,West,Low,552.0,Mass
CUST15245,Kolkata,East,Medium,663.0,Mass
CUST15246,Bangalore,South,High,811.0,Affluent
CUST15247,Pune,West,Medium,704.0,Mass
CUST15248,Bangalore,South,Low,649.0,Mass
CUST15249,Bangalore,South,Low,590.0,Affluent
CUST15250,Delhi NCR,North,High,848.0,Mass
CUST15251,Bangalore,South,High,844.0,Mass
CUST15252,Hyderabad,South,High,827.0,Affluent
CUST15253,Bangalore,South,High,792.0,Premium
CUST15254,Mumbai,West,High,780.0,Mass
CUST15255,Bangalore,South,Medium,702.0,Mass
CUST15256,Hyderabad,South,Low,668.0,Mass
CUST15257,Delhi NCR,North,Low,619.0,Mass
CUST15258,Pune,West,High,742.0,Mass
CUST15259,Mumbai,West,Low,682.0,Premium
CUST15260,Kolkata,East,Medium,770.0,Affluent
CUST15261,Mumbai,West,High,849.0,Mass
CUST15262,Bangalore,South,Medium,727.0,Mass
CUST15263,Kolkata,East,Medium,663.0,Mass
CUST15264,Kolkata,East,Medium,718.0,Mass
CUST15265,Hyderabad,South,Medium,712.0,Mass
CUST15266,Kolkata,East,High,823.0,Affluent
CUST15267,Pune,West,Low,658.0,Mass
CUST15268,Kolkata,East,Low,655.0,Premium
CUST15269,Hyderabad,South,High,805.0,Mass
CUST15270,Delhi NCR,North,Medium,765.0,Mass
CUST15271,Bangalore,South,Medium,660.0,Affluent
CUST15272,Delhi NCR,North,Medium,703.0,Premium
CUST15273,Delhi NCR,North,Low,688.0,Mass
CUST15274,Pune,West,Medium,745.0,Premium
CUST15275,Pune,West,Medium,723.0,Affluent
CUST15276,Delhi NCR,North,High,768.0,Affluent
CUST15277,Hyderabad,South,Medium,652.0,Mass
CUST15278,Pune,West,Low,568.0,Mass
CUST15279,Kolkata,East,Medium,655.0,Mass
CUST15280,Hyderabad,South,Low,579.0,Mass
CUST15281,Pune,West,Low,655.0,Mass
CUST15282,Bangalore,South,Low,661.0,Mass
CUST15283,Hyderabad,South,Low,603.0,Mass
CUST15284,Hyderabad,South,Low,720.0,Affluent
CUST15285,Mumbai,West,Low,718.0,Affluent
CUST15286,Delhi NCR,North,High,734.0,Mass
CUST15287,Bangalore,South,High,734.0,Mass
CUST15288,Delhi NCR,North,Medium,697.0,Affluent
CUST15289,Mumbai,West,Low,694.0,Mass
CUST15290,Pune,West,Medium,661.0,Mass
CUST15291,Mumbai,West,Low,664.0,Mass
CUST15292,Pune,West,Medium,705.0,Premium
CUST15293,Pune,West,Medium,738.0,Mass
CUST15294,Kolkata,East,Low,583.0,Mass
CUST15295,Kolkata,East,High,759.0,Affluent
CUST15296,Mumbai,West,Low,553.0,Mass
CUST15297,Pune,West,Low,618.0,Affluent
CUST15298,Pune,West,Low,632.0,Mass
CUST15299,Mumbai,West,High,795.0,Premium
CUST15300,Kolkata,East,Medium,670.0,Premium
CUST15301,Delhi NCR,North,Medium,700.0,Mass
CUST15302,Hyderabad,South,Medium,711.0,Affluent
CUST15303,Kolkata,East,High,777.0,Affluent
CUST15304,Mumbai,West,Low,554.0,Mass
CUST15305,Pune,West,Medium,700.0,Premium
CUST15306,Delhi NCR,North,High,770.0,Affluent
CUST15307,Pune,West,Medium,665.0,Mass
CUST15308,Bangalore,South,Medium,723.0,Mass
CUST15309,Bangalore,South,High,801.0,Mass
CUST15310,Kolkata,East,Low,569.0,Mass
CUST15311,Mumbai,West,Low,704.0,Premium
CUST15312,Bangalore,South,Medium,697.0,Mass
CUST15313,Delhi NCR,North,High,845.0,Mass
CUST15314,Pune,West,Medium,737.0,Affluent
CUST15315,Pune,West,Medium,703.0,Premium
CUST15316,Pune,West,Medium,659.0,Mass
CUST15317,Pune,West,Medium,669.0,Affluent
CUST15318,Mumbai,West,Medium,686.0,Mass
CUST15319,Pune,West,High,847.0,Affluent
CUST15320,Bangalore,South,High,780.0,Mass
CUST15321,Mumbai,West,Low,629.0,Affluent
CUST15322,Bangalore,South,Low,687.0,Mass
CUST15323,Delhi NCR,North,Low,614.0,Premium
CUST15324,Delhi NCR,North,Low,585.0,Mass
CUST15325,Bangalore,South,Medium,776.0,Mass
CUST15326,Kolkata,East,Low,677.0,Mass
CUST15327,Mumbai,West,Low,679.0,Mass
CUST15328,Pune,West,Medium,666.0,Mass
CUST15329,Bangalore,South,Medium,673.0,Mass
CUST15330,Mumbai,West,Low,701.0,Mass
CUST15331,Hyderabad,South,Medium,694.0,Affluent
CUST15332,Delhi NCR,North,High,727.0,Premium
CUST15333,Pune,West,Medium,727.0,Mass
CUST15334,Delhi NCR,North,Low,649.0,Mass
CUST15335,Delhi NCR,North,Low,590.0,Premium
CUST15336,Hyderabad,South,High,736.0,Mass
CUST15337,Kolkata,East,Medium,760.0,Affluent
CUST15338,Pune,West,High,742.0,Affluent
CUST15339,Pune,West,Medium,762.0,Mass
CUST15340,Pune,West,Low,582.0,Premium
CUST15341,Pune,West,High,846.0,Mass
CUST15342,Bangalore,South,Medium,672.0,Mass
CUST15343,Mumbai,West,High,799.0,Affluent
CUST15344,Mumbai,West,Low,588.0,Mass
CUST15345,Bangalore,South,High,774.0,Affluent
CUST15346,Mumbai,West,Low,672.0,Mass
CUST15347,Hyderabad,South,Medium,733.0,Affluent
CUST15348,Mumbai,West,Low,679.0,Mass
CUST15349,Kolkata,East,Low,705.0,Mass
CUST15350,Hyderabad,South,High,790.0,Affluent
CUST15351,Hyderabad,South,Medium,661.0,Mass
CUST15352,Kolkata,East,Low,635.0,Affluent
CUST15353,Pune,West,High,723.0,Mass
CUST15354,Bangalore,South,Low,622.0,Mass
CUST15355,Hyderabad,South,Low,684.0,Mass
CUST15356,Hyderabad,South,Medium,734.0,Affluent
CUST15357,Delhi NCR,North,Low,683.0,Mass
CUST15358,Bangalore,South,Low,599.0,Mass
CUST15359,Bangalore,South,Medium,694.0,Mass
CUST15360,Pune,West,High,842.0,Mass
CUST15361,Pune,West,Medium,711.0,Mass
CUST15362,Delhi NCR,North,Low,634.0,Mass
CUST15363,Mumbai,West,Medium,671.0,Mass
CUST15364,Pune,West,High,841.0,Affluent
CUST15365,Mumbai,West,High,771.0,Premium
CUST15366,Delhi NCR,North,Medium,659.0,Mass
CUST15367,Bangalore,South,Low,607.0,Mass
CUST15368,Bangalore,South,High,797.0,Mass
CUST15369,Kolkata,East,High,848.0,Affluent
CUST15370,Kolkata,East,Low,638.0,Mass
CUST15371,Pune,West,Low,716.0,Affluent
CUST15372,Hyderabad,South,Medium,700.0,Affluent
CUST15373,Delhi NCR,North,Low,605.0,Affluent
CUST15374,Mumbai,West,Medium,736.0,Affluent
CUST15375,Kolkata,East,Medium,742.0,Mass
CUST15376,Pune,West,Medium,737.0,Mass
CUST15377,Mumbai,West,High,758.0,Mass
CUST15378,Bangalore,South,High,728.0,Mass
CUST15379,Pune,West,Medium,720.0,Affluent
CUST15380,Kolkata,East,Low,614.0,Mass
CUST15381,Delhi NCR,North,Medium,704.0,Mass
CUST15382,Mumbai,West,Low,707.0,Premium
CUST15383,Delhi NCR,North,Medium,740.0,Mass
CUST15384,Bangalore,South,Medium,665.0,Mass
CUST15385,Delhi NCR,North,High,724.0,Mass
CUST15386,Bangalore,South,Low,676.0,Affluent
CUST15387,Pune,West,Medium,689.0,Affluent
CUST15388,Hyderabad,South,Medium,697.0,Mass
CUST15389,Pune,West,Low,689.0,Mass
CUST15390,Delhi NCR,North,Medium,675.0,Affluent
CUST15391,Bangalore,South,Medium,661.0,Affluent
CUST15392,Mumbai,West,Medium,766.0,Mass
CUST15393,Kolkata,East,High,790.0,Premium
CUST15394,Mumbai,West,Low,569.0,Affluent
CUST15395,Pune,West,Medium,675.0,Affluent
CUST15396,Pune,West,Low,606.0,Affluent
CUST15397,Mumbai,West,High,781.0,Mass
CUST15398,Bangalore,South,High,830.0,Affluent
CUST15399,Delhi NCR,North,Low,606.0,Mass
CUST15400,Pune,West,Medium,768.0,Affluent
CUST15401,Bangalore,South,Low,633.0,Mass
CUST15402,Delhi NCR,North,High,816.0,Premium
CUST15403,Mumbai,West,Medium,690.0,Premium
CUST15404,Bangalore,South,High,732.0,Affluent
CUST15405,Mumbai,West,Low,676.0,Mass
CUST15406,Pune,West,Low,686.0,Mass
CUST15407,Delhi NCR,North,Low,597.0,Affluent
CUST15408,Delhi NCR,North,Medium,718.0,Premium
CUST15409,Mumbai,West,High,845.0,Mass
CUST15410,Bangalore,South,High,786.0,Mass
CUST15411,Delhi NCR,North,High,729.0,Mass
CUST15412,Pune,West,High,799.0,Affluent
CUST15413,Delhi NCR,North,Low,585.0,Mass
CUST15414,Kolkata,East,Medium,749.0,Mass
CUST15415,Pune,West,Low,621.0,Affluent
CUST15416,Bangalore,South,Medium,697.0,Affluent
CUST15417,Hyderabad,South,Medium,700.0,Mass
CUST15418,Kolkata,East,Medium,651.0,Affluent
CUST15419,Bangalore,South,Low,643.0,Mass
CUST15420,Pune,West,Medium,714.0,Mass
CUST15421,Bangalore,South,High,779.0,Mass
CUST15422,Mumbai,West,Low,619.0,Mass
CUST15423,Kolkata,East,Low,693.0,Premium
CUST15424,Kolkata,East,High,840.0,Affluent
CUST15425,Bangalore,South,Low,676.0,Mass
CUST15426,Delhi NCR,North,Low,552.0,Mass
CUST15427,Delhi NCR,North,Medium,655.0,Mass
CUST15428,Mumbai,West,Medium,651.0,Affluent
CUST15429,Delhi NCR,North,Medium,726.0,Mass
CUST15430,Mumbai,West,Medium,769.0,Mass
CUST15431,Kolkata,East,Medium,756.0,Mass
CUST15432,Delhi NCR,North,Low,623.0,Mass
CUST15433,Delhi NCR,North,High,797.0,Mass
CUST15434,Bangalore,South,High,842.0,Affluent
CUST15435,Bangalore,South,High,757.0,Mass
CUST15436,Delhi NCR,North,Medium,674.0,Mass
CUST15437,Hyderabad,South,Low,717.0,Premium
CUST15438,Mumbai,West,Medium,657.0,Mass
CUST15439,Hyderabad,South,Low,586.0,Affluent
CUST15440,Hyderabad,South,Low,639.0,Mass
CUST15441,Bangalore,South,Low,661.0,Mass
CUST15442,Kolkata,East,High,833.0,Mass
CUST15443,Delhi NCR,North,Low,592.0,Premium
CUST15444,Delhi NCR,North,Medium,682.0,Affluent
CUST15445,Hyderabad,South,Low,611.0,Affluent
CUST15446,Delhi NCR,North,Medium,657.0,Affluent
CUST15447,Delhi NCR,North,Low,632.0,Mass
CUST15448,Kolkata,East,Low,562.0,Mass
CUST15449,Delhi NCR,North,Low,580.0,Affluent
CUST15450,Mumbai,West,Medium,721.0,Mass
CUST15451,Pune,West,Medium,733.0,Mass
CUST15452,Pune,West,Medium,710.0,Mass
CUST15453,Pune,West,Medium,771.0,Affluent
CUST15454,Delhi NCR,North,Medium,718.0,Affluent
CUST15455,Kolkata,East,Low,718.0,Mass
CUST15456,Bangalore,South,Medium,666.0,Mass
CUST15457,Pune,West,Low,625.0,Affluent
CUST15458,Mumbai,West,Medium,722.0,Affluent
CUST15459,Hyderabad,South,Low,616.0,Mass
CUST15460,Hyderabad,South,Low,670.0,Affluent
CUST15461,Mumbai,West,Low,632.0,Affluent
CUST15462,Bangalore,South,Medium,750.0,Affluent
CUST15463,Delhi NCR,North,Low,617.0,Mass
CUST15464,Mumbai,West,High,838.0,Affluent
CUST15465,Hyderabad,South,Medium,664.0,Premium
CUST15466,Pune,West,Medium,684.0,Mass
CUST15467,Delhi NCR,North,Medium,698.0,Affluent
CUST15468,Kolkata,East,High,754.0,Mass
CUST15469,Kolkata,East,Medium,716.0,Affluent
CUST15470,Mumbai,West,Medium,696.0,Mass
CUST15471,Hyderabad,South,Low,620.0,Affluent
CUST15472,Bangalore,South,Medium,688.0,Affluent
CUST15473,Bangalore,South,Low,598.0,Mass
CUST15474,Delhi NCR,North,Medium,709.0,Affluent
CUST15475,Hyderabad,South,Low,645.0,Affluent
CUST15476,Delhi NCR,North,Medium,724.0,Mass
CUST15477,Hyderabad,South,Low,716.0,Mass
CUST15478,Mumbai,West,Medium,702.0,Mass
CUST15479,Mumbai,West,Low,688.0,Affluent
CUST15480,Hyderabad,South,Low,562.0,Mass
CUST15481,Delhi NCR,North,Medium,777.0,Affluent
CUST15482,Bangalore,South,Medium,701.0,Affluent
CUST15483,Hyderabad,South,Low,586.0,Mass
CUST15484,Mumbai,West,Medium,726.0,Mass
CUST15485,Mumbai,West,Low,701.0,Affluent
CUST15486,Hyderabad,South,High,774.0,Affluent
CUST15487,Pune,West,Medium,750.0,Mass
CUST15488,Bangalore,South,Medium,700.0,Affluent
CUST15489,Bangalore,South,Low,636.0,Affluent
CUST15490,Hyderabad,South,Low,633.0,Mass
CUST15491,Bangalore,South,Low,584.0,Affluent
CUST15492,Hyderabad,South,Medium,690.0,Mass
CUST15493,Hyderabad,South,Medium,703.0,Mass
CUST15494,Hyderabad,South,Low,649.0,Mass
CUST15495,Hyderabad,South,Low,580.0,Affluent
CUST15496,Pune,West,Medium,764.0,Mass
CUST15497,Bangalore,South,Medium,726.0,Affluent
CUST15498,Bangalore,South,Medium,656.0,Affluent
CUST15499,Bangalore,South,Low,663.0,Affluent
CUST15500,Pune,West,Medium,766.0,Mass
CUST15501,Kolkata,East,Low,667.0,Mass
CUST15502,Hyderabad,South,Low,612.0,Affluent
CUST15503,Kolkata,East,Medium,752.0,Premium
CUST15504,Delhi NCR,North,Low,700.0,Premium
CUST15505,Kolkata,East,High,775.0,Mass
CUST15506,Pune,West,Medium,669.0,Affluent
CUST15507,Hyderabad,South,Medium,743.0,Affluent
CUST15508,Hyderabad,South,Low,577.0,Mass
CUST15509,Kolkata,East,High,746.0,Mass
CUST15510,Pune,West,Low,696.0,Mass
CUST15511,Kolkata,East,Medium,679.0,Mass
CUST15512,Mumbai,West,Low,713.0,Affluent
CUST15513,Kolkata,East,Medium,755.0,Mass
CUST15514,Kolkata,East,Low,559.0,Premium
CUST15515,Kolkata,East,Low,616.0,Affluent
CUST15516,Hyderabad,South,Medium,691.0,Affluent
CUST15517,Kolkata,East,Low,716.0,Affluent
CUST15518,Mumbai,West,Low,589.0,Mass
CUST15519,Pune,West,Medium,660.0,Affluent
CUST15520,Kolkata,East,Medium,683.0,Affluent
CUST15521,Kolkata,East,Low,648.0,Premium
CUST15522,Delhi NCR,North,Medium,775.0,Affluent
CUST15523,Hyderabad,South,High,816.0,Mass
CUST15524,Hyderabad,South,Low,671.0,Mass
CUST15525,Delhi NCR,North,Medium,765.0,Mass
CUST15526,Bangalore,South,Low,716.0,Mass
CUST15527,Kolkata,East,Low,680.0,Affluent
CUST15528,Delhi NCR,North,Medium,675.0,Mass
CUST15529,Mumbai,West,Medium,683.0,Premium
CUST15530,Mumbai,West,High,840.0,Affluent
CUST15531,Kolkata,East,Low,714.0,Mass
CUST15532,Kolkata,East,Medium,752.0,Affluent
CUST15533,Mumbai,West,High,826.0,Mass
CUST15534,Pune,West,Low,560.0,Mass
CUST15535,Delhi NCR,North,Medium,656.0,Mass
CUST15536,Delhi NCR,North,Low,627.0,Premium
CUST15537,Bangalore,South,High,825.0,Mass
CUST15538,Bangalore,South,Low,642.0,Affluent
CUST15539,Kolkata,East,Medium,696.0,Mass
CUST15540,Hyderabad,South,Low,563.0,Mass
CUST15541,Bangalore,South,High,771.0,Mass
CUST15542,Delhi NCR,North,Medium,717.0,Mass
CUST15543,Mumbai,West,Medium,697.0,Affluent
CUST15544,Hyderabad,South,High,823.0,Mass
CUST15545,Bangalore,South,Medium,763.0,Mass
CUST15546,Bangalore,South,Low,630.0,Mass
CUST15547,Kolkata,East,Medium,664.0,Mass
CUST15548,Pune,West,Medium,766.0,Affluent
CUST15549,Mumbai,West,Medium,726.0,Premium
CUST15550,Hyderabad,South,Low,584.0,Affluent
CUST15551,Hyderabad,South,Low,633.0,Affluent
CUST15552,Delhi NCR,North,Medium,714.0,Mass
CUST15553,Hyderabad,South,Low,569.0,Affluent
CUST15554,Pune,West,Medium,775.0,Mass
CUST15555,Delhi NCR,North,High,731.0,Mass
CUST15556,Mumbai,West,High,840.0,Premium
CUST15557,Hyderabad,South,Medium,661.0,Premium
CUST15558,Mumbai,West,Low,715.0,Mass
CUST15559,Delhi NCR,North,Medium,683.0,Mass
CUST15560,Delhi NCR,North,Medium,737.0,Mass
CUST15561,Bangalore,South,Low,629.0,Mass
CUST15562,Mumbai,West,Low,636.0,Mass
CUST15563,Pune,West,Medium,677.0,Mass
CUST15564,Delhi NCR,North,Medium,693.0,Affluent
CUST15565,Bangalore,South,Low,556.0,Affluent
CUST15566,Kolkata,East,Low,598.0,Mass
CUST15567,Kolkata,East,Medium,739.0,Mass
CUST15568,Delhi NCR,North,Low,663.0,Mass
CUST15569,Hyderabad,South,Low,693.0,Affluent
CUST15570,Delhi NCR,North,Medium,732.0,Affluent
CUST15571,Mumbai,West,High,765.0,Affluent
CUST15572,Hyderabad,South,Low,673.0,Premium
CUST15573,Bangalore,South,Medium,665.0,Mass
CUST15574,Pune,West,Medium,675.0,Mass
CUST15575,Bangalore,South,Medium,753.0,Affluent
CUST15576,Mumbai,West,Low,680.0,Affluent
CUST15577,Kolkata,East,High,794.0,Premium
CUST15578,Hyderabad,South,Low,555.0,Affluent
CUST15579,Hyderabad,South,Medium,679.0,Affluent
CUST15580,Kolkata,East,Medium,770.0,Mass
CUST15581,Mumbai,West,Low,565.0,Mass
CUST15582,Hyderabad,South,Low,718.0,Mass
CUST15583,Hyderabad,South,Low,707.0,Mass
CUST15584,Mumbai,West,High,839.0,Mass
CUST15585,Kolkata,East,Low,598.0,Premium
CUST15586,Kolkata,East,Low,667.0,Affluent
CUST15587,Hyderabad,South,Medium,698.0,Mass
CUST15588,Pune,West,Medium,669.0,Mass
CUST15589,Pune,West,Medium,737.0,Affluent
CUST15590,Delhi NCR,North,Medium,696.0,Mass
CUST15591,Kolkata,East,Medium,708.0,Premium
CUST15592,Kolkata,East,Medium,776.0,Mass
CUST15593,Delhi NCR,North,Low,557.0,Mass
CUST15594,Bangalore,South,High,769.0,Mass
CUST15595,Delhi NCR,North,Medium,756.0,Premium
CUST15596,Pune,West,Medium,729.0,Premium
CUST15597,Pune,West,Low,617.0,Affluent
CUST15598,Delhi NCR,North,High,723.0,Affluent
CUST15599,Mumbai,West,High,819.0,Affluent
CUST15600,Bangalore,South,Medium,698.0,Mass
CUST15601,Delhi NCR,North,Low,567.0,Mass
CUST15602,Kolkata,East,Low,573.0,Affluent
CUST15603,Mumbai,West,High,792.0,Mass
CUST15604,Hyderabad,South,Medium,774.0,Affluent
CUST15605,Delhi NCR,North,Low,710.0,Mass
CUST15606,Bangalore,South,Low,567.0,Affluent
CUST15607,Hyderabad,South,High,765.0,Affluent
CUST15608,Bangalore,South,Low,698.0,Mass
CUST15609,Hyderabad,South,Medium,771.0,Mass
CUST15610,Pune,West,Medium,768.0,Premium
CUST15611,Bangalore,South,Low,602.0,Mass
CUST15612,Pune,West,Low,648.0,Affluent
CUST15613,Kolkata,East,High,834.0,Mass
CUST15614,Delhi NCR,North,Medium,750.0,Mass
CUST15615,Kolkata,East,High,804.0,Mass
CUST15616,Bangalore,South,Low,596.0,Premium
CUST15617,Hyderabad,South,Low,576.0,Affluent
CUST15618,Bangalore,South,High,753.0,Premium
CUST15619,Delhi NCR,North,Medium,688.0,Mass
CUST15620,Delhi NCR,North,Low,668.0,Mass
CUST15621,Mumbai,West,Low,560.0,Mass
CUST15622,Delhi NCR,North,Medium,654.0,Mass
CUST15623,Hyderabad,South,Low,558.0,Mass
CUST15624,Hyderabad,South,Low,620.0,Mass
CUST15625,Bangalore,South,Low,579.0,Mass
CUST15626,Kolkata,East,Medium,687.0,Affluent
CUST15627,Kolkata,East,Medium,748.0,Mass
CUST15628,Hyderabad,South,Medium,747.0,Mass
CUST15629,Mumbai,West,Medium,758.0,Mass
CUST15630,Delhi NCR,North,High,832.0,Affluent
CUST15631,Hyderabad,South,Medium,750.0,Mass
CUST15632,Pune,West,Low,564.0,Mass
CUST15633,Hyderabad,South,Medium,731.0,Affluent
CUST15634,Delhi NCR,North,High,804.0,Mass
CUST15635,Delhi NCR,North,Low,635.0,Affluent
CUST15636,Hyderabad,South,High,806.0,Mass
CUST15637,Kolkata,East,Medium,718.0,Mass
CUST15638,Mumbai,West,Low,583.0,Premium
CUST15639,Kolkata,East,Low,683.0,Mass
CUST15640,Mumbai,West,Low,604.0,Mass
CUST15641,Kolkata,East,Medium,696.0,Mass
CUST15642,Bangalore,South,Medium,741.0,Mass
CUST15643,Bangalore,South,High,848.0,Mass
CUST15644,Bangalore,South,Low,635.0,Mass
CUST15645,Kolkata,East,Medium,661.0,Affluent
CUST15646,Hyderabad,South,Medium,771.0,Mass
CUST15647,Kolkata,East,Medium,723.0,Premium
CUST15648,Kolkata,East,Medium,727.0,Mass
CUST15649,Bangalore,South,High,757.0,Mass
CUST15650,Hyderabad,South,Medium,743.0,Premium
CUST15651,Kolkata,East,Low,714.0,Mass
CUST15652,Delhi NCR,North,Low,696.0,Mass
CUST15653,Kolkata,East,Low,677.0,Premium
CUST15654,Hyderabad,South,Medium,778.0,Mass
CUST15655,Mumbai,West,Low,698.0,Mass
CUST15656,Delhi NCR,North,Low,669.0,Premium
CUST15657,Hyderabad,South,Low,676.0,Mass
CUST15658,Kolkata,East,Low,628.0,Mass
CUST15659,Mumbai,West,Medium,764.0,Mass
CUST15660,Kolkata,East,Medium,686.0,Affluent
CUST15661,Bangalore,South,Low,641.0,Mass
CUST15662,Kolkata,East,Medium,716.0,Mass
CUST15663,Pune,West,Medium,727.0,Affluent
CUST15664,Mumbai,West,Medium,695.0,Mass
CUST15665,Delhi NCR,North,Low,578.0,Affluent
CUST15666,Mumbai,West,Medium,733.0,Affluent
CUST15667,Bangalore,South,Medium,739.0,Mass
CUST15668,Mumbai,West,Low,654.0,Mass
CUST15669,Pune,West,Low,568.0,Affluent
CUST15670,Hyderabad,South,High,720.0,Mass
CUST15671,Hyderabad,South,Low,674.0,Affluent
CUST15672,Pune,West,Medium,709.0,Affluent
CUST15673,Mumbai,West,High,805.0,Affluent
CUST15674,Mumbai,West,Medium,750.0,Affluent
CUST15675,Mumbai,West,Medium,694.0,Affluent
CUST15676,Mumbai,West,Low,595.0,Mass
CUST15677,Pune,West,Medium,727.0,Mass
CUST15678,Mumbai,West,Low,692.0,Mass
CUST15679,Bangalore,South,High,772.0,Premium
CUST15680,Pune,West,Medium,667.0,Mass
CUST15681,Bangalore,South,Low,571.0,Affluent
CUST15682,Delhi NCR,North,Medium,671.0,Mass
CUST15683,Delhi NCR,North,Medium,758.0,Mass
CUST15684,Hyderabad,South,Medium,725.0,Mass
CUST15685,Hyderabad,South,High,848.0,Premium
CUST15686,Pune,West,Low,588.0,Mass
CUST15687,Mumbai,West,Medium,674.0,Mass
CUST15688,Hyderabad,South,Medium,671.0,Mass
CUST15689,Kolkata,East,High,720.0,Affluent
CUST15690,Pune,West,Medium,658.0,Premium
CUST15691,Mumbai,West,Medium,770.0,Mass
CUST15692,Mumbai,West,Medium,771.0,Affluent
CUST15693,Pune,West,High,753.0,Affluent
CUST15694,Bangalore,South,Medium,709.0,Mass
CUST15695,Mumbai,West,Low,649.0,Affluent
CUST15696,Bangalore,South,Low,680.0,Affluent
CUST15697,Kolkata,East,Medium,717.0,Mass
CUST15698,Pune,West,Low,696.0,Mass
CUST15699,Hyderabad,South,High,834.0,Affluent
CUST15700,Pune,West,High,758.0,Mass
CUST15701,Delhi NCR,North,Medium,692.0,Mass
CUST15702,Kolkata,East,Low,609.0,Mass
CUST15703,Delhi NCR,North,Low,650.0,Mass
CUST15704,Mumbai,West,Medium,723.0,Affluent
CUST15705,Hyderabad,South,Low,588.0,Mass
CUST15706,Hyderabad,South,Low,643.0,Mass
CUST15707,Pune,West,Medium,692.0,Affluent
CUST15708,Hyderabad,South,Low,659.0,Affluent
CUST15709,Pune,West,Medium,706.0,Mass
CUST15710,Pune,West,Medium,668.0,Affluent
CUST15711,Delhi NCR,North,Medium,662.0,Mass
CUST15712,Delhi NCR,North,Low,571.0,Mass
CUST15713,Kolkata,East,Medium,662.0,Mass
CUST15714,Bangalore,South,Medium,687.0,Mass
CUST15715,Bangalore,South,Low,656.0,Mass
CUST15716,Bangalore,South,Low,651.0,Mass
CUST15717,Mumbai,West,Low,556.0,Mass
CUST15718,Pune,West,Low,668.0,Mass
CUST15719,Hyderabad,South,High,722.0,Premium
CUST15720,Bangalore,South,Medium,705.0,Mass
CUST15721,Kolkata,East,Medium,703.0,Affluent
CUST15722,Hyderabad,South,Low,704.0,Mass
CUST15723,Delhi NCR,North,Medium,697.0,Affluent
CUST15724,Bangalore,South,Medium,715.0,Mass
CUST15725,Delhi NCR,North,Medium,668.0,Mass
CUST15726,Delhi NCR,North,High,825.0,Affluent
CUST15727,Mumbai,West,Low,587.0,Affluent
CUST15728,Hyderabad,South,High,838.0,Mass
CUST15729,Hyderabad,South,Medium,723.0,Affluent
CUST15730,Pune,West,High,738.0,Affluent
CUST15731,Kolkata,East,Low,654.0,Affluent
CUST15732,Pune,West,Medium,767.0,Mass
CUST15733,Bangalore,South,Medium,652.0,Mass
CUST15734,Bangalore,South,High,840.0,Mass
CUST15735,Delhi NCR,North,Low,650.0,Affluent
CUST15736,Kolkata,East,High,727.0,Mass
CUST15737,Hyderabad,South,High,739.0,Mass
CUST15738,Hyderabad,South,Low,599.0,Mass
CUST15739,Pune,West,High,827.0,Affluent
CUST15740,Bangalore,South,Low,636.0,Mass
CUST15741,Bangalore,South,Low,678.0,Affluent
CUST15742,Mumbai,West,Medium,726.0,Mass
CUST15743,Hyderabad,South,Medium,757.0,Mass
CUST15744,Kolkata,East,Low,554.0,Mass
CUST15745,Pune,West,Low,647.0,Mass
CUST15746,Delhi NCR,North,Medium,745.0,Mass
CUST15747,Delhi NCR,North,Medium,770.0,Mass
CUST15748,Kolkata,East,Medium,685.0,Premium
CUST15749,Delhi NCR,North,Low,643.0,Affluent
CUST15750,Pune,West,High,724.0,Mass
CUST15751,Bangalore,South,Low,656.0,Affluent
CUST15752,Delhi NCR,North,Medium,743.0,Mass
CUST15753,Delhi NCR,North,Low,636.0,Affluent
CUST15754,Mumbai,West,Low,572.0,Affluent
CUST15755,Pune,West,Medium,752.0,Mass
CUST15756,Pune,West,Low,645.0,Mass
CUST15757,Kolkata,East,Medium,690.0,Mass
CUST15758,Pune,West,Low,717.0,Mass
CUST15759,Kolkata,East,Low,710.0,Premium
CUST15760,Kolkata,East,Low,645.0,Mass
CUST15761,Hyderabad,South,Low,655.0,Mass
CUST15762,Kolkata,East,Medium,661.0,Mass
CUST15763,Delhi NCR,North,High,766.0,Affluent
CUST15764,Kolkata,East,High,849.0,Mass
CUST15765,Kolkata,East,Low,661.0,Mass
CUST15766,Pune,West,Medium,773.0,Affluent
CUST15767,Kolkata,East,Low,643.0,Affluent
CUST15768,Bangalore,South,Medium,698.0,Mass
CUST15769,Hyderabad,South,High,737.0,Affluent
CUST15770,Bangalore,South,Low,646.0,Mass
CUST15771,Hyderabad,South,Medium,728.0,Affluent
CUST15772,Bangalore,South,Medium,722.0,Mass
CUST15773,Delhi NCR,North,Low,586.0,Mass
CUST15774,Hyderabad,South,High,788.0,Mass
CUST15775,Bangalore,South,High,736.0,Mass
CUST15776,Mumbai,West,Medium,752.0,Premium
CUST15777,Kolkata,East,Medium,650.0,Affluent
CUST15778,Kolkata,East,High,734.0,Mass
CUST15779,Bangalore,South,Medium,759.0,Mass
CUST15780,Hyderabad,South,Low,569.0,Affluent
CUST15781,Hyderabad,South,High,817.0,Mass
CUST15782,Mumbai,West,High,840.0,Mass
CUST15783,Delhi NCR,North,Low,688.0,Mass
CUST15784,Pune,West,Low,677.0,Mass
CUST15785,Pune,West,Medium,777.0,Mass
CUST15786,Delhi NCR,North,Low,707.0,Affluent
CUST15787,Hyderabad,South,Medium,728.0,Affluent
CUST15788,Hyderabad,South,High,759.0,Affluent
CUST15789,Mumbai,West,Medium,750.0,Affluent
CUST15790,Bangalore,South,Medium,718.0,Premium
CUST15791,Delhi NCR,North,High,795.0,Mass
CUST15792,Bangalore,South,High,725.0,Affluent
CUST15793,Pune,West,Low,577.0,Mass
CUST15794,Bangalore,South,Low,640.0,Affluent
CUST15795,Bangalore,South,High,836.0,Affluent
CUST15796,Delhi NCR,North,Medium,758.0,Mass
CUST15797,Pune,West,Medium,770.0,Premium
CUST15798,Pune,West,Low,658.0,Mass
CUST15799,Mumbai,West,Low,710.0,Mass
CUST15800,Delhi NCR,North,High,823.0,Affluent
CUST15801,Delhi NCR,North,Medium,722.0,Mass
CUST15802,Kolkata,East,Medium,765.0,Premium
CUST15803,Hyderabad,South,Medium,748.0,Affluent
CUST15804,Bangalore,South,Medium,777.0,Mass
CUST15805,Mumbai,West,Medium,773.0,Affluent
CUST15806,Bangalore,South,High,830.0,Mass
CUST15807,Mumbai,West,High,832.0,Mass
CUST15808,Pune,West,High,844.0,Mass
CUST15809,Bangalore,South,Medium,722.0,Mass
CUST15810,Bangalore,South,Low,580.0,Mass
CUST15811,Mumbai,West,Medium,696.0,Affluent
CUST15812,Hyderabad,South,Medium,757.0,Affluent
CUST15813,Hyderabad,South,Low,679.0,Affluent
CUST15814,Pune,West,High,774.0,Premium
CUST15815,Delhi NCR,North,High,773.0,Mass
CUST15816,Hyderabad,South,Low,682.0,Mass
CUST15817,Delhi NCR,North,Low,678.0,Mass
CUST15818,Mumbai,West,Medium,661.0,Affluent
CUST15819,Hyderabad,South,Medium,764.0,Affluent
CUST15820,Delhi NCR,North,Medium,744.0,Mass
CUST15821,Hyderabad,South,Medium,769.0,Affluent
CUST15822,Mumbai,West,Low,689.0,Affluent
CUST15823,Delhi NCR,North,High,785.0,Affluent
CUST15824,Pune,West,Low,647.0,Mass
CUST15825,Bangalore,South,Low,577.0,Mass
CUST15826,Bangalore,South,Low,650.0,Mass
CUST15827,Bangalore,South,High,771.0,Mass
CUST15828,Mumbai,West,Low,670.0,Mass
CUST15829,Pune,West,Medium,735.0,Affluent
CUST15830,Kolkata,East,Low,582.0,Mass
CUST15831,Pune,West,High,818.0,Mass
CUST15832,Bangalore,South,Medium,772.0,Affluent
CUST15833,Pune,West,Medium,726.0,Affluent
CUST15834,Bangalore,South,Low,679.0,Mass
CUST15835,Pune,West,High,793.0,Mass
CUST15836,Delhi NCR,North,Low,690.0,Mass
CUST15837,Hyderabad,South,High,847.0,Mass
CUST15838,Mumbai,West,Low,656.0,Affluent
CUST15839,Kolkata,East,High,727.0,Affluent
CUST15840,Pune,West,High,750.0,Affluent
CUST15841,Hyderabad,South,Medium,670.0,Mass
CUST15842,Hyderabad,South,Medium,660.0,Mass
CUST15843,Bangalore,South,Low,607.0,Mass
CUST15844,Hyderabad,South,High,720.0,Affluent
CUST15845,Pune,West,Medium,674.0,Affluent
CUST15846,Hyderabad,South,Medium,676.0,Mass
CUST15847,Delhi NCR,North,Medium,691.0,Mass
CUST15848,Delhi NCR,North,Medium,659.0,Mass
CUST15849,Kolkata,East,Low,557.0,Mass
CUST15850,Delhi NCR,North,Low,643.0,Affluent
CUST15851,Mumbai,West,High,780.0,Premium
CUST15852,Kolkata,East,Medium,699.0,Mass
CUST15853,Bangalore,South,Medium,718.0,Mass
CUST15854,Hyderabad,South,Low,692.0,Affluent
CUST15855,Delhi NCR,North,Low,553.0,Mass
CUST15856,Pune,West,Medium,727.0,Affluent
CUST15857,Delhi NCR,North,Low,578.0,Mass
CUST15858,Pune,West,High,816.0,Affluent
CUST15859,Hyderabad,South,High,821.0,Mass
CUST15860,Delhi NCR,North,Low,610.0,Mass
CUST15861,Kolkata,East,High,722.0,Affluent
CUST15862,Mumbai,West,High,843.0,Premium
CUST15863,Hyderabad,South,Low,584.0,Affluent
CUST15864,Mumbai,West,Low,678.0,Affluent
CUST15865,Pune,West,Low,588.0,Mass
CUST15866,Hyderabad,South,Medium,734.0,Affluent
CUST15867,Pune,West,Low,607.0,Mass
CUST15868,Kolkata,East,Medium,665.0,Premium
CUST15869,Kolkata,East,Low,680.0,Mass
CUST15870,Mumbai,West,Low,597.0,Affluent
CUST15871,Kolkata,East,High,782.0,Affluent
CUST15872,Mumbai,West,Low,558.0,Affluent
CUST15873,Mumbai,West,High,735.0,Mass
CUST15874,Bangalore,South,Low,570.0,Mass
CUST15875,Kolkata,East,Medium,755.0,Mass
CUST15876,Hyderabad,South,High,747.0,Mass
CUST15877,Delhi NCR,North,Medium,656.0,Premium
CUST15878,Pune,West,Low,629.0,Affluent
CUST15879,Mumbai,West,Low,695.0,Premium
CUST15880,Bangalore,South,High,767.0,Mass
CUST15881,Delhi NCR,North,Low,619.0,Mass
CUST15882,Bangalore,South,Medium,752.0,Mass
CUST15883,Hyderabad,South,High,808.0,Premium
CUST15884,Kolkata,East,Medium,684.0,Affluent
CUST15885,Mumbai,West,High,818.0,Mass
CUST15886,Pune,West,Medium,748.0,Affluent
CUST15887,Mumbai,West,Medium,693.0,Affluent
CUST15888,Bangalore,South,High,750.0,Mass
CUST15889,Bangalore,South,Low,579.0,Affluent
CUST15890,Pune,West,Medium,746.0,Mass
CUST15891,Pune,West,Low,681.0,Mass
CUST15892,Delhi NCR,North,Low,691.0,Affluent
CUST15893,Hyderabad,South,Low,681.0,Premium
CUST15894,Mumbai,West,Medium,701.0,Premium
CUST15895,Bangalore,South,Low,628.0,Mass
CUST15896,Hyderabad,South,High,787.0,Mass
CUST15897,Delhi NCR,North,High,811.0,Affluent
CUST15898,Hyderabad,South,Low,643.0,Mass
CUST15899,Kolkata,East,Medium,730.0,Mass
CUST15900,Hyderabad,South,Low,672.0,Affluent
CUST15901,Pune,West,Medium,650.0,Mass
CUST15902,Pune,West,Low,697.0,Mass
CUST15903,Pune,West,Medium,668.0,Affluent
CUST15904,Mumbai,West,Medium,671.0,Mass
CUST15905,Pune,West,High,766.0,Mass
CUST15906,Pune,West,Medium,775.0,Mass
CUST15907,Mumbai,West,Low,596.0,Affluent
CUST15908,Hyderabad,South,Low,624.0,Mass
CUST15909,Mumbai,West,Low,591.0,Mass
CUST15910,Mumbai,West,Low,690.0,Mass
CUST15911,Delhi NCR,North,High,742.0,Mass
CUST15912,Bangalore,South,Medium,710.0,Affluent
CUST15913,Kolkata,East,High,737.0,Affluent
CUST15914,Bangalore,South,High,743.0,Mass
CUST15915,Pune,West,Low,702.0,Affluent
CUST15916,Delhi NCR,North,Low,609.0,Mass
CUST15917,Mumbai,West,Low,695.0,Mass
CUST15918,Kolkata,East,Medium,765.0,Affluent
CUST15919,Hyderabad,South,Low,560.0,Premium
CUST15920,Bangalore,South,Low,670.0,Mass
CUST15921,Pune,West,Low,700.0,Affluent
CUST15922,Mumbai,West,Low,667.0,Premium
CUST15923,Kolkata,East,Medium,767.0,Mass
CUST15924,Hyderabad,South,Medium,768.0,Affluent
CUST15925,Kolkata,East,Medium,712.0,Mass
CUST15926,Kolkata,East,Medium,732.0,Mass
CUST15927,Bangalore,South,High,837.0,Mass
CUST15928,Pune,West,Medium,735.0,Mass
CUST15929,Pune,West,Low,614.0,Mass
CUST15930,Bangalore,South,High,772.0,Affluent
CUST15931,Bangalore,South,Low,692.0,Mass
CUST15932,Pune,West,Medium,734.0,Mass
CUST15933,Mumbai,West,Low,588.0,Mass
CUST15934,Pune,West,High,720.0,Mass
CUST15935,Kolkata,East,Medium,733.0,Mass
CUST15936,Delhi NCR,North,Low,711.0,Affluent
CUST15937,Pune,West,Medium,751.0,Mass
CUST15938,Pune,West,Low,584.0,Affluent
CUST15939,Bangalore,South,Low,677.0,Affluent
CUST15940,Bangalore,South,Low,690.0,Mass
CUST15941,Mumbai,West,Medium,707.0,Affluent
CUST15942,Bangalore,South,Low,684.0,Mass
CUST15943,Mumbai,West,High,722.0,Affluent
CUST15944,Pune,West,High,758.0,Affluent
CUST15945,Mumbai,West,High,842.0,Mass
CUST15946,Bangalore,South,Medium,701.0,Mass
CUST15947,Mumbai,West,Medium,738.0,Affluent
CUST15948,Pune,West,Medium,679.0,Mass
CUST15949,Pune,West,Medium,719.0,Mass
CUST15950,Bangalore,South,Low,646.0,Mass
CUST15951,Bangalore,South,High,781.0,Affluent
CUST15952,Pune,West,Low,658.0,Affluent
CUST15953,Mumbai,West,High,723.0,Premium
CUST15954,Mumbai,West,Medium,725.0,Mass
CUST15955,Delhi NCR,North,High,824.0,Mass
CUST15956,Hyderabad,South,Low,647.0,Mass
CUST15957,Pune,West,High,795.0,Affluent
CUST15958,Hyderabad,South,High,726.0,Affluent
CUST15959,Kolkata,East,Medium,702.0,Mass
CUST15960,Delhi NCR,North,Medium,734.0,Premium
CUST15961,Pune,West,Medium,742.0,Affluent
CUST15962,Mumbai,West,Low,654.0,Mass
CUST15963,Pune,West,Medium,700.0,Premium
CUST15964,Delhi NCR,North,Low,695.0,Mass
CUST15965,Delhi NCR,North,Low,707.0,Mass
CUST15966,Hyderabad,South,Medium,777.0,Affluent
CUST15967,Hyderabad,South,Medium,663.0,Mass
CUST15968,Bangalore,South,Low,677.0,Mass
CUST15969,Mumbai,West,Medium,719.0,Mass
CUST15970,Delhi NCR,North,Medium,746.0,Mass
CUST15971,Pune,West,Medium,722.0,Mass
CUST15972,Bangalore,South,Low,703.0,Mass
CUST15973,Delhi NCR,North,Medium,702.0,Mass
CUST15974,Bangalore,South,Medium,752.0,Premium
CUST15975,Bangalore,South,Medium,728.0,Affluent
CUST15976,Mumbai,West,Medium,726.0,Mass
CUST15977,Delhi NCR,North,Low,598.0,Mass
CUST15978,Hyderabad,South,Medium,657.0,Mass
CUST15979,Mumbai,West,Low,688.0,Affluent
CUST15980,Hyderabad,South,Low,695.0,Affluent
CUST15981,Kolkata,East,Medium,692.0,Affluent
CUST15982,Mumbai,West,Medium,759.0,Affluent
CUST15983,Pune,West,Medium,692.0,Mass
CUST15984,Pune,West,Low,581.0,Mass
CUST15985,Hyderabad,South,Medium,759.0,Mass
CUST15986,Mumbai,West,Medium,712.0,Affluent
CUST15987,Pune,West,High,830.0,Affluent
CUST15988,Pune,West,Low,655.0,Mass
CUST15989,Kolkata,East,Low,642.0,Mass
CUST15990,Pune,West,High,799.0,Mass
CUST15991,Mumbai,West,Low,674.0,Mass
CUST15992,Delhi NCR,North,Low,580.0,Mass
CUST15993,Kolkata,East,Medium,767.0,Mass
CUST15994,Bangalore,South,Low,592.0,Mass
CUST15995,Kolkata,East,Low,607.0,Mass
CUST15996,Delhi NCR,North,Medium,651.0,Affluent
CUST15997,Delhi NCR,North,Low,573.0,Mass
CUST15998,Hyderabad,South,Medium,677.0,Affluent
CUST15999,Mumbai,West,High,737.0,Mass
CUST16000,Delhi NCR,North,Low,568.0,Affluent
CUST16001,Mumbai,West,Low,554.0,Mass
CUST16002,Bangalore,South,High,787.0,Mass
CUST16003,Hyderabad,South,High,827.0,Affluent
CUST16004,Pune,West,Low,585.0,Mass
CUST16005,Delhi NCR,North,High,785.0,Mass
CUST16006,Hyderabad,South,Medium,765.0,Premium
CUST16007,Hyderabad,South,High,788.0,Mass
CUST16008,Delhi NCR,North,Low,620.0,Affluent
CUST16009,Bangalore,South,Medium,716.0,Affluent
CUST16010,Hyderabad,South,High,842.0,Premium
CUST16011,Delhi NCR,North,Low,560.0,Premium
CUST16012,Delhi NCR,North,Medium,675.0,Mass
CUST16013,Hyderabad,South,Medium,688.0,Affluent
CUST16014,Delhi NCR,North,Low,643.0,Affluent
CUST16015,Delhi NCR,North,Medium,680.0,Affluent
CUST16016,Delhi NCR,North,Medium,672.0,Affluent
CUST16017,Kolkata,East,Low,577.0,Affluent
CUST16018,Mumbai,West,Low,563.0,Mass
CUST16019,Hyderabad,South,Medium,776.0,Mass
CUST16020,Pune,West,Medium,748.0,Mass
CUST16021,Bangalore,South,Medium,710.0,Mass
CUST16022,Hyderabad,South,Low,616.0,Mass
CUST16023,Pune,West,Low,599.0,Affluent
CUST16024,Hyderabad,South,Medium,710.0,Mass
CUST16025,Bangalore,South,High,809.0,Affluent
CUST16026,Pune,West,Low,582.0,Affluent
CUST16027,Delhi NCR,North,Medium,726.0,Affluent
CUST16028,Hyderabad,South,Medium,659.0,Mass
CUST16029,Mumbai,West,Medium,650.0,Mass
CUST16030,Kolkata,East,High,759.0,Premium
CUST16031,Hyderabad,South,Low,692.0,Mass
CUST16032,Mumbai,West,Low,689.0,Mass
CUST16033,Bangalore,South,Medium,664.0,Premium
CUST16034,Mumbai,West,Low,704.0,Mass
CUST16035,Hyderabad,South,Low,614.0,Mass
CUST16036,Hyderabad,South,Medium,719.0,Mass
CUST16037,Kolkata,East,High,839.0,Premium
CUST16038,Hyderabad,South,Low,567.0,Mass
CUST16039,Delhi NCR,North,Low,570.0,Mass
CUST16040,Pune,West,Low,556.0,Mass
CUST16041,Bangalore,South,Low,556.0,Mass
CUST16042,Hyderabad,South,Medium,719.0,Mass
CUST16043,Delhi NCR,North,Low,577.0,Mass
CUST16044,Hyderabad,South,Low,701.0,Mass
CUST16045,Bangalore,South,Low,556.0,Mass
CUST16046,Kolkata,East,High,741.0,Mass
CUST16047,Pune,West,Medium,768.0,Affluent
CUST16048,Hyderabad,South,Medium,723.0,Mass
CUST16049,Mumbai,West,Medium,764.0,Mass
CUST16050,Delhi NCR,North,Low,666.0,Affluent
CUST16051,Delhi NCR,North,Low,604.0,Mass
CUST16052,Hyderabad,South,Medium,769.0,Mass
CUST16053,Bangalore,South,Medium,742.0,Mass
CUST16054,Delhi NCR,North,Medium,743.0,Affluent
CUST16055,Delhi NCR,North,Low,613.0,Mass
CUST16056,Bangalore,South,Low,696.0,Affluent
CUST16057,Bangalore,South,Low,624.0,Mass
CUST16058,Delhi NCR,North,Medium,711.0,Mass
CUST16059,Kolkata,East,Medium,710.0,Affluent
CUST16060,Mumbai,West,High,823.0,Mass
CUST16061,Pune,West,Low,716.0,Affluent
CUST16062,Mumbai,West,High,759.0,Mass
CUST16063,Bangalore,South,Medium,662.0,Affluent
CUST16064,Kolkata,East,High,769.0,Mass
CUST16065,Delhi NCR,North,Medium,774.0,Mass
CUST16066,Kolkata,East,Medium,741.0,Mass
CUST16067,Mumbai,West,Medium,759.0,Mass
CUST16068,Delhi NCR,North,Medium,735.0,Mass
CUST16069,Bangalore,South,Low,719.0,Affluent
CUST16070,Pune,West,Low,649.0,Premium
CUST16071,Bangalore,South,Low,615.0,Mass
CUST16072,Hyderabad,South,Medium,665.0,Mass
CUST16073,Kolkata,East,Medium,751.0,Premium
CUST16074,Kolkata,East,Low,640.0,Mass
CUST16075,Mumbai,West,High,798.0,Mass
CUST16076,Mumbai,West,Low,617.0,Mass
CUST16077,Pune,West,Medium,720.0,Mass
CUST16078,Delhi NCR,North,High,725.0,Mass
CUST16079,Delhi NCR,North,Medium,712.0,Mass
CUST16080,Hyderabad,South,Medium,689.0,Mass
CUST16081,Mumbai,West,Low,626.0,Mass
CUST16082,Kolkata,East,Medium,723.0,Affluent
CUST16083,Hyderabad,South,Low,628.0,Mass
CUST16084,Pune,West,Medium,758.0,Mass
CUST16085,Hyderabad,South,High,770.0,Premium
CUST16086,Bangalore,South,Medium,663.0,Mass
CUST16087,Bangalore,South,Medium,698.0,Mass
CUST16088,Pune,West,Medium,736.0,Mass
CUST16089,Pune,West,Low,597.0,Mass
CUST16090,Delhi NCR,North,Low,710.0,Affluent
CUST16091,Delhi NCR,North,Low,569.0,Mass
CUST16092,Pune,West,Low,560.0,Mass
CUST16093,Delhi NCR,North,Medium,656.0,Mass
CUST16094,Mumbai,West,High,744.0,Affluent
CUST16095,Kolkata,East,Medium,765.0,Mass
CUST16096,Mumbai,West,Medium,748.0,Mass
CUST16097,Hyderabad,South,Medium,701.0,Mass
CUST16098,Delhi NCR,North,High,728.0,Mass
CUST16099,Kolkata,East,Medium,666.0,Mass
CUST16100,Pune,West,Low,625.0,Mass
CUST16101,Kolkata,East,Medium,718.0,Mass
CUST16102,Mumbai,West,Low,702.0,Mass
CUST16103,Delhi NCR,North,Low,682.0,Premium
CUST16104,Kolkata,East,Medium,712.0,Mass
CUST16105,Kolkata,East,High,801.0,Mass
CUST16106,Delhi NCR,North,High,814.0,Mass
CUST16107,Pune,West,Medium,736.0,Mass
CUST16108,Delhi NCR,North,Medium,722.0,Mass
CUST16109,Kolkata,East,Medium,659.0,Affluent
CUST16110,Delhi NCR,North,Low,591.0,Mass
CUST16111,Mumbai,West,Low,584.0,Affluent
CUST16112,Hyderabad,South,Medium,752.0,Premium
CUST16113,Mumbai,West,High,849.0,Mass
CUST16114,Bangalore,South,Low,640.0,Mass
CUST16115,Mumbai,West,Low,573.0,Affluent
CUST16116,Pune,West,High,816.0,Mass
CUST16117,Mumbai,West,Low,657.0,Mass
CUST16118,Delhi NCR,North,Low,676.0,Mass
CUST16119,Hyderabad,South,Medium,715.0,Mass
CUST16120,Pune,West,Medium,654.0,Mass
CUST16121,Kolkata,East,Low,595.0,Affluent
CUST16122,Pune,West,High,746.0,Affluent
CUST16123,Delhi NCR,North,High,842.0,Affluent
CUST16124,Bangalore,South,High,811.0,Premium
CUST16125,Hyderabad,South,Low,675.0,Mass
CUST16126,Bangalore,South,Medium,775.0,Mass
CUST16127,Kolkata,East,High,779.0,Mass
CUST16128,Hyderabad,South,Low,638.0,Mass
CUST16129,Hyderabad,South,Low,600.0,Mass
CUST16130,Bangalore,South,Low,691.0,Mass
CUST16131,Kolkata,East,Low,557.0,Mass
CUST16132,Mumbai,West,Low,568.0,Mass
CUST16133,Delhi NCR,North,Medium,657.0,Mass
CUST16134,Hyderabad,South,High,754.0,Premium
CUST16135,Bangalore,South,Medium,770.0,Mass
CUST16136,Kolkata,East,Medium,674.0,Mass
CUST16137,Delhi NCR,North,Medium,723.0,Mass
CUST16138,Delhi NCR,North,Low,594.0,Premium
CUST16139,Hyderabad,South,Low,711.0,Premium
CUST16140,Delhi NCR,North,Low,615.0,Affluent
CUST16141,Mumbai,West,Medium,771.0,Affluent
CUST16142,Kolkata,East,Medium,672.0,Affluent
CUST16143,Delhi NCR,North,Medium,667.0,Mass
CUST16144,Pune,West,Medium,778.0,Premium
CUST16145,Pune,West,Medium,669.0,Mass
CUST16146,Pune,West,Low,685.0,Affluent
CUST16147,Pune,West,High,798.0,Mass
CUST16148,Mumbai,West,Low,638.0,Affluent
CUST16149,Mumbai,West,Medium,704.0,Mass
CUST16150,Delhi NCR,North,High,842.0,Affluent
CUST16151,Mumbai,West,Low,591.0,Premium
CUST16152,Pune,West,Low,701.0,Mass
CUST16153,Kolkata,East,Low,565.0,Mass
CUST16154,Bangalore,South,Medium,709.0,Affluent
CUST16155,Bangalore,South,Low,649.0,Mass
CUST16156,Delhi NCR,North,High,786.0,Mass
CUST16157,Hyderabad,South,Low,636.0,Mass
CUST16158,Kolkata,East,Low,553.0,Mass
CUST16159,Mumbai,West,High,762.0,Mass
CUST16160,Pune,West,Low,685.0,Affluent
CUST16161,Mumbai,West,Low,640.0,Affluent
CUST16162,Kolkata,East,Medium,758.0,Mass
CUST16163,Pune,West,Medium,658.0,Mass
CUST16164,Kolkata,East,Medium,709.0,Premium
CUST16165,Delhi NCR,North,Low,568.0,Mass
CUST16166,Delhi NCR,North,Medium,692.0,Mass
CUST16167,Delhi NCR,North,Low,623.0,Mass
CUST16168,Bangalore,South,Medium,770.0,Mass
CUST16169,Hyderabad,South,Medium,672.0,Mass
CUST16170,Pune,West,Low,670.0,Mass
CUST16171,Mumbai,West,High,850.0,Mass
CUST16172,Mumbai,West,Low,607.0,Mass
CUST16173,Hyderabad,South,Low,637.0,Premium
CUST16174,Pune,West,Low,645.0,Affluent
CUST16175,Pune,West,Low,609.0,Premium
CUST16176,Pune,West,Low,636.0,Mass
CUST16177,Pune,West,High,836.0,Affluent
CUST16178,Hyderabad,South,Low,645.0,Mass
CUST16179,Pune,West,Medium,740.0,Mass
CUST16180,Bangalore,South,Medium,762.0,Premium
CUST16181,Delhi NCR,North,Medium,689.0,Mass
CUST16182,Mumbai,West,Medium,679.0,Mass
CUST16183,Hyderabad,South,High,843.0,Mass
CUST16184,Delhi NCR,North,High,752.0,Mass
CUST16185,Kolkata,East,High,792.0,Affluent
CUST16186,Bangalore,South,Low,653.0,Mass
CUST16187,Pune,West,High,792.0,Mass
CUST16188,Bangalore,South,High,723.0,Mass
CUST16189,Bangalore,South,Low,682.0,Mass
CUST16190,Bangalore,South,Medium,653.0,Mass
CUST16191,Pune,West,Medium,690.0,Mass
CUST16192,Mumbai,West,Medium,751.0,Affluent
CUST16193,Pune,West,Low,559.0,Affluent
CUST16194,Pune,West,Medium,759.0,Mass
CUST16195,Bangalore,South,Medium,707.0,Affluent
CUST16196,Mumbai,West,Low,555.0,Affluent
CUST16197,Pune,West,High,739.0,Mass
CUST16198,Bangalore,South,Medium,680.0,Mass
CUST16199,Hyderabad,South,High,802.0,Mass
CUST16200,Hyderabad,South,Medium,760.0,Affluent
CUST16201,Hyderabad,South,Medium,734.0,Affluent
CUST16202,Mumbai,West,Medium,655.0,Mass
CUST16203,Delhi NCR,North,High,814.0,Premium
CUST16204,Delhi NCR,North,Medium,726.0,Mass
CUST16205,Mumbai,West,Low,623.0,Affluent
CUST16206,Pune,West,Low,554.0,Mass
CUST16207,Hyderabad,South,Medium,737.0,Mass
CUST16208,Mumbai,West,Low,573.0,Mass
CUST16209,Mumbai,West,Low,675.0,Affluent
CUST16210,Kolkata,East,Medium,664.0,Mass
CUST16211,Kolkata,East,Medium,714.0,Mass
CUST16212,Kolkata,East,High,835.0,Affluent
CUST16213,Bangalore,South,Medium,747.0,Mass
CUST16214,Kolkata,East,Low,599.0,Mass
CUST16215,Mumbai,West,High,793.0,Premium
CUST16216,Delhi NCR,North,Medium,747.0,Mass
CUST16217,Kolkata,East,Medium,706.0,Mass
CUST16218,Pune,West,Medium,768.0,Affluent
CUST16219,Mumbai,West,Low,624.0,Mass
CUST16220,Bangalore,South,Low,619.0,Mass
CUST16221,Pune,West,High,833.0,Mass
CUST16222,Kolkata,East,Medium,661.0,Premium
CUST16223,Delhi NCR,North,Medium,769.0,Premium
CUST16224,Hyderabad,South,High,720.0,Mass
CUST16225,Kolkata,East,Low,597.0,Affluent
CUST16226,Pune,West,High,761.0,Mass
CUST16227,Delhi NCR,North,Low,641.0,Premium
CUST16228,Delhi NCR,North,Medium,651.0,Mass
CUST16229,Pune,West,Medium,701.0,Affluent
CUST16230,Delhi NCR,North,Medium,684.0,Mass
CUST16231,Mumbai,West,Medium,720.0,Mass
CUST16232,Kolkata,East,Medium,777.0,Mass
CUST16233,Delhi NCR,North,High,802.0,Mass
CUST16234,Pune,West,Low,645.0,Affluent
CUST16235,Pune,West,High,772.0,Premium
CUST16236,Mumbai,West,Medium,685.0,Mass
CUST16237,Kolkata,East,Low,663.0,Mass
CUST16238,Mumbai,West,Low,657.0,Mass
CUST16239,Hyderabad,South,Low,664.0,Mass
CUST16240,Pune,West,Medium,667.0,Mass
CUST16241,Hyderabad,South,High,774.0,Affluent
CUST16242,Hyderabad,South,Medium,657.0,Mass
CUST16243,Mumbai,West,Low,587.0,Premium
CUST16244,Mumbai,West,Low,687.0,Affluent
CUST16245,Kolkata,East,Medium,763.0,Premium
CUST16246,Kolkata,East,High,720.0,Affluent
CUST16247,Kolkata,East,High,729.0,Mass
CUST16248,Mumbai,West,Low,626.0,Mass
CUST16249,Pune,West,Low,613.0,Mass
CUST16250,Mumbai,West,Low,708.0,Premium
CUST16251,Kolkata,East,Low,555.0,Mass
CUST16252,Delhi NCR,North,High,787.0,Mass
CUST16253,Mumbai,West,Low,637.0,Mass
CUST16254,Pune,West,Medium,656.0,Mass
CUST16255,Kolkata,East,Medium,681.0,Mass
CUST16256,Kolkata,East,Low,598.0,Affluent
CUST16257,Mumbai,West,High,775.0,Mass
CUST16258,Mumbai,West,High,798.0,Affluent
CUST16259,Bangalore,South,Low,690.0,Affluent
CUST16260,Delhi NCR,North,High,821.0,Affluent
CUST16261,Kolkata,East,Low,702.0,Mass
CUST16262,Hyderabad,South,Low,626.0,Mass
CUST16263,Hyderabad,South,Medium,689.0,Mass
CUST16264,Delhi NCR,North,Low,652.0,Affluent
CUST16265,Bangalore,South,Low,627.0,Mass
CUST16266,Hyderabad,South,Low,674.0,Mass
CUST16267,Bangalore,South,Low,689.0,Mass
CUST16268,Kolkata,East,High,733.0,Mass
CUST16269,Hyderabad,South,Medium,688.0,Mass
CUST16270,Bangalore,South,Low,660.0,Mass
CUST16271,Pune,West,Low,713.0,Mass
CUST16272,Bangalore,South,Medium,676.0,Premium
CUST16273,Mumbai,West,Medium,751.0,Mass
CUST16274,Delhi NCR,North,Medium,752.0,Mass
CUST16275,Kolkata,East,Medium,754.0,Affluent
CUST16276,Pune,West,Low,619.0,Mass
CUST16277,Hyderabad,South,Low,562.0,Mass
CUST16278,Hyderabad,South,Low,567.0,Affluent
CUST16279,Mumbai,West,High,785.0,Mass
CUST16280,Delhi NCR,North,Low,626.0,Mass
CUST16281,Mumbai,West,Medium,749.0,Affluent
CUST16282,Bangalore,South,Low,650.0,Mass
CUST16283,Pune,West,Low,594.0,Premium
CUST16284,Bangalore,South,Medium,685.0,Affluent
CUST16285,Hyderabad,South,Medium,775.0,Mass
CUST16286,Mumbai,West,Medium,718.0,Mass
CUST16287,Hyderabad,South,Low,622.0,Mass
CUST16288,Bangalore,South,Medium,669.0,Mass
CUST16289,Pune,West,Medium,722.0,Mass
CUST16290,Pune,West,Low,615.0,Affluent
CUST16291,Delhi NCR,North,High,726.0,Mass
CUST16292,Hyderabad,South,Medium,709.0,Affluent
CUST16293,Hyderabad,South,Medium,683.0,Affluent
CUST16294,Kolkata,East,Low,682.0,Mass
CUST16295,Delhi NCR,North,High,838.0,Mass
CUST16296,Mumbai,West,High,787.0,Mass
CUST16297,Delhi NCR,North,Low,720.0,Mass
CUST16298,Bangalore,South,Medium,682.0,Mass
CUST16299,Delhi NCR,North,Low,574.0,Mass
CUST16300,Hyderabad,South,Medium,657.0,Mass
CUST16301,Bangalore,South,High,812.0,Premium
CUST16302,Delhi NCR,North,Low,713.0,Mass
CUST16303,Bangalore,South,Medium,743.0,Affluent
CUST16304,Hyderabad,South,Low,605.0,Premium
CUST16305,Kolkata,East,Medium,660.0,Affluent
CUST16306,Mumbai,West,Low,648.0,Premium
CUST16307,Delhi NCR,North,Low,676.0,Premium
CUST16308,Bangalore,South,Medium,772.0,Affluent
CUST16309,Kolkata,East,Low,653.0,Mass
CUST16310,Hyderabad,South,Low,718.0,Mass
CUST16311,Hyderabad,South,Medium,762.0,Mass
CUST16312,Bangalore,South,High,776.0,Affluent
CUST16313,Bangalore,South,Medium,721.0,Mass
CUST16314,Mumbai,West,Low,586.0,Mass
CUST16315,Delhi NCR,North,Low,615.0,Premium
CUST16316,Pune,West,Low,622.0,Affluent
CUST16317,Pune,West,High,754.0,Affluent
CUST16318,Mumbai,West,Low,554.0,Mass
CUST16319,Bangalore,South,Medium,660.0,Mass
CUST16320,Mumbai,West,Low,708.0,Mass
CUST16321,Kolkata,East,Low,624.0,Mass
CUST16322,Hyderabad,South,Medium,671.0,Mass
CUST16323,Kolkata,East,High,810.0,Mass
CUST16324,Delhi NCR,North,Medium,658.0,Mass
CUST16325,Mumbai,West,Low,605.0,Premium
CUST16326,Bangalore,South,Low,677.0,Mass
CUST16327,Bangalore,South,Low,634.0,Premium
CUST16328,Mumbai,West,Medium,732.0,Premium
CUST16329,Bangalore,South,High,773.0,Mass
CUST16330,Hyderabad,South,High,796.0,Mass
CUST16331,Delhi NCR,North,High,731.0,Mass
CUST16332,Pune,West,Medium,732.0,Mass
CUST16333,Mumbai,West,High,745.0,Premium
CUST16334,Delhi NCR,North,Medium,674.0,Affluent
CUST16335,Bangalore,South,Low,697.0,Mass
CUST16336,Kolkata,East,High,764.0,Affluent
CUST16337,Bangalore,South,Low,578.0,Affluent
CUST16338,Hyderabad,South,Low,605.0,Mass
CUST16339,Hyderabad,South,High,742.0,Mass
CUST16340,Mumbai,West,Medium,702.0,Affluent
CUST16341,Delhi NCR,North,Medium,688.0,Affluent
CUST16342,Pune,West,Low,651.0,Mass
CUST16343,Mumbai,West,High,751.0,Mass
CUST16344,Hyderabad,South,Medium,757.0,Affluent
CUST16345,Bangalore,South,Low,689.0,Affluent
CUST16346,Mumbai,West,High,795.0,Mass
CUST16347,Hyderabad,South,Medium,747.0,Premium
CUST16348,Mumbai,West,Low,553.0,Mass
CUST16349,Delhi NCR,North,Low,615.0,Mass
CUST16350,Bangalore,South,Low,633.0,Mass
CUST16351,Pune,West,Medium,768.0,Mass
CUST16352,Delhi NCR,North,Low,588.0,Affluent
CUST16353,Mumbai,West,Low,569.0,Affluent
CUST16354,Pune,West,High,770.0,Mass
CUST16355,Bangalore,South,Medium,749.0,Mass
CUST16356,Delhi NCR,North,High,771.0,Mass
CUST16357,Pune,West,High,740.0,Premium
CUST16358,Bangalore,South,Low,616.0,Mass
CUST16359,Mumbai,West,Medium,724.0,Mass
CUST16360,Hyderabad,South,Medium,652.0,Affluent
CUST16361,Bangalore,South,Medium,722.0,Mass
CUST16362,Bangalore,South,High,771.0,Mass
CUST16363,Hyderabad,South,High,795.0,Mass
CUST16364,Kolkata,East,Low,598.0,Mass
CUST16365,Bangalore,South,Low,612.0,Premium
CUST16366,Hyderabad,South,High,833.0,Mass
CUST16367,Bangalore,South,Low,550.0,Mass
CUST16368,Hyderabad,South,Medium,686.0,Mass
CUST16369,Bangalore,South,High,781.0,Mass
CUST16370,Kolkata,East,Medium,746.0,Affluent
CUST16371,Mumbai,West,Low,637.0,Affluent
CUST16372,Kolkata,East,Medium,736.0,Mass
CUST16373,Mumbai,West,Medium,665.0,Mass
CUST16374,Hyderabad,South,High,800.0,Mass
CUST16375,Hyderabad,South,High,829.0,Mass
CUST16376,Hyderabad,South,Medium,704.0,Mass
CUST16377,Kolkata,East,Medium,751.0,Affluent
CUST16378,Delhi NCR,North,Low,635.0,Mass
CUST16379,Bangalore,South,Medium,670.0,Mass
CUST16380,Delhi NCR,North,Low,641.0,Mass
CUST16381,Kolkata,East,High,778.0,Affluent
CUST16382,Kolkata,East,Low,593.0,Affluent
CUST16383,Kolkata,East,High,850.0,Affluent
CUST16384,Mumbai,West,Medium,744.0,Affluent
CUST16385,Pune,West,Medium,653.0,Affluent
CUST16386,Bangalore,South,Low,668.0,Mass
CUST16387,Bangalore,South,Low,554.0,Mass
CUST16388,Hyderabad,South,Low,611.0,Mass
CUST16389,Bangalore,South,Medium,690.0,Premium
CUST16390,Kolkata,East,High,788.0,Affluent
CUST16391,Pune,West,Low,633.0,Mass
CUST16392,Mumbai,West,Medium,705.0,Mass
CUST16393,Kolkata,East,Low,720.0,Affluent
CUST16394,Kolkata,East,Low,587.0,Mass
CUST16395,Hyderabad,South,Low,608.0,Affluent
CUST16396,Kolkata,East,Low,625.0,Mass
CUST16397,Hyderabad,South,High,840.0,Affluent
CUST16398,Bangalore,South,Low,642.0,Mass
CUST16399,Hyderabad,South,Medium,653.0,Affluent
CUST16400,Delhi NCR,North,Medium,755.0,Affluent
CUST16401,Kolkata,East,High,766.0,Mass
CUST16402,Hyderabad,South,Medium,729.0,Mass
CUST16403,Kolkata,East,Low,705.0,Affluent
CUST16404,Pune,West,Medium,722.0,Mass
CUST16405,Kolkata,East,High,837.0,Affluent
CUST16406,Hyderabad,South,Low,638.0,Affluent
CUST16407,Kolkata,East,Low,709.0,Affluent
CUST16408,Pune,West,Medium,708.0,Mass
CUST16409,Hyderabad,South,Low,670.0,Affluent
CUST16410,Delhi NCR,North,Medium,778.0,Mass
CUST16411,Bangalore,South,High,749.0,Mass
CUST16412,Bangalore,South,Medium,695.0,Affluent
CUST16413,Delhi NCR,North,Low,646.0,Mass
CUST16414,Mumbai,West,Medium,684.0,Mass
CUST16415,Pune,West,Medium,717.0,Mass
CUST16416,Pune,West,Low,580.0,Mass
CUST16417,Pune,West,High,787.0,Affluent
CUST16418,Bangalore,South,Low,594.0,Premium
CUST16419,Kolkata,East,High,815.0,Affluent
CUST16420,Mumbai,West,Low,672.0,Affluent
CUST16421,Bangalore,South,Medium,728.0,Affluent
CUST16422,Hyderabad,South,High,778.0,Premium
CUST16423,Hyderabad,South,Low,605.0,Affluent
CUST16424,Hyderabad,South,Low,591.0,Mass
CUST16425,Delhi NCR,North,High,761.0,Affluent
CUST16426,Bangalore,South,Low,597.0,Affluent
CUST16427,Mumbai,West,Medium,706.0,Mass
CUST16428,Bangalore,South,Medium,763.0,Affluent
CUST16429,Kolkata,East,Medium,760.0,Mass
CUST16430,Pune,West,Low,588.0,Mass
CUST16431,Bangalore,South,Low,694.0,Mass
CUST16432,Hyderabad,South,Low,642.0,Affluent
CUST16433,Kolkata,East,Low,720.0,Premium
CUST16434,Kolkata,East,Medium,730.0,Mass
CUST16435,Bangalore,South,Low,589.0,Mass
CUST16436,Kolkata,East,Medium,696.0,Affluent
CUST16437,Bangalore,South,Medium,722.0,Affluent
CUST16438,Bangalore,South,Medium,730.0,Mass
CUST16439,Bangalore,South,Low,632.0,Affluent
CUST16440,Bangalore,South,Medium,765.0,Mass
CUST16441,Delhi NCR,North,High,748.0,Affluent
CUST16442,Delhi NCR,North,Medium,752.0,Affluent
CUST16443,Hyderabad,South,Low,610.0,Affluent
CUST16444,Hyderabad,South,Low,605.0,Affluent
CUST16445,Delhi NCR,North,Low,569.0,Mass
CUST16446,Hyderabad,South,Low,640.0,Premium
CUST16447,Bangalore,South,High,830.0,Mass
CUST16448,Delhi NCR,North,Low,716.0,Affluent
CUST16449,Mumbai,West,Low,568.0,Mass
CUST16450,Bangalore,South,Medium,771.0,Affluent
CUST16451,Bangalore,South,Medium,702.0,Affluent
CUST16452,Hyderabad,South,Low,610.0,Mass
CUST16453,Pune,West,Low,612.0,Mass
CUST16454,Kolkata,East,Medium,682.0,Affluent
CUST16455,Hyderabad,South,Medium,679.0,Mass
CUST16456,Pune,West,Medium,716.0,Premium
CUST16457,Mumbai,West,Low,567.0,Premium
CUST16458,Kolkata,East,Medium,733.0,Mass
CUST16459,Delhi NCR,North,Low,670.0,Mass
CUST16460,Hyderabad,South,Medium,768.0,Mass
CUST16461,Bangalore,South,High,782.0,Mass
CUST16462,Bangalore,South,Low,693.0,Affluent
CUST16463,Kolkata,East,Low,557.0,Mass
CUST16464,Delhi NCR,North,Low,700.0,Mass
CUST16465,Kolkata,East,Low,694.0,Affluent
CUST16466,Hyderabad,South,Low,555.0,Mass
CUST16467,Kolkata,East,Medium,716.0,Mass
CUST16468,Mumbai,West,High,738.0,Affluent
CUST16469,Pune,West,Low,623.0,Mass
CUST16470,Hyderabad,South,Low,634.0,Mass
CUST16471,Pune,West,Low,616.0,Affluent
CUST16472,Pune,West,Low,662.0,Mass
CUST16473,Kolkata,East,High,733.0,Affluent
CUST16474,Mumbai,West,Low,608.0,Mass
CUST16475,Mumbai,West,High,778.0,Premium
CUST16476,Kolkata,East,Low,661.0,Mass
CUST16477,Pune,West,Medium,681.0,Affluent
CUST16478,Bangalore,South,High,772.0,Mass
CUST16479,Bangalore,South,Low,690.0,Affluent
CUST16480,Kolkata,East,Medium,772.0,Affluent
CUST16481,Mumbai,West,High,844.0,Affluent
CUST16482,Hyderabad,South,Low,718.0,Mass
CUST16483,Kolkata,East,High,722.0,Mass
CUST16484,Hyderabad,South,Low,565.0,Mass
CUST16485,Pune,West,Medium,674.0,Mass
CUST16486,Mumbai,West,Medium,720.0,Mass
CUST16487,Mumbai,West,High,795.0,Affluent
CUST16488,Pune,West,Low,555.0,Mass
CUST16489,Bangalore,South,Low,694.0,Mass
CUST16490,Delhi NCR,North,Low,598.0,Mass
CUST16491,Pune,West,Low,577.0,Mass
CUST16492,Bangalore,South,High,759.0,Mass
CUST16493,Bangalore,South,Medium,713.0,Mass
CUST16494,Bangalore,South,Low,576.0,Affluent
CUST16495,Delhi NCR,North,Medium,684.0,Mass
CUST16496,Hyderabad,South,Low,633.0,Affluent
CUST16497,Pune,West,Low,602.0,Mass
CUST16498,Pune,West,Medium,778.0,Affluent
CUST16499,Kolkata,East,Low,654.0,Mass
CUST16500,Kolkata,East,Low,680.0,Affluent
CUST16501,Pune,West,High,775.0,Mass
CUST16502,Mumbai,West,Medium,759.0,Mass
CUST16503,Bangalore,South,Medium,712.0,Mass
CUST16504,Kolkata,East,Medium,715.0,Affluent
CUST16505,Kolkata,East,Low,691.0,Mass
CUST16506,Bangalore,South,Low,678.0,Affluent
CUST16507,Bangalore,South,Low,565.0,Affluent
CUST16508,Pune,West,High,779.0,Affluent
CUST16509,Mumbai,West,Medium,679.0,Affluent
CUST16510,Bangalore,South,Medium,658.0,Affluent
CUST16511,Pune,West,High,828.0,Premium
CUST16512,Mumbai,West,High,849.0,Premium
CUST16513,Delhi NCR,North,Medium,667.0,Affluent
CUST16514,Mumbai,West,Medium,674.0,Affluent
CUST16515,Pune,West,Medium,664.0,Mass
CUST16516,Mumbai,West,Low,550.0,Mass
CUST16517,Kolkata,East,Medium,714.0,Mass
CUST16518,Bangalore,South,Low,584.0,Affluent
CUST16519,Bangalore,South,Medium,666.0,Mass
CUST16520,Kolkata,East,Medium,672.0,Mass
CUST16521,Mumbai,West,Medium,683.0,Mass
CUST16522,Hyderabad,South,Low,713.0,Affluent
CUST16523,Delhi NCR,North,Low,572.0,Mass
CUST16524,Bangalore,South,High,722.0,Mass
CUST16525,Mumbai,West,Low,688.0,Premium
CUST16526,Pune,West,Medium,770.0,Premium
CUST16527,Pune,West,Medium,677.0,Affluent
CUST16528,Bangalore,South,Low,592.0,Affluent
CUST16529,Delhi NCR,North,Low,659.0,Mass
CUST16530,Kolkata,East,High,740.0,Affluent
CUST16531,Bangalore,South,Medium,668.0,Mass
CUST16532,Pune,West,Low,601.0,Premium
CUST16533,Delhi NCR,North,Medium,668.0,Affluent
CUST16534,Kolkata,East,Medium,660.0,Affluent
CUST16535,Delhi NCR,North,Medium,713.0,Mass
CUST16536,Mumbai,West,Low,631.0,Affluent
CUST16537,Pune,West,High,801.0,Affluent
CUST16538,Kolkata,East,Low,689.0,Mass
CUST16539,Bangalore,South,Low,720.0,Premium
CUST16540,Mumbai,West,Medium,660.0,Mass
CUST16541,Pune,West,Low,660.0,Mass
CUST16542,Hyderabad,South,Low,709.0,Mass
CUST16543,Kolkata,East,Medium,779.0,Mass
CUST16544,Delhi NCR,North,Low,562.0,Premium
CUST16545,Hyderabad,South,Low,558.0,Affluent
CUST16546,Bangalore,South,Medium,743.0,Affluent
CUST16547,Bangalore,South,Medium,768.0,Affluent
CUST16548,Mumbai,West,Low,662.0,Mass
CUST16549,Hyderabad,South,Medium,754.0,Affluent
CUST16550,Hyderabad,South,Medium,745.0,Mass
CUST16551,Bangalore,South,Medium,774.0,Mass
CUST16552,Mumbai,West,Low,604.0,Affluent
CUST16553,Hyderabad,South,High,727.0,Mass
CUST16554,Bangalore,South,Medium,679.0,Premium
CUST16555,Hyderabad,South,High,831.0,Affluent
CUST16556,Delhi NCR,North,Medium,748.0,Affluent
CUST16557,Kolkata,East,Medium,772.0,Affluent
CUST16558,Delhi NCR,North,Low,565.0,Mass
CUST16559,Pune,West,High,803.0,Mass
CUST16560,Pune,West,Medium,650.0,Mass
CUST16561,Pune,West,Medium,753.0,Affluent
CUST16562,Kolkata,East,Medium,779.0,Mass
CUST16563,Kolkata,East,Medium,687.0,Affluent
CUST16564,Mumbai,West,Medium,708.0,Affluent
CUST16565,Delhi NCR,North,Medium,726.0,Premium
CUST16566,Delhi NCR,North,Low,603.0,Affluent
CUST16567,Bangalore,South,High,808.0,Mass
CUST16568,Hyderabad,South,Low,553.0,Mass
CUST16569,Bangalore,South,Low,556.0,Mass
CUST16570,Bangalore,South,Medium,724.0,Affluent
CUST16571,Mumbai,West,Medium,758.0,Mass
CUST16572,Pune,West,Medium,748.0,Affluent
CUST16573,Bangalore,South,High,733.0,Mass
CUST16574,Mumbai,West,Low,554.0,Mass
CUST16575,Bangalore,South,High,788.0,Affluent
CUST16576,Delhi NCR,North,Low,560.0,Affluent
CUST16577,Hyderabad,South,High,725.0,Affluent
CUST16578,Bangalore,South,High,726.0,Affluent
CUST16579,Pune,West,High,827.0,Affluent
CUST16580,Kolkata,East,High,744.0,Affluent
CUST16581,Pune,West,Medium,779.0,Mass
CUST16582,Kolkata,East,Low,620.0,Affluent
CUST16583,Delhi NCR,North,High,780.0,Mass
CUST16584,Mumbai,West,High,833.0,Mass
CUST16585,Hyderabad,South,Low,703.0,Mass
CUST16586,Hyderabad,South,Medium,763.0,Premium
CUST16587,Delhi NCR,North,Low,683.0,Mass
CUST16588,Pune,West,High,735.0,Mass
CUST16589,Mumbai,West,Medium,661.0,Affluent
CUST16590,Kolkata,East,Low,619.0,Mass
CUST16591,Kolkata,East,Low,649.0,Mass
CUST16592,Bangalore,South,Low,699.0,Affluent
CUST16593,Delhi NCR,North,High,736.0,Mass
CUST16594,Pune,West,Medium,686.0,Affluent
CUST16595,Hyderabad,South,Low,657.0,Mass
CUST16596,Hyderabad,South,Low,679.0,Mass
CUST16597,Delhi NCR,North,High,841.0,Affluent
CUST16598,Delhi NCR,North,High,831.0,Premium
CUST16599,Bangalore,South,Medium,716.0,Affluent
CUST16600,Hyderabad,South,Low,720.0,Mass
CUST16601,Bangalore,South,Medium,754.0,Affluent
CUST16602,Delhi NCR,North,Low,608.0,Affluent
CUST16603,Mumbai,West,High,781.0,Mass
CUST16604,Hyderabad,South,High,820.0,Premium
CUST16605,Kolkata,East,Low,714.0,Mass
CUST16606,Pune,West,Medium,651.0,Affluent
CUST16607,Bangalore,South,Medium,777.0,Premium
CUST16608,Pune,West,Low,550.0,Premium
CUST16609,Bangalore,South,High,727.0,Mass
CUST16610,Mumbai,West,Low,566.0,Premium
CUST16611,Kolkata,East,Low,567.0,Mass
CUST16612,Hyderabad,South,Low,588.0,Affluent
CUST16613,Kolkata,East,Medium,699.0,Mass
CUST16614,Hyderabad,South,High,796.0,Affluent
CUST16615,Bangalore,South,Low,568.0,Mass
CUST16616,Kolkata,East,Medium,664.0,Mass
CUST16617,Delhi NCR,North,High,771.0,Mass
CUST16618,Hyderabad,South,Medium,666.0,Mass
CUST16619,Bangalore,South,Low,649.0,Affluent
CUST16620,Mumbai,West,High,740.0,Premium
CUST16621,Delhi NCR,North,Low,590.0,Mass
CUST16622,Mumbai,West,Low,710.0,Affluent
CUST16623,Kolkata,East,Low,689.0,Affluent
CUST16624,Hyderabad,South,Low,648.0,Mass
CUST16625,Mumbai,West,Medium,779.0,Affluent
CUST16626,Kolkata,East,Medium,741.0,Affluent
CUST16627,Hyderabad,South,Low,668.0,Affluent
CUST16628,Bangalore,South,Medium,725.0,Affluent
CUST16629,Pune,West,Low,628.0,Mass
CUST16630,Bangalore,South,Low,636.0,Mass
CUST16631,Kolkata,East,High,769.0,Affluent
CUST16632,Hyderabad,South,Low,570.0,Mass
CUST16633,Delhi NCR,North,High,785.0,Premium
CUST16634,Pune,West,Low,584.0,Mass
CUST16635,Bangalore,South,Low,709.0,Premium
CUST16636,Pune,West,Low,680.0,Mass
CUST16637,Bangalore,South,High,786.0,Premium
CUST16638,Mumbai,West,High,771.0,Affluent
CUST16639,Delhi NCR,North,Low,660.0,Mass
CUST16640,Mumbai,West,Low,717.0,Affluent
CUST16641,Delhi NCR,North,Low,710.0,Mass
CUST16642,Delhi NCR,North,Low,717.0,Mass
CUST16643,Pune,West,Low,602.0,Mass
CUST16644,Pune,West,High,840.0,Affluent
CUST16645,Pune,West,Medium,696.0,Mass
CUST16646,Pune,West,High,814.0,Premium
CUST16647,Pune,West,Medium,688.0,Affluent
CUST16648,Mumbai,West,High,727.0,Mass
CUST16649,Kolkata,East,Medium,662.0,Affluent
CUST16650,Kolkata,East,Medium,706.0,Mass
CUST16651,Delhi NCR,North,Low,566.0,Affluent
CUST16652,Delhi NCR,North,Medium,671.0,Affluent
CUST16653,Pune,West,Medium,758.0,Mass
CUST16654,Mumbai,West,Low,680.0,Affluent
CUST16655,Delhi NCR,North,Medium,779.0,Mass
CUST16656,Pune,West,Low,610.0,Mass
CUST16657,Delhi NCR,North,Medium,757.0,Premium
CUST16658,Delhi NCR,North,High,814.0,Mass
CUST16659,Kolkata,East,Medium,765.0,Mass
CUST16660,Hyderabad,South,Medium,761.0,Affluent
CUST16661,Kolkata,East,Low,676.0,Mass
CUST16662,Kolkata,East,Low,657.0,Mass
CUST16663,Bangalore,South,Low,717.0,Premium
CUST16664,Bangalore,South,High,817.0,Mass
CUST16665,Bangalore,South,Medium,697.0,Mass
CUST16666,Pune,West,Medium,687.0,Mass
CUST16667,Kolkata,East,Low,645.0,Mass
CUST16668,Bangalore,South,High,759.0,Affluent
CUST16669,Pune,West,Low,559.0,Mass
CUST16670,Mumbai,West,Low,697.0,Mass
CUST16671,Kolkata,East,Medium,752.0,Affluent
CUST16672,Delhi NCR,North,Medium,677.0,Affluent
CUST16673,Bangalore,South,High,850.0,Mass
CUST16674,Hyderabad,South,Medium,677.0,Mass
CUST16675,Bangalore,South,Low,619.0,Mass
CUST16676,Kolkata,East,High,790.0,Affluent
CUST16677,Bangalore,South,Low,598.0,Mass
CUST16678,Pune,West,Medium,698.0,Premium
CUST16679,Delhi NCR,North,Low,564.0,Affluent
CUST16680,Kolkata,East,Medium,771.0,Mass
CUST16681,Bangalore,South,High,816.0,Affluent
CUST16682,Hyderabad,South,High,794.0,Premium
CUST16683,Bangalore,South,Medium,718.0,Mass
CUST16684,Kolkata,East,Low,639.0,Affluent
CUST16685,Hyderabad,South,Low,648.0,Mass
CUST16686,Mumbai,West,Low,595.0,Affluent
CUST16687,Delhi NCR,North,Medium,736.0,Affluent
CUST16688,Kolkata,East,Medium,739.0,Mass
CUST16689,Kolkata,East,Low,595.0,Mass
CUST16690,Kolkata,East,Medium,655.0,Premium
CUST16691,Kolkata,East,Medium,761.0,Mass
CUST16692,Mumbai,West,High,793.0,Mass
CUST16693,Kolkata,East,Medium,751.0,Affluent
CUST16694,Pune,West,Medium,776.0,Mass
CUST16695,Bangalore,South,Low,662.0,Affluent
CUST16696,Hyderabad,South,Medium,704.0,Mass
CUST16697,Hyderabad,South,Medium,659.0,Affluent
CUST16698,Kolkata,East,Medium,709.0,Mass
CUST16699,Pune,West,Medium,740.0,Mass
CUST16700,Kolkata,East,Medium,769.0,Affluent
CUST16701,Hyderabad,South,Low,614.0,Mass
CUST16702,Delhi NCR,North,Low,695.0,Premium
CUST16703,Pune,West,Medium,736.0,Mass
CUST16704,Bangalore,South,Medium,701.0,Mass
CUST16705,Delhi NCR,North,Low,624.0,Premium
CUST16706,Delhi NCR,North,Medium,770.0,Premium
CUST16707,Pune,West,Low,623.0,Affluent
CUST16708,Kolkata,East,High,744.0,Affluent
CUST16709,Kolkata,East,High,785.0,Mass
CUST16710,Mumbai,West,Medium,681.0,Mass
CUST16711,Pune,West,Low,683.0,Mass
CUST16712,Bangalore,South,High,773.0,Mass
CUST16713,Delhi NCR,North,Low,663.0,Mass
CUST16714,Pune,West,High,806.0,Mass
CUST16715,Hyderabad,South,Medium,722.0,Affluent
CUST16716,Hyderabad,South,Low,624.0,Mass
CUST16717,Delhi NCR,North,Low,573.0,Affluent
CUST16718,Kolkata,East,Medium,694.0,Affluent
CUST16719,Hyderabad,South,Low,627.0,Mass
CUST16720,Mumbai,West,Low,573.0,Mass
CUST16721,Bangalore,South,Medium,762.0,Affluent
CUST16722,Pune,West,Low,569.0,Mass
CUST16723,Kolkata,East,Medium,670.0,Mass
CUST16724,Pune,West,Low,576.0,Premium
CUST16725,Delhi NCR,North,Medium,693.0,Mass
CUST16726,Pune,West,Medium,769.0,Affluent
CUST16727,Hyderabad,South,Medium,717.0,Mass
CUST16728,Hyderabad,South,Low,576.0,Mass
CUST16729,Kolkata,East,Medium,752.0,Affluent
CUST16730,Pune,West,Medium,721.0,Mass
CUST16731,Hyderabad,South,High,793.0,Affluent
CUST16732,Bangalore,South,Medium,764.0,Mass
CUST16733,Delhi NCR,North,Medium,766.0,Premium
CUST16734,Kolkata,East,High,726.0,Mass
CUST16735,Hyderabad,South,Low,658.0,Mass
CUST16736,Hyderabad,South,Medium,677.0,Affluent
CUST16737,Bangalore,South,Low,590.0,Premium
CUST16738,Delhi NCR,North,Medium,765.0,Mass
CUST16739,Hyderabad,South,Medium,719.0,Premium
CUST16740,Pune,West,Low,636.0,Affluent
CUST16741,Kolkata,East,Medium,705.0,Mass
CUST16742,Hyderabad,South,Low,644.0,Mass
CUST16743,Kolkata,East,Medium,658.0,Premium
CUST16744,Hyderabad,South,Low,667.0,Affluent
CUST16745,Hyderabad,South,Low,616.0,Mass
CUST16746,Pune,West,High,723.0,Mass
CUST16747,Bangalore,South,Low,702.0,Affluent
CUST16748,Kolkata,East,Medium,735.0,Affluent
CUST16749,Hyderabad,South,Medium,753.0,Mass
CUST16750,Pune,West,Medium,749.0,Affluent
CUST16751,Pune,West,Medium,697.0,Mass
CUST16752,Hyderabad,South,High,769.0,Affluent
CUST16753,Hyderabad,South,Medium,776.0,Mass
CUST16754,Kolkata,East,Medium,774.0,Mass
CUST16755,Pune,West,Medium,696.0,Mass
CUST16756,Mumbai,West,Medium,780.0,Premium
CUST16757,Delhi NCR,North,High,738.0,Affluent
CUST16758,Mumbai,West,Low,653.0,Affluent
CUST16759,Delhi NCR,North,Low,598.0,Mass
CUST16760,Mumbai,West,Medium,688.0,Affluent
CUST16761,Pune,West,High,821.0,Mass
CUST16762,Hyderabad,South,Low,632.0,Mass
CUST16763,Hyderabad,South,Medium,695.0,Mass
CUST16764,Delhi NCR,North,High,804.0,Premium
CUST16765,Mumbai,West,Low,669.0,Affluent
CUST16766,Pune,West,Medium,723.0,Mass
CUST16767,Kolkata,East,High,722.0,Affluent
CUST16768,Bangalore,South,Medium,723.0,Mass
CUST16769,Delhi NCR,North,Low,695.0,Mass
CUST16770,Pune,West,Low,606.0,Mass
CUST16771,Pune,West,Medium,725.0,Premium
CUST16772,Delhi NCR,North,High,848.0,Mass
CUST16773,Pune,West,Medium,712.0,Affluent
CUST16774,Pune,West,Medium,719.0,Premium
CUST16775,Kolkata,East,Low,625.0,Mass
CUST16776,Mumbai,West,Medium,753.0,Affluent
CUST16777,Kolkata,East,Medium,707.0,Mass
CUST16778,Kolkata,East,Medium,769.0,Mass
CUST16779,Bangalore,South,High,758.0,Mass
CUST16780,Mumbai,West,Medium,731.0,Mass
CUST16781,Kolkata,East,Medium,662.0,Affluent
CUST16782,Bangalore,South,Low,597.0,Mass
CUST16783,Delhi NCR,North,Low,609.0,Affluent
CUST16784,Delhi NCR,North,Medium,671.0,Premium
CUST16785,Delhi NCR,North,Medium,698.0,Affluent
CUST16786,Hyderabad,South,Medium,665.0,Affluent
CUST16787,Hyderabad,South,Medium,754.0,Mass
CUST16788,Bangalore,South,High,779.0,Mass
CUST16789,Kolkata,East,High,813.0,Mass
CUST16790,Mumbai,West,Medium,694.0,Mass
CUST16791,Mumbai,West,Low,685.0,Affluent
CUST16792,Delhi NCR,North,Medium,726.0,Affluent
CUST16793,Bangalore,South,Medium,681.0,Affluent
CUST16794,Delhi NCR,North,Low,575.0,Mass
CUST16795,Mumbai,West,Medium,774.0,Mass
CUST16796,Mumbai,West,Low,654.0,Mass
CUST16797,Bangalore,South,Low,647.0,Affluent
CUST16798,Bangalore,South,High,747.0,Mass
CUST16799,Mumbai,West,Medium,723.0,Mass
CUST16800,Mumbai,West,Low,592.0,Affluent
CUST16801,Pune,West,Medium,669.0,Mass
CUST16802,Mumbai,West,Low,590.0,Mass
CUST16803,Pune,West,High,775.0,Affluent
CUST16804,Kolkata,East,Medium,730.0,Affluent
CUST16805,Kolkata,East,High,767.0,Mass
CUST16806,Hyderabad,South,Low,585.0,Mass
CUST16807,Mumbai,West,Medium,671.0,Affluent
CUST16808,Hyderabad,South,High,741.0,Mass
CUST16809,Kolkata,East,High,777.0,Mass
CUST16810,Pune,West,Low,634.0,Mass
CUST16811,Kolkata,East,Medium,695.0,Affluent
CUST16812,Pune,West,Medium,713.0,Affluent
CUST16813,Pune,West,Low,717.0,Mass
CUST16814,Kolkata,East,Medium,681.0,Affluent
CUST16815,Kolkata,East,High,742.0,Mass
CUST16816,Hyderabad,South,Medium,677.0,Mass
CUST16817,Kolkata,East,High,746.0,Affluent
CUST16818,Mumbai,West,Low,603.0,Affluent
CUST16819,Pune,West,Low,664.0,Mass
CUST16820,Mumbai,West,Low,550.0,Mass
CUST16821,Bangalore,South,Medium,685.0,Premium
CUST16822,Mumbai,West,Medium,747.0,Affluent
CUST16823,Delhi NCR,North,Medium,656.0,Mass
CUST16824,Kolkata,East,Medium,776.0,Affluent
CUST16825,Delhi NCR,North,Medium,702.0,Mass
CUST16826,Kolkata,East,Medium,682.0,Mass
CUST16827,Mumbai,West,Medium,746.0,Affluent
CUST16828,Bangalore,South,Medium,674.0,Affluent
CUST16829,Hyderabad,South,Medium,686.0,Affluent
CUST16830,Hyderabad,South,High,799.0,Premium
CUST16831,Bangalore,South,Medium,655.0,Mass
CUST16832,Bangalore,South,High,802.0,Mass
CUST16833,Delhi NCR,North,Low,629.0,Affluent
CUST16834,Pune,West,Medium,767.0,Affluent
CUST16835,Pune,West,Low,658.0,Mass
CUST16836,Kolkata,East,Medium,761.0,Premium
CUST16837,Mumbai,West,Medium,665.0,Premium
CUST16838,Pune,West,Medium,686.0,Affluent
CUST16839,Kolkata,East,Medium,718.0,Mass
CUST16840,Mumbai,West,Low,659.0,Affluent
CUST16841,Hyderabad,South,Medium,715.0,Mass
CUST16842,Bangalore,South,Medium,760.0,Mass
CUST16843,Pune,West,Medium,717.0,Mass
CUST16844,Kolkata,East,Low,654.0,Affluent
CUST16845,Mumbai,West,Low,706.0,Affluent
CUST16846,Kolkata,East,Low,566.0,Mass
CUST16847,Bangalore,South,High,807.0,Premium
CUST16848,Pune,West,Medium,768.0,Mass
CUST16849,Pune,West,Low,698.0,Mass
CUST16850,Mumbai,West,Low,574.0,Mass
CUST16851,Bangalore,South,High,811.0,Mass
CUST16852,Delhi NCR,North,Low,603.0,Mass
CUST16853,Mumbai,West,Medium,766.0,Mass
CUST16854,Kolkata,East,Medium,680.0,Mass
CUST16855,Mumbai,West,High,732.0,Mass
CUST16856,Kolkata,East,Low,714.0,Mass
CUST16857,Bangalore,South,Medium,652.0,Mass
CUST16858,Delhi NCR,North,Low,687.0,Mass
CUST16859,Bangalore,South,Medium,743.0,Affluent
CUST16860,Mumbai,West,Medium,715.0,Mass
CUST16861,Pune,West,Low,638.0,Affluent
CUST16862,Mumbai,West,Low,712.0,Affluent
CUST16863,Pune,West,Low,694.0,Affluent
CUST16864,Pune,West,High,724.0,Mass
CUST16865,Kolkata,East,Low,619.0,Mass
CUST16866,Kolkata,East,Low,603.0,Affluent
CUST16867,Mumbai,West,High,792.0,Affluent
CUST16868,Kolkata,East,Low,583.0,Mass
CUST16869,Delhi NCR,North,High,805.0,Mass
CUST16870,Pune,West,Medium,725.0,Mass
CUST16871,Delhi NCR,North,Medium,755.0,Premium
CUST16872,Pune,West,Low,707.0,Affluent
CUST16873,Bangalore,South,High,797.0,Mass
CUST16874,Hyderabad,South,Medium,722.0,Affluent
CUST16875,Mumbai,West,High,763.0,Mass
CUST16876,Kolkata,East,Medium,736.0,Mass
CUST16877,Pune,West,High,809.0,Affluent
CUST16878,Mumbai,West,Low,679.0,Mass
CUST16879,Kolkata,East,Medium,690.0,Mass
CUST16880,Delhi NCR,North,High,831.0,Premium
CUST16881,Hyderabad,South,Low,644.0,Affluent
CUST16882,Hyderabad,South,Low,606.0,Affluent
CUST16883,Mumbai,West,Low,599.0,Affluent
CUST16884,Delhi NCR,North,Low,560.0,Affluent
CUST16885,Mumbai,West,Low,553.0,Affluent
CUST16886,Hyderabad,South,Medium,734.0,Affluent
CUST16887,Pune,West,Medium,673.0,Mass
CUST16888,Bangalore,South,High,833.0,Premium
CUST16889,Delhi NCR,North,Low,587.0,Premium
CUST16890,Pune,West,Medium,748.0,Affluent
CUST16891,Delhi NCR,North,Low,667.0,Mass
CUST16892,Bangalore,South,Medium,681.0,Affluent
CUST16893,Hyderabad,South,High,820.0,Mass
CUST16894,Bangalore,South,High,723.0,Mass
CUST16895,Hyderabad,South,Low,637.0,Mass
CUST16896,Kolkata,East,Low,571.0,Mass
CUST16897,Mumbai,West,Medium,767.0,Affluent
CUST16898,Kolkata,East,Low,597.0,Mass
CUST16899,Bangalore,South,High,759.0,Affluent
CUST16900,Delhi NCR,North,Low,703.0,Mass
CUST16901,Delhi NCR,North,Medium,738.0,Mass
CUST16902,Hyderabad,South,Low,677.0,Mass
CUST16903,Kolkata,East,Medium,724.0,Mass
CUST16904,Mumbai,West,Medium,713.0,Mass
CUST16905,Hyderabad,South,Medium,663.0,Mass
CUST16906,Hyderabad,South,High,842.0,Premium
CUST16907,Hyderabad,South,Medium,704.0,Mass
CUST16908,Bangalore,South,Medium,702.0,Mass
CUST16909,Bangalore,South,High,745.0,Affluent
CUST16910,Hyderabad,South,Medium,742.0,Affluent
CUST16911,Bangalore,South,Medium,664.0,Affluent
CUST16912,Pune,West,Medium,729.0,Mass
CUST16913,Hyderabad,South,Low,676.0,Affluent
CUST16914,Hyderabad,South,Low,644.0,Mass
CUST16915,Hyderabad,South,High,726.0,Mass
CUST16916,Delhi NCR,North,High,771.0,Affluent
CUST16917,Pune,West,Low,687.0,Mass
CUST16918,Hyderabad,South,Medium,675.0,Mass
CUST16919,Kolkata,East,High,836.0,Mass
CUST16920,Delhi NCR,North,Medium,736.0,Affluent
CUST16921,Hyderabad,South,Medium,664.0,Mass
CUST16922,Hyderabad,South,High,731.0,Affluent
CUST16923,Hyderabad,South,High,846.0,Mass
CUST16924,Delhi NCR,North,High,825.0,Affluent
CUST16925,Bangalore,South,Medium,716.0,Mass
CUST16926,Hyderabad,South,Medium,770.0,Mass
CUST16927,Pune,West,Low,590.0,Mass
CUST16928,Delhi NCR,North,Low,718.0,Premium
CUST16929,Pune,West,High,785.0,Affluent
CUST16930,Kolkata,East,Medium,736.0,Affluent
CUST16931,Pune,West,Medium,717.0,Mass
CUST16932,Kolkata,East,High,789.0,Mass
CUST16933,Kolkata,East,Medium,674.0,Mass
CUST16934,Bangalore,South,Medium,656.0,Affluent
CUST16935,Kolkata,East,Medium,772.0,Premium
CUST16936,Kolkata,East,High,782.0,Premium
CUST16937,Delhi NCR,North,Medium,775.0,Affluent
CUST16938,Mumbai,West,Low,579.0,Mass
CUST16939,Bangalore,South,Low,673.0,Mass
CUST16940,Mumbai,West,Low,715.0,Affluent
CUST16941,Pune,West,Low,572.0,Affluent
CUST16942,Kolkata,East,Medium,748.0,Mass
CUST16943,Mumbai,West,Low,596.0,Mass
CUST16944,Bangalore,South,High,813.0,Mass
CUST16945,Hyderabad,South,Medium,660.0,Mass
CUST16946,Delhi NCR,North,Low,700.0,Mass
CUST16947,Hyderabad,South,High,774.0,Mass
CUST16948,Kolkata,East,Medium,716.0,Affluent
CUST16949,Mumbai,West,High,745.0,Affluent
CUST16950,Hyderabad,South,Low,714.0,Mass
CUST16951,Pune,West,Low,651.0,Affluent
CUST16952,Delhi NCR,North,Low,599.0,Mass
CUST16953,Kolkata,East,High,723.0,Mass
CUST16954,Bangalore,South,Medium,651.0,Affluent
CUST16955,Bangalore,South,High,787.0,Mass
CUST16956,Pune,West,Medium,774.0,Affluent
CUST16957,Bangalore,South,Medium,663.0,Premium
CUST16958,Delhi NCR,North,Low,678.0,Mass
CUST16959,Hyderabad,South,Low,703.0,Mass
CUST16960,Kolkata,East,Medium,708.0,Mass
CUST16961,Bangalore,South,Medium,717.0,Affluent
CUST16962,Pune,West,Low,688.0,Affluent
CUST16963,Pune,West,High,807.0,Affluent
CUST16964,Pune,West,Medium,665.0,Affluent
CUST16965,Mumbai,West,Medium,683.0,Affluent
CUST16966,Hyderabad,South,Low,640.0,Mass
CUST16967,Pune,West,Medium,725.0,Mass
CUST16968,Bangalore,South,Medium,708.0,Mass
CUST16969,Hyderabad,South,Low,585.0,Mass
CUST16970,Kolkata,East,High,832.0,Mass
CUST16971,Kolkata,East,Medium,672.0,Mass
CUST16972,Hyderabad,South,Low,600.0,Affluent
CUST16973,Kolkata,East,High,783.0,Mass
CUST16974,Hyderabad,South,Medium,764.0,Affluent
CUST16975,Mumbai,West,Medium,665.0,Affluent
CUST16976,Mumbai,West,Low,612.0,Mass
CUST16977,Bangalore,South,Low,659.0,Premium
CUST16978,Delhi NCR,North,Medium,732.0,Mass
CUST16979,Hyderabad,South,Low,617.0,Affluent
CUST16980,Delhi NCR,North,Low,572.0,Premium
CUST16981,Delhi NCR,North,Low,674.0,Premium
CUST16982,Bangalore,South,Medium,706.0,Affluent
CUST16983,Pune,West,Medium,779.0,Mass
CUST16984,Delhi NCR,North,Medium,684.0,Mass
CUST16985,Pune,West,Medium,686.0,Mass
CUST16986,Bangalore,South,Low,633.0,Mass
CUST16987,Delhi NCR,North,High,732.0,Affluent
CUST16988,Hyderabad,South,Low,564.0,Mass
CUST16989,Hyderabad,South,Low,697.0,Affluent
CUST16990,Hyderabad,South,Low,669.0,Mass
CUST16991,Bangalore,South,Low,632.0,Affluent
CUST16992,Kolkata,East,Medium,776.0,Mass
CUST16993,Mumbai,West,Medium,742.0,Affluent
CUST16994,Pune,West,Medium,712.0,Mass
CUST16995,Hyderabad,South,Low,570.0,Affluent
CUST16996,Mumbai,West,Medium,712.0,Affluent
CUST16997,Pune,West,Low,598.0,Mass
CUST16998,Mumbai,West,Low,590.0,Mass
CUST16999,Hyderabad,South,Medium,660.0,Mass
CUST17000,Kolkata,East,Low,560.0,Mass
CUST17001,Delhi NCR,North,Low,619.0,Mass
CUST17002,Delhi NCR,North,Low,706.0,Mass
CUST17003,Bangalore,South,Medium,720.0,Affluent
CUST17004,Delhi NCR,North,Low,634.0,Premium
CUST17005,Mumbai,West,Medium,707.0,Affluent
CUST17006,Kolkata,East,Low,629.0,Affluent
CUST17007,Delhi NCR,North,Medium,738.0,Mass
CUST17008,Kolkata,East,Medium,717.0,Mass
CUST17009,Hyderabad,South,Low,673.0,Premium
CUST17010,Hyderabad,South,High,752.0,Mass
CUST17011,Kolkata,East,Low,674.0,Premium
CUST17012,Delhi NCR,North,Medium,779.0,Mass
CUST17013,Hyderabad,South,Medium,760.0,Mass
CUST17014,Bangalore,South,Low,554.0,Affluent
CUST17015,Kolkata,East,Medium,765.0,Mass
CUST17016,Mumbai,West,Low,636.0,Affluent
CUST17017,Bangalore,South,Low,644.0,Mass
CUST17018,Pune,West,Medium,715.0,Premium
CUST17019,Delhi NCR,North,Low,609.0,Mass
CUST17020,Kolkata,East,Low,666.0,Affluent
CUST17021,Kolkata,East,Medium,780.0,Mass
CUST17022,Kolkata,East,Medium,680.0,Mass
CUST17023,Kolkata,East,Medium,662.0,Mass
CUST17024,Kolkata,East,Low,644.0,Affluent
CUST17025,Pune,West,High,778.0,Premium
CUST17026,Pune,West,Medium,742.0,Mass
CUST17027,Hyderabad,South,Medium,758.0,Affluent
CUST17028,Mumbai,West,High,784.0,Affluent
CUST17029,Delhi NCR,North,Medium,711.0,Mass
CUST17030,Kolkata,East,High,805.0,Affluent
CUST17031,Bangalore,South,Medium,726.0,Affluent
CUST17032,Pune,West,Low,681.0,Affluent
CUST17033,Pune,West,High,813.0,Premium
CUST17034,Delhi NCR,North,High,784.0,Mass
CUST17035,Hyderabad,South,Medium,749.0,Affluent
CUST17036,Hyderabad,South,Medium,763.0,Mass
CUST17037,Pune,West,Medium,665.0,Premium
CUST17038,Bangalore,South,Medium,729.0,Affluent
CUST17039,Bangalore,South,Low,593.0,Mass
CUST17040,Bangalore,South,Medium,677.0,Premium
CUST17041,Bangalore,South,Medium,716.0,Mass
CUST17042,Bangalore,South,Medium,779.0,Mass
CUST17043,Kolkata,East,Low,560.0,Affluent
CUST17044,Bangalore,South,Medium,752.0,Mass
CUST17045,Kolkata,East,Medium,666.0,Affluent
CUST17046,Kolkata,East,High,818.0,Affluent
CUST17047,Bangalore,South,Medium,676.0,Mass
CUST17048,Pune,West,Medium,765.0,Mass
CUST17049,Bangalore,South,High,750.0,Affluent
CUST17050,Mumbai,West,Low,583.0,Mass
CUST17051,Hyderabad,South,High,828.0,Affluent
CUST17052,Delhi NCR,North,High,807.0,Mass
CUST17053,Pune,West,Medium,756.0,Premium
CUST17054,Bangalore,South,High,818.0,Mass
CUST17055,Hyderabad,South,Low,659.0,Premium
CUST17056,Mumbai,West,Low,574.0,Mass
CUST17057,Mumbai,West,Medium,720.0,Affluent
CUST17058,Bangalore,South,Medium,720.0,Mass
CUST17059,Hyderabad,South,Medium,726.0,Premium
CUST17060,Bangalore,South,Medium,739.0,Mass
CUST17061,Mumbai,West,Medium,702.0,Mass
CUST17062,Pune,West,Low,586.0,Affluent
CUST17063,Kolkata,East,Medium,686.0,Mass
CUST17064,Delhi NCR,North,Medium,757.0,Mass
CUST17065,Mumbai,West,High,850.0,Mass
CUST17066,Mumbai,West,Low,612.0,Affluent
CUST17067,Delhi NCR,North,High,766.0,Affluent
CUST17068,Delhi NCR,North,Low,675.0,Affluent
CUST17069,Bangalore,South,High,745.0,Affluent
CUST17070,Mumbai,West,Medium,749.0,Mass
CUST17071,Pune,West,Medium,764.0,Affluent
CUST17072,Mumbai,West,Medium,718.0,Mass
CUST17073,Pune,West,High,839.0,Mass
CUST17074,Mumbai,West,Low,630.0,Mass
CUST17075,Kolkata,East,High,822.0,Mass
CUST17076,Delhi NCR,North,Medium,780.0,Premium
CUST17077,Hyderabad,South,High,736.0,Mass
CUST17078,Kolkata,East,Low,621.0,Mass
CUST17079,Pune,West,Medium,683.0,Mass
CUST17080,Hyderabad,South,Medium,707.0,Affluent
CUST17081,Bangalore,South,Medium,768.0,Affluent
CUST17082,Bangalore,South,Medium,728.0,Mass
CUST17083,Mumbai,West,High,850.0,Premium
CUST17084,Bangalore,South,Medium,690.0,Mass
CUST17085,Mumbai,West,Low,710.0,Affluent
CUST17086,Bangalore,South,High,846.0,Mass
CUST17087,Hyderabad,South,High,830.0,Affluent
CUST17088,Hyderabad,South,Low,654.0,Affluent
CUST17089,Hyderabad,South,Medium,737.0,Mass
CUST17090,Pune,West,Low,583.0,Mass
CUST17091,Pune,West,Low,601.0,Mass
CUST17092,Pune,West,High,768.0,Mass
CUST17093,Delhi NCR,North,High,733.0,Affluent
CUST17094,Kolkata,East,Low,629.0,Affluent
CUST17095,Bangalore,South,Medium,687.0,Premium
CUST17096,Mumbai,West,Medium,769.0,Mass
CUST17097,Delhi NCR,North,Low,696.0,Mass
CUST17098,Delhi NCR,North,Low,679.0,Mass
CUST17099,Hyderabad,South,High,790.0,Mass
CUST17100,Pune,West,Medium,760.0,Affluent
CUST17101,Mumbai,West,High,800.0,Mass
CUST17102,Delhi NCR,North,Medium,657.0,Mass
CUST17103,Mumbai,West,Low,590.0,Mass
CUST17104,Bangalore,South,Medium,688.0,Affluent
CUST17105,Mumbai,West,Medium,688.0,Affluent
CUST17106,Bangalore,South,Medium,706.0,Mass
CUST17107,Hyderabad,South,Medium,689.0,Mass
CUST17108,Pune,West,High,827.0,Mass
CUST17109,Bangalore,South,Low,714.0,Premium
CUST17110,Pune,West,Medium,698.0,Mass
CUST17111,Hyderabad,South,High,737.0,Mass
CUST17112,Mumbai,West,Medium,745.0,Premium
CUST17113,Pune,West,High,810.0,Mass
CUST17114,Delhi NCR,North,High,753.0,Affluent
CUST17115,Bangalore,South,Medium,715.0,Mass
CUST17116,Pune,West,Low,576.0,Mass
CUST17117,Hyderabad,South,Medium,739.0,Mass
CUST17118,Pune,West,Medium,666.0,Affluent
CUST17119,Pune,West,Medium,670.0,Affluent
CUST17120,Kolkata,East,Medium,779.0,Affluent
CUST17121,Mumbai,West,Low,580.0,Mass
CUST17122,Kolkata,East,Medium,710.0,Mass
CUST17123,Kolkata,East,Low,564.0,Mass
CUST17124,Kolkata,East,Medium,743.0,Mass
CUST17125,Hyderabad,South,Low,595.0,Affluent
CUST17126,Mumbai,West,Low,554.0,Mass
CUST17127,Bangalore,South,High,737.0,Affluent
CUST17128,Kolkata,East,Medium,734.0,Mass
CUST17129,Hyderabad,South,Medium,659.0,Affluent
CUST17130,Mumbai,West,Low,551.0,Mass
CUST17131,Kolkata,East,High,736.0,Premium
CUST17132,Bangalore,South,Medium,671.0,Mass
CUST17133,Mumbai,West,Low,712.0,Affluent
CUST17134,Bangalore,South,Low,679.0,Mass
CUST17135,Delhi NCR,North,Medium,685.0,Affluent
CUST17136,Delhi NCR,North,Low,620.0,Affluent
CUST17137,Hyderabad,South,Low,587.0,Mass
CUST17138,Hyderabad,South,Medium,754.0,Affluent
CUST17139,Pune,West,Medium,682.0,Premium
CUST17140,Hyderabad,South,Low,609.0,Mass
CUST17141,Hyderabad,South,Low,609.0,Premium
CUST17142,Bangalore,South,Low,680.0,Mass
CUST17143,Hyderabad,South,Medium,778.0,Mass
CUST17144,Hyderabad,South,High,748.0,Premium
CUST17145,Mumbai,West,Medium,750.0,Mass
CUST17146,Pune,West,Medium,743.0,Mass
CUST17147,Kolkata,East,Low,679.0,Affluent
CUST17148,Delhi NCR,North,Medium,722.0,Mass
CUST17149,Hyderabad,South,Medium,686.0,Mass
CUST17150,Bangalore,South,Low,581.0,Affluent
CUST17151,Kolkata,East,Medium,705.0,Mass
CUST17152,Delhi NCR,North,Medium,688.0,Affluent
CUST17153,Delhi NCR,North,Medium,690.0,Mass
CUST17154,Pune,West,Medium,767.0,Affluent
CUST17155,Bangalore,South,Low,685.0,Affluent
CUST17156,Hyderabad,South,Low,623.0,Premium
CUST17157,Bangalore,South,Low,626.0,Premium
CUST17158,Hyderabad,South,Low,625.0,Mass
CUST17159,Mumbai,West,High,730.0,Mass
CUST17160,Hyderabad,South,Low,714.0,Affluent
CUST17161,Bangalore,South,Medium,721.0,Premium
CUST17162,Pune,West,Low,575.0,Affluent
CUST17163,Hyderabad,South,High,827.0,Mass
CUST17164,Hyderabad,South,Medium,747.0,Affluent
CUST17165,Mumbai,West,Low,630.0,Affluent
CUST17166,Bangalore,South,Low,585.0,Affluent
CUST17167,Hyderabad,South,High,774.0,Mass
CUST17168,Hyderabad,South,Low,697.0,Premium
CUST17169,Bangalore,South,Low,629.0,Mass
CUST17170,Bangalore,South,Medium,680.0,Mass
CUST17171,Delhi NCR,North,High,800.0,Mass
CUST17172,Mumbai,West,Low,611.0,Affluent
CUST17173,Hyderabad,South,Medium,661.0,Premium
CUST17174,Mumbai,West,Medium,738.0,Affluent
CUST17175,Pune,West,High,799.0,Mass
CUST17176,Pune,West,High,844.0,Mass
CUST17177,Mumbai,West,Medium,710.0,Mass
CUST17178,Kolkata,East,High,840.0,Affluent
CUST17179,Mumbai,West,High,728.0,Affluent
CUST17180,Mumbai,West,Low,618.0,Affluent
CUST17181,Kolkata,East,Medium,683.0,Affluent
CUST17182,Hyderabad,South,High,817.0,Premium
CUST17183,Kolkata,East,Low,551.0,Mass
CUST17184,Bangalore,South,Medium,712.0,Mass
CUST17185,Mumbai,West,Medium,726.0,Mass
CUST17186,Hyderabad,South,Medium,733.0,Premium
CUST17187,Mumbai,West,Medium,733.0,Premium
CUST17188,Mumbai,West,Low,553.0,Mass
CUST17189,Hyderabad,South,Medium,734.0,Mass
CUST17190,Hyderabad,South,Medium,768.0,Premium
CUST17191,Mumbai,West,High,812.0,Mass
CUST17192,Mumbai,West,Low,575.0,Affluent
CUST17193,Hyderabad,South,High,813.0,Premium
CUST17194,Delhi NCR,North,Medium,674.0,Mass
CUST17195,Hyderabad,South,Medium,651.0,Affluent
CUST17196,Kolkata,East,Medium,771.0,Mass
CUST17197,Kolkata,East,Medium,669.0,Affluent
CUST17198,Pune,West,Medium,724.0,Mass
CUST17199,Bangalore,South,High,827.0,Affluent
CUST17200,Bangalore,South,Low,714.0,Mass
CUST17201,Kolkata,East,Medium,710.0,Mass
CUST17202,Hyderabad,South,High,720.0,Affluent
CUST17203,Mumbai,West,Medium,676.0,Mass
CUST17204,Kolkata,East,Medium,685.0,Mass
CUST17205,Kolkata,East,Medium,775.0,Affluent
CUST17206,Pune,West,Low,700.0,Premium
CUST17207,Pune,West,High,767.0,Mass
CUST17208,Pune,West,Medium,762.0,Mass
CUST17209,Bangalore,South,Medium,771.0,Mass
CUST17210,Kolkata,East,Medium,747.0,Affluent
CUST17211,Bangalore,South,High,770.0,Mass
CUST17212,Mumbai,West,Low,602.0,Affluent
CUST17213,Delhi NCR,North,Low,652.0,Mass
CUST17214,Delhi NCR,North,Low,674.0,Affluent
CUST17215,Delhi NCR,North,Medium,756.0,Mass
CUST17216,Mumbai,West,Medium,671.0,Mass
CUST17217,Pune,West,High,848.0,Mass
CUST17218,Pune,West,Medium,753.0,Premium
CUST17219,Delhi NCR,North,Medium,651.0,Mass
CUST17220,Delhi NCR,North,Medium,689.0,Affluent
CUST17221,Kolkata,East,Low,577.0,Mass
CUST17222,Pune,West,High,830.0,Mass
CUST17223,Bangalore,South,Medium,763.0,Mass
CUST17224,Hyderabad,South,Low,715.0,Premium
CUST17225,Delhi NCR,North,Low,658.0,Mass
CUST17226,Delhi NCR,North,High,752.0,Mass
CUST17227,Delhi NCR,North,Low,588.0,Affluent
CUST17228,Bangalore,South,Low,567.0,Mass
CUST17229,Pune,West,Low,597.0,Affluent
CUST17230,Delhi NCR,North,High,735.0,Mass
CUST17231,Mumbai,West,Medium,684.0,Mass
CUST17232,Bangalore,South,Medium,756.0,Affluent
CUST17233,Bangalore,South,High,744.0,Premium
CUST17234,Mumbai,West,Low,713.0,Mass
CUST17235,Bangalore,South,Low,562.0,Premium
CUST17236,Pune,West,Low,700.0,Mass
CUST17237,Kolkata,East,Low,668.0,Affluent
CUST17238,Mumbai,West,Low,645.0,Mass
CUST17239,Pune,West,Low,566.0,Premium
CUST17240,Bangalore,South,Low,577.0,Affluent
CUST17241,Delhi NCR,North,High,807.0,Affluent
CUST17242,Mumbai,West,High,762.0,Mass
CUST17243,Kolkata,East,Medium,734.0,Affluent
CUST17244,Mumbai,West,High,839.0,Mass
CUST17245,Mumbai,West,Low,674.0,Mass
CUST17246,Delhi NCR,North,Medium,674.0,Mass
CUST17247,Bangalore,South,Medium,677.0,Mass
CUST17248,Kolkata,East,Low,578.0,Mass
CUST17249,Bangalore,South,Low,687.0,Mass
CUST17250,Kolkata,East,Medium,776.0,Mass
CUST17251,Bangalore,South,Medium,739.0,Mass
CUST17252,Kolkata,East,Low,688.0,Premium
CUST17253,Pune,West,Low,566.0,Premium
CUST17254,Delhi NCR,North,Medium,756.0,Affluent
CUST17255,Pune,West,Low,671.0,Premium
CUST17256,Kolkata,East,High,810.0,Affluent
CUST17257,Delhi NCR,North,Medium,728.0,Affluent
CUST17258,Hyderabad,South,Low,697.0,Affluent
CUST17259,Mumbai,West,High,811.0,Mass
CUST17260,Pune,West,Medium,746.0,Premium
CUST17261,Bangalore,South,High,814.0,Premium
CUST17262,Kolkata,East,High,738.0,Mass
CUST17263,Mumbai,West,Medium,771.0,Mass
CUST17264,Mumbai,West,Medium,765.0,Mass
CUST17265,Bangalore,South,Medium,760.0,Premium
CUST17266,Delhi NCR,North,High,734.0,Mass
CUST17267,Pune,West,Low,622.0,Premium
CUST17268,Delhi NCR,North,Medium,655.0,Mass
CUST17269,Hyderabad,South,Low,639.0,Affluent
CUST17270,Delhi NCR,North,Medium,778.0,Mass
CUST17271,Mumbai,West,Low,669.0,Affluent
CUST17272,Kolkata,East,Low,716.0,Affluent
CUST17273,Kolkata,East,Low,659.0,Mass
CUST17274,Kolkata,East,Low,631.0,Affluent
CUST17275,Delhi NCR,North,Low,630.0,Mass
CUST17276,Mumbai,West,Medium,675.0,Mass
CUST17277,Bangalore,South,Low,701.0,Mass
CUST17278,Bangalore,South,Low,593.0,Affluent
CUST17279,Hyderabad,South,Low,605.0,Mass
CUST17280,Kolkata,East,High,747.0,Mass
CUST17281,Pune,West,High,779.0,Mass
CUST17282,Delhi NCR,North,Low,707.0,Affluent
CUST17283,Pune,West,Low,636.0,Mass
CUST17284,Delhi NCR,North,Medium,690.0,Affluent
CUST17285,Hyderabad,South,Medium,766.0,Premium
CUST17286,Mumbai,West,Low,704.0,Mass
CUST17287,Pune,West,Medium,750.0,Premium
CUST17288,Mumbai,West,Low,579.0,Mass
CUST17289,Delhi NCR,North,High,846.0,Premium
CUST17290,Kolkata,East,Medium,770.0,Affluent
CUST17291,Pune,West,Medium,692.0,Mass
CUST17292,Kolkata,East,High,734.0,Mass
CUST17293,Hyderabad,South,High,801.0,Mass
CUST17294,Kolkata,East,Low,563.0,Affluent
CUST17295,Kolkata,East,Medium,697.0,Affluent
CUST17296,Pune,West,Low,619.0,Mass
CUST17297,Hyderabad,South,Medium,650.0,Affluent
CUST17298,Bangalore,South,High,826.0,Affluent
CUST17299,Kolkata,East,Medium,696.0,Premium
CUST17300,Bangalore,South,Medium,779.0,Affluent
CUST17301,Kolkata,East,Medium,700.0,Mass
CUST17302,Hyderabad,South,Medium,763.0,Mass
CUST17303,Pune,West,Low,698.0,Affluent
CUST17304,Mumbai,West,Low,580.0,Mass
CUST17305,Hyderabad,South,High,746.0,Affluent
CUST17306,Hyderabad,South,Medium,777.0,Mass
CUST17307,Kolkata,East,Medium,658.0,Affluent
CUST17308,Kolkata,East,High,777.0,Mass
CUST17309,Delhi NCR,North,Medium,691.0,Mass
CUST17310,Bangalore,South,Low,659.0,Affluent
CUST17311,Bangalore,South,Medium,745.0,Mass
CUST17312,Pune,West,Medium,702.0,Mass
CUST17313,Mumbai,West,Low,625.0,Mass
CUST17314,Pune,West,Low,638.0,Mass
CUST17315,Hyderabad,South,Low,671.0,Mass
CUST17316,Mumbai,West,Low,557.0,Affluent
CUST17317,Mumbai,West,Medium,706.0,Mass
CUST17318,Kolkata,East,Low,564.0,Mass
CUST17319,Mumbai,West,Low,577.0,Mass
CUST17320,Bangalore,South,High,764.0,Mass
CUST17321,Mumbai,West,Medium,758.0,Premium
CUST17322,Pune,West,Medium,776.0,Mass
CUST17323,Bangalore,South,Medium,779.0,Mass
CUST17324,Hyderabad,South,High,834.0,Affluent
CUST17325,Delhi NCR,North,Low,661.0,Affluent
CUST17326,Kolkata,East,Medium,764.0,Mass
CUST17327,Pune,West,Medium,687.0,Mass
CUST17328,Pune,West,Low,577.0,Affluent
CUST17329,Mumbai,West,Low,712.0,Premium
CUST17330,Kolkata,East,Low,600.0,Mass
CUST17331,Mumbai,West,High,837.0,Mass
CUST17332,Mumbai,West,High,770.0,Mass
CUST17333,Pune,West,Medium,678.0,Mass
CUST17334,Hyderabad,South,High,849.0,Mass
CUST17335,Mumbai,West,Medium,711.0,Mass
CUST17336,Hyderabad,South,High,827.0,Premium
CUST17337,Mumbai,West,Medium,683.0,Mass
CUST17338,Bangalore,South,Low,665.0,Mass
CUST17339,Bangalore,South,Medium,679.0,Mass
CUST17340,Pune,West,Medium,757.0,Mass
CUST17341,Bangalore,South,High,770.0,Affluent
CUST17342,Bangalore,South,High,773.0,Mass
CUST17343,Bangalore,South,Low,683.0,Affluent
CUST17344,Bangalore,South,Medium,671.0,Affluent
CUST17345,Mumbai,West,Medium,775.0,Mass
CUST17346,Bangalore,South,High,783.0,Mass
CUST17347,Bangalore,South,Medium,699.0,Mass
CUST17348,Pune,West,Medium,701.0,Mass
CUST17349,Delhi NCR,North,Low,602.0,Mass
CUST17350,Kolkata,East,Medium,724.0,Mass
CUST17351,Delhi NCR,North,Medium,683.0,Mass
CUST17352,Hyderabad,South,High,837.0,Mass
CUST17353,Pune,West,Low,663.0,Mass
CUST17354,Hyderabad,South,Low,606.0,Affluent
CUST17355,Bangalore,South,High,817.0,Mass
CUST17356,Mumbai,West,Low,709.0,Mass
CUST17357,Kolkata,East,High,813.0,Mass
CUST17358,Delhi NCR,North,Low,630.0,Mass
CUST17359,Hyderabad,South,Low,649.0,Premium
CUST17360,Bangalore,South,Low,579.0,Affluent
CUST17361,Pune,West,Low,654.0,Mass
CUST17362,Hyderabad,South,High,811.0,Affluent
CUST17363,Hyderabad,South,Low,622.0,Mass
CUST17364,Delhi NCR,North,Medium,671.0,Affluent
CUST17365,Pune,West,Low,618.0,Affluent
CUST17366,Kolkata,East,High,796.0,Mass
CUST17367,Bangalore,South,Medium,690.0,Premium
CUST17368,Mumbai,West,Medium,764.0,Mass
CUST17369,Hyderabad,South,Medium,732.0,Mass
CUST17370,Bangalore,South,Medium,684.0,Affluent
CUST17371,Mumbai,West,Medium,666.0,Premium
CUST17372,Pune,West,High,816.0,Mass
CUST17373,Kolkata,East,High,732.0,Affluent
CUST17374,Delhi NCR,North,Medium,765.0,Mass
CUST17375,Hyderabad,South,Medium,654.0,Mass
CUST17376,Hyderabad,South,High,739.0,Mass
CUST17377,Delhi NCR,North,High,778.0,Mass
CUST17378,Delhi NCR,North,Medium,723.0,Mass
CUST17379,Kolkata,East,Low,693.0,Mass
CUST17380,Delhi NCR,North,Medium,725.0,Mass
CUST17381,Hyderabad,South,Low,634.0,Premium
CUST17382,Hyderabad,South,Low,634.0,Premium
CUST17383,Bangalore,South,Low,661.0,Affluent
CUST17384,Kolkata,East,Low,666.0,Mass
CUST17385,Pune,West,Medium,694.0,Mass
CUST17386,Kolkata,East,Low,674.0,Mass
CUST17387,Mumbai,West,Low,623.0,Mass
CUST17388,Bangalore,South,Low,693.0,Affluent
CUST17389,Delhi NCR,North,Medium,694.0,Mass
CUST17390,Bangalore,South,Medium,729.0,Premium
CUST17391,Delhi NCR,North,Medium,745.0,Affluent
CUST17392,Bangalore,South,High,789.0,Affluent
CUST17393,Hyderabad,South,High,729.0,Mass
CUST17394,Hyderabad,South,Low,648.0,Premium
CUST17395,Kolkata,East,Low,693.0,Mass
CUST17396,Delhi NCR,North,Low,712.0,Mass
CUST17397,Kolkata,East,Medium,773.0,Mass
CUST17398,Bangalore,South,Low,695.0,Premium
CUST17399,Kolkata,East,Medium,772.0,Mass
CUST17400,Pune,West,High,733.0,Affluent
CUST17401,Bangalore,South,Medium,679.0,Mass
CUST17402,Kolkata,East,Medium,729.0,Affluent
CUST17403,Kolkata,East,Low,625.0,Mass
CUST17404,Pune,West,High,737.0,Affluent
CUST17405,Kolkata,East,Medium,719.0,Affluent
CUST17406,Hyderabad,South,Medium,758.0,Affluent
CUST17407,Mumbai,West,Medium,717.0,Affluent
CUST17408,Hyderabad,South,Low,651.0,Mass
CUST17409,Delhi NCR,North,Medium,762.0,Mass
CUST17410,Delhi NCR,North,Low,693.0,Mass
CUST17411,Delhi NCR,North,Low,613.0,Mass
CUST17412,Bangalore,South,Low,623.0,Mass
CUST17413,Kolkata,East,Medium,655.0,Mass
CUST17414,Mumbai,West,Medium,729.0,Premium
CUST17415,Mumbai,West,Medium,766.0,Mass
CUST17416,Bangalore,South,Low,720.0,Mass
CUST17417,Delhi NCR,North,Low,623.0,Mass
CUST17418,Mumbai,West,Low,674.0,Mass
CUST17419,Mumbai,West,Low,642.0,Affluent
CUST17420,Delhi NCR,North,Low,676.0,Affluent
CUST17421,Kolkata,East,High,781.0,Affluent
CUST17422,Kolkata,East,Low,589.0,Mass
CUST17423,Delhi NCR,North,Medium,670.0,Mass
CUST17424,Pune,West,Medium,661.0,Mass
CUST17425,Mumbai,West,Medium,686.0,Mass
CUST17426,Hyderabad,South,Low,711.0,Premium
CUST17427,Bangalore,South,Low,719.0,Premium
CUST17428,Hyderabad,South,Low,711.0,Premium
CUST17429,Delhi NCR,North,Low,585.0,Mass
CUST17430,Kolkata,East,Low,623.0,Premium
CUST17431,Hyderabad,South,Low,658.0,Mass
CUST17432,Bangalore,South,High,783.0,Mass
CUST17433,Pune,West,Low,610.0,Mass
CUST17434,Delhi NCR,North,Medium,705.0,Mass
CUST17435,Delhi NCR,North,Low,634.0,Affluent
CUST17436,Hyderabad,South,Low,640.0,Affluent
CUST17437,Kolkata,East,Low,568.0,Affluent
CUST17438,Hyderabad,South,Low,679.0,Affluent
CUST17439,Pune,West,Low,571.0,Affluent
CUST17440,Pune,West,Medium,686.0,Affluent
CUST17441,Bangalore,South,Medium,686.0,Affluent
CUST17442,Bangalore,South,Low,703.0,Affluent
CUST17443,Hyderabad,South,High,846.0,Mass
CUST17444,Bangalore,South,Low,680.0,Mass
CUST17445,Delhi NCR,North,Low,606.0,Affluent
CUST17446,Kolkata,East,Medium,659.0,Mass
CUST17447,Mumbai,West,High,779.0,Affluent
CUST17448,Hyderabad,South,Medium,671.0,Mass
CUST17449,Bangalore,South,High,799.0,Mass
CUST17450,Bangalore,South,Low,703.0,Mass
CUST17451,Pune,West,Medium,687.0,Mass
CUST17452,Hyderabad,South,Medium,709.0,Mass
CUST17453,Delhi NCR,North,High,774.0,Mass
CUST17454,Delhi NCR,North,Medium,764.0,Mass
CUST17455,Pune,West,Medium,706.0,Affluent
CUST17456,Hyderabad,South,Medium,700.0,Mass
CUST17457,Mumbai,West,Low,649.0,Premium
CUST17458,Bangalore,South,Low,657.0,Mass
CUST17459,Bangalore,South,Low,707.0,Mass
CUST17460,Hyderabad,South,Medium,763.0,Mass
CUST17461,Mumbai,West,Low,672.0,Mass
CUST17462,Mumbai,West,Low,716.0,Affluent
CUST17463,Kolkata,East,Low,607.0,Mass
CUST17464,Delhi NCR,North,Low,711.0,Mass
CUST17465,Pune,West,Medium,681.0,Mass
CUST17466,Delhi NCR,North,Low,578.0,Mass
CUST17467,Mumbai,West,Medium,716.0,Mass
CUST17468,Mumbai,West,Low,599.0,Mass
CUST17469,Pune,West,Low,712.0,Premium
CUST17470,Pune,West,Low,666.0,Mass
CUST17471,Delhi NCR,North,High,764.0,Mass
CUST17472,Delhi NCR,North,Medium,660.0,Affluent
CUST17473,Hyderabad,South,Medium,755.0,Affluent
CUST17474,Hyderabad,South,Low,554.0,Affluent
CUST17475,Kolkata,East,Medium,722.0,Mass
CUST17476,Kolkata,East,High,778.0,Mass
CUST17477,Kolkata,East,Medium,765.0,Mass
CUST17478,Bangalore,South,High,745.0,Mass
CUST17479,Kolkata,East,Low,634.0,Mass
CUST17480,Kolkata,East,Medium,654.0,Mass
CUST17481,Delhi NCR,North,Medium,703.0,Mass
CUST17482,Kolkata,East,High,782.0,Mass
CUST17483,Delhi NCR,North,High,752.0,Mass
CUST17484,Kolkata,East,Medium,778.0,Affluent
CUST17485,Pune,West,Low,719.0,Affluent
CUST17486,Delhi NCR,North,Low,612.0,Premium
CUST17487,Pune,West,High,821.0,Mass
CUST17488,Bangalore,South,Medium,710.0,Mass
CUST17489,Kolkata,East,Medium,668.0,Mass
CUST17490,Mumbai,West,Medium,729.0,Mass
CUST17491,Pune,West,Medium,736.0,Premium
CUST17492,Mumbai,West,High,784.0,Mass
CUST17493,Hyderabad,South,Medium,687.0,Affluent
CUST17494,Delhi NCR,North,Medium,770.0,Affluent
CUST17495,Kolkata,East,Low,563.0,Mass
CUST17496,Kolkata,East,Low,550.0,Mass
CUST17497,Delhi NCR,North,Low,553.0,Mass
CUST17498,Kolkata,East,Medium,728.0,Affluent
CUST17499,Pune,West,Low,601.0,Mass
CUST17500,Pune,West,High,782.0,Affluent
CUST17501,Mumbai,West,High,813.0,Affluent
CUST17502,Delhi NCR,North,Medium,706.0,Mass
CUST17503,Mumbai,West,Medium,652.0,Affluent
CUST17504,Bangalore,South,High,761.0,Affluent
CUST17505,Kolkata,East,High,780.0,Affluent
CUST17506,Pune,West,Medium,671.0,Mass
CUST17507,Mumbai,West,Medium,775.0,Affluent
CUST17508,Delhi NCR,North,Medium,702.0,Affluent
CUST17509,Pune,West,Medium,674.0,Mass
CUST17510,Mumbai,West,Low,575.0,Mass
CUST17511,Mumbai,West,High,845.0,Premium
CUST17512,Kolkata,East,Low,556.0,Mass
CUST17513,Bangalore,South,High,728.0,Affluent
CUST17514,Kolkata,East,Medium,767.0,Affluent
CUST17515,Pune,West,Medium,711.0,Premium
CUST17516,Mumbai,West,High,799.0,Mass
CUST17517,Bangalore,South,Low,711.0,Mass
CUST17518,Bangalore,South,Low,648.0,Premium
CUST17519,Bangalore,South,Medium,771.0,Mass
CUST17520,Mumbai,West,Low,595.0,Affluent
CUST17521,Pune,West,Medium,746.0,Mass
CUST17522,Delhi NCR,North,Low,667.0,Affluent
CUST17523,Bangalore,South,Low,629.0,Affluent
CUST17524,Bangalore,South,Medium,723.0,Mass
CUST17525,Pune,West,Medium,756.0,Affluent
CUST17526,Mumbai,West,Medium,670.0,Mass
CUST17527,Hyderabad,South,Medium,748.0,Mass
CUST17528,Delhi NCR,North,Medium,701.0,Premium
CUST17529,Hyderabad,South,Low,718.0,Affluent
CUST17530,Bangalore,South,Medium,711.0,Mass
CUST17531,Hyderabad,South,Low,558.0,Mass
CUST17532,Mumbai,West,High,746.0,Affluent
CUST17533,Mumbai,West,Low,663.0,Mass
CUST17534,Kolkata,East,Medium,703.0,Mass
CUST17535,Delhi NCR,North,Medium,736.0,Affluent
CUST17536,Kolkata,East,Medium,686.0,Mass
CUST17537,Pune,West,Low,583.0,Affluent
CUST17538,Delhi NCR,North,Medium,681.0,Mass
CUST17539,Bangalore,South,Medium,686.0,Premium
CUST17540,Delhi NCR,North,High,819.0,Mass
CUST17541,Bangalore,South,Medium,653.0,Mass
CUST17542,Pune,West,Medium,688.0,Mass
CUST17543,Bangalore,South,High,780.0,Mass
CUST17544,Bangalore,South,Low,629.0,Mass
CUST17545,Delhi NCR,North,High,771.0,Mass
CUST17546,Pune,West,High,745.0,Mass
CUST17547,Hyderabad,South,Medium,760.0,Mass
CUST17548,Kolkata,East,Low,650.0,Premium
CUST17549,Pune,West,High,794.0,Mass
CUST17550,Pune,West,Medium,676.0,Mass
CUST17551,Hyderabad,South,High,829.0,Mass
CUST17552,Mumbai,West,Low,646.0,Mass
CUST17553,Pune,West,High,836.0,Mass
CUST17554,Hyderabad,South,Medium,690.0,Affluent
CUST17555,Hyderabad,South,Low,713.0,Affluent
CUST17556,Mumbai,West,Low,671.0,Premium
CUST17557,Hyderabad,South,Medium,721.0,Mass
CUST17558,Pune,West,Medium,724.0,Mass
CUST17559,Bangalore,South,Medium,725.0,Mass
CUST17560,Hyderabad,South,Medium,660.0,Premium
CUST17561,Mumbai,West,Low,648.0,Mass
CUST17562,Kolkata,East,Low,590.0,Premium
CUST17563,Pune,West,Medium,710.0,Mass
CUST17564,Hyderabad,South,Low,561.0,Mass
CUST17565,Bangalore,South,Medium,730.0,Mass
CUST17566,Delhi NCR,North,Low,565.0,Mass
CUST17567,Bangalore,South,High,754.0,Affluent
CUST17568,Hyderabad,South,Medium,699.0,Mass
CUST17569,Mumbai,West,High,732.0,Mass
CUST17570,Delhi NCR,North,Low,562.0,Mass
CUST17571,Hyderabad,South,Medium,657.0,Affluent
CUST17572,Pune,West,Low,642.0,Premium
CUST17573,Delhi NCR,North,Low,629.0,Mass
CUST17574,Mumbai,West,High,814.0,Affluent
CUST17575,Bangalore,South,Low,591.0,Affluent
CUST17576,Hyderabad,South,Low,648.0,Mass
CUST17577,Delhi NCR,North,Low,622.0,Mass
CUST17578,Bangalore,South,Medium,749.0,Mass
CUST17579,Hyderabad,South,High,830.0,Mass
CUST17580,Delhi NCR,North,Medium,658.0,Affluent
CUST17581,Pune,West,High,827.0,Affluent
CUST17582,Bangalore,South,Low,583.0,Mass
CUST17583,Hyderabad,South,Low,671.0,Affluent
CUST17584,Delhi NCR,North,Medium,666.0,Mass
CUST17585,Bangalore,South,Low,692.0,Mass
CUST17586,Hyderabad,South,Medium,776.0,Affluent
CUST17587,Mumbai,West,Medium,737.0,Mass
CUST17588,Bangalore,South,High,772.0,Mass
CUST17589,Bangalore,South,Medium,702.0,Mass
CUST17590,Kolkata,East,High,769.0,Mass
CUST17591,Bangalore,South,High,769.0,Premium
CUST17592,Pune,West,Low,650.0,Mass
CUST17593,Delhi NCR,North,Low,655.0,Mass
CUST17594,Mumbai,West,Low,711.0,Affluent
CUST17595,Hyderabad,South,Low,610.0,Mass
CUST17596,Hyderabad,South,Medium,711.0,Mass
CUST17597,Mumbai,West,Medium,763.0,Affluent
CUST17598,Hyderabad,South,Low,553.0,Affluent
CUST17599,Bangalore,South,High,725.0,Affluent
CUST17600,Mumbai,West,Low,610.0,Mass
CUST17601,Pune,West,Low,696.0,Mass
CUST17602,Delhi NCR,North,High,737.0,Mass
CUST17603,Pune,West,Medium,661.0,Mass
CUST17604,Delhi NCR,North,Medium,688.0,Mass
CUST17605,Hyderabad,South,Medium,733.0,Mass
CUST17606,Bangalore,South,High,797.0,Mass
CUST17607,Mumbai,West,Medium,738.0,Mass
CUST17608,Pune,West,High,729.0,Mass
CUST17609,Hyderabad,South,Low,609.0,Mass
CUST17610,Bangalore,South,Low,647.0,Affluent
CUST17611,Mumbai,West,High,751.0,Mass
CUST17612,Delhi NCR,North,High,783.0,Affluent
CUST17613,Hyderabad,South,Low,594.0,Mass
CUST17614,Kolkata,East,Low,598.0,Affluent
CUST17615,Delhi NCR,North,Medium,721.0,Mass
CUST17616,Bangalore,South,High,744.0,Affluent
CUST17617,Hyderabad,South,Low,656.0,Premium
CUST17618,Mumbai,West,Medium,779.0,Affluent
CUST17619,Hyderabad,South,Medium,677.0,Mass
CUST17620,Bangalore,South,Medium,654.0,Mass
CUST17621,Pune,West,Medium,714.0,Affluent
CUST17622,Kolkata,East,Low,706.0,Affluent
CUST17623,Pune,West,Low,688.0,Mass
CUST17624,Mumbai,West,Low,565.0,Mass
CUST17625,Hyderabad,South,Low,685.0,Affluent
CUST17626,Pune,West,Low,690.0,Mass
CUST17627,Kolkata,East,High,799.0,Mass
CUST17628,Hyderabad,South,Low,639.0,Mass
CUST17629,Kolkata,East,Low,554.0,Mass
CUST17630,Pune,West,Medium,678.0,Mass
CUST17631,Pune,West,Medium,764.0,Mass
CUST17632,Pune,West,Medium,763.0,Affluent
CUST17633,Mumbai,West,Medium,754.0,Affluent
CUST17634,Pune,West,Low,651.0,Mass
CUST17635,Mumbai,West,Low,584.0,Mass
CUST17636,Bangalore,South,Medium,666.0,Mass
CUST17637,Delhi NCR,North,High,754.0,Mass
CUST17638,Kolkata,East,Medium,747.0,Mass
CUST17639,Mumbai,West,Medium,720.0,Affluent
CUST17640,Delhi NCR,North,High,794.0,Affluent
CUST17641,Hyderabad,South,Low,683.0,Mass
CUST17642,Bangalore,South,High,738.0,Mass
CUST17643,Kolkata,East,Low,555.0,Affluent
CUST17644,Pune,West,Low,609.0,Affluent
CUST17645,Bangalore,South,Medium,660.0,Premium
CUST17646,Pune,West,Medium,765.0,Mass
CUST17647,Delhi NCR,North,Medium,718.0,Mass
CUST17648,Mumbai,West,Low,596.0,Mass
CUST17649,Kolkata,East,Low,683.0,Premium
CUST17650,Kolkata,East,High,737.0,Mass
CUST17651,Kolkata,East,High,763.0,Premium
CUST17652,Hyderabad,South,Medium,703.0,Affluent
CUST17653,Mumbai,West,Medium,727.0,Premium
CUST17654,Kolkata,East,Low,681.0,Mass
CUST17655,Mumbai,West,Medium,736.0,Mass
CUST17656,Delhi NCR,North,Low,610.0,Mass
CUST17657,Kolkata,East,High,762.0,Mass
CUST17658,Kolkata,East,Low,629.0,Premium
CUST17659,Delhi NCR,North,High,812.0,Mass
CUST17660,Bangalore,South,Medium,765.0,Affluent
CUST17661,Pune,West,Medium,715.0,Affluent
CUST17662,Kolkata,East,Medium,780.0,Affluent
CUST17663,Pune,West,High,764.0,Mass
CUST17664,Mumbai,West,Low,608.0,Mass
CUST17665,Kolkata,East,Low,612.0,Affluent
CUST17666,Pune,West,Low,638.0,Mass
CUST17667,Pune,West,Low,702.0,Mass
CUST17668,Pune,West,Medium,767.0,Mass
CUST17669,Pune,West,Medium,701.0,Mass
CUST17670,Mumbai,West,Low,570.0,Mass
CUST17671,Bangalore,South,High,826.0,Mass
CUST17672,Bangalore,South,Low,551.0,Mass
CUST17673,Kolkata,East,Low,575.0,Affluent
CUST17674,Kolkata,East,Medium,757.0,Mass
CUST17675,Pune,West,High,770.0,Affluent
CUST17676,Delhi NCR,North,Medium,719.0,Mass
CUST17677,Mumbai,West,Low,680.0,Mass
CUST17678,Mumbai,West,Low,558.0,Mass
CUST17679,Hyderabad,South,Low,682.0,Mass
CUST17680,Mumbai,West,High,813.0,Mass
CUST17681,Pune,West,Medium,766.0,Affluent
CUST17682,Hyderabad,South,Low,692.0,Mass
CUST17683,Kolkata,East,High,809.0,Mass
CUST17684,Pune,West,Low,642.0,Mass
CUST17685,Bangalore,South,Low,555.0,Premium
CUST17686,Mumbai,West,Medium,776.0,Mass
CUST17687,Mumbai,West,Medium,767.0,Mass
CUST17688,Hyderabad,South,Low,694.0,Affluent
CUST17689,Bangalore,South,Low,573.0,Mass
CUST17690,Pune,West,Medium,674.0,Affluent
CUST17691,Mumbai,West,Medium,678.0,Mass
CUST17692,Bangalore,South,Medium,679.0,Premium
CUST17693,Kolkata,East,Low,611.0,Mass
CUST17694,Mumbai,West,High,790.0,Affluent
CUST17695,Kolkata,East,Low,618.0,Premium
CUST17696,Hyderabad,South,Medium,769.0,Mass
CUST17697,Hyderabad,South,Medium,755.0,Mass
CUST17698,Mumbai,West,Low,559.0,Mass
CUST17699,Pune,West,Low,696.0,Affluent
CUST17700,Delhi NCR,North,Low,671.0,Affluent
CUST17701,Delhi NCR,North,Medium,761.0,Premium
CUST17702,Hyderabad,South,Low,671.0,Affluent
CUST17703,Mumbai,West,Medium,734.0,Premium
CUST17704,Hyderabad,South,Low,617.0,Mass
CUST17705,Mumbai,West,Medium,730.0,Mass
CUST17706,Mumbai,West,Medium,708.0,Premium
CUST17707,Pune,West,Medium,693.0,Affluent
CUST17708,Bangalore,South,High,727.0,Affluent
CUST17709,Hyderabad,South,High,776.0,Mass
CUST17710,Mumbai,West,Low,642.0,Mass
CUST17711,Mumbai,West,Medium,677.0,Mass
CUST17712,Delhi NCR,North,Medium,696.0,Mass
CUST17713,Pune,West,High,830.0,Mass
CUST17714,Mumbai,West,Low,550.0,Mass
CUST17715,Delhi NCR,North,High,726.0,Premium
CUST17716,Hyderabad,South,Medium,664.0,Affluent
CUST17717,Kolkata,East,Low,614.0,Mass
CUST17718,Pune,West,Low,608.0,Affluent
CUST17719,Kolkata,East,Medium,746.0,Mass
CUST17720,Delhi NCR,North,Medium,713.0,Mass
CUST17721,Bangalore,South,Medium,679.0,Affluent
CUST17722,Kolkata,East,Medium,699.0,Mass
CUST17723,Pune,West,Medium,763.0,Mass
CUST17724,Delhi NCR,North,Low,638.0,Mass
CUST17725,Hyderabad,South,High,737.0,Affluent
CUST17726,Bangalore,South,Low,553.0,Mass
CUST17727,Pune,West,Medium,707.0,Mass
CUST17728,Delhi NCR,North,Medium,755.0,Mass
CUST17729,Mumbai,West,Low,627.0,Affluent
CUST17730,Hyderabad,South,Low,640.0,Affluent
CUST17731,Bangalore,South,Medium,667.0,Affluent
CUST17732,Mumbai,West,High,825.0,Premium
CUST17733,Hyderabad,South,High,833.0,Affluent
CUST17734,Bangalore,South,High,801.0,Mass
CUST17735,Hyderabad,South,High,736.0,Mass
CUST17736,Delhi NCR,North,High,745.0,Mass
CUST17737,Pune,West,Medium,776.0,Mass
CUST17738,Kolkata,East,Low,552.0,Mass
CUST17739,Mumbai,West,Medium,735.0,Affluent
CUST17740,Kolkata,East,Medium,756.0,Affluent
CUST17741,Kolkata,East,High,763.0,Mass
CUST17742,Hyderabad,South,High,804.0,Mass
CUST17743,Delhi NCR,North,High,758.0,Mass
CUST17744,Bangalore,South,Low,598.0,Affluent
CUST17745,Mumbai,West,High,738.0,Affluent
CUST17746,Delhi NCR,North,Low,698.0,Premium
CUST17747,Bangalore,South,Low,630.0,Mass
CUST17748,Mumbai,West,Low,613.0,Mass
CUST17749,Kolkata,East,Low,583.0,Mass
CUST17750,Pune,West,Medium,727.0,Mass
CUST17751,Mumbai,West,Low,616.0,Affluent
CUST17752,Kolkata,East,Medium,694.0,Mass
CUST17753,Kolkata,East,Low,644.0,Mass
CUST17754,Mumbai,West,Low,659.0,Mass
CUST17755,Pune,West,High,765.0,Mass
CUST17756,Bangalore,South,Medium,756.0,Mass
CUST17757,Kolkata,East,High,796.0,Mass
CUST17758,Pune,West,Medium,765.0,Mass
CUST17759,Hyderabad,South,Medium,770.0,Affluent
CUST17760,Bangalore,South,Medium,703.0,Mass
CUST17761,Mumbai,West,Medium,680.0,Mass
CUST17762,Pune,West,High,764.0,Affluent
CUST17763,Mumbai,West,Medium,684.0,Affluent
CUST17764,Hyderabad,South,Medium,664.0,Mass
CUST17765,Hyderabad,South,Medium,750.0,Affluent
CUST17766,Bangalore,South,Low,613.0,Mass
CUST17767,Bangalore,South,Low,649.0,Mass
CUST17768,Delhi NCR,North,Medium,767.0,Mass
CUST17769,Delhi NCR,North,Low,605.0,Mass
CUST17770,Bangalore,South,Low,630.0,Affluent
CUST17771,Kolkata,East,Low,654.0,Mass
CUST17772,Bangalore,South,Low,602.0,Mass
CUST17773,Delhi NCR,North,High,815.0,Mass
CUST17774,Hyderabad,South,Low,597.0,Mass
CUST17775,Delhi NCR,North,High,757.0,Premium
CUST17776,Kolkata,East,Medium,760.0,Affluent
CUST17777,Mumbai,West,High,818.0,Premium
CUST17778,Pune,West,High,796.0,Mass
CUST17779,Mumbai,West,Medium,661.0,Mass
CUST17780,Pune,West,Low,709.0,Mass
CUST17781,Kolkata,East,Medium,774.0,Affluent
CUST17782,Kolkata,East,High,785.0,Mass
CUST17783,Kolkata,East,Low,590.0,Premium
CUST17784,Hyderabad,South,Medium,741.0,Mass
CUST17785,Pune,West,High,723.0,Mass
CUST17786,Hyderabad,South,Medium,758.0,Premium
CUST17787,Mumbai,West,High,767.0,Affluent
CUST17788,Mumbai,West,Low,651.0,Affluent
CUST17789,Delhi NCR,North,Medium,699.0,Affluent
CUST17790,Hyderabad,South,Low,574.0,Mass
CUST17791,Pune,West,High,836.0,Affluent
CUST17792,Kolkata,East,Medium,676.0,Affluent
CUST17793,Mumbai,West,Low,657.0,Mass
CUST17794,Hyderabad,South,Low,703.0,Affluent
CUST17795,Pune,West,Medium,762.0,Affluent
CUST17796,Kolkata,East,High,832.0,Mass
CUST17797,Kolkata,East,Low,647.0,Mass
CUST17798,Hyderabad,South,Low,660.0,Mass
CUST17799,Kolkata,East,Low,643.0,Affluent
CUST17800,Kolkata,East,Medium,705.0,Mass
CUST17801,Delhi NCR,North,High,755.0,Premium
CUST17802,Hyderabad,South,Low,585.0,Affluent
CUST17803,Mumbai,West,High,833.0,Mass
CUST17804,Pune,West,High,823.0,Affluent
CUST17805,Delhi NCR,North,Medium,759.0,Mass
CUST17806,Hyderabad,South,Low,695.0,Mass
CUST17807,Kolkata,East,Low,586.0,Affluent
CUST17808,Hyderabad,South,Medium,673.0,Mass
CUST17809,Hyderabad,South,Medium,732.0,Mass
CUST17810,Bangalore,South,Medium,678.0,Premium
CUST17811,Delhi NCR,North,Low,646.0,Mass
CUST17812,Kolkata,East,High,840.0,Affluent
CUST17813,Mumbai,West,Low,678.0,Mass
CUST17814,Hyderabad,South,Medium,743.0,Premium
CUST17815,Kolkata,East,Medium,682.0,Premium
CUST17816,Hyderabad,South,Medium,687.0,Mass
CUST17817,Pune,West,Low,605.0,Mass
CUST17818,Pune,West,High,739.0,Affluent
CUST17819,Kolkata,East,Medium,704.0,Affluent
CUST17820,Hyderabad,South,Medium,718.0,Premium
CUST17821,Delhi NCR,North,Low,584.0,Mass
CUST17822,Pune,West,High,721.0,Mass
CUST17823,Kolkata,East,Medium,688.0,Affluent
CUST17824,Hyderabad,South,Medium,739.0,Mass
CUST17825,Delhi NCR,North,Medium,704.0,Affluent
CUST17826,Hyderabad,South,Medium,769.0,Affluent
CUST17827,Delhi NCR,North,High,798.0,Mass
CUST17828,Delhi NCR,North,Medium,765.0,Mass
CUST17829,Hyderabad,South,Low,584.0,Mass
CUST17830,Delhi NCR,North,Low,707.0,Mass
CUST17831,Pune,West,Low,667.0,Mass
CUST17832,Mumbai,West,Medium,753.0,Affluent
CUST17833,Delhi NCR,North,Medium,761.0,Mass
CUST17834,Bangalore,South,Medium,728.0,Affluent
CUST17835,Kolkata,East,Medium,748.0,Affluent
CUST17836,Bangalore,South,High,740.0,Mass
CUST17837,Pune,West,Low,561.0,Mass
CUST17838,Pune,West,Low,676.0,Affluent
CUST17839,Delhi NCR,North,Medium,701.0,Mass
CUST17840,Pune,West,Low,703.0,Mass
CUST17841,Kolkata,East,Low,683.0,Affluent
CUST17842,Mumbai,West,Medium,759.0,Mass
CUST17843,Pune,West,Low,643.0,Mass
CUST17844,Pune,West,Low,652.0,Mass
CUST17845,Delhi NCR,North,Medium,693.0,Mass
CUST17846,Delhi NCR,North,Medium,725.0,Mass
CUST17847,Delhi NCR,North,Low,657.0,Mass
CUST17848,Mumbai,West,High,790.0,Mass
CUST17849,Hyderabad,South,High,792.0,Premium
CUST17850,Mumbai,West,Low,602.0,Affluent
CUST17851,Hyderabad,South,High,786.0,Mass
CUST17852,Pune,West,Low,563.0,Mass
CUST17853,Delhi NCR,North,Low,713.0,Mass
CUST17854,Mumbai,West,Low,628.0,Mass
CUST17855,Mumbai,West,Medium,728.0,Mass
CUST17856,Mumbai,West,Low,706.0,Mass
CUST17857,Bangalore,South,Medium,655.0,Mass
CUST17858,Pune,West,Medium,675.0,Affluent
CUST17859,Bangalore,South,Medium,744.0,Affluent
CUST17860,Mumbai,West,Medium,756.0,Mass
CUST17861,Bangalore,South,Low,613.0,Mass
CUST17862,Kolkata,East,Low,580.0,Mass
CUST17863,Kolkata,East,Low,620.0,Mass
CUST17864,Pune,West,High,770.0,Affluent
CUST17865,Hyderabad,South,Low,570.0,Affluent
CUST17866,Kolkata,East,High,829.0,Affluent
CUST17867,Mumbai,West,Low,585.0,Mass
CUST17868,Delhi NCR,North,Medium,734.0,Premium
CUST17869,Pune,West,Medium,690.0,Affluent
CUST17870,Hyderabad,South,Low,621.0,Mass
CUST17871,Pune,West,Medium,768.0,Mass
CUST17872,Kolkata,East,High,797.0,Mass
CUST17873,Kolkata,East,Medium,749.0,Mass
CUST17874,Bangalore,South,High,817.0,Affluent
CUST17875,Mumbai,West,Low,718.0,Affluent
CUST17876,Mumbai,West,Medium,706.0,Affluent
CUST17877,Pune,West,Low,642.0,Mass
CUST17878,Hyderabad,South,Low,594.0,Mass
CUST17879,Pune,West,Medium,653.0,Mass
CUST17880,Pune,West,Low,671.0,Mass
CUST17881,Mumbai,West,Medium,666.0,Mass
CUST17882,Delhi NCR,North,High,729.0,Mass
CUST17883,Kolkata,East,Low,585.0,Premium
CUST17884,Pune,West,Medium,709.0,Affluent
CUST17885,Bangalore,South,Medium,773.0,Mass
CUST17886,Mumbai,West,Low,700.0,Mass
CUST17887,Delhi NCR,North,High,766.0,Mass
CUST17888,Pune,West,Low,717.0,Mass
CUST17889,Kolkata,East,High,805.0,Mass
CUST17890,Delhi NCR,North,Medium,723.0,Affluent
CUST17891,Mumbai,West,Low,653.0,Mass
CUST17892,Pune,West,Low,658.0,Affluent
CUST17893,Kolkata,East,High,731.0,Mass
CUST17894,Kolkata,East,Low,690.0,Mass
CUST17895,Bangalore,South,Medium,669.0,Mass
CUST17896,Pune,West,Low,573.0,Mass
CUST17897,Bangalore,South,Low,573.0,Affluent
CUST17898,Bangalore,South,Low,588.0,Affluent
CUST17899,Hyderabad,South,High,743.0,Affluent
CUST17900,Pune,West,Low,629.0,Affluent
CUST17901,Bangalore,South,Low,670.0,Mass
CUST17902,Hyderabad,South,Low,680.0,Mass
CUST17903,Mumbai,West,High,726.0,Affluent
CUST17904,Pune,West,Medium,732.0,Premium
CUST17905,Delhi NCR,North,Low,577.0,Mass
CUST17906,Pune,West,Medium,725.0,Premium
CUST17907,Pune,West,Medium,674.0,Mass
CUST17908,Delhi NCR,North,Medium,677.0,Affluent
CUST17909,Mumbai,West,Low,627.0,Mass
CUST17910,Bangalore,South,Medium,708.0,Mass
CUST17911,Hyderabad,South,Medium,731.0,Mass
CUST17912,Bangalore,South,Low,694.0,Mass
CUST17913,Pune,West,High,834.0,Premium
CUST17914,Bangalore,South,High,825.0,Premium
CUST17915,Bangalore,South,High,729.0,Affluent
CUST17916,Mumbai,West,Low,624.0,Mass
CUST17917,Bangalore,South,High,757.0,Mass
CUST17918,Kolkata,East,Medium,672.0,Affluent
CUST17919,Pune,West,Low,702.0,Mass
CUST17920,Hyderabad,South,Low,694.0,Affluent
CUST17921,Pune,West,Low,713.0,Affluent
CUST17922,Hyderabad,South,Low,633.0,Mass
CUST17923,Mumbai,West,Low,602.0,Affluent
CUST17924,Hyderabad,South,Low,696.0,Affluent
CUST17925,Pune,West,Low,552.0,Affluent
CUST17926,Kolkata,East,Medium,748.0,Affluent
CUST17927,Mumbai,West,Low,669.0,Affluent
CUST17928,Pune,West,Low,642.0,Premium
CUST17929,Bangalore,South,Medium,685.0,Mass
CUST17930,Pune,West,Low,677.0,Affluent
CUST17931,Hyderabad,South,Low,707.0,Mass
CUST17932,Mumbai,West,Medium,766.0,Affluent
CUST17933,Kolkata,East,Medium,651.0,Affluent
CUST17934,Kolkata,East,Low,690.0,Affluent
CUST17935,Mumbai,West,Medium,665.0,Mass
CUST17936,Bangalore,South,Low,582.0,Affluent
CUST17937,Hyderabad,South,High,754.0,Affluent
CUST17938,Pune,West,Medium,664.0,Affluent
CUST17939,Delhi NCR,North,Low,556.0,Affluent
CUST17940,Kolkata,East,Medium,708.0,Mass
CUST17941,Mumbai,West,High,825.0,Mass
CUST17942,Hyderabad,South,High,827.0,Mass
CUST17943,Kolkata,East,Medium,764.0,Premium
CUST17944,Pune,West,Low,572.0,Premium
CUST17945,Mumbai,West,Medium,666.0,Premium
CUST17946,Mumbai,West,Medium,761.0,Mass
CUST17947,Hyderabad,South,Low,684.0,Mass
CUST17948,Bangalore,South,Low,711.0,Mass
CUST17949,Hyderabad,South,Low,601.0,Mass
CUST17950,Bangalore,South,Medium,669.0,Mass
CUST17951,Pune,West,Low,710.0,Mass
CUST17952,Bangalore,South,High,730.0,Premium
CUST17953,Bangalore,South,High,776.0,Mass
CUST17954,Pune,West,Medium,721.0,Affluent
CUST17955,Delhi NCR,North,Medium,745.0,Mass
CUST17956,Mumbai,West,Medium,736.0,Mass
CUST17957,Delhi NCR,North,Medium,697.0,Affluent
CUST17958,Kolkata,East,Low,699.0,Mass
CUST17959,Pune,West,Medium,714.0,Premium
CUST17960,Pune,West,Low,643.0,Mass
CUST17961,Delhi NCR,North,Low,575.0,Mass
CUST17962,Pune,West,Low,660.0,Premium
CUST17963,Bangalore,South,Low,556.0,Mass
CUST17964,Bangalore,South,Low,653.0,Affluent
CUST17965,Kolkata,East,Medium,780.0,Mass
CUST17966,Delhi NCR,North,Low,595.0,Affluent
CUST17967,Hyderabad,South,Low,613.0,Mass
CUST17968,Kolkata,East,Low,712.0,Mass
CUST17969,Delhi NCR,North,High,738.0,Mass
CUST17970,Mumbai,West,Medium,740.0,Mass
CUST17971,Pune,West,Low,611.0,Premium
CUST17972,Mumbai,West,Medium,690.0,Affluent
CUST17973,Mumbai,West,Low,698.0,Mass
CUST17974,Pune,West,Low,703.0,Mass
CUST17975,Delhi NCR,North,Medium,776.0,Mass
CUST17976,Mumbai,West,Medium,744.0,Affluent
CUST17977,Bangalore,South,Low,611.0,Mass
CUST17978,Pune,West,High,829.0,Mass
CUST17979,Delhi NCR,North,Low,586.0,Mass
CUST17980,Delhi NCR,North,Low,641.0,Affluent
CUST17981,Hyderabad,South,Medium,713.0,Mass
CUST17982,Hyderabad,South,High,821.0,Mass
CUST17983,Bangalore,South,High,825.0,Mass
CUST17984,Delhi NCR,North,Medium,761.0,Mass
CUST17985,Mumbai,West,High,736.0,Mass
CUST17986,Kolkata,East,High,753.0,Mass
CUST17987,Pune,West,Low,629.0,Premium
CUST17988,Bangalore,South,High,755.0,Mass
CUST17989,Hyderabad,South,Medium,715.0,Mass
CUST17990,Hyderabad,South,Low,644.0,Mass
CUST17991,Kolkata,East,Low,568.0,Mass
CUST17992,Kolkata,East,Low,670.0,Affluent
CUST17993,Bangalore,South,Low,625.0,Affluent
CUST17994,Pune,West,Medium,774.0,Mass
CUST17995,Kolkata,East,High,849.0,Premium
CUST17996,Bangalore,South,Low,592.0,Mass
CUST17997,Kolkata,East,Medium,761.0,Premium
CUST17998,Hyderabad,South,High,723.0,Affluent
CUST17999,Pune,West,High,727.0,Affluent
CUST18000,Pune,West,Medium,707.0,Mass
CUST18001,Pune,West,Medium,660.0,Affluent
CUST18002,Mumbai,West,Medium,744.0,Mass
CUST18003,Pune,West,Low,715.0,Affluent
CUST18004,Hyderabad,South,High,730.0,Mass
CUST18005,Mumbai,West,Low,613.0,Mass
CUST18006,Pune,West,Low,591.0,Premium
CUST18007,Delhi NCR,North,Low,626.0,Affluent
CUST18008,Kolkata,East,High,833.0,Mass
CUST18009,Delhi NCR,North,Low,712.0,Mass
CUST18010,Pune,West,Low,606.0,Mass
CUST18011,Kolkata,East,Medium,773.0,Mass
CUST18012,Hyderabad,South,Medium,732.0,Premium
CUST18013,Delhi NCR,North,Medium,731.0,Mass
CUST18014,Delhi NCR,North,Medium,725.0,Mass
CUST18015,Delhi NCR,North,Low,663.0,Mass
CUST18016,Mumbai,West,Low,611.0,Mass
CUST18017,Bangalore,South,Low,623.0,Mass
CUST18018,Pune,West,Medium,660.0,Mass
CUST18019,Bangalore,South,Low,642.0,Mass
CUST18020,Bangalore,South,Low,696.0,Mass
CUST18021,Kolkata,East,Low,712.0,Premium
CUST18022,Kolkata,East,Medium,706.0,Premium
CUST18023,Bangalore,South,Medium,714.0,Affluent
CUST18024,Bangalore,South,Medium,735.0,Mass
CUST18025,Delhi NCR,North,Medium,676.0,Affluent
CUST18026,Mumbai,West,Medium,667.0,Affluent
CUST18027,Delhi NCR,North,High,773.0,Affluent
CUST18028,Delhi NCR,North,Medium,697.0,Premium
CUST18029,Mumbai,West,High,745.0,Affluent
CUST18030,Pune,West,High,811.0,Mass
CUST18031,Mumbai,West,Medium,702.0,Mass
CUST18032,Pune,West,Low,713.0,Mass
CUST18033,Pune,West,Medium,713.0,Affluent
CUST18034,Delhi NCR,North,High,803.0,Mass
CUST18035,Delhi NCR,North,Medium,664.0,Mass
CUST18036,Hyderabad,South,Low,706.0,Affluent
CUST18037,Kolkata,East,Medium,772.0,Affluent
CUST18038,Mumbai,West,High,794.0,Mass
CUST18039,Mumbai,West,Low,692.0,Mass
CUST18040,Mumbai,West,Low,654.0,Premium
CUST18041,Hyderabad,South,Low,569.0,Premium
CUST18042,Bangalore,South,High,816.0,Affluent
CUST18043,Delhi NCR,North,Low,611.0,Affluent
CUST18044,Kolkata,East,High,829.0,Mass
CUST18045,Kolkata,East,Low,629.0,Mass
CUST18046,Hyderabad,South,High,756.0,Affluent
CUST18047,Mumbai,West,Low,684.0,Mass
CUST18048,Bangalore,South,Low,588.0,Premium
CUST18049,Bangalore,South,Medium,697.0,Mass
CUST18050,Pune,West,Medium,773.0,Affluent
CUST18051,Hyderabad,South,Low,643.0,Affluent
CUST18052,Delhi NCR,North,Low,704.0,Mass
CUST18053,Kolkata,East,Medium,765.0,Mass
CUST18054,Delhi NCR,North,Low,552.0,Mass
CUST18055,Mumbai,West,Low,690.0,Mass
CUST18056,Bangalore,South,Low,682.0,Mass
CUST18057,Kolkata,East,Low,582.0,Mass
CUST18058,Pune,West,Low,707.0,Mass
CUST18059,Delhi NCR,North,High,805.0,Mass
CUST18060,Kolkata,East,Medium,773.0,Affluent
CUST18061,Delhi NCR,North,Low,609.0,Premium
CUST18062,Kolkata,East,Low,653.0,Mass
CUST18063,Hyderabad,South,Medium,698.0,Mass
CUST18064,Hyderabad,South,High,833.0,Affluent
CUST18065,Kolkata,East,High,756.0,Premium
CUST18066,Kolkata,East,High,833.0,Mass
CUST18067,Mumbai,West,Medium,714.0,Mass
CUST18068,Pune,West,Medium,658.0,Mass
CUST18069,Mumbai,West,Low,673.0,Premium
CUST18070,Kolkata,East,Low,713.0,Mass
CUST18071,Kolkata,East,Low,668.0,Affluent
CUST18072,Mumbai,West,High,732.0,Mass
CUST18073,Hyderabad,South,Low,644.0,Mass
CUST18074,Pune,West,Low,568.0,Mass
CUST18075,Bangalore,South,Medium,775.0,Mass
CUST18076,Hyderabad,South,High,790.0,Mass
CUST18077,Mumbai,West,Medium,651.0,Mass
CUST18078,Kolkata,East,Medium,665.0,Mass
CUST18079,Kolkata,East,Medium,762.0,Mass
CUST18080,Kolkata,East,Low,684.0,Mass
CUST18081,Mumbai,West,Medium,740.0,Mass
CUST18082,Delhi NCR,North,High,778.0,Affluent
CUST18083,Kolkata,East,High,809.0,Affluent
CUST18084,Bangalore,South,Low,557.0,Mass
CUST18085,Delhi NCR,North,Low,669.0,Mass
CUST18086,Delhi NCR,North,High,824.0,Mass
CUST18087,Mumbai,West,Medium,771.0,Mass
CUST18088,Mumbai,West,High,783.0,Premium
CUST18089,Delhi NCR,North,High,806.0,Mass
CUST18090,Kolkata,East,Medium,703.0,Affluent
CUST18091,Mumbai,West,Low,582.0,Affluent
CUST18092,Kolkata,East,High,829.0,Mass
CUST18093,Hyderabad,South,High,818.0,Mass
CUST18094,Mumbai,West,Low,685.0,Affluent
CUST18095,Kolkata,East,Low,690.0,Mass
CUST18096,Pune,West,Medium,762.0,Premium
CUST18097,Pune,West,High,730.0,Mass
CUST18098,Pune,West,Medium,768.0,Affluent
CUST18099,Mumbai,West,Medium,653.0,Mass
CUST18100,Pune,West,Medium,738.0,Affluent
CUST18101,Mumbai,West,High,751.0,Mass
CUST18102,Bangalore,South,Low,601.0,Mass
CUST18103,Mumbai,West,Medium,749.0,Mass
CUST18104,Pune,West,Low,625.0,Premium
CUST18105,Hyderabad,South,High,836.0,Mass
CUST18106,Kolkata,East,Medium,765.0,Mass
CUST18107,Hyderabad,South,High,751.0,Mass
CUST18108,Hyderabad,South,Medium,731.0,Affluent
CUST18109,Kolkata,East,High,753.0,Mass
CUST18110,Delhi NCR,North,High,757.0,Mass
CUST18111,Hyderabad,South,Low,622.0,Affluent
CUST18112,Pune,West,Low,642.0,Premium
CUST18113,Hyderabad,South,High,772.0,Mass
CUST18114,Kolkata,East,High,748.0,Affluent
CUST18115,Hyderabad,South,Medium,658.0,Mass
CUST18116,Delhi NCR,North,Medium,728.0,Premium
CUST18117,Pune,West,Medium,715.0,Mass
CUST18118,Mumbai,West,Medium,672.0,Premium
CUST18119,Delhi NCR,North,Low,643.0,Mass
CUST18120,Delhi NCR,North,High,722.0,Mass
CUST18121,Delhi NCR,North,Low,713.0,Affluent
CUST18122,Mumbai,West,High,728.0,Premium
CUST18123,Kolkata,East,Low,718.0,Affluent
CUST18124,Delhi NCR,North,Medium,650.0,Affluent
CUST18125,Delhi NCR,North,Low,609.0,Mass
CUST18126,Pune,West,Medium,754.0,Affluent
CUST18127,Bangalore,South,Low,653.0,Affluent
CUST18128,Mumbai,West,Low,715.0,Premium
CUST18129,Hyderabad,South,Medium,681.0,Mass
CUST18130,Pune,West,Low,580.0,Mass
CUST18131,Pune,West,Medium,700.0,Mass
CUST18132,Mumbai,West,Medium,697.0,Affluent
CUST18133,Pune,West,Medium,711.0,Mass
CUST18134,Pune,West,Low,555.0,Mass
CUST18135,Delhi NCR,North,Medium,662.0,Mass
CUST18136,Kolkata,East,High,734.0,Affluent
CUST18137,Delhi NCR,North,Medium,769.0,Mass
CUST18138,Hyderabad,South,Medium,713.0,Mass
CUST18139,Delhi NCR,North,Low,645.0,Mass
CUST18140,Bangalore,South,Low,602.0,Mass
CUST18141,Pune,West,Medium,777.0,Affluent
CUST18142,Kolkata,East,Low,578.0,Mass
CUST18143,Pune,West,Low,656.0,Mass
CUST18144,Bangalore,South,Medium,655.0,Mass
CUST18145,Hyderabad,South,Medium,715.0,Mass
CUST18146,Mumbai,West,Medium,664.0,Affluent
CUST18147,Pune,West,Low,571.0,Mass
CUST18148,Mumbai,West,Low,617.0,Mass
CUST18149,Mumbai,West,High,819.0,Affluent
CUST18150,Bangalore,South,Low,597.0,Premium
CUST18151,Mumbai,West,Low,566.0,Mass
CUST18152,Pune,West,Low,641.0,Mass
CUST18153,Mumbai,West,Low,628.0,Premium
CUST18154,Hyderabad,South,Low,550.0,Affluent
CUST18155,Kolkata,East,Low,670.0,Affluent
CUST18156,Kolkata,East,High,766.0,Affluent
CUST18157,Pune,West,Low,612.0,Affluent
CUST18158,Pune,West,Low,556.0,Mass
CUST18159,Kolkata,East,Medium,702.0,Affluent
CUST18160,Bangalore,South,High,736.0,Mass
CUST18161,Hyderabad,South,Low,631.0,Mass
CUST18162,Kolkata,East,Medium,690.0,Mass
CUST18163,Mumbai,West,Low,639.0,Premium
CUST18164,Delhi NCR,North,Low,613.0,Mass
CUST18165,Mumbai,West,High,751.0,Mass
CUST18166,Delhi NCR,North,Low,573.0,Mass
CUST18167,Kolkata,East,Medium,667.0,Mass
CUST18168,Mumbai,West,Medium,666.0,Mass
CUST18169,Pune,West,Low,701.0,Mass
CUST18170,Pune,West,Medium,680.0,Mass
CUST18171,Mumbai,West,Medium,749.0,Mass
CUST18172,Hyderabad,South,Low,702.0,Mass
CUST18173,Hyderabad,South,Medium,722.0,Mass
CUST18174,Kolkata,East,Medium,709.0,Mass
CUST18175,Pune,West,Medium,727.0,Mass
CUST18176,Kolkata,East,Low,629.0,Mass
CUST18177,Kolkata,East,Low,626.0,Mass
CUST18178,Hyderabad,South,Low,631.0,Mass
CUST18179,Bangalore,South,Medium,746.0,Mass
CUST18180,Bangalore,South,Low,617.0,Mass
CUST18181,Hyderabad,South,Medium,675.0,Mass
CUST18182,Bangalore,South,High,827.0,Mass
CUST18183,Mumbai,West,Medium,690.0,Mass
CUST18184,Hyderabad,South,Low,703.0,Mass
CUST18185,Delhi NCR,North,Medium,722.0,Mass
CUST18186,Kolkata,East,Low,638.0,Mass
CUST18187,Delhi NCR,North,Low,688.0,Affluent
CUST18188,Mumbai,West,Low,707.0,Affluent
CUST18189,Hyderabad,South,Low,710.0,Mass
CUST18190,Delhi NCR,North,Low,637.0,Mass
CUST18191,Pune,West,Low,699.0,Mass
CUST18192,Kolkata,East,High,822.0,Affluent
CUST18193,Hyderabad,South,High,735.0,Mass
CUST18194,Delhi NCR,North,Low,664.0,Mass
CUST18195,Delhi NCR,North,High,850.0,Mass
CUST18196,Bangalore,South,Medium,659.0,Mass
CUST18197,Hyderabad,South,Low,608.0,Affluent
CUST18198,Mumbai,West,Medium,740.0,Premium
CUST18199,Pune,West,Medium,750.0,Mass
CUST18200,Kolkata,East,High,831.0,Affluent
CUST18201,Pune,West,Medium,771.0,Affluent
CUST18202,Mumbai,West,Low,623.0,Mass
CUST18203,Delhi NCR,North,High,846.0,Mass
CUST18204,Mumbai,West,Medium,744.0,Premium
CUST18205,Bangalore,South,Medium,690.0,Affluent
CUST18206,Mumbai,West,High,802.0,Affluent
CUST18207,Pune,West,Low,684.0,Affluent
CUST18208,Pune,West,Medium,760.0,Mass
CUST18209,Bangalore,South,Low,612.0,Premium
CUST18210,Kolkata,East,Low,670.0,Mass
CUST18211,Hyderabad,South,Medium,691.0,Affluent
CUST18212,Kolkata,East,Low,614.0,Affluent
CUST18213,Pune,West,Low,606.0,Mass
CUST18214,Pune,West,Low,588.0,Affluent
CUST18215,Pune,West,Medium,763.0,Mass
CUST18216,Delhi NCR,North,High,733.0,Mass
CUST18217,Hyderabad,South,Medium,688.0,Affluent
CUST18218,Hyderabad,South,Low,621.0,Premium
CUST18219,Hyderabad,South,High,829.0,Affluent
CUST18220,Hyderabad,South,Low,566.0,Mass
CUST18221,Hyderabad,South,Low,641.0,Mass
CUST18222,Delhi NCR,North,Medium,743.0,Mass
CUST18223,Bangalore,South,Medium,736.0,Mass
CUST18224,Hyderabad,South,Medium,681.0,Affluent
CUST18225,Mumbai,West,Low,551.0,Affluent
CUST18226,Mumbai,West,High,802.0,Mass
CUST18227,Pune,West,Low,562.0,Premium
CUST18228,Pune,West,Medium,721.0,Mass
CUST18229,Delhi NCR,North,Medium,767.0,Mass
CUST18230,Delhi NCR,North,High,722.0,Mass
CUST18231,Hyderabad,South,Medium,704.0,Mass
CUST18232,Delhi NCR,North,Low,595.0,Affluent
CUST18233,Bangalore,South,Low,614.0,Mass
CUST18234,Kolkata,East,High,758.0,Mass
CUST18235,Kolkata,East,Medium,770.0,Mass
CUST18236,Mumbai,West,Low,684.0,Mass
CUST18237,Mumbai,West,Medium,760.0,Premium
CUST18238,Kolkata,East,High,774.0,Affluent
CUST18239,Kolkata,East,Medium,737.0,Affluent
CUST18240,Bangalore,South,Low,677.0,Affluent
CUST18241,Pune,West,Medium,722.0,Mass
CUST18242,Mumbai,West,High,787.0,Affluent
CUST18243,Mumbai,West,High,838.0,Mass
CUST18244,Mumbai,West,Low,573.0,Affluent
CUST18245,Kolkata,East,Low,716.0,Mass
CUST18246,Hyderabad,South,Low,599.0,Mass
CUST18247,Bangalore,South,Low,563.0,Premium
CUST18248,Kolkata,East,Medium,713.0,Mass
CUST18249,Bangalore,South,Low,695.0,Affluent
CUST18250,Pune,West,Medium,710.0,Affluent
CUST18251,Delhi NCR,North,High,844.0,Mass
CUST18252,Delhi NCR,North,Medium,665.0,Mass
CUST18253,Bangalore,South,High,806.0,Mass
CUST18254,Kolkata,East,Medium,653.0,Mass
CUST18255,Bangalore,South,High,809.0,Mass
CUST18256,Bangalore,South,Medium,727.0,Mass
CUST18257,Delhi NCR,North,High,838.0,Affluent
CUST18258,Delhi NCR,North,Low,650.0,Mass
CUST18259,Bangalore,South,Medium,772.0,Mass
CUST18260,Mumbai,West,Low,710.0,Mass
CUST18261,Mumbai,West,High,747.0,Premium
CUST18262,Kolkata,East,Low,711.0,Mass
CUST18263,Bangalore,South,Medium,766.0,Mass
CUST18264,Hyderabad,South,Medium,711.0,Mass
CUST18265,Kolkata,East,Low,664.0,Mass
CUST18266,Mumbai,West,Low,600.0,Affluent
CUST18267,Hyderabad,South,Medium,719.0,Mass
CUST18268,Kolkata,East,Low,676.0,Affluent
CUST18269,Kolkata,East,Medium,734.0,Mass
CUST18270,Hyderabad,South,Medium,764.0,Affluent
CUST18271,Delhi NCR,North,Low,594.0,Mass
CUST18272,Hyderabad,South,Medium,758.0,Premium
CUST18273,Delhi NCR,North,High,801.0,Mass
CUST18274,Bangalore,South,Medium,652.0,Mass
CUST18275,Delhi NCR,North,Low,579.0,Mass
CUST18276,Delhi NCR,North,High,829.0,Mass
CUST18277,Kolkata,East,Medium,753.0,Affluent
CUST18278,Hyderabad,South,High,723.0,Affluent
CUST18279,Kolkata,East,Medium,732.0,Mass
CUST18280,Hyderabad,South,Low,655.0,Mass
CUST18281,Kolkata,East,Low,719.0,Mass
CUST18282,Pune,West,Low,603.0,Affluent
CUST18283,Pune,West,Low,719.0,Premium
CUST18284,Mumbai,West,Medium,739.0,Premium
CUST18285,Delhi NCR,North,Medium,743.0,Mass
CUST18286,Delhi NCR,North,Low,695.0,Affluent
CUST18287,Delhi NCR,North,High,774.0,Affluent
CUST18288,Mumbai,West,Medium,662.0,Mass
CUST18289,Hyderabad,South,Medium,709.0,Mass
CUST18290,Bangalore,South,Low,607.0,Mass
CUST18291,Kolkata,East,Medium,693.0,Affluent
CUST18292,Hyderabad,South,Medium,732.0,Mass
CUST18293,Delhi NCR,North,Medium,683.0,Affluent
CUST18294,Bangalore,South,Medium,670.0,Mass
CUST18295,Hyderabad,South,High,766.0,Affluent
CUST18296,Hyderabad,South,Low,585.0,Mass
CUST18297,Hyderabad,South,Low,591.0,Affluent
CUST18298,Pune,West,Low,685.0,Mass
CUST18299,Hyderabad,South,Low,578.0,Premium
CUST18300,Hyderabad,South,Medium,698.0,Mass
CUST18301,Bangalore,South,Medium,779.0,Affluent
CUST18302,Mumbai,West,Low,626.0,Mass
CUST18303,Pune,West,High,800.0,Mass
CUST18304,Hyderabad,South,High,813.0,Mass
CUST18305,Bangalore,South,Low,601.0,Affluent
CUST18306,Pune,West,Medium,751.0,Mass
CUST18307,Mumbai,West,Low,555.0,Mass
CUST18308,Mumbai,West,Low,674.0,Mass
CUST18309,Kolkata,East,Medium,737.0,Mass
CUST18310,Delhi NCR,North,Low,709.0,Affluent
CUST18311,Mumbai,West,Low,628.0,Affluent
CUST18312,Hyderabad,South,Low,653.0,Premium
CUST18313,Bangalore,South,Medium,695.0,Mass
CUST18314,Pune,West,High,828.0,Mass
CUST18315,Kolkata,East,Medium,691.0,Affluent
CUST18316,Delhi NCR,North,Low,555.0,Mass
CUST18317,Pune,West,Low,621.0,Mass
CUST18318,Hyderabad,South,High,760.0,Mass
CUST18319,Kolkata,East,High,848.0,Premium
CUST18320,Bangalore,South,Low,653.0,Mass
CUST18321,Hyderabad,South,Low,693.0,Mass
CUST18322,Kolkata,East,Low,555.0,Affluent
CUST18323,Kolkata,East,Low,690.0,Affluent
CUST18324,Pune,West,High,757.0,Mass
CUST18325,Mumbai,West,High,818.0,Mass
CUST18326,Kolkata,East,Low,628.0,Affluent
CUST18327,Delhi NCR,North,Low,579.0,Mass
CUST18328,Pune,West,High,845.0,Mass
CUST18329,Hyderabad,South,Medium,704.0,Premium
CUST18330,Pune,West,Low,670.0,Mass
CUST18331,Kolkata,East,Medium,694.0,Mass
CUST18332,Hyderabad,South,Medium,699.0,Mass
CUST18333,Bangalore,South,Medium,714.0,Mass
CUST18334,Kolkata,East,Low,652.0,Mass
CUST18335,Kolkata,East,Medium,740.0,Mass
CUST18336,Mumbai,West,Low,621.0,Mass
CUST18337,Hyderabad,South,High,739.0,Mass
CUST18338,Hyderabad,South,High,751.0,Affluent
CUST18339,Bangalore,South,Medium,729.0,Mass
CUST18340,Pune,West,Low,656.0,Premium
CUST18341,Kolkata,East,Low,554.0,Mass
CUST18342,Delhi NCR,North,Medium,681.0,Premium
CUST18343,Pune,West,Medium,728.0,Affluent
CUST18344,Hyderabad,South,Medium,735.0,Premium
CUST18345,Bangalore,South,High,729.0,Mass
CUST18346,Kolkata,East,Medium,652.0,Mass
CUST18347,Delhi NCR,North,High,772.0,Mass
CUST18348,Mumbai,West,Low,554.0,Mass
CUST18349,Kolkata,East,Medium,754.0,Mass
CUST18350,Mumbai,West,Medium,690.0,Mass
CUST18351,Mumbai,West,High,779.0,Mass
CUST18352,Kolkata,East,Low,575.0,Mass
CUST18353,Bangalore,South,Medium,725.0,Mass
CUST18354,Delhi NCR,North,High,844.0,Affluent
CUST18355,Hyderabad,South,High,809.0,Mass
CUST18356,Delhi NCR,North,High,807.0,Mass
CUST18357,Bangalore,South,Medium,693.0,Premium
CUST18358,Pune,West,Medium,733.0,Mass
CUST18359,Hyderabad,South,Low,685.0,Mass
CUST18360,Delhi NCR,North,Low,638.0,Mass
CUST18361,Pune,West,High,727.0,Mass
CUST18362,Hyderabad,South,Medium,714.0,Mass
CUST18363,Delhi NCR,North,Low,583.0,Mass
CUST18364,Pune,West,Medium,685.0,Mass
CUST18365,Delhi NCR,North,Low,665.0,Mass
CUST18366,Pune,West,Low,712.0,Mass
CUST18367,Pune,West,Medium,771.0,Mass
CUST18368,Mumbai,West,Medium,761.0,Premium
CUST18369,Mumbai,West,Low,565.0,Mass
CUST18370,Hyderabad,South,High,793.0,Mass
CUST18371,Mumbai,West,High,818.0,Affluent
CUST18372,Kolkata,East,High,841.0,Affluent
CUST18373,Pune,West,Medium,685.0,Mass
CUST18374,Delhi NCR,North,Medium,773.0,Mass
CUST18375,Hyderabad,South,Low,625.0,Mass
CUST18376,Delhi NCR,North,Low,719.0,Mass
CUST18377,Hyderabad,South,Low,720.0,Mass
CUST18378,Mumbai,West,High,777.0,Mass
CUST18379,Hyderabad,South,Medium,725.0,Mass
CUST18380,Delhi NCR,North,Medium,663.0,Mass
CUST18381,Pune,West,Medium,672.0,Affluent
CUST18382,Kolkata,East,High,746.0,Mass
CUST18383,Hyderabad,South,Low,583.0,Mass
CUST18384,Pune,West,Medium,700.0,Mass
CUST18385,Hyderabad,South,High,784.0,Affluent
CUST18386,Mumbai,West,High,771.0,Mass
CUST18387,Delhi NCR,North,High,816.0,Affluent
CUST18388,Bangalore,South,High,752.0,Mass
CUST18389,Hyderabad,South,Medium,709.0,Mass
CUST18390,Pune,West,Medium,759.0,Affluent
CUST18391,Pune,West,Low,612.0,Mass
CUST18392,Hyderabad,South,Medium,758.0,Mass
CUST18393,Kolkata,East,Medium,706.0,Mass
CUST18394,Mumbai,West,Medium,671.0,Mass
CUST18395,Kolkata,East,Low,552.0,Mass
CUST18396,Bangalore,South,Medium,723.0,Affluent
CUST18397,Kolkata,East,Medium,706.0,Mass
CUST18398,Kolkata,East,Low,574.0,Affluent
CUST18399,Hyderabad,South,High,725.0,Mass
CUST18400,Hyderabad,South,Medium,744.0,Mass
CUST18401,Delhi NCR,North,Low,651.0,Mass
CUST18402,Delhi NCR,North,Low,663.0,Affluent
CUST18403,Hyderabad,South,Low,562.0,Premium
CUST18404,Pune,West,High,824.0,Mass
CUST18405,Kolkata,East,Low,643.0,Affluent
CUST18406,Kolkata,East,Medium,675.0,Mass
CUST18407,Kolkata,East,Medium,741.0,Mass
CUST18408,Hyderabad,South,Low,687.0,Mass
CUST18409,Hyderabad,South,Low,602.0,Mass
CUST18410,Pune,West,Low,601.0,Mass
CUST18411,Bangalore,South,Low,699.0,Affluent
CUST18412,Delhi NCR,North,Medium,728.0,Affluent
CUST18413,Bangalore,South,Low,614.0,Mass
CUST18414,Mumbai,West,High,798.0,Affluent
CUST18415,Bangalore,South,Medium,749.0,Premium
CUST18416,Mumbai,West,Low,666.0,Mass
CUST18417,Hyderabad,South,Medium,749.0,Mass
CUST18418,Hyderabad,South,Low,653.0,Affluent
CUST18419,Pune,West,Medium,775.0,Mass
CUST18420,Delhi NCR,North,Low,667.0,Affluent
CUST18421,Mumbai,West,Low,681.0,Mass
CUST18422,Mumbai,West,Medium,659.0,Mass
CUST18423,Delhi NCR,North,Medium,684.0,Mass
CUST18424,Delhi NCR,North,Low,625.0,Affluent
CUST18425,Delhi NCR,North,Low,664.0,Mass
CUST18426,Hyderabad,South,Low,660.0,Mass
CUST18427,Hyderabad,South,Medium,670.0,Mass
CUST18428,Pune,West,Low,625.0,Mass
CUST18429,Pune,West,Low,663.0,Premium
CUST18430,Pune,West,Low,651.0,Mass
CUST18431,Pune,West,Medium,713.0,Mass
CUST18432,Hyderabad,South,Medium,680.0,Premium
CUST18433,Delhi NCR,North,High,786.0,Mass
CUST18434,Bangalore,South,High,824.0,Mass
CUST18435,Hyderabad,South,High,784.0,Affluent
CUST18436,Mumbai,West,Low,557.0,Mass
CUST18437,Hyderabad,South,Medium,692.0,Premium
CUST18438,Bangalore,South,High,751.0,Affluent
CUST18439,Mumbai,West,Low,637.0,Mass
CUST18440,Delhi NCR,North,Medium,681.0,Mass
CUST18441,Pune,West,Low,690.0,Mass
CUST18442,Mumbai,West,Medium,773.0,Mass
CUST18443,Hyderabad,South,High,770.0,Mass
CUST18444,Kolkata,East,Low,563.0,Mass
CUST18445,Delhi NCR,North,Medium,748.0,Mass
CUST18446,Pune,West,High,818.0,Affluent
CUST18447,Delhi NCR,North,High,787.0,Affluent
CUST18448,Mumbai,West,Low,558.0,Affluent
CUST18449,Delhi NCR,North,Medium,730.0,Affluent
CUST18450,Mumbai,West,Low,554.0,Mass
CUST18451,Mumbai,West,Low,648.0,Mass
CUST18452,Hyderabad,South,High,826.0,Mass
CUST18453,Kolkata,East,Low,666.0,Affluent
CUST18454,Pune,West,High,838.0,Premium
CUST18455,Hyderabad,South,Low,686.0,Mass
CUST18456,Pune,West,Low,672.0,Premium
CUST18457,Delhi NCR,North,Medium,650.0,Mass
CUST18458,Kolkata,East,Low,641.0,Affluent
CUST18459,Delhi NCR,North,Low,720.0,Mass
CUST18460,Hyderabad,South,Medium,746.0,Mass
CUST18461,Pune,West,Medium,749.0,Affluent
CUST18462,Hyderabad,South,Low,682.0,Mass
CUST18463,Delhi NCR,North,Medium,661.0,Mass
CUST18464,Hyderabad,South,High,832.0,Affluent
CUST18465,Hyderabad,South,Low,560.0,Mass
CUST18466,Hyderabad,South,Medium,744.0,Mass
CUST18467,Delhi NCR,North,Low,570.0,Mass
CUST18468,Bangalore,South,High,843.0,Mass
CUST18469,Bangalore,South,Medium,653.0,Affluent
CUST18470,Delhi NCR,North,Medium,700.0,Mass
CUST18471,Bangalore,South,Low,589.0,Mass
CUST18472,Mumbai,West,High,811.0,Mass
CUST18473,Bangalore,South,Low,677.0,Affluent
CUST18474,Pune,West,Low,640.0,Mass
CUST18475,Pune,West,Medium,675.0,Mass
CUST18476,Delhi NCR,North,Medium,767.0,Mass
CUST18477,Mumbai,West,Low,580.0,Mass
CUST18478,Hyderabad,South,Low,559.0,Mass
CUST18479,Mumbai,West,Low,576.0,Mass
CUST18480,Bangalore,South,Low,712.0,Affluent
CUST18481,Delhi NCR,North,High,725.0,Mass
CUST18482,Mumbai,West,High,729.0,Mass
CUST18483,Kolkata,East,Medium,723.0,Mass
CUST18484,Mumbai,West,Medium,729.0,Mass
CUST18485,Mumbai,West,High,832.0,Mass
CUST18486,Bangalore,South,Low,642.0,Mass
CUST18487,Hyderabad,South,Medium,666.0,Mass
CUST18488,Kolkata,East,Low,656.0,Mass
CUST18489,Pune,West,Medium,700.0,Affluent
CUST18490,Kolkata,East,Medium,746.0,Mass
CUST18491,Delhi NCR,North,Medium,738.0,Mass
CUST18492,Mumbai,West,Medium,752.0,Affluent
CUST18493,Delhi NCR,North,Low,595.0,Affluent
CUST18494,Hyderabad,South,Medium,743.0,Affluent
CUST18495,Hyderabad,South,Medium,748.0,Affluent
CUST18496,Pune,West,Medium,742.0,Mass
CUST18497,Hyderabad,South,Medium,732.0,Affluent
CUST18498,Pune,West,Medium,754.0,Affluent
CUST18499,Hyderabad,South,Low,647.0,Mass
CUST18500,Delhi NCR,North,High,797.0,Affluent
CUST18501,Kolkata,East,Medium,746.0,Premium
CUST18502,Pune,West,Low,683.0,Affluent
CUST18503,Mumbai,West,Low,579.0,Mass
CUST18504,Pune,West,Low,585.0,Mass
CUST18505,Pune,West,Medium,727.0,Mass
CUST18506,Mumbai,West,Medium,662.0,Mass
CUST18507,Bangalore,South,Medium,732.0,Mass
CUST18508,Pune,West,Medium,655.0,Mass
CUST18509,Pune,West,Medium,746.0,Mass
CUST18510,Delhi NCR,North,Medium,696.0,Mass
CUST18511,Hyderabad,South,Low,661.0,Affluent
CUST18512,Pune,West,Medium,687.0,Mass
CUST18513,Bangalore,South,High,740.0,Premium
CUST18514,Pune,West,Medium,692.0,Affluent
CUST18515,Hyderabad,South,High,735.0,Mass
CUST18516,Kolkata,East,Medium,665.0,Premium
CUST18517,Hyderabad,South,Medium,696.0,Affluent
CUST18518,Delhi NCR,North,Low,675.0,Mass
CUST18519,Pune,West,High,807.0,Mass
CUST18520,Pune,West,Low,562.0,Premium
CUST18521,Mumbai,West,Medium,772.0,Premium
CUST18522,Delhi NCR,North,Low,593.0,Mass
CUST18523,Mumbai,West,High,838.0,Mass
CUST18524,Delhi NCR,North,Low,567.0,Mass
CUST18525,Hyderabad,South,Low,574.0,Affluent
CUST18526,Kolkata,East,Medium,682.0,Mass
CUST18527,Pune,West,Medium,721.0,Mass
CUST18528,Mumbai,West,Medium,751.0,Mass
CUST18529,Delhi NCR,North,Low,597.0,Mass
CUST18530,Delhi NCR,North,Medium,759.0,Mass
CUST18531,Delhi NCR,North,Low,701.0,Mass
CUST18532,Pune,West,Medium,746.0,Affluent
CUST18533,Delhi NCR,North,Medium,764.0,Affluent
CUST18534,Bangalore,South,Low,602.0,Mass
CUST18535,Delhi NCR,North,Medium,671.0,Affluent
CUST18536,Delhi NCR,North,Low,556.0,Affluent
CUST18537,Mumbai,West,Low,670.0,Mass
CUST18538,Mumbai,West,Medium,754.0,Affluent
CUST18539,Mumbai,West,Medium,700.0,Premium
CUST18540,Mumbai,West,Low,612.0,Mass
CUST18541,Pune,West,High,760.0,Mass
CUST18542,Delhi NCR,North,Medium,673.0,Mass
CUST18543,Kolkata,East,Medium,721.0,Mass
CUST18544,Pune,West,Medium,763.0,Mass
CUST18545,Bangalore,South,High,806.0,Affluent
CUST18546,Delhi NCR,North,Low,637.0,Mass
CUST18547,Kolkata,East,Medium,655.0,Mass
CUST18548,Hyderabad,South,Medium,686.0,Mass
CUST18549,Delhi NCR,North,High,835.0,Affluent
CUST18550,Pune,West,Medium,654.0,Mass
CUST18551,Delhi NCR,North,Low,650.0,Mass
CUST18552,Bangalore,South,Low,552.0,Mass
CUST18553,Pune,West,Low,608.0,Affluent
CUST18554,Delhi NCR,North,Medium,707.0,Mass
CUST18555,Delhi NCR,North,Medium,758.0,Affluent
CUST18556,Bangalore,South,Low,580.0,Affluent
CUST18557,Delhi NCR,North,High,798.0,Mass
CUST18558,Pune,West,Medium,749.0,Affluent
CUST18559,Bangalore,South,Low,565.0,Affluent
CUST18560,Delhi NCR,North,High,734.0,Affluent
CUST18561,Hyderabad,South,Medium,667.0,Premium
CUST18562,Pune,West,High,824.0,Mass
CUST18563,Kolkata,East,Medium,657.0,Mass
CUST18564,Hyderabad,South,Low,578.0,Mass
CUST18565,Pune,West,High,840.0,Affluent
CUST18566,Delhi NCR,North,High,774.0,Mass
CUST18567,Bangalore,South,High,832.0,Premium
CUST18568,Hyderabad,South,Low,636.0,Affluent
CUST18569,Pune,West,Low,690.0,Mass
CUST18570,Kolkata,East,Medium,763.0,Affluent
CUST18571,Delhi NCR,North,High,752.0,Mass
CUST18572,Mumbai,West,Medium,780.0,Premium
CUST18573,Kolkata,East,Medium,751.0,Mass
CUST18574,Kolkata,East,Medium,701.0,Affluent
CUST18575,Pune,West,Medium,745.0,Premium
CUST18576,Delhi NCR,North,High,727.0,Mass
CUST18577,Bangalore,South,Medium,766.0,Mass
CUST18578,Delhi NCR,North,High,763.0,Affluent
CUST18579,Hyderabad,South,Medium,740.0,Premium
CUST18580,Delhi NCR,North,Medium,651.0,Premium
CUST18581,Bangalore,South,Low,559.0,Premium
CUST18582,Delhi NCR,North,Low,554.0,Mass
CUST18583,Bangalore,South,Medium,655.0,Premium
CUST18584,Pune,West,Low,555.0,Mass
CUST18585,Mumbai,West,High,807.0,Affluent
CUST18586,Mumbai,West,Low,692.0,Affluent
CUST18587,Pune,West,Medium,757.0,Mass
CUST18588,Delhi NCR,North,Medium,766.0,Mass
CUST18589,Bangalore,South,High,812.0,Affluent
CUST18590,Kolkata,East,Low,635.0,Affluent
CUST18591,Bangalore,South,Low,590.0,Affluent
CUST18592,Delhi NCR,North,Medium,714.0,Mass
CUST18593,Hyderabad,South,High,803.0,Mass
CUST18594,Kolkata,East,Medium,730.0,Affluent
CUST18595,Kolkata,East,High,799.0,Mass
CUST18596,Hyderabad,South,High,795.0,Mass
CUST18597,Hyderabad,South,Medium,704.0,Mass
CUST18598,Pune,West,Low,602.0,Mass
CUST18599,Delhi NCR,North,Medium,780.0,Affluent
CUST18600,Kolkata,East,High,843.0,Affluent
CUST18601,Kolkata,East,High,746.0,Affluent
CUST18602,Pune,West,High,830.0,Mass
CUST18603,Delhi NCR,North,Medium,685.0,Mass
CUST18604,Kolkata,East,Low,591.0,Affluent
CUST18605,Delhi NCR,North,Low,719.0,Mass
CUST18606,Pune,West,Low,639.0,Premium
CUST18607,Delhi NCR,North,Low,697.0,Affluent
CUST18608,Pune,West,High,794.0,Affluent
CUST18609,Delhi NCR,North,Medium,661.0,Mass
CUST18610,Kolkata,East,Medium,730.0,Mass
CUST18611,Delhi NCR,North,Low,550.0,Mass
CUST18612,Kolkata,East,Medium,779.0,Mass
CUST18613,Pune,West,Low,661.0,Mass
CUST18614,Mumbai,West,Low,716.0,Mass
CUST18615,Delhi NCR,North,High,742.0,Mass
CUST18616,Hyderabad,South,Medium,753.0,Mass
CUST18617,Kolkata,East,Medium,685.0,Mass
CUST18618,Delhi NCR,North,High,778.0,Affluent
CUST18619,Kolkata,East,High,797.0,Premium
CUST18620,Bangalore,South,Low,695.0,Mass
CUST18621,Pune,West,Medium,744.0,Mass
CUST18622,Pune,West,Medium,671.0,Mass
CUST18623,Hyderabad,South,Medium,715.0,Mass
CUST18624,Pune,West,Medium,668.0,Affluent
CUST18625,Bangalore,South,High,751.0,Mass
CUST18626,Bangalore,South,Low,720.0,Mass
CUST18627,Pune,West,High,775.0,Affluent
CUST18628,Mumbai,West,High,744.0,Mass
CUST18629,Pune,West,Medium,771.0,Affluent
CUST18630,Mumbai,West,Low,642.0,Mass
CUST18631,Hyderabad,South,High,734.0,Mass
CUST18632,Hyderabad,South,Low,647.0,Mass
CUST18633,Kolkata,East,Medium,757.0,Mass
CUST18634,Bangalore,South,High,734.0,Affluent
CUST18635,Pune,West,High,733.0,Mass
CUST18636,Bangalore,South,Medium,723.0,Premium
CUST18637,Bangalore,South,Low,584.0,Affluent
CUST18638,Kolkata,East,High,755.0,Premium
CUST18639,Kolkata,East,Low,687.0,Mass
CUST18640,Kolkata,East,Medium,758.0,Mass
CUST18641,Hyderabad,South,High,841.0,Mass
CUST18642,Delhi NCR,North,Medium,713.0,Mass
CUST18643,Delhi NCR,North,Low,676.0,Affluent
CUST18644,Bangalore,South,Medium,677.0,Mass
CUST18645,Delhi NCR,North,Low,698.0,Mass
CUST18646,Kolkata,East,Medium,743.0,Mass
CUST18647,Kolkata,East,Low,690.0,Premium
CUST18648,Kolkata,East,Low,651.0,Mass
CUST18649,Kolkata,East,Low,638.0,Affluent
CUST18650,Hyderabad,South,Medium,684.0,Affluent
CUST18651,Kolkata,East,Medium,766.0,Mass
CUST18652,Hyderabad,South,Medium,734.0,Mass
CUST18653,Hyderabad,South,Medium,668.0,Mass
CUST18654,Delhi NCR,North,Low,657.0,Affluent
CUST18655,Delhi NCR,North,Medium,688.0,Affluent
CUST18656,Mumbai,West,Low,553.0,Mass
CUST18657,Hyderabad,South,Low,701.0,Mass
CUST18658,Bangalore,South,High,766.0,Mass
CUST18659,Hyderabad,South,Low,720.0,Mass
CUST18660,Hyderabad,South,Low,686.0,Mass
CUST18661,Hyderabad,South,Low,623.0,Mass
CUST18662,Kolkata,East,Medium,701.0,Mass
CUST18663,Pune,West,Low,603.0,Affluent
CUST18664,Kolkata,East,Medium,657.0,Affluent
CUST18665,Mumbai,West,Low,579.0,Mass
CUST18666,Bangalore,South,High,837.0,Affluent
CUST18667,Hyderabad,South,Medium,716.0,Mass
CUST18668,Pune,West,Low,707.0,Affluent
CUST18669,Hyderabad,South,Low,707.0,Mass
CUST18670,Hyderabad,South,Medium,780.0,Mass
CUST18671,Bangalore,South,Low,647.0,Affluent
CUST18672,Bangalore,South,High,783.0,Mass
CUST18673,Bangalore,South,Low,594.0,Mass
CUST18674,Delhi NCR,North,High,844.0,Mass
CUST18675,Delhi NCR,North,Medium,766.0,Mass
CUST18676,Delhi NCR,North,Low,636.0,Mass
CUST18677,Pune,West,Low,573.0,Affluent
CUST18678,Hyderabad,South,Medium,715.0,Mass
CUST18679,Kolkata,East,Medium,721.0,Affluent
CUST18680,Bangalore,South,Medium,675.0,Mass
CUST18681,Kolkata,East,High,787.0,Mass
CUST18682,Hyderabad,South,Low,656.0,Affluent
CUST18683,Kolkata,East,Medium,651.0,Premium
CUST18684,Pune,West,Low,717.0,Mass
CUST18685,Delhi NCR,North,Low,654.0,Mass
CUST18686,Pune,West,Low,616.0,Premium
CUST18687,Mumbai,West,Medium,687.0,Mass
CUST18688,Kolkata,East,High,760.0,Mass
CUST18689,Pune,West,Medium,755.0,Mass
CUST18690,Delhi NCR,North,Low,653.0,Affluent
CUST18691,Kolkata,East,Medium,726.0,Mass
CUST18692,Mumbai,West,Medium,714.0,Affluent
CUST18693,Kolkata,East,High,738.0,Premium
CUST18694,Hyderabad,South,High,722.0,Mass
CUST18695,Bangalore,South,Low,573.0,Affluent
CUST18696,Delhi NCR,North,High,748.0,Mass
CUST18697,Hyderabad,South,Medium,693.0,Mass
CUST18698,Pune,West,Medium,717.0,Affluent
CUST18699,Delhi NCR,North,Medium,770.0,Affluent
CUST18700,Delhi NCR,North,Low,678.0,Mass
CUST18701,Mumbai,West,Low,633.0,Affluent
CUST18702,Mumbai,West,Medium,744.0,Mass
CUST18703,Delhi NCR,North,Low,662.0,Affluent
CUST18704,Mumbai,West,Low,617.0,Affluent
CUST18705,Kolkata,East,Medium,769.0,Affluent
CUST18706,Bangalore,South,Low,673.0,Mass
CUST18707,Pune,West,Medium,696.0,Premium
CUST18708,Kolkata,East,Medium,780.0,Mass
CUST18709,Pune,West,Medium,666.0,Mass
CUST18710,Pune,West,High,729.0,Mass
CUST18711,Kolkata,East,Low,689.0,Premium
CUST18712,Mumbai,West,Medium,701.0,Mass
CUST18713,Bangalore,South,Medium,741.0,Mass
CUST18714,Pune,West,Medium,713.0,Affluent
CUST18715,Delhi NCR,North,Low,609.0,Affluent
CUST18716,Bangalore,South,Medium,737.0,Affluent
CUST18717,Bangalore,South,Medium,754.0,Affluent
CUST18718,Hyderabad,South,Medium,703.0,Mass
CUST18719,Kolkata,East,Medium,709.0,Affluent
CUST18720,Pune,West,Medium,675.0,Affluent
CUST18721,Kolkata,East,Medium,751.0,Affluent
CUST18722,Pune,West,Low,683.0,Mass
CUST18723,Pune,West,High,782.0,Mass
CUST18724,Bangalore,South,Low,682.0,Mass
CUST18725,Pune,West,High,850.0,Affluent
CUST18726,Delhi NCR,North,Low,652.0,Mass
CUST18727,Pune,West,High,840.0,Mass
CUST18728,Hyderabad,South,Medium,729.0,Mass
CUST18729,Delhi NCR,North,Medium,665.0,Mass
CUST18730,Hyderabad,South,High,755.0,Mass
CUST18731,Delhi NCR,North,Medium,663.0,Mass
CUST18732,Pune,West,Medium,709.0,Affluent
CUST18733,Hyderabad,South,Medium,654.0,Mass
CUST18734,Mumbai,West,High,796.0,Mass
CUST18735,Hyderabad,South,Low,700.0,Mass
CUST18736,Mumbai,West,Medium,756.0,Affluent
CUST18737,Pune,West,Medium,716.0,Mass
CUST18738,Pune,West,Low,697.0,Affluent
CUST18739,Bangalore,South,High,826.0,Premium
CUST18740,Pune,West,Medium,680.0,Affluent
CUST18741,Kolkata,East,Low,679.0,Premium
CUST18742,Mumbai,West,High,774.0,Mass
CUST18743,Mumbai,West,Low,592.0,Affluent
CUST18744,Mumbai,West,Medium,653.0,Affluent
CUST18745,Kolkata,East,High,799.0,Mass
CUST18746,Kolkata,East,Low,690.0,Premium
CUST18747,Pune,West,High,779.0,Mass
CUST18748,Bangalore,South,Medium,707.0,Mass
CUST18749,Mumbai,West,Medium,754.0,Mass
CUST18750,Bangalore,South,Medium,698.0,Mass
CUST18751,Kolkata,East,Low,636.0,Mass
CUST18752,Kolkata,East,Low,599.0,Mass
CUST18753,Delhi NCR,North,Medium,723.0,Affluent
CUST18754,Pune,West,Low,660.0,Mass
CUST18755,Mumbai,West,Low,575.0,Mass
CUST18756,Bangalore,South,Low,703.0,Mass
CUST18757,Kolkata,East,High,760.0,Mass
CUST18758,Mumbai,West,Medium,761.0,Mass
CUST18759,Delhi NCR,North,High,778.0,Mass
CUST18760,Pune,West,Medium,755.0,Affluent
CUST18761,Hyderabad,South,Low,656.0,Mass
CUST18762,Mumbai,West,Medium,765.0,Mass
CUST18763,Bangalore,South,Low,650.0,Affluent
CUST18764,Pune,West,Medium,748.0,Affluent
CUST18765,Hyderabad,South,High,721.0,Mass
CUST18766,Mumbai,West,Low,626.0,Mass
CUST18767,Hyderabad,South,Medium,759.0,Affluent
CUST18768,Hyderabad,South,Medium,743.0,Affluent
CUST18769,Delhi NCR,North,Low,663.0,Mass
CUST18770,Mumbai,West,Low,563.0,Premium
CUST18771,Kolkata,East,High,817.0,Affluent
CUST18772,Bangalore,South,Medium,738.0,Affluent
CUST18773,Hyderabad,South,Low,666.0,Affluent
CUST18774,Mumbai,West,Medium,668.0,Mass
CUST18775,Pune,West,High,781.0,Affluent
CUST18776,Hyderabad,South,Low,631.0,Premium
CUST18777,Pune,West,Medium,752.0,Mass
CUST18778,Pune,West,Low,666.0,Premium
CUST18779,Bangalore,South,Low,697.0,Affluent
CUST18780,Hyderabad,South,Low,587.0,Affluent
CUST18781,Delhi NCR,North,High,722.0,Mass
CUST18782,Hyderabad,South,Medium,727.0,Mass
CUST18783,Kolkata,East,Low,601.0,Mass
CUST18784,Mumbai,West,Medium,701.0,Mass
CUST18785,Pune,West,Medium,760.0,Affluent
CUST18786,Kolkata,East,High,828.0,Mass
CUST18787,Delhi NCR,North,High,744.0,Mass
CUST18788,Delhi NCR,North,Low,661.0,Affluent
CUST18789,Bangalore,South,Medium,776.0,Mass
CUST18790,Kolkata,East,Low,615.0,Affluent
CUST18791,Pune,West,Low,668.0,Mass
CUST18792,Hyderabad,South,Low,610.0,Affluent
CUST18793,Kolkata,East,Low,675.0,Mass
CUST18794,Mumbai,West,Medium,754.0,Mass
CUST18795,Mumbai,West,Medium,773.0,Mass
CUST18796,Mumbai,West,High,791.0,Mass
CUST18797,Mumbai,West,Medium,757.0,Mass
CUST18798,Mumbai,West,Low,697.0,Affluent
CUST18799,Kolkata,East,Low,606.0,Mass
CUST18800,Hyderabad,South,High,757.0,Affluent
CUST18801,Kolkata,East,Low,592.0,Affluent
CUST18802,Kolkata,East,Medium,651.0,Affluent
CUST18803,Mumbai,West,Low,588.0,Mass
CUST18804,Pune,West,High,831.0,Premium
CUST18805,Hyderabad,South,High,828.0,Mass
CUST18806,Hyderabad,South,Medium,760.0,Mass
CUST18807,Bangalore,South,Low,667.0,Affluent
CUST18808,Mumbai,West,Low,594.0,Affluent
CUST18809,Hyderabad,South,Low,571.0,Premium
CUST18810,Bangalore,South,Low,707.0,Mass
CUST18811,Hyderabad,South,Medium,737.0,Affluent
CUST18812,Delhi NCR,North,Low,599.0,Premium
CUST18813,Delhi NCR,North,High,729.0,Affluent
CUST18814,Mumbai,West,Low,675.0,Premium
CUST18815,Mumbai,West,Low,712.0,Mass
CUST18816,Kolkata,East,Medium,697.0,Mass
CUST18817,Hyderabad,South,Low,593.0,Mass
CUST18818,Bangalore,South,Medium,710.0,Affluent
CUST18819,Hyderabad,South,Low,664.0,Affluent
CUST18820,Bangalore,South,Low,651.0,Mass
CUST18821,Hyderabad,South,Medium,713.0,Premium
CUST18822,Kolkata,East,High,741.0,Mass
CUST18823,Kolkata,East,High,849.0,Mass
CUST18824,Bangalore,South,Medium,775.0,Premium
CUST18825,Hyderabad,South,Low,665.0,Mass
CUST18826,Kolkata,East,Low,563.0,Mass
CUST18827,Mumbai,West,High,816.0,Mass
CUST18828,Hyderabad,South,Low,707.0,Mass
CUST18829,Pune,West,Low,580.0,Mass
CUST18830,Pune,West,Low,580.0,Mass
CUST18831,Hyderabad,South,Low,578.0,Mass
CUST18832,Hyderabad,South,Low,578.0,Mass
CUST18833,Hyderabad,South,Low,662.0,Affluent
CUST18834,Hyderabad,South,Low,623.0,Mass
CUST18835,Delhi NCR,North,Medium,720.0,Mass
CUST18836,Bangalore,South,Low,689.0,Affluent
CUST18837,Bangalore,South,Low,712.0,Mass
CUST18838,Pune,West,High,791.0,Mass
CUST18839,Bangalore,South,Medium,701.0,Mass
CUST18840,Kolkata,East,High,754.0,Mass
CUST18841,Pune,West,Low,682.0,Mass
CUST18842,Delhi NCR,North,High,770.0,Affluent
CUST18843,Hyderabad,South,Medium,696.0,Affluent
CUST18844,Bangalore,South,Medium,747.0,Affluent
CUST18845,Kolkata,East,Medium,652.0,Affluent
CUST18846,Hyderabad,South,Medium,671.0,Mass
CUST18847,Hyderabad,South,Low,652.0,Mass
CUST18848,Bangalore,South,Low,557.0,Mass
CUST18849,Delhi NCR,North,Low,576.0,Mass
CUST18850,Kolkata,East,Medium,663.0,Affluent
CUST18851,Hyderabad,South,Low,658.0,Mass
CUST18852,Pune,West,High,767.0,Mass
CUST18853,Pune,West,Low,554.0,Premium
CUST18854,Mumbai,West,Medium,704.0,Mass
CUST18855,Kolkata,East,Low,658.0,Mass
CUST18856,Delhi NCR,North,Medium,709.0,Affluent
CUST18857,Hyderabad,South,Medium,712.0,Affluent
CUST18858,Hyderabad,South,Medium,653.0,Premium
CUST18859,Kolkata,East,Medium,777.0,Affluent
CUST18860,Pune,West,Medium,666.0,Mass
CUST18861,Kolkata,East,Low,551.0,Mass
CUST18862,Pune,West,Medium,678.0,Affluent
CUST18863,Hyderabad,South,Low,560.0,Mass
CUST18864,Mumbai,West,Low,576.0,Mass
CUST18865,Bangalore,South,Low,720.0,Mass
CUST18866,Mumbai,West,Low,680.0,Mass
CUST18867,Hyderabad,South,High,735.0,Mass
CUST18868,Delhi NCR,North,Low,639.0,Affluent
CUST18869,Bangalore,South,High,747.0,Mass
CUST18870,Pune,West,Medium,653.0,Premium
CUST18871,Mumbai,West,Medium,717.0,Premium
CUST18872,Delhi NCR,North,Low,719.0,Mass
CUST18873,Bangalore,South,High,770.0,Mass
CUST18874,Bangalore,South,Medium,703.0,Affluent
CUST18875,Delhi NCR,North,Medium,694.0,Mass
CUST18876,Pune,West,Low,586.0,Affluent
CUST18877,Bangalore,South,Medium,701.0,Affluent
CUST18878,Delhi NCR,North,Medium,668.0,Mass
CUST18879,Delhi NCR,North,Low,658.0,Premium
CUST18880,Pune,West,Medium,773.0,Affluent
CUST18881,Pune,West,Low,717.0,Mass
CUST18882,Delhi NCR,North,Low,681.0,Affluent
CUST18883,Mumbai,West,Low,663.0,Mass
CUST18884,Pune,West,Medium,774.0,Mass
CUST18885,Hyderabad,South,High,798.0,Mass
CUST18886,Bangalore,South,Low,624.0,Premium
CUST18887,Pune,West,Medium,739.0,Affluent
CUST18888,Pune,West,Medium,706.0,Mass
CUST18889,Hyderabad,South,Low,568.0,Mass
CUST18890,Kolkata,East,Medium,700.0,Affluent
CUST18891,Delhi NCR,North,Medium,671.0,Mass
CUST18892,Delhi NCR,North,Low,633.0,Mass
CUST18893,Mumbai,West,Medium,706.0,Mass
CUST18894,Delhi NCR,North,High,744.0,Premium
CUST18895,Mumbai,West,Low,719.0,Affluent
CUST18896,Hyderabad,South,Medium,723.0,Affluent
CUST18897,Bangalore,South,Medium,710.0,Mass
CUST18898,Hyderabad,South,High,781.0,Mass
CUST18899,Mumbai,West,Low,582.0,Affluent
CUST18900,Hyderabad,South,Medium,762.0,Mass
CUST18901,Delhi NCR,North,Low,707.0,Mass
CUST18902,Kolkata,East,Low,584.0,Affluent
CUST18903,Pune,West,Medium,697.0,Mass
CUST18904,Kolkata,East,Low,700.0,Mass
CUST18905,Pune,West,Medium,667.0,Mass
CUST18906,Mumbai,West,Medium,717.0,Mass
CUST18907,Mumbai,West,Medium,755.0,Affluent
CUST18908,Bangalore,South,Medium,741.0,Affluent
CUST18909,Pune,West,Low,640.0,Affluent
CUST18910,Kolkata,East,High,743.0,Premium
CUST18911,Hyderabad,South,Low,559.0,Affluent
CUST18912,Delhi NCR,North,Low,693.0,Mass
CUST18913,Bangalore,South,Low,577.0,Affluent
CUST18914,Delhi NCR,North,Medium,705.0,Affluent
CUST18915,Delhi NCR,North,Low,608.0,Mass
CUST18916,Mumbai,West,High,794.0,Affluent
CUST18917,Pune,West,High,816.0,Affluent
CUST18918,Mumbai,West,Low,702.0,Affluent
CUST18919,Delhi NCR,North,Medium,778.0,Mass
CUST18920,Hyderabad,South,Medium,656.0,Mass
CUST18921,Hyderabad,South,Low,594.0,Mass
CUST18922,Bangalore,South,Low,571.0,Mass
CUST18923,Kolkata,East,High,761.0,Mass
CUST18924,Delhi NCR,North,High,788.0,Affluent
CUST18925,Delhi NCR,North,Medium,709.0,Mass
CUST18926,Hyderabad,South,High,778.0,Mass
CUST18927,Bangalore,South,Medium,774.0,Mass
CUST18928,Hyderabad,South,Low,700.0,Mass
CUST18929,Hyderabad,South,Low,712.0,Mass
CUST18930,Delhi NCR,North,Low,612.0,Mass
CUST18931,Kolkata,East,Medium,716.0,Mass
CUST18932,Kolkata,East,Medium,674.0,Mass
CUST18933,Bangalore,South,Low,677.0,Mass
CUST18934,Bangalore,South,Medium,729.0,Affluent
CUST18935,Mumbai,West,Medium,726.0,Mass
CUST18936,Mumbai,West,Low,693.0,Mass
CUST18937,Hyderabad,South,Medium,744.0,Mass
CUST18938,Delhi NCR,North,Medium,768.0,Mass
CUST18939,Mumbai,West,Medium,697.0,Mass
CUST18940,Kolkata,East,High,849.0,Mass
CUST18941,Bangalore,South,Medium,652.0,Mass
CUST18942,Delhi NCR,North,Medium,688.0,Affluent
CUST18943,Mumbai,West,Low,623.0,Mass
CUST18944,Pune,West,Low,691.0,Mass
CUST18945,Pune,West,Low,644.0,Mass
CUST18946,Bangalore,South,Medium,772.0,Mass
CUST18947,Mumbai,West,Low,580.0,Affluent
CUST18948,Kolkata,East,Medium,743.0,Mass
CUST18949,Pune,West,Low,690.0,Affluent
CUST18950,Kolkata,East,Medium,709.0,Mass
CUST18951,Pune,West,High,722.0,Affluent
CUST18952,Delhi NCR,North,Medium,661.0,Mass
CUST18953,Hyderabad,South,Medium,749.0,Mass
CUST18954,Delhi NCR,North,Medium,687.0,Premium
CUST18955,Delhi NCR,North,Low,597.0,Mass
CUST18956,Hyderabad,South,Low,643.0,Mass
CUST18957,Pune,West,Medium,708.0,Mass
CUST18958,Bangalore,South,Medium,772.0,Affluent
CUST18959,Delhi NCR,North,Medium,725.0,Premium
CUST18960,Hyderabad,South,High,839.0,Affluent
CUST18961,Mumbai,West,High,787.0,Mass
CUST18962,Bangalore,South,Low,630.0,Mass
CUST18963,Delhi NCR,North,Medium,778.0,Mass
CUST18964,Bangalore,South,High,720.0,Mass
CUST18965,Hyderabad,South,Medium,651.0,Mass
CUST18966,Kolkata,East,Medium,748.0,Affluent
CUST18967,Mumbai,West,Low,713.0,Mass
CUST18968,Mumbai,West,Low,664.0,Premium
CUST18969,Mumbai,West,Low,625.0,Mass
CUST18970,Kolkata,East,Low,599.0,Affluent
CUST18971,Delhi NCR,North,High,850.0,Affluent
CUST18972,Hyderabad,South,Medium,780.0,Affluent
CUST18973,Mumbai,West,Low,575.0,Mass
CUST18974,Bangalore,South,Medium,729.0,Mass
CUST18975,Hyderabad,South,Medium,717.0,Affluent
CUST18976,Mumbai,West,Medium,694.0,Mass
CUST18977,Delhi NCR,North,Medium,665.0,Premium
CUST18978,Hyderabad,South,Medium,696.0,Mass
CUST18979,Pune,West,Low,709.0,Affluent
CUST18980,Bangalore,South,High,825.0,Affluent
CUST18981,Hyderabad,South,Medium,704.0,Affluent
CUST18982,Pune,West,Medium,760.0,Mass
CUST18983,Pune,West,Medium,724.0,Affluent
CUST18984,Pune,West,High,835.0,Mass
CUST18985,Kolkata,East,Medium,739.0,Affluent
CUST18986,Bangalore,South,Medium,678.0,Mass
CUST18987,Mumbai,West,Medium,773.0,Affluent
CUST18988,Pune,West,Low,579.0,Affluent
CUST18989,Kolkata,East,Medium,760.0,Mass
CUST18990,Delhi NCR,North,Low,666.0,Affluent
CUST18991,Bangalore,South,High,825.0,Mass
CUST18992,Hyderabad,South,Medium,748.0,Mass
CUST18993,Pune,West,Medium,666.0,Mass
CUST18994,Bangalore,South,High,776.0,Affluent
CUST18995,Hyderabad,South,Low,650.0,Mass
CUST18996,Delhi NCR,North,Low,595.0,Premium
CUST18997,Pune,West,Medium,657.0,Premium
CUST18998,Hyderabad,South,Low,632.0,Premium
CUST18999,Pune,West,Medium,721.0,Mass
CUST19000,Mumbai,West,Medium,686.0,Premium
CUST19001,Bangalore,South,Low,577.0,Premium
CUST19002,Pune,West,Low,568.0,Affluent
CUST19003,Bangalore,South,Medium,693.0,Mass
CUST19004,Mumbai,West,High,807.0,Mass
CUST19005,Bangalore,South,High,750.0,Mass
CUST19006,Bangalore,South,Low,587.0,Mass
CUST19007,Bangalore,South,Low,647.0,Mass
CUST19008,Pune,West,Medium,682.0,Affluent
CUST19009,Mumbai,West,Low,614.0,Mass
CUST19010,Pune,West,Medium,727.0,Mass
CUST19011,Kolkata,East,Medium,685.0,Affluent
CUST19012,Pune,West,High,792.0,Mass
CUST19013,Delhi NCR,North,Medium,684.0,Mass
CUST19014,Hyderabad,South,Low,673.0,Mass
CUST19015,Pune,West,Medium,772.0,Mass
CUST19016,Hyderabad,South,Low,706.0,Mass
CUST19017,Mumbai,West,Medium,661.0,Affluent
CUST19018,Delhi NCR,North,Medium,694.0,Mass
CUST19019,Delhi NCR,North,Low,667.0,Mass
CUST19020,Pune,West,Medium,688.0,Premium
CUST19021,Pune,West,Medium,676.0,Premium
CUST19022,Hyderabad,South,Low,623.0,Mass
CUST19023,Bangalore,South,High,726.0,Mass
CUST19024,Mumbai,West,Low,580.0,Mass
CUST19025,Hyderabad,South,Low,687.0,Mass
CUST19026,Bangalore,South,High,728.0,Mass
CUST19027,Pune,West,High,743.0,Mass
CUST19028,Bangalore,South,Low,705.0,Mass
CUST19029,Kolkata,East,High,826.0,Mass
CUST19030,Pune,West,Low,652.0,Affluent
CUST19031,Pune,West,High,781.0,Mass
CUST19032,Hyderabad,South,Medium,719.0,Premium
CUST19033,Pune,West,Low,715.0,Affluent
CUST19034,Mumbai,West,Low,697.0,Mass
CUST19035,Hyderabad,South,Low,590.0,Affluent
CUST19036,Kolkata,East,Low,711.0,Mass
CUST19037,Pune,West,Medium,693.0,Affluent
CUST19038,Kolkata,East,Medium,770.0,Mass
CUST19039,Mumbai,West,High,771.0,Mass
CUST19040,Pune,West,Medium,723.0,Mass
CUST19041,Delhi NCR,North,High,750.0,Mass
CUST19042,Mumbai,West,Medium,775.0,Affluent
CUST19043,Pune,West,Low,623.0,Affluent
CUST19044,Bangalore,South,Low,685.0,Affluent
CUST19045,Delhi NCR,North,High,725.0,Mass
CUST19046,Bangalore,South,High,742.0,Mass
CUST19047,Mumbai,West,Low,607.0,Affluent
CUST19048,Hyderabad,South,Medium,668.0,Mass
CUST19049,Kolkata,East,Low,707.0,Mass
CUST19050,Hyderabad,South,Low,659.0,Mass
CUST19051,Bangalore,South,Low,603.0,Mass
CUST19052,Mumbai,West,Medium,762.0,Mass
CUST19053,Hyderabad,South,High,794.0,Affluent
CUST19054,Mumbai,West,Low,650.0,Affluent
CUST19055,Mumbai,West,Low,692.0,Mass
CUST19056,Hyderabad,South,Low,621.0,Premium
CUST19057,Mumbai,West,High,806.0,Mass
CUST19058,Mumbai,West,Medium,724.0,Mass
CUST19059,Mumbai,West,Low,689.0,Affluent
CUST19060,Delhi NCR,North,Low,612.0,Affluent
CUST19061,Pune,West,Low,608.0,Mass
CUST19062,Hyderabad,South,Low,565.0,Mass
CUST19063,Hyderabad,South,Medium,661.0,Mass
CUST19064,Bangalore,South,High,742.0,Mass
CUST19065,Mumbai,West,Low,550.0,Mass
CUST19066,Bangalore,South,High,810.0,Affluent
CUST19067,Mumbai,West,Medium,715.0,Mass
CUST19068,Mumbai,West,Medium,779.0,Mass
CUST19069,Hyderabad,South,Low,702.0,Affluent
CUST19070,Mumbai,West,Medium,707.0,Affluent
CUST19071,Kolkata,East,Low,703.0,Mass
CUST19072,Delhi NCR,North,Low,579.0,Affluent
CUST19073,Bangalore,South,Medium,685.0,Mass
CUST19074,Mumbai,West,Medium,655.0,Mass
CUST19075,Kolkata,East,High,850.0,Premium
CUST19076,Kolkata,East,Low,707.0,Affluent
CUST19077,Kolkata,East,High,818.0,Mass
CUST19078,Bangalore,South,High,827.0,Affluent
CUST19079,Pune,West,Low,559.0,Affluent
CUST19080,Delhi NCR,North,High,759.0,Mass
CUST19081,Delhi NCR,North,Medium,692.0,Mass
CUST19082,Delhi NCR,North,Low,631.0,Mass
CUST19083,Bangalore,South,Medium,769.0,Premium
CUST19084,Pune,West,Low,713.0,Affluent
CUST19085,Bangalore,South,Low,689.0,Mass
CUST19086,Pune,West,High,731.0,Mass
CUST19087,Hyderabad,South,Medium,762.0,Mass
CUST19088,Hyderabad,South,Medium,769.0,Premium
CUST19089,Kolkata,East,High,751.0,Mass
CUST19090,Delhi NCR,North,High,785.0,Mass
CUST19091,Kolkata,East,Low,550.0,Mass
CUST19092,Mumbai,West,Low,583.0,Mass
CUST19093,Kolkata,East,Low,688.0,Mass
CUST19094,Hyderabad,South,Low,700.0,Mass
CUST19095,Delhi NCR,North,Medium,654.0,Affluent
CUST19096,Hyderabad,South,Medium,776.0,Mass
CUST19097,Bangalore,South,Low,569.0,Mass
CUST19098,Pune,West,High,785.0,Affluent
CUST19099,Delhi NCR,North,High,742.0,Mass
CUST19100,Bangalore,South,High,721.0,Mass
CUST19101,Mumbai,West,Medium,703.0,Affluent
CUST19102,Bangalore,South,Medium,732.0,Mass
CUST19103,Pune,West,High,767.0,Mass
CUST19104,Bangalore,South,Low,566.0,Mass
CUST19105,Pune,West,Medium,705.0,Mass
CUST19106,Hyderabad,South,Low,683.0,Mass
CUST19107,Pune,West,High,811.0,Mass
CUST19108,Hyderabad,South,Medium,680.0,Mass
CUST19109,Pune,West,Low,720.0,Mass
CUST19110,Delhi NCR,North,Medium,716.0,Mass
CUST19111,Pune,West,Medium,698.0,Affluent
CUST19112,Pune,West,Medium,697.0,Mass
CUST19113,Bangalore,South,Medium,716.0,Mass
CUST19114,Pune,West,High,721.0,Affluent
CUST19115,Mumbai,West,Medium,730.0,Mass
CUST19116,Pune,West,High,740.0,Mass
CUST19117,Pune,West,Medium,710.0,Affluent
CUST19118,Pune,West,Low,628.0,Affluent
CUST19119,Bangalore,South,Medium,709.0,Mass
CUST19120,Bangalore,South,Medium,740.0,Mass
CUST19121,Pune,West,Low,692.0,Premium
CUST19122,Hyderabad,South,Medium,706.0,Mass
CUST19123,Pune,West,Medium,778.0,Affluent
CUST19124,Delhi NCR,North,Low,589.0,Mass
CUST19125,Kolkata,East,Low,584.0,Affluent
CUST19126,Mumbai,West,Medium,767.0,Mass
CUST19127,Delhi NCR,North,Low,601.0,Mass
CUST19128,Delhi NCR,North,Medium,768.0,Affluent
CUST19129,Mumbai,West,Medium,671.0,Mass
CUST19130,Bangalore,South,Medium,703.0,Mass
CUST19131,Mumbai,West,Low,633.0,Mass
CUST19132,Kolkata,East,Medium,733.0,Mass
CUST19133,Hyderabad,South,Low,705.0,Affluent
CUST19134,Hyderabad,South,Low,652.0,Affluent
CUST19135,Mumbai,West,Medium,684.0,Mass
CUST19136,Pune,West,Low,645.0,Affluent
CUST19137,Kolkata,East,Medium,710.0,Mass
CUST19138,Bangalore,South,Low,642.0,Mass
CUST19139,Kolkata,East,High,751.0,Mass
CUST19140,Hyderabad,South,High,840.0,Premium
CUST19141,Mumbai,West,Low,708.0,Affluent
CUST19142,Kolkata,East,High,772.0,Mass
CUST19143,Hyderabad,South,Low,562.0,Mass
CUST19144,Mumbai,West,Low,670.0,Affluent
CUST19145,Hyderabad,South,High,743.0,Mass
CUST19146,Mumbai,West,Medium,776.0,Mass
CUST19147,Kolkata,East,Medium,688.0,Mass
CUST19148,Kolkata,East,Low,624.0,Affluent
CUST19149,Mumbai,West,Medium,692.0,Mass
CUST19150,Bangalore,South,High,836.0,Premium
CUST19151,Kolkata,East,Low,600.0,Affluent
CUST19152,Mumbai,West,High,760.0,Mass
CUST19153,Mumbai,West,High,782.0,Mass
CUST19154,Pune,West,Low,643.0,Mass
CUST19155,Pune,West,Low,614.0,Affluent
CUST19156,Mumbai,West,High,791.0,Mass
CUST19157,Pune,West,Medium,665.0,Affluent
CUST19158,Pune,West,Medium,708.0,Mass
CUST19159,Delhi NCR,North,Medium,747.0,Affluent
CUST19160,Bangalore,South,Medium,655.0,Mass
CUST19161,Delhi NCR,North,Medium,667.0,Affluent
CUST19162,Pune,West,Low,687.0,Mass
CUST19163,Mumbai,West,Medium,702.0,Affluent
CUST19164,Delhi NCR,North,High,725.0,Mass
CUST19165,Hyderabad,South,High,763.0,Mass
CUST19166,Pune,West,Low,703.0,Mass
CUST19167,Mumbai,West,Medium,780.0,Affluent
CUST19168,Pune,West,Medium,726.0,Mass
CUST19169,Hyderabad,South,Medium,752.0,Mass
CUST19170,Delhi NCR,North,Low,561.0,Affluent
CUST19171,Mumbai,West,High,805.0,Affluent
CUST19172,Kolkata,East,Low,689.0,Affluent
CUST19173,Pune,West,Medium,695.0,Premium
CUST19174,Delhi NCR,North,High,776.0,Affluent
CUST19175,Hyderabad,South,High,791.0,Affluent
CUST19176,Hyderabad,South,Low,711.0,Premium
CUST19177,Mumbai,West,Medium,741.0,Mass
CUST19178,Hyderabad,South,Medium,682.0,Affluent
CUST19179,Hyderabad,South,Low,692.0,Affluent
CUST19180,Delhi NCR,North,High,760.0,Affluent
CUST19181,Pune,West,High,760.0,Mass
CUST19182,Delhi NCR,North,High,834.0,Mass
CUST19183,Mumbai,West,Low,624.0,Premium
CUST19184,Pune,West,Low,651.0,Mass
CUST19185,Kolkata,East,High,845.0,Mass
CUST19186,Mumbai,West,Low,688.0,Mass
CUST19187,Pune,West,Low,632.0,Mass
CUST19188,Delhi NCR,North,Low,585.0,Affluent
CUST19189,Pune,West,Medium,712.0,Mass
CUST19190,Kolkata,East,Medium,675.0,Mass
CUST19191,Pune,West,Medium,730.0,Mass
CUST19192,Kolkata,East,Low,655.0,Mass
CUST19193,Delhi NCR,North,Low,583.0,Affluent
CUST19194,Pune,West,Medium,778.0,Affluent
CUST19195,Pune,West,High,760.0,Mass
CUST19196,Bangalore,South,Low,702.0,Affluent
CUST19197,Delhi NCR,North,Low,606.0,Premium
CUST19198,Mumbai,West,Low,690.0,Affluent
CUST19199,Delhi NCR,North,Medium,704.0,Mass
CUST19200,Kolkata,East,Low,692.0,Affluent
CUST19201,Mumbai,West,Low,681.0,Mass
CUST19202,Bangalore,South,High,801.0,Mass
CUST19203,Delhi NCR,North,High,757.0,Premium
CUST19204,Hyderabad,South,Low,603.0,Premium
CUST19205,Kolkata,East,Low,655.0,Mass
CUST19206,Delhi NCR,North,Low,561.0,Mass
CUST19207,Pune,West,Low,631.0,Affluent
CUST19208,Mumbai,West,Low,711.0,Affluent
CUST19209,Kolkata,East,Medium,726.0,Affluent
CUST19210,Delhi NCR,North,Medium,754.0,Affluent
CUST19211,Bangalore,South,Medium,775.0,Mass
CUST19212,Mumbai,West,Medium,736.0,Mass
CUST19213,Hyderabad,South,Low,634.0,Mass
CUST19214,Delhi NCR,North,Medium,678.0,Mass
CUST19215,Hyderabad,South,Medium,741.0,Mass
CUST19216,Hyderabad,South,Low,627.0,Mass
CUST19217,Mumbai,West,Medium,714.0,Affluent
CUST19218,Bangalore,South,Low,661.0,Mass
CUST19219,Bangalore,South,Low,684.0,Affluent
CUST19220,Pune,West,High,796.0,Affluent
CUST19221,Mumbai,West,Medium,749.0,Mass
CUST19222,Hyderabad,South,Medium,677.0,Premium
CUST19223,Kolkata,East,High,734.0,Mass
CUST19224,Mumbai,West,Medium,653.0,Affluent
CUST19225,Mumbai,West,Medium,689.0,Mass
CUST19226,Mumbai,West,High,814.0,Mass
CUST19227,Hyderabad,South,High,801.0,Mass
CUST19228,Delhi NCR,North,Low,600.0,Affluent
CUST19229,Bangalore,South,Medium,715.0,Premium
CUST19230,Pune,West,Low,640.0,Premium
CUST19231,Mumbai,West,Medium,728.0,Premium
CUST19232,Hyderabad,South,Medium,674.0,Affluent
CUST19233,Bangalore,South,Medium,769.0,Affluent
CUST19234,Hyderabad,South,High,750.0,Premium
CUST19235,Bangalore,South,Low,678.0,Premium
CUST19236,Mumbai,West,Medium,690.0,Mass
CUST19237,Mumbai,West,Low,670.0,Affluent
CUST19238,Pune,West,Low,552.0,Mass
CUST19239,Mumbai,West,Low,611.0,Mass
CUST19240,Delhi NCR,North,Low,577.0,Affluent
CUST19241,Bangalore,South,Low,617.0,Premium
CUST19242,Mumbai,West,Medium,733.0,Mass
CUST19243,Delhi NCR,North,Medium,773.0,Mass
CUST19244,Mumbai,West,Medium,760.0,Mass
CUST19245,Mumbai,West,Medium,734.0,Mass
CUST19246,Mumbai,West,Medium,703.0,Mass
CUST19247,Delhi NCR,North,High,783.0,Premium
CUST19248,Kolkata,East,Low,559.0,Mass
CUST19249,Bangalore,South,Medium,663.0,Mass
CUST19250,Pune,West,Medium,742.0,Mass
CUST19251,Pune,West,Medium,755.0,Mass
CUST19252,Pune,West,Low,659.0,Mass
CUST19253,Bangalore,South,Medium,656.0,Mass
CUST19254,Mumbai,West,Medium,778.0,Affluent
CUST19255,Mumbai,West,Low,605.0,Premium
CUST19256,Kolkata,East,Medium,720.0,Mass
CUST19257,Delhi NCR,North,Low,622.0,Affluent
CUST19258,Mumbai,West,Medium,776.0,Mass
CUST19259,Bangalore,South,Low,719.0,Mass
CUST19260,Hyderabad,South,Medium,690.0,Mass
CUST19261,Delhi NCR,North,Medium,667.0,Mass
CUST19262,Delhi NCR,North,Medium,667.0,Affluent
CUST19263,Kolkata,East,High,727.0,Mass
CUST19264,Mumbai,West,Medium,697.0,Affluent
CUST19265,Hyderabad,South,Medium,679.0,Premium
CUST19266,Hyderabad,South,Medium,734.0,Mass
CUST19267,Pune,West,Medium,761.0,Affluent
CUST19268,Mumbai,West,Low,675.0,Affluent
CUST19269,Pune,West,Medium,716.0,Mass
CUST19270,Bangalore,South,Low,642.0,Affluent
CUST19271,Hyderabad,South,Low,673.0,Premium
CUST19272,Bangalore,South,High,767.0,Affluent
CUST19273,Bangalore,South,High,757.0,Mass
CUST19274,Kolkata,East,Medium,653.0,Mass
CUST19275,Mumbai,West,High,813.0,Affluent
CUST19276,Bangalore,South,Medium,731.0,Affluent
CUST19277,Hyderabad,South,High,819.0,Mass
CUST19278,Bangalore,South,Low,627.0,Mass
CUST19279,Pune,West,High,747.0,Mass
CUST19280,Mumbai,West,Low,645.0,Premium
CUST19281,Delhi NCR,North,Medium,717.0,Mass
CUST19282,Bangalore,South,Medium,704.0,Mass
CUST19283,Mumbai,West,Medium,710.0,Mass
CUST19284,Kolkata,East,High,745.0,Mass
CUST19285,Delhi NCR,North,Medium,697.0,Mass
CUST19286,Kolkata,East,Medium,707.0,Mass
CUST19287,Delhi NCR,North,Medium,658.0,Premium
CUST19288,Kolkata,East,Low,705.0,Mass
CUST19289,Mumbai,West,Medium,687.0,Mass
CUST19290,Delhi NCR,North,Medium,760.0,Premium
CUST19291,Mumbai,West,Low,588.0,Mass
CUST19292,Bangalore,South,Medium,771.0,Mass
CUST19293,Pune,West,Low,611.0,Mass
CUST19294,Mumbai,West,Medium,672.0,Mass
CUST19295,Pune,West,Medium,773.0,Mass
CUST19296,Bangalore,South,Medium,657.0,Mass
CUST19297,Kolkata,East,Medium,673.0,Mass
CUST19298,Bangalore,South,High,778.0,Mass
CUST19299,Hyderabad,South,Low,717.0,Affluent
CUST19300,Bangalore,South,Medium,677.0,Premium
CUST19301,Kolkata,East,Medium,730.0,Mass
CUST19302,Delhi NCR,North,Medium,691.0,Mass
CUST19303,Kolkata,East,Low,649.0,Affluent
CUST19304,Kolkata,East,Low,653.0,Mass
CUST19305,Mumbai,West,Medium,740.0,Premium
CUST19306,Pune,West,Medium,688.0,Affluent
CUST19307,Hyderabad,South,Medium,662.0,Mass
CUST19308,Pune,West,Low,580.0,Affluent
CUST19309,Hyderabad,South,Low,570.0,Mass
CUST19310,Mumbai,West,High,845.0,Premium
CUST19311,Mumbai,West,Low,677.0,Mass
CUST19312,Kolkata,East,Medium,770.0,Premium
CUST19313,Delhi NCR,North,Medium,745.0,Mass
CUST19314,Delhi NCR,North,Low,550.0,Affluent
CUST19315,Delhi NCR,North,Low,694.0,Premium
CUST19316,Hyderabad,South,Medium,670.0,Mass
CUST19317,Hyderabad,South,Medium,758.0,Premium
CUST19318,Delhi NCR,North,Medium,666.0,Mass
CUST19319,Mumbai,West,High,748.0,Mass
CUST19320,Kolkata,East,Low,661.0,Premium
CUST19321,Hyderabad,South,High,736.0,Premium
CUST19322,Pune,West,Medium,663.0,Premium
CUST19323,Hyderabad,South,Low,690.0,Mass
CUST19324,Pune,West,High,793.0,Affluent
CUST19325,Pune,West,High,754.0,Mass
CUST19326,Bangalore,South,Low,707.0,Premium
CUST19327,Pune,West,Medium,740.0,Mass
CUST19328,Delhi NCR,North,Medium,724.0,Mass
CUST19329,Bangalore,South,Low,595.0,Mass
CUST19330,Hyderabad,South,High,833.0,Mass
CUST19331,Delhi NCR,North,High,764.0,Mass
CUST19332,Bangalore,South,High,839.0,Mass
CUST19333,Kolkata,East,High,742.0,Premium
CUST19334,Mumbai,West,Low,577.0,Premium
CUST19335,Kolkata,East,Medium,750.0,Mass
CUST19336,Delhi NCR,North,Low,684.0,Premium
CUST19337,Pune,West,Low,701.0,Affluent
CUST19338,Hyderabad,South,High,793.0,Mass
CUST19339,Bangalore,South,Medium,696.0,Mass
CUST19340,Hyderabad,South,High,765.0,Mass
CUST19341,Bangalore,South,Low,597.0,Mass
CUST19342,Kolkata,East,High,722.0,Affluent
CUST19343,Mumbai,West,Low,603.0,Mass
CUST19344,Hyderabad,South,Low,595.0,Premium
CUST19345,Bangalore,South,Medium,680.0,Affluent
CUST19346,Kolkata,East,Low,615.0,Mass
CUST19347,Mumbai,West,Medium,778.0,Mass
CUST19348,Hyderabad,South,Low,638.0,Mass
CUST19349,Pune,West,Medium,693.0,Mass
CUST19350,Mumbai,West,Medium,682.0,Mass
CUST19351,Hyderabad,South,Low,611.0,Affluent
CUST19352,Pune,West,Low,657.0,Mass
CUST19353,Mumbai,West,Low,706.0,Affluent
CUST19354,Delhi NCR,North,Medium,689.0,Affluent
CUST19355,Kolkata,East,Medium,722.0,Affluent
CUST19356,Kolkata,East,Low,599.0,Affluent
CUST19357,Delhi NCR,North,Medium,711.0,Mass
CUST19358,Bangalore,South,High,815.0,Affluent
CUST19359,Kolkata,East,Medium,704.0,Affluent
CUST19360,Pune,West,Medium,665.0,Mass
CUST19361,Hyderabad,South,Low,650.0,Premium
CUST19362,Pune,West,High,751.0,Mass
CUST19363,Bangalore,South,Low,599.0,Mass
CUST19364,Kolkata,East,Medium,729.0,Affluent
CUST19365,Hyderabad,South,Medium,679.0,Premium
CUST19366,Pune,West,Low,585.0,Mass
CUST19367,Bangalore,South,High,815.0,Mass
CUST19368,Kolkata,East,High,771.0,Mass
CUST19369,Delhi NCR,North,Medium,673.0,Mass
CUST19370,Hyderabad,South,High,812.0,Mass
CUST19371,Delhi NCR,North,Medium,719.0,Affluent
CUST19372,Kolkata,East,Medium,719.0,Mass
CUST19373,Pune,West,Medium,770.0,Premium
CUST19374,Kolkata,East,High,726.0,Mass
CUST19375,Kolkata,East,High,837.0,Mass
CUST19376,Pune,West,High,726.0,Mass
CUST19377,Pune,West,Low,615.0,Mass
CUST19378,Mumbai,West,Medium,675.0,Affluent
CUST19379,Hyderabad,South,Low,684.0,Mass
CUST19380,Bangalore,South,Medium,719.0,Mass
CUST19381,Bangalore,South,Low,624.0,Mass
CUST19382,Delhi NCR,North,Medium,673.0,Affluent
CUST19383,Mumbai,West,Medium,693.0,Mass
CUST19384,Pune,West,High,784.0,Affluent
CUST19385,Pune,West,Medium,684.0,Affluent
CUST19386,Mumbai,West,Medium,685.0,Premium
CUST19387,Mumbai,West,High,799.0,Affluent
CUST19388,Hyderabad,South,Low,577.0,Mass
CUST19389,Pune,West,Medium,714.0,Mass
CUST19390,Delhi NCR,North,Medium,661.0,Mass
CUST19391,Mumbai,West,Medium,746.0,Mass
CUST19392,Kolkata,East,Medium,734.0,Affluent
CUST19393,Delhi NCR,North,High,751.0,Mass
CUST19394,Kolkata,East,Medium,754.0,Mass
CUST19395,Pune,West,Low,616.0,Mass
CUST19396,Pune,West,High,824.0,Premium
CUST19397,Bangalore,South,Medium,664.0,Mass
CUST19398,Bangalore,South,Low,569.0,Mass
CUST19399,Kolkata,East,Low,651.0,Mass
CUST19400,Hyderabad,South,Low,687.0,Premium
CUST19401,Bangalore,South,Low,656.0,Affluent
CUST19402,Mumbai,West,Medium,656.0,Affluent
CUST19403,Hyderabad,South,Low,657.0,Premium
CUST19404,Mumbai,West,Low,667.0,Mass
CUST19405,Pune,West,Low,670.0,Affluent
CUST19406,Hyderabad,South,Medium,719.0,Affluent
CUST19407,Bangalore,South,High,758.0,Mass
CUST19408,Bangalore,South,Medium,709.0,Premium
CUST19409,Delhi NCR,North,Low,647.0,Affluent
CUST19410,Kolkata,East,Low,565.0,Mass
CUST19411,Mumbai,West,Low,720.0,Premium
CUST19412,Kolkata,East,Medium,742.0,Mass
CUST19413,Delhi NCR,North,Low,720.0,Affluent
CUST19414,Bangalore,South,Medium,757.0,Affluent
CUST19415,Delhi NCR,North,Medium,717.0,Affluent
CUST19416,Delhi NCR,North,High,751.0,Mass
CUST19417,Delhi NCR,North,Medium,710.0,Mass
CUST19418,Pune,West,High,838.0,Mass
CUST19419,Bangalore,South,Low,656.0,Affluent
CUST19420,Kolkata,East,Low,702.0,Mass
CUST19421,Mumbai,West,Low,598.0,Affluent
CUST19422,Kolkata,East,Low,705.0,Mass
CUST19423,Delhi NCR,North,Low,651.0,Mass
CUST19424,Mumbai,West,Low,678.0,Mass
CUST19425,Bangalore,South,Medium,767.0,Affluent
CUST19426,Delhi NCR,North,Medium,680.0,Mass
CUST19427,Delhi NCR,North,High,750.0,Mass
CUST19428,Bangalore,South,Medium,760.0,Mass
CUST19429,Pune,West,Low,608.0,Mass
CUST19430,Kolkata,East,Medium,651.0,Affluent
CUST19431,Kolkata,East,Low,558.0,Mass
CUST19432,Hyderabad,South,Low,613.0,Affluent
CUST19433,Kolkata,East,Medium,663.0,Affluent
CUST19434,Mumbai,West,Medium,716.0,Mass
CUST19435,Kolkata,East,Medium,651.0,Mass
CUST19436,Hyderabad,South,Low,596.0,Mass
CUST19437,Delhi NCR,North,High,836.0,Mass
CUST19438,Bangalore,South,Low,693.0,Mass
CUST19439,Hyderabad,South,Low,657.0,Mass
CUST19440,Pune,West,High,782.0,Mass
CUST19441,Delhi NCR,North,Low,550.0,Mass
CUST19442,Mumbai,West,Medium,671.0,Affluent
CUST19443,Bangalore,South,Medium,732.0,Affluent
CUST19444,Pune,West,Low,586.0,Premium
CUST19445,Bangalore,South,Medium,652.0,Mass
CUST19446,Pune,West,Low,551.0,Affluent
CUST19447,Bangalore,South,Low,622.0,Mass
CUST19448,Mumbai,West,Low,669.0,Mass
CUST19449,Pune,West,High,732.0,Mass
CUST19450,Hyderabad,South,Medium,717.0,Premium
CUST19451,Mumbai,West,Low,570.0,Affluent
CUST19452,Delhi NCR,North,Low,597.0,Mass
CUST19453,Delhi NCR,North,Medium,765.0,Mass
CUST19454,Kolkata,East,Low,606.0,Mass
CUST19455,Mumbai,West,Medium,685.0,Mass
CUST19456,Kolkata,East,High,736.0,Mass
CUST19457,Pune,West,Medium,673.0,Mass
CUST19458,Bangalore,South,Low,613.0,Mass
CUST19459,Delhi NCR,North,Low,589.0,Affluent
CUST19460,Pune,West,Low,586.0,Mass
CUST19461,Delhi NCR,North,Medium,727.0,Premium
CUST19462,Hyderabad,South,Low,684.0,Mass
CUST19463,Hyderabad,South,High,846.0,Mass
CUST19464,Mumbai,West,Medium,668.0,Mass
CUST19465,Delhi NCR,North,Medium,739.0,Mass
CUST19466,Pune,West,High,837.0,Mass
CUST19467,Kolkata,East,High,846.0,Premium
CUST19468,Kolkata,East,Medium,767.0,Mass
CUST19469,Kolkata,East,High,840.0,Premium
CUST19470,Kolkata,East,Medium,705.0,Mass
CUST19471,Hyderabad,South,Medium,734.0,Mass
CUST19472,Hyderabad,South,Low,602.0,Mass
CUST19473,Bangalore,South,Low,688.0,Mass
CUST19474,Mumbai,West,Low,656.0,Affluent
CUST19475,Kolkata,East,Medium,708.0,Mass
CUST19476,Delhi NCR,North,Low,600.0,Mass
CUST19477,Pune,West,High,754.0,Premium
CUST19478,Delhi NCR,North,Medium,684.0,Affluent
CUST19479,Pune,West,Low,578.0,Mass
CUST19480,Mumbai,West,High,821.0,Mass
CUST19481,Delhi NCR,North,High,805.0,Mass
CUST19482,Pune,West,High,721.0,Premium
CUST19483,Delhi NCR,North,Medium,668.0,Premium
CUST19484,Hyderabad,South,Low,618.0,Mass
CUST19485,Mumbai,West,Low,669.0,Affluent
CUST19486,Pune,West,Medium,655.0,Mass
CUST19487,Hyderabad,South,Medium,778.0,Mass
CUST19488,Kolkata,East,Low,681.0,Mass
CUST19489,Delhi NCR,North,Low,578.0,Premium
CUST19490,Delhi NCR,North,Low,614.0,Mass
CUST19491,Bangalore,South,Low,555.0,Mass
CUST19492,Mumbai,West,Medium,757.0,Mass
CUST19493,Pune,West,Low,637.0,Affluent
CUST19494,Mumbai,West,Medium,776.0,Mass
CUST19495,Pune,West,High,742.0,Mass
CUST19496,Mumbai,West,Medium,669.0,Mass
CUST19497,Bangalore,South,Low,606.0,Mass
CUST19498,Mumbai,West,Low,584.0,Mass
CUST19499,Pune,West,Medium,690.0,Mass
CUST19500,Delhi NCR,North,Low,652.0,Affluent
CUST19501,Delhi NCR,North,Low,592.0,Affluent
CUST19502,Hyderabad,South,Low,663.0,Mass
CUST19503,Mumbai,West,High,779.0,Affluent
CUST19504,Kolkata,East,Low,592.0,Mass
CUST19505,Hyderabad,South,Medium,763.0,Premium
CUST19506,Pune,West,High,841.0,Mass
CUST19507,Pune,West,Low,552.0,Mass
CUST19508,Delhi NCR,North,Low,560.0,Mass
CUST19509,Mumbai,West,High,810.0,Mass
CUST19510,Pune,West,Low,618.0,Mass
CUST19511,Pune,West,High,817.0,Premium
CUST19512,Pune,West,High,736.0,Mass
CUST19513,Hyderabad,South,Low,630.0,Affluent
CUST19514,Delhi NCR,North,Low,583.0,Mass
CUST19515,Delhi NCR,North,Medium,735.0,Mass
CUST19516,Hyderabad,South,Low,700.0,Mass
CUST19517,Delhi NCR,North,Low,644.0,Mass
CUST19518,Kolkata,East,Low,596.0,Premium
CUST19519,Bangalore,South,High,762.0,Mass
CUST19520,Delhi NCR,North,High,799.0,Mass
CUST19521,Delhi NCR,North,Low,644.0,Premium
CUST19522,Hyderabad,South,Medium,661.0,Mass
CUST19523,Hyderabad,South,Medium,663.0,Mass
CUST19524,Pune,West,Low,554.0,Affluent
CUST19525,Hyderabad,South,High,797.0,Affluent
CUST19526,Bangalore,South,Medium,734.0,Mass
CUST19527,Hyderabad,South,Low,588.0,Affluent
CUST19528,Pune,West,Low,585.0,Mass
CUST19529,Kolkata,East,Medium,721.0,Premium
CUST19530,Kolkata,East,High,788.0,Mass
CUST19531,Bangalore,South,Low,560.0,Affluent
CUST19532,Hyderabad,South,Low,593.0,Affluent
CUST19533,Kolkata,East,Medium,655.0,Mass
CUST19534,Delhi NCR,North,Medium,720.0,Premium
CUST19535,Bangalore,South,Low,566.0,Mass
CUST19536,Mumbai,West,High,843.0,Mass
CUST19537,Hyderabad,South,Medium,760.0,Mass
CUST19538,Bangalore,South,High,797.0,Affluent
CUST19539,Bangalore,South,Low,579.0,Affluent
CUST19540,Hyderabad,South,Medium,693.0,Affluent
CUST19541,Pune,West,Medium,766.0,Mass
CUST19542,Kolkata,East,Low,631.0,Mass
CUST19543,Kolkata,East,Medium,742.0,Affluent
CUST19544,Hyderabad,South,Low,720.0,Affluent
CUST19545,Delhi NCR,North,Medium,753.0,Mass
CUST19546,Mumbai,West,Low,701.0,Premium
CUST19547,Bangalore,South,Medium,731.0,Mass
CUST19548,Kolkata,East,Low,569.0,Mass
CUST19549,Pune,West,Low,642.0,Mass
CUST19550,Mumbai,West,Low,675.0,Premium
CUST19551,Delhi NCR,North,Medium,718.0,Mass
CUST19552,Kolkata,East,High,757.0,Affluent
CUST19553,Mumbai,West,High,846.0,Mass
CUST19554,Pune,West,Medium,748.0,Mass
CUST19555,Pune,West,Low,610.0,Mass
CUST19556,Delhi NCR,North,Medium,745.0,Affluent
CUST19557,Pune,West,Low,644.0,Affluent
CUST19558,Pune,West,High,760.0,Mass
CUST19559,Delhi NCR,North,High,754.0,Mass
CUST19560,Hyderabad,South,High,811.0,Mass
CUST19561,Bangalore,South,Low,685.0,Affluent
CUST19562,Kolkata,East,Medium,665.0,Mass
CUST19563,Kolkata,East,Medium,684.0,Affluent
CUST19564,Bangalore,South,Low,598.0,Mass
CUST19565,Pune,West,Medium,659.0,Affluent
CUST19566,Pune,West,Medium,719.0,Affluent
CUST19567,Bangalore,South,Medium,686.0,Affluent
CUST19568,Hyderabad,South,Medium,655.0,Mass
CUST19569,Delhi NCR,North,Medium,724.0,Affluent
CUST19570,Kolkata,East,Low,570.0,Affluent
CUST19571,Bangalore,South,Low,715.0,Mass
CUST19572,Kolkata,East,Medium,689.0,Mass
CUST19573,Mumbai,West,Low,578.0,Mass
CUST19574,Kolkata,East,Low,617.0,Mass
CUST19575,Mumbai,West,High,749.0,Affluent
CUST19576,Hyderabad,South,Medium,772.0,Affluent
CUST19577,Bangalore,South,Low,685.0,Mass
CUST19578,Mumbai,West,High,834.0,Affluent
CUST19579,Pune,West,Medium,745.0,Affluent
CUST19580,Mumbai,West,Low,574.0,Mass
CUST19581,Kolkata,East,Medium,737.0,Mass
CUST19582,Kolkata,East,Medium,727.0,Mass
CUST19583,Mumbai,West,Low,612.0,Mass
CUST19584,Kolkata,East,Medium,656.0,Mass
CUST19585,Kolkata,East,Low,711.0,Premium
CUST19586,Delhi NCR,North,High,811.0,Mass
CUST19587,Delhi NCR,North,Low,704.0,Mass
CUST19588,Pune,West,Low,596.0,Mass
CUST19589,Mumbai,West,Medium,733.0,Premium
CUST19590,Hyderabad,South,Low,625.0,Affluent
CUST19591,Delhi NCR,North,Low,586.0,Mass
CUST19592,Bangalore,South,Medium,756.0,Affluent
CUST19593,Hyderabad,South,High,742.0,Mass
CUST19594,Mumbai,West,Low,575.0,Affluent
CUST19595,Pune,West,Medium,651.0,Affluent
CUST19596,Delhi NCR,North,Low,720.0,Mass
CUST19597,Delhi NCR,North,Low,607.0,Affluent
CUST19598,Delhi NCR,North,Medium,716.0,Affluent
CUST19599,Bangalore,South,Low,635.0,Mass
CUST19600,Hyderabad,South,Low,671.0,Mass
CUST19601,Pune,West,Low,594.0,Mass
CUST19602,Mumbai,West,High,850.0,Mass
CUST19603,Delhi NCR,North,Low,647.0,Mass
CUST19604,Delhi NCR,North,Low,708.0,Premium
CUST19605,Pune,West,Medium,717.0,Mass
CUST19606,Delhi NCR,North,Medium,662.0,Affluent
CUST19607,Kolkata,East,High,733.0,Mass
CUST19608,Hyderabad,South,Medium,670.0,Mass
CUST19609,Mumbai,West,Low,711.0,Mass
CUST19610,Mumbai,West,Medium,665.0,Mass
CUST19611,Kolkata,East,High,814.0,Mass
CUST19612,Delhi NCR,North,Medium,742.0,Mass
CUST19613,Pune,West,Medium,701.0,Affluent
CUST19614,Pune,West,High,763.0,Mass
CUST19615,Kolkata,East,Low,619.0,Mass
CUST19616,Delhi NCR,North,Medium,734.0,Affluent
CUST19617,Mumbai,West,Medium,693.0,Mass
CUST19618,Pune,West,Medium,653.0,Mass
CUST19619,Mumbai,West,Medium,754.0,Mass
CUST19620,Mumbai,West,High,836.0,Mass
CUST19621,Kolkata,East,Medium,697.0,Premium
CUST19622,Bangalore,South,Medium,752.0,Affluent
CUST19623,Pune,West,Low,683.0,Affluent
CUST19624,Kolkata,East,Medium,755.0,Affluent
CUST19625,Kolkata,East,Low,657.0,Mass
CUST19626,Hyderabad,South,Medium,663.0,Affluent
CUST19627,Mumbai,West,Low,621.0,Mass
CUST19628,Delhi NCR,North,Medium,728.0,Affluent
CUST19629,Delhi NCR,North,Medium,673.0,Mass
CUST19630,Kolkata,East,High,813.0,Mass
CUST19631,Mumbai,West,High,736.0,Mass
CUST19632,Hyderabad,South,Medium,762.0,Mass
CUST19633,Delhi NCR,North,Medium,678.0,Affluent
CUST19634,Delhi NCR,North,Medium,750.0,Affluent
CUST19635,Hyderabad,South,Low,700.0,Premium
CUST19636,Hyderabad,South,Low,562.0,Mass
CUST19637,Mumbai,West,Medium,665.0,Mass
CUST19638,Bangalore,South,High,773.0,Mass
CUST19639,Bangalore,South,High,842.0,Mass
CUST19640,Hyderabad,South,Low,674.0,Affluent
CUST19641,Mumbai,West,Low,672.0,Mass
CUST19642,Kolkata,East,Low,555.0,Mass
CUST19643,Bangalore,South,Medium,688.0,Mass
CUST19644,Mumbai,West,Medium,758.0,Premium
CUST19645,Hyderabad,South,Medium,757.0,Mass
CUST19646,Delhi NCR,North,Low,618.0,Mass
CUST19647,Delhi NCR,North,Low,588.0,Affluent
CUST19648,Delhi NCR,North,Low,633.0,Mass
CUST19649,Delhi NCR,North,Medium,700.0,Mass
CUST19650,Mumbai,West,Medium,653.0,Affluent
CUST19651,Pune,West,High,730.0,Mass
CUST19652,Kolkata,East,Medium,687.0,Mass
CUST19653,Mumbai,West,Medium,745.0,Affluent
CUST19654,Kolkata,East,High,766.0,Mass
CUST19655,Bangalore,South,Low,683.0,Affluent
CUST19656,Bangalore,South,Medium,777.0,Affluent
CUST19657,Bangalore,South,Medium,717.0,Mass
CUST19658,Mumbai,West,Medium,687.0,Affluent
CUST19659,Bangalore,South,Medium,777.0,Mass
CUST19660,Bangalore,South,Low,585.0,Affluent
CUST19661,Kolkata,East,Low,584.0,Mass
CUST19662,Delhi NCR,North,Medium,702.0,Affluent
CUST19663,Kolkata,East,High,746.0,Affluent
CUST19664,Hyderabad,South,Medium,659.0,Mass
CUST19665,Hyderabad,South,Low,710.0,Mass
CUST19666,Kolkata,East,Low,566.0,Mass
CUST19667,Delhi NCR,North,Medium,753.0,Mass
CUST19668,Pune,West,Low,557.0,Mass
CUST19669,Bangalore,South,Medium,652.0,Mass
CUST19670,Kolkata,East,Medium,725.0,Mass
CUST19671,Hyderabad,South,Low,677.0,Mass
CUST19672,Hyderabad,South,Low,690.0,Affluent
CUST19673,Kolkata,East,Low,669.0,Affluent
CUST19674,Hyderabad,South,Low,702.0,Mass
CUST19675,Pune,West,Medium,730.0,Affluent
CUST19676,Pune,West,High,769.0,Mass
CUST19677,Delhi NCR,North,Medium,713.0,Affluent
CUST19678,Delhi NCR,North,High,724.0,Mass
CUST19679,Hyderabad,South,Medium,724.0,Mass
CUST19680,Bangalore,South,Low,708.0,Affluent
CUST19681,Mumbai,West,Low,677.0,Premium
CUST19682,Pune,West,Low,671.0,Premium
CUST19683,Kolkata,East,Low,646.0,Affluent
CUST19684,Bangalore,South,Medium,754.0,Mass
CUST19685,Hyderabad,South,Medium,746.0,Affluent
CUST19686,Kolkata,East,Medium,778.0,Mass
CUST19687,Bangalore,South,Medium,772.0,Mass
CUST19688,Mumbai,West,Medium,702.0,Mass
CUST19689,Hyderabad,South,Low,607.0,Premium
CUST19690,Pune,West,Medium,732.0,Affluent
CUST19691,Bangalore,South,Low,636.0,Mass
CUST19692,Mumbai,West,Low,621.0,Affluent
CUST19693,Delhi NCR,North,High,827.0,Affluent
CUST19694,Mumbai,West,High,798.0,Mass
CUST19695,Mumbai,West,Low,593.0,Affluent
CUST19696,Delhi NCR,North,High,736.0,Affluent
CUST19697,Bangalore,South,Medium,652.0,Mass
CUST19698,Mumbai,West,Medium,738.0,Mass
CUST19699,Mumbai,West,Medium,693.0,Affluent
CUST19700,Pune,West,Medium,731.0,Mass
CUST19701,Kolkata,East,Medium,677.0,Premium
CUST19702,Mumbai,West,Medium,707.0,Mass
CUST19703,Bangalore,South,Low,586.0,Mass
CUST19704,Hyderabad,South,Low,641.0,Affluent
CUST19705,Bangalore,South,Medium,690.0,Affluent
CUST19706,Bangalore,South,Medium,730.0,Mass
CUST19707,Kolkata,East,High,847.0,Mass
CUST19708,Delhi NCR,North,Low,580.0,Mass
CUST19709,Pune,West,Low,585.0,Mass
CUST19710,Hyderabad,South,Medium,761.0,Affluent
CUST19711,Hyderabad,South,Medium,681.0,Mass
CUST19712,Kolkata,East,Low,669.0,Mass
CUST19713,Hyderabad,South,Low,638.0,Mass
CUST19714,Bangalore,South,Medium,726.0,Mass
CUST19715,Pune,West,Low,702.0,Affluent
CUST19716,Delhi NCR,North,High,833.0,Premium
CUST19717,Mumbai,West,Low,641.0,Mass
CUST19718,Delhi NCR,North,Low,705.0,Mass
CUST19719,Delhi NCR,North,High,762.0,Mass
CUST19720,Kolkata,East,Medium,701.0,Mass
CUST19721,Pune,West,Medium,769.0,Affluent
CUST19722,Bangalore,South,Medium,766.0,Mass
CUST19723,Pune,West,Low,575.0,Mass
CUST19724,Delhi NCR,North,Low,633.0,Affluent
CUST19725,Kolkata,East,Medium,655.0,Mass
CUST19726,Hyderabad,South,Low,684.0,Mass
CUST19727,Kolkata,East,High,839.0,Mass
CUST19728,Pune,West,Medium,663.0,Mass
CUST19729,Hyderabad,South,Medium,713.0,Premium
CUST19730,Kolkata,East,Low,597.0,Mass
CUST19731,Delhi NCR,North,High,824.0,Mass
CUST19732,Pune,West,Low,632.0,Affluent
CUST19733,Mumbai,West,Low,589.0,Mass
CUST19734,Pune,West,High,788.0,Mass
CUST19735,Hyderabad,South,Low,644.0,Affluent
CUST19736,Pune,West,Low,553.0,Mass
CUST19737,Mumbai,West,High,720.0,Affluent
CUST19738,Bangalore,South,Low,621.0,Affluent
CUST19739,Hyderabad,South,Medium,666.0,Mass
CUST19740,Delhi NCR,North,Low,595.0,Affluent
CUST19741,Kolkata,East,Medium,775.0,Mass
CUST19742,Hyderabad,South,High,831.0,Mass
CUST19743,Bangalore,South,Low,604.0,Mass
CUST19744,Kolkata,East,High,735.0,Affluent
CUST19745,Kolkata,East,Low,677.0,Mass
CUST19746,Pune,West,Medium,674.0,Mass
CUST19747,Hyderabad,South,Medium,721.0,Mass
CUST19748,Kolkata,East,Medium,736.0,Mass
CUST19749,Mumbai,West,Medium,654.0,Mass
CUST19750,Kolkata,East,Low,602.0,Mass
CUST19751,Bangalore,South,Medium,737.0,Mass
CUST19752,Pune,West,High,732.0,Mass
CUST19753,Hyderabad,South,Medium,764.0,Mass
CUST19754,Pune,West,Medium,717.0,Mass
CUST19755,Bangalore,South,Low,667.0,Mass
CUST19756,Pune,West,Low,589.0,Mass
CUST19757,Hyderabad,South,Low,571.0,Affluent
CUST19758,Delhi NCR,North,Medium,665.0,Mass
CUST19759,Kolkata,East,High,734.0,Mass
CUST19760,Mumbai,West,Medium,775.0,Affluent
CUST19761,Pune,West,Low,626.0,Mass
CUST19762,Mumbai,West,High,826.0,Mass
CUST19763,Mumbai,West,Low,658.0,Mass
CUST19764,Pune,West,High,807.0,Mass
CUST19765,Pune,West,Medium,715.0,Mass
CUST19766,Delhi NCR,North,Medium,725.0,Mass
CUST19767,Kolkata,East,Medium,657.0,Mass
CUST19768,Delhi NCR,North,Medium,699.0,Mass
CUST19769,Hyderabad,South,Low,589.0,Mass
CUST19770,Mumbai,West,Low,623.0,Affluent
CUST19771,Kolkata,East,Low,640.0,Mass
CUST19772,Mumbai,West,Low,650.0,Affluent
CUST19773,Mumbai,West,Medium,754.0,Affluent
CUST19774,Hyderabad,South,Low,718.0,Mass
CUST19775,Bangalore,South,High,813.0,Mass
CUST19776,Pune,West,Low,569.0,Mass
CUST19777,Delhi NCR,North,Medium,738.0,Mass
CUST19778,Mumbai,West,Low,624.0,Mass
CUST19779,Hyderabad,South,Low,687.0,Mass
CUST19780,Pune,West,Medium,732.0,Mass
CUST19781,Bangalore,South,Medium,754.0,Affluent
CUST19782,Delhi NCR,North,Low,609.0,Premium
CUST19783,Pune,West,Medium,780.0,Mass
CUST19784,Hyderabad,South,High,724.0,Mass
CUST19785,Pune,West,Low,672.0,Affluent
CUST19786,Hyderabad,South,Medium,716.0,Mass
CUST19787,Delhi NCR,North,Low,571.0,Mass
CUST19788,Hyderabad,South,Low,642.0,Affluent
CUST19789,Bangalore,South,Low,680.0,Mass
CUST19790,Bangalore,South,Low,699.0,Mass
CUST19791,Kolkata,East,Medium,673.0,Mass
CUST19792,Mumbai,West,High,816.0,Mass
CUST19793,Delhi NCR,North,High,730.0,Mass
CUST19794,Mumbai,West,Medium,657.0,Affluent
CUST19795,Hyderabad,South,Medium,719.0,Mass
CUST19796,Kolkata,East,Medium,650.0,Mass
CUST19797,Delhi NCR,North,Medium,650.0,Mass
CUST19798,Hyderabad,South,Medium,666.0,Affluent
CUST19799,Kolkata,East,High,844.0,Mass
CUST19800,Mumbai,West,Low,645.0,Mass
CUST19801,Kolkata,East,High,848.0,Affluent
CUST19802,Pune,West,Low,614.0,Mass
CUST19803,Bangalore,South,High,792.0,Affluent
CUST19804,Pune,West,High,840.0,Mass
CUST19805,Bangalore,South,Low,675.0,Mass
CUST19806,Kolkata,East,High,722.0,Mass
CUST19807,Bangalore,South,High,790.0,Mass
CUST19808,Bangalore,South,Low,600.0,Mass
CUST19809,Delhi NCR,North,Low,559.0,Mass
CUST19810,Mumbai,West,High,818.0,Mass
CUST19811,Pune,West,Medium,751.0,Mass
CUST19812,Hyderabad,South,High,827.0,Mass
CUST19813,Mumbai,West,Low,599.0,Affluent
CUST19814,Hyderabad,South,Low,633.0,Mass
CUST19815,Hyderabad,South,Low,689.0,Mass
CUST19816,Delhi NCR,North,Low,603.0,Mass
CUST19817,Mumbai,West,High,785.0,Premium
CUST19818,Bangalore,South,High,819.0,Affluent
CUST19819,Kolkata,East,Low,601.0,Mass
CUST19820,Bangalore,South,Low,675.0,Premium
CUST19821,Mumbai,West,High,734.0,Mass
CUST19822,Mumbai,West,High,742.0,Mass
CUST19823,Mumbai,West,High,820.0,Affluent
CUST19824,Bangalore,South,Low,556.0,Mass
CUST19825,Mumbai,West,Low,627.0,Mass
CUST19826,Mumbai,West,Low,666.0,Mass
CUST19827,Mumbai,West,High,740.0,Affluent
CUST19828,Pune,West,High,782.0,Mass
CUST19829,Bangalore,South,Medium,698.0,Affluent
CUST19830,Hyderabad,South,Low,616.0,Mass
CUST19831,Kolkata,East,Medium,688.0,Affluent
CUST19832,Delhi NCR,North,Medium,660.0,Mass
CUST19833,Hyderabad,South,Medium,779.0,Affluent
CUST19834,Bangalore,South,Medium,671.0,Premium
CUST19835,Pune,West,Medium,688.0,Mass
CUST19836,Mumbai,West,Medium,759.0,Mass
CUST19837,Mumbai,West,High,780.0,Mass
CUST19838,Bangalore,South,Medium,760.0,Affluent
CUST19839,Delhi NCR,North,Medium,671.0,Mass
CUST19840,Pune,West,Low,715.0,Mass
CUST19841,Mumbai,West,Low,636.0,Mass
CUST19842,Mumbai,West,Low,709.0,Premium
CUST19843,Mumbai,West,High,823.0,Mass
CUST19844,Mumbai,West,High,785.0,Mass
CUST19845,Mumbai,West,Medium,655.0,Mass
CUST19846,Delhi NCR,North,Low,555.0,Affluent
CUST19847,Mumbai,West,Medium,698.0,Mass
CUST19848,Hyderabad,South,High,792.0,Affluent
CUST19849,Hyderabad,South,Low,638.0,Affluent
CUST19850,Mumbai,West,Medium,761.0,Mass
CUST19851,Delhi NCR,North,Low,696.0,Mass
CUST19852,Pune,West,Low,605.0,Affluent
CUST19853,Pune,West,Medium,653.0,Mass
CUST19854,Mumbai,West,Low,694.0,Affluent
CUST19855,Hyderabad,South,Low,700.0,Mass
CUST19856,Delhi NCR,North,Low,576.0,Mass
CUST19857,Hyderabad,South,Low,556.0,Mass
CUST19858,Delhi NCR,North,Low,666.0,Mass
CUST19859,Bangalore,South,High,771.0,Mass
CUST19860,Pune,West,Low,562.0,Mass
CUST19861,Mumbai,West,Medium,696.0,Mass
CUST19862,Hyderabad,South,Medium,756.0,Affluent
CUST19863,Mumbai,West,Low,708.0,Mass
CUST19864,Kolkata,East,High,822.0,Affluent
CUST19865,Kolkata,East,High,771.0,Mass
CUST19866,Bangalore,South,Medium,712.0,Mass
CUST19867,Delhi NCR,North,Low,696.0,Mass
CUST19868,Delhi NCR,North,Low,583.0,Mass
CUST19869,Delhi NCR,North,Low,699.0,Mass
CUST19870,Kolkata,East,Low,672.0,Mass
CUST19871,Kolkata,East,Medium,749.0,Premium
CUST19872,Pune,West,Medium,737.0,Premium
CUST19873,Delhi NCR,North,High,757.0,Affluent
CUST19874,Kolkata,East,Low,708.0,Affluent
CUST19875,Hyderabad,South,Medium,669.0,Mass
CUST19876,Hyderabad,South,High,767.0,Affluent
CUST19877,Kolkata,East,Medium,673.0,Mass
CUST19878,Pune,West,Low,593.0,Mass
CUST19879,Bangalore,South,Low,604.0,Mass
CUST19880,Bangalore,South,Medium,680.0,Mass
CUST19881,Delhi NCR,North,Low,596.0,Mass
CUST19882,Kolkata,East,Medium,674.0,Affluent
CUST19883,Bangalore,South,Low,669.0,Affluent
CUST19884,Mumbai,West,Medium,722.0,Mass
CUST19885,Delhi NCR,North,Low,632.0,Mass
CUST19886,Kolkata,East,Medium,725.0,Affluent
CUST19887,Delhi NCR,North,Low,624.0,Affluent
CUST19888,Pune,West,Low,594.0,Affluent
CUST19889,Mumbai,West,High,748.0,Mass
CUST19890,Mumbai,West,Low,690.0,Affluent
CUST19891,Kolkata,East,Medium,719.0,Affluent
CUST19892,Pune,West,Medium,671.0,Affluent
CUST19893,Hyderabad,South,Medium,712.0,Mass
CUST19894,Delhi NCR,North,Medium,675.0,Mass
CUST19895,Pune,West,High,815.0,Mass
CUST19896,Mumbai,West,Low,623.0,Premium
CUST19897,Pune,West,Low,701.0,Mass
CUST19898,Bangalore,South,Low,551.0,Mass
CUST19899,Kolkata,East,Low,620.0,Mass
CUST19900,Bangalore,South,Low,675.0,Mass
CUST19901,Kolkata,East,Medium,774.0,Mass
CUST19902,Mumbai,West,Medium,652.0,Mass
CUST19903,Mumbai,West,Low,701.0,Mass
CUST19904,Hyderabad,South,Medium,692.0,Mass
CUST19905,Hyderabad,South,High,778.0,Affluent
CUST19906,Hyderabad,South,Low,643.0,Affluent
CUST19907,Hyderabad,South,Medium,723.0,Mass
CUST19908,Delhi NCR,North,Low,678.0,Mass
CUST19909,Bangalore,South,Low,557.0,Premium
CUST19910,Pune,West,Medium,745.0,Mass
CUST19911,Bangalore,South,Low,552.0,Affluent
CUST19912,Delhi NCR,North,High,800.0,Affluent
CUST19913,Pune,West,High,778.0,Mass
CUST19914,Delhi NCR,North,Medium,676.0,Affluent
CUST19915,Mumbai,West,Medium,710.0,Affluent
CUST19916,Bangalore,South,Low,679.0,Premium
CUST19917,Delhi NCR,North,Low,571.0,Affluent
CUST19918,Bangalore,South,Low,688.0,Mass
CUST19919,Mumbai,West,Medium,737.0,Mass
CUST19920,Mumbai,West,Low,703.0,Affluent
CUST19921,Pune,West,High,744.0,Mass
CUST19922,Pune,West,Low,690.0,Mass
CUST19923,Pune,West,Low,583.0,Affluent
CUST19924,Pune,West,High,820.0,Affluent
CUST19925,Mumbai,West,Medium,672.0,Mass
CUST19926,Hyderabad,South,Medium,654.0,Mass
CUST19927,Hyderabad,South,Low,635.0,Affluent
CUST19928,Delhi NCR,North,Low,708.0,Affluent
CUST19929,Bangalore,South,Medium,763.0,Affluent
CUST19930,Hyderabad,South,High,816.0,Mass
CUST19931,Mumbai,West,Low,623.0,Mass
CUST19932,Mumbai,West,Medium,768.0,Mass
CUST19933,Mumbai,West,Medium,682.0,Mass
CUST19934,Kolkata,East,Low,656.0,Affluent
CUST19935,Delhi NCR,North,Medium,678.0,Mass
CUST19936,Pune,West,High,830.0,Premium
CUST19937,Hyderabad,South,Medium,706.0,Affluent
CUST19938,Mumbai,West,Low,669.0,Mass
CUST19939,Bangalore,South,Medium,666.0,Mass
CUST19940,Kolkata,East,High,782.0,Affluent
CUST19941,Delhi NCR,North,Medium,703.0,Affluent
CUST19942,Delhi NCR,North,Low,717.0,Premium
CUST19943,Bangalore,South,Low,668.0,Mass
CUST19944,Bangalore,South,High,745.0,Premium
CUST19945,Hyderabad,South,Low,709.0,Affluent
CUST19946,Kolkata,East,Low,556.0,Premium
CUST19947,Bangalore,South,Medium,735.0,Mass
CUST19948,Pune,West,Medium,699.0,Mass
CUST19949,Delhi NCR,North,High,838.0,Affluent
CUST19950,Bangalore,South,Medium,702.0,Premium
CUST19951,Pune,West,Medium,661.0,Mass
CUST19952,Delhi NCR,North,Medium,750.0,Mass
CUST19953,Mumbai,West,High,825.0,Affluent
CUST19954,Kolkata,East,Low,579.0,Mass
CUST19955,Mumbai,West,Low,677.0,Mass
CUST19956,Pune,West,Low,686.0,Mass
CUST19957,Kolkata,East,Medium,735.0,Affluent
CUST19958,Pune,West,Medium,713.0,Mass
CUST19959,Mumbai,West,Medium,766.0,Mass
CUST19960,Kolkata,East,High,801.0,Mass
CUST19961,Kolkata,East,Low,554.0,Mass
CUST19962,Kolkata,East,High,752.0,Mass
CUST19963,Mumbai,West,Medium,749.0,Mass
CUST19964,Mumbai,West,Low,609.0,Affluent
CUST19965,Hyderabad,South,High,742.0,Premium
CUST19966,Pune,West,Medium,663.0,Mass
CUST19967,Pune,West,Medium,763.0,Mass
CUST19968,Delhi NCR,North,Low,645.0,Mass
CUST19969,Hyderabad,South,Medium,771.0,Mass
CUST19970,Bangalore,South,Medium,650.0,Mass
CUST19971,Kolkata,East,Low,596.0,Affluent
CUST19972,Kolkata,East,Medium,682.0,Premium
CUST19973,Hyderabad,South,Low,551.0,Affluent
CUST19974,Hyderabad,South,Low,590.0,Mass
CUST19975,Pune,West,Medium,761.0,Affluent
CUST19976,Hyderabad,South,Low,628.0,Mass
CUST19977,Mumbai,West,High,838.0,Premium
CUST19978,Kolkata,East,Medium,661.0,Mass
CUST19979,Bangalore,South,Low,680.0,Mass
CUST19980,Pune,West,Medium,751.0,Mass
CUST19981,Hyderabad,South,Medium,681.0,Affluent
CUST19982,Kolkata,East,Low,710.0,Premium
CUST19983,Bangalore,South,Medium,693.0,Mass
CUST19984,Hyderabad,South,Medium,694.0,Mass
CUST19985,Kolkata,East,High,844.0,Mass
CUST19986,Hyderabad,South,Medium,736.0,Mass
CUST19987,Mumbai,West,Low,705.0,Premium
CUST19988,Kolkata,East,Medium,701.0,Mass
CUST19989,Mumbai,West,Medium,738.0,Mass
CUST19990,Delhi NCR,North,Low,610.0,Mass
CUST19991,Mumbai,West,High,783.0,Premium
CUST19992,Mumbai,West,Low,647.0,Mass
CUST19993,Bangalore,South,Low,609.0,Mass
CUST19994,Pune,West,Medium,777.0,Mass
CUST19995,Mumbai,West,Medium,694.0,Mass
CUST19996,Bangalore,South,High,829.0,Mass
CUST19997,Kolkata,East,Medium,755.0,Mass
CUST19998,Hyderabad,South,Medium,675.0,Affluent
CUST19999,Hyderabad,South,Medium,682.0,Affluent
CUST10000,mumbai,East,Medium,674.0,Mass
CUST10001,mumbai,South,Medium,682.0,Affluent
CUST10002,mumbai,East,Medium,655.0,Mass
CUST10003,mumbai,South,High,789.0,Affluent
CUST10004,mumbai,West,Medium,677.0,Mass
CUST10005,mumbai,South,Medium,680.0,Affluent
CUST10006,mumbai,East,Low,674.0,Mass
CUST10007,mumbai,North,Low,673.0,Affluent
CUST10008,mumbai,South,Low,609.0,Mass
CUST10009,mumbai,East,Low,581.0,Mass
CUST10010,mumbai,South,High,722.0,Affluent
CUST10011,mumbai,West,Low,650.0,Mass
CUST10012,mumbai,East,Medium,720.0,Mass
CUST10013,mumbai,East,Low,674.0,Affluent
CUST10014,mumbai,North,Medium,746.0,Affluent
CUST10015,mumbai,South,Low,584.0,Mass
CUST10016,mumbai,North,Low,624.0,Affluent
CUST10017,mumbai,South,Low,692.0,Mass
CUST10018,mumbai,West,Medium,703.0,Mass
CUST10019,mumbai,East,Medium,683.0,Mass
CUST10020,mumbai,East,Medium,722.0,Mass
CUST10021,mumbai,West,Low,643.0,Mass
CUST10022,mumbai,West,Medium,734.0,Mass
CUST10023,mumbai,South,High,830.0,Mass
CUST10024,mumbai,South,Medium,663.0,Premium
