,Customer_ID,City,Region,Income_Band,Credit_Score,Customer_Segment
0,CUST10000,Mumbai,East,Medium,674.0,Mass
1,CUST10001,Mumbai,South,Medium,682.0,Affluent
2,CUST10002,Mumbai,East,Medium,655.0,Mass
3,CUST10003,Mumbai,South,High,789.0,Affluent
4,CUST10004,Mumbai,West,Medium,677.0,Mass
5,CUST10005,Mumbai,South,Medium,680.0,Affluent
6,CUST10006,Mumbai,East,Low,674.0,Mass
7,CUST10007,Mumbai,North,Low,673.0,Affluent
8,CUST10008,Mumbai,South,Low,609.0,Mass
9,CUST10009,Mumbai,East,Low,581.0,Mass
10,CUST10010,Mumbai,South,High,722.0,Affluent
11,CUST10011,Mumbai,West,Low,650.0,Mass
12,CUST10012,Mumbai,East,Medium,720.0,Mass
13,CUST10013,Mumbai,East,Low,674.0,Affluent
14,CUST10014,Mumbai,North,Medium,746.0,Affluent
15,CUST10015,Mumbai,South,Low,584.0,Mass
16,CUST10016,Mumbai,North,Low,624.0,Affluent
17,CUST10017,Mumbai,South,Low,692.0,Mass
18,CUST10018,Mumbai,West,Medium,703.0,Mass
19,CUST10019,Mumbai,East,Medium,683.0,Mass
20,CUST10020,Mumbai,East,Medium,722.0,Mass
21,CUST10021,Mumbai,West,Low,643.0,Mass
22,CUST10022,Mumbai,West,Medium,734.0,Mass
23,CUST10023,Mumbai,South,High,830.0,Mass
24,CUST10024,Mumbai,South,Medium,663.0,Premium
25,CUST10025,Mumbai,North,Medium,700.0,Mass
26,CUST10026,Mumbai,South,Medium,730.0,Mass
27,CUST10027,Mumbai,North,Low,567.0,Affluent
28,CUST10028,Mumbai,North,Low,618.0,Mass
29,CUST10029,Mumbai,North,Medium,708.0,Affluent
30,CUST10030,Mumbai,East,Low,709.0,Mass
31,CUST10031,Mumbai,South,Low,651.0,Mass
32,CUST10032,Mumbai,West,Medium,738.0,Mass
33,CUST10033,Mumbai,North,Low,669.0,Affluent
34,CUST10034,Mumbai,North,Low,573.0,Affluent
35,CUST10035,Mumbai,West,Low,675.0,Affluent
36,CUST10036,Mumbai,West,Low,619.0,Premium
37,CUST10037,Mumbai,West,Medium,765.0,Affluent
38,CUST10038,Mumbai,South,Low,707.0,Affluent
39,CUST10039,Mumbai,West,Medium,667.0,Mass
40,CUST10040,Mumbai,East,Low,649.0,Affluent
41,CUST10041,Delhi NCR,South,Medium,709.0,Premium
42,CUST10042,Delhi NCR,East,Low,558.0,Affluent
43,CUST10043,Delhi NCR,West,Low,555.0,Affluent
44,CUST10044,Delhi NCR,South,Medium,752.0,Premium
45,CUST10045,Delhi NCR,East,High,744.0,Affluent
46,CUST10046,Delhi NCR,West,Medium,725.0,Affluent
47,CUST10047,Delhi NCR,West,Medium,730.0,Mass
48,CUST10048,Delhi NCR,South,Medium,704.0,Mass
49,CUST10049,Delhi NCR,West,Medium,691.0,Affluent
50,CUST10050,Delhi NCR,West,High,849.0,Mass
51,CUST10051,Delhi NCR,South,Medium,758.0,Affluent
52,CUST10052,Delhi NCR,East,Medium,779.0,Mass
53,CUST10053,Delhi NCR,South,Low,628.0,Mass
54,CUST10054,Delhi NCR,West,Low,634.0,Mass
55,CUST10055,Delhi NCR,South,High,827.0,Premium
56,CUST10056,Delhi NCR,South,High,757.0,Mass
57,CUST10057,Delhi NCR,South,Low,590.0,Mass
58,CUST10058,Delhi NCR,East,High,756.0,Mass
59,CUST10059,Delhi NCR,East,High,845.0,Mass
60,CUST10060,Delhi NCR,East,Medium,780.0,Affluent
61,CUST10061,Delhi NCR,South,High,736.0,Mass
62,CUST10062,Delhi NCR,East,High,794.0,Mass
63,CUST10063,Delhi NCR,West,Medium,735.0,Mass
64,CUST10064,Delhi NCR,South,Low,565.0,Affluent
65,CUST10065,Delhi NCR,West,Medium,756.0,Mass
66,CUST10066,Delhi NCR,North,Low,694.0,Mass
67,CUST10067,Delhi NCR,South,High,751.0,Mass
68,CUST10068,Delhi NCR,South,Medium,715.0,Affluent
69,CUST10069,Delhi NCR,East,Medium,719.0,Affluent
70,CUST10070,Delhi NCR,West,Low,619.0,Mass
71,CUST10071,Delhi NCR,West,Medium,661.0,Mass
72,CUST10072,Delhi NCR,North,Low,581.0,Affluent
73,CUST10073,Delhi NCR,West,Medium,660.0,Mass
74,CUST10074,Delhi NCR,South,Medium,690.0,Affluent
75,CUST10075,Delhi NCR,East,Medium,695.0,Affluent
76,CUST10076,Delhi NCR,West,Medium,734.0,Affluent
77,CUST10077,Delhi NCR,West,Medium,702.0,Mass
78,CUST10078,Delhi NCR,West,Low,674.0,Premium
79,CUST10079,Delhi NCR,East,High,815.0,Mass
80,CUST10080,Delhi NCR,West,Medium,772.0,Affluent
81,CUST10081,Pune,West,Medium,711.0,Mass
82,CUST10082,Bangalore,South,Medium,813.0,Mass
83,CUST10083,Kolkata,East,Medium,782.0,Mass
84,CUST10084,Pune,West,Medium,665.0,Mass
85,CUST10085,Pune,West,Medium,586.0,Premium
86,CUST10086,Bangalore,South,Medium,760.0,Mass
87,CUST10087,Pune,West,Medium,802.0,Mass
88,CUST10088,Delhi NCR,North,Medium,677.0,Mass
89,CUST10089,Hyderabad,South,Medium,555.0,Mass
90,CUST10090,Bangalore,South,Medium,639.0,Premium
91,CUST10091,Hyderabad,South,Medium,795.0,Mass
92,CUST10092,Mumbai,West,Medium,651.0,Mass
93,CUST10093,Hyderabad,South,Medium,650.0,Mass
94,CUST10094,Hyderabad,South,Medium,664.0,Mass
95,CUST10095,Kolkata,East,Medium,839.0,Affluent
96,CUST10096,Mumbai,West,Medium,733.0,Mass
97,CUST10097,Mumbai,West,Medium,725.0,Affluent
98,CUST10098,Delhi NCR,North,Medium,726.0,Mass
99,CUST10099,Pune,West,Medium,711.0,Mass
100,CUST10100,Mumbai,West,Medium,768.0,Affluent
101,CUST10101,Hyderabad,South,Medium,662.0,Affluent
102,CUST10102,Mumbai,West,Medium,613.0,Mass
103,CUST10103,Mumbai,West,Medium,609.0,Premium
104,CUST10104,Kolkata,East,Medium,657.0,Mass
105,CUST10105,Bangalore,South,Medium,827.0,Mass
106,CUST10106,Mumbai,West,Medium,839.0,Mass
107,CUST10107,Kolkata,East,Medium,602.0,Affluent
108,CUST10108,Hyderabad,South,Medium,677.0,Mass
109,CUST10109,Bangalore,South,Medium,658.0,Affluent
110,CUST10110,Pune,West,Medium,736.0,Mass
111,CUST10111,Delhi NCR,North,Medium,670.0,Affluent
112,CUST10112,Delhi NCR,North,Medium,564.0,Mass
113,CUST10113,Pune,West,Medium,753.0,Mass
114,CUST10114,Bangalore,South,Medium,609.0,Mass
115,CUST10115,Pune,West,Medium,679.0,Mass
116,CUST10116,Pune,West,Medium,791.0,Premium
117,CUST10117,Delhi NCR,North,Medium,678.0,Affluent
118,CUST10118,Pune,West,Medium,653.0,Mass
119,CUST10119,Bangalore,South,Medium,658.0,Mass
120,CUST10120,Bangalore,South,Medium,707.0,Mass
121,CUST10121,Hyderabad,South,Medium,748.0,Mass
122,CUST10122,Bangalore,South,Medium,584.0,Affluent
123,CUST10123,Hyderabad,South,Medium,662.0,Mass
124,CUST10124,Mumbai,West,Medium,813.0,Mass
125,CUST10125,Hyderabad,South,Medium,590.0,Premium
126,CUST10126,Kolkata,East,Medium,822.0,Mass
127,CUST10127,Kolkata,East,Medium,724.0,Affluent
128,CUST10128,Mumbai,West,Medium,700.0,Mass
129,CUST10129,Kolkata,East,Medium,831.0,Premium
130,CUST10130,Pune,West,Medium,693.0,Premium
131,CUST10131,Hyderabad,South,Medium,701.0,Affluent
132,CUST10132,Bangalore,South,Medium,701.0,Mass
133,CUST10133,Bangalore,South,Medium,701.0,Mass
134,CUST10134,Hyderabad,South,High,701.0,Premium
135,CUST10135,Pune,West,High,701.0,Mass
136,CUST10136,Hyderabad,South,High,701.0,Mass
137,CUST10137,Delhi NCR,North,Low,701.0,Premium
138,CUST10138,Delhi NCR,North,Low,701.0,Affluent
139,CUST10139,Kolkata,East,Medium,701.0,Affluent
140,CUST10140,Hyderabad,South,Medium,701.0,Mass
141,CUST10141,Hyderabad,South,Medium,701.0,Mass
142,CUST10142,Mumbai,West,Low,701.0,Premium
143,CUST10143,Bangalore,South,Low,701.0,Affluent
144,CUST10144,Pune,West,Medium,701.0,Premium
145,CUST10145,Mumbai,West,Medium,701.0,Mass
146,CUST10146,Mumbai,West,Low,701.0,Affluent
147,CUST10147,Kolkata,East,Medium,701.0,Mass
148,CUST10148,Mumbai,West,Medium,701.0,Mass
149,CUST10149,Delhi NCR,North,Medium,701.0,Affluent
150,CUST10150,Kolkata,East,Medium,701.0,Premium
151,CUST10151,Delhi NCR,North,High,701.0,Mass
152,CUST10152,Kolkata,East,Low,701.0,Affluent
153,CUST10153,Mumbai,West,Low,701.0,Mass
154,CUST10154,Kolkata,East,High,701.0,Mass
155,CUST10155,Mumbai,West,Medium,701.0,Mass
156,CUST10156,Delhi NCR,North,Low,701.0,Affluent
157,CUST10157,Mumbai,West,Medium,701.0,Affluent
158,CUST10158,Bangalore,South,Low,701.0,Premium
159,CUST10159,Bangalore,South,High,701.0,Mass
160,CUST10160,Kolkata,East,Medium,701.0,Affluent
161,CUST10161,Delhi NCR,North,High,701.0,Mass
162,CUST10162,Kolkata,East,Low,701.0,Mass
163,CUST10163,Pune,West,Low,701.0,Premium
164,CUST10164,Hyderabad,South,High,701.0,Affluent
165,CUST10165,Delhi NCR,North,Medium,701.0,Mass
166,CUST10166,Kolkata,East,Medium,701.0,Mass
167,CUST10167,Mumbai,West,Medium,701.0,Affluent
168,CUST10168,Kolkata,East,Medium,701.0,Mass
169,CUST10169,Kolkata,East,Low,701.0,Mass
170,CUST10170,Kolkata,East,Low,701.0,Mass
171,CUST10171,Pune,West,High,814.0,Affluent
172,CUST10172,Hyderabad,South,High,750.0,Mass
173,CUST10173,Hyderabad,South,Low,681.0,Mass
174,CUST10174,Pune,West,Low,697.0,Mass
175,CUST10175,Kolkata,East,Low,610.0,Mass
176,CUST10176,Kolkata,East,Medium,724.0,Affluent
177,CUST10177,Pune,West,Low,560.0,Mass
178,CUST10178,Kolkata,East,Low,694.0,Affluent
179,CUST10179,Bangalore,South,Low,582.0,Affluent
180,CUST10180,Delhi NCR,North,Low,619.0,Premium
181,CUST10181,Pune,West,High,845.0,Mass
182,CUST10182,Hyderabad,South,Low,655.0,Premium
183,CUST10183,Mumbai,West,High,813.0,Affluent
184,CUST10184,Bangalore,South,Medium,751.0,Mass
185,CUST10185,Mumbai,West,Medium,732.0,Mass
186,CUST10186,Kolkata,East,Low,559.0,Mass
187,CUST10187,Kolkata,East,Low,621.0,Mass
188,CUST10188,Delhi NCR,North,Medium,740.0,Mass
189,CUST10189,Kolkata,East,Medium,694.0,Mass
190,CUST10190,Mumbai,West,Medium,747.0,Mass
191,CUST10191,Kolkata,East,Low,703.0,Mass
192,CUST10192,Hyderabad,South,High,831.0,Premium
193,CUST10193,Pune,West,Low,687.0,Mass
194,CUST10194,Delhi NCR,North,Low,637.0,Mass
195,CUST10195,Delhi NCR,North,High,772.0,Mass
196,CUST10196,Kolkata,East,Medium,738.0,Affluent
197,CUST10197,Bangalore,South,Medium,658.0,Mass
198,CUST10198,Delhi NCR,North,High,754.0,Affluent
199,CUST10199,Kolkata,East,Low,677.0,Affluent
200,CUST10200,Mumbai,West,Medium,683.0,Mass
201,CUST10201,Kolkata,East,Low,554.0,Affluent
202,CUST10202,Delhi NCR,North,Medium,723.0,Affluent
203,CUST10203,Bangalore,South,Medium,704.0,Affluent
204,CUST10204,Bangalore,South,Low,714.0,Affluent
205,CUST10205,Bangalore,South,Medium,657.0,Affluent
206,CUST10206,Pune,West,Low,581.0,Premium
207,CUST10207,Kolkata,East,Medium,759.0,Affluent
208,CUST10208,Hyderabad,South,High,828.0,Affluent
209,CUST10209,Hyderabad,South,Medium,715.0,Premium
210,CUST10210,Hyderabad,South,Medium,663.0,Affluent
211,CUST10211,Pune,West,High,735.0,Mass
212,CUST10212,Bangalore,South,Low,614.0,Mass
213,CUST10213,Delhi NCR,North,Medium,694.0,Affluent
214,CUST10214,Hyderabad,South,Low,689.0,Mass
215,CUST10215,Hyderabad,South,Medium,738.0,Mass
216,CUST10216,Pune,West,Low,622.0,Affluent
217,CUST10217,Delhi NCR,North,Low,607.0,Mass
218,CUST10218,Kolkata,East,Low,642.0,Mass
219,CUST10219,Hyderabad,South,Medium,766.0,Affluent
220,CUST10220,Hyderabad,South,Low,636.0,Mass
221,CUST10221,Mumbai,West,Low,683.0,Mass
222,CUST10222,Kolkata,East,High,745.0,Mass
223,CUST10223,Bangalore,South,Medium,658.0,Mass
224,CUST10224,Delhi NCR,North,Medium,708.0,Mass
225,CUST10225,Kolkata,East,High,845.0,Affluent
226,CUST10226,Kolkata,East,High,765.0,Affluent
227,CUST10227,Mumbai,West,Medium,723.0,Affluent
228,CUST10228,Hyderabad,South,Low,700.0,Affluent
229,CUST10229,Kolkata,East,Low,702.0,Affluent
230,CUST10230,Bangalore,South,Medium,748.0,Mass
231,CUST10231,Kolkata,East,Medium,712.0,Affluent
232,CUST10232,Pune,West,Medium,711.0,Mass
233,CUST10233,Delhi NCR,North,Medium,731.0,Mass
234,CUST10234,Bangalore,South,Medium,771.0,Affluent
235,CUST10235,Kolkata,East,High,833.0,Mass
236,CUST10236,Pune,West,Medium,667.0,Affluent
237,CUST10237,Kolkata,East,High,831.0,Mass
238,CUST10238,Delhi NCR,North,Medium,670.0,Affluent
239,CUST10239,Delhi NCR,North,High,794.0,Mass
240,CUST10240,Pune,West,Low,584.0,Affluent
241,CUST10241,Pune,West,High,805.0,Mass
242,CUST10242,Pune,West,Medium,735.0,Mass
243,CUST10243,Pune,West,Low,667.0,Affluent
244,CUST10244,Delhi NCR,North,Medium,685.0,Mass
245,CUST10245,Hyderabad,South,Medium,747.0,Mass
246,CUST10246,Bangalore,South,Low,709.0,Premium
247,CUST10247,Hyderabad,South,Medium,772.0,Mass
248,CUST10248,Kolkata,East,Medium,684.0,Mass
249,CUST10249,Mumbai,West,Low,581.0,Affluent
250,CUST10250,Mumbai,West,Medium,715.0,Mass
251,CUST10251,Delhi NCR,North,Medium,756.0,Mass
252,CUST10252,Kolkata,East,Low,571.0,Mass
253,CUST10253,Bangalore,South,Medium,677.0,Mass
254,CUST10254,Bangalore,South,High,730.0,Affluent
255,CUST10255,Kolkata,East,Medium,653.0,Mass
256,CUST10256,Pune,West,Medium,717.0,Mass
257,CUST10257,Pune,West,High,843.0,Mass
258,CUST10258,Delhi NCR,North,Low,673.0,Affluent
259,CUST10259,Pune,West,High,820.0,Mass
260,CUST10260,Hyderabad,South,Low,708.0,Affluent
261,CUST10261,Bangalore,South,High,731.0,Mass
262,CUST10262,Bangalore,South,Low,668.0,Mass
263,CUST10263,Delhi NCR,North,Medium,705.0,Mass
264,CUST10264,Bangalore,South,Low,633.0,Premium
265,CUST10265,Delhi NCR,North,High,834.0,Mass
266,CUST10266,Pune,West,Medium,714.0,Mass
267,CUST10267,Pune,West,Medium,735.0,Mass
268,CUST10268,Kolkata,East,High,772.0,Mass
269,CUST10269,Pune,West,Low,715.0,Mass
270,CUST10270,Kolkata,East,Medium,650.0,Mass
271,CUST10271,Hyderabad,South,High,766.0,Mass
272,CUST10272,Kolkata,East,Low,571.0,Affluent
273,CUST10273,Pune,West,High,843.0,Mass
274,CUST10274,Bangalore,South,High,825.0,Mass
275,CUST10275,Kolkata,East,Medium,719.0,Affluent
276,CUST10276,Hyderabad,South,Low,573.0,Affluent
277,CUST10277,Hyderabad,South,Low,624.0,Premium
278,CUST10278,Delhi NCR,North,Low,718.0,Mass
279,CUST10279,Delhi NCR,North,Medium,705.0,Affluent
280,CUST10280,Delhi NCR,North,Low,696.0,Mass
281,CUST10281,Bangalore,South,Medium,733.0,Affluent
282,CUST10282,Kolkata,East,Medium,747.0,Affluent
283,CUST10283,Hyderabad,South,Low,671.0,Affluent
284,CUST10284,Kolkata,East,Medium,777.0,Affluent
285,CUST10285,Delhi NCR,North,Medium,726.0,Mass
286,CUST10286,Hyderabad,South,High,826.0,Mass
287,CUST10287,Pune,West,Medium,696.0,Premium
288,CUST10288,Pune,West,Low,713.0,Mass
289,CUST10289,Kolkata,East,Low,610.0,Mass
290,CUST10290,Mumbai,West,Medium,762.0,Mass
291,CUST10291,Bangalore,South,Low,607.0,Mass
292,CUST10292,Kolkata,East,High,801.0,Mass
293,CUST10293,Mumbai,West,Medium,750.0,Affluent
294,CUST10294,Hyderabad,South,Low,716.0,Mass
295,CUST10295,Hyderabad,South,Low,580.0,Mass
296,CUST10296,Mumbai,West,Low,616.0,Mass
297,CUST10297,Mumbai,West,Medium,664.0,Mass
298,CUST10298,Bangalore,South,High,743.0,Mass
299,CUST10299,Delhi NCR,North,Medium,700.0,Mass
300,CUST10300,Pune,West,Medium,713.0,Affluent
301,CUST10301,Kolkata,East,Medium,773.0,Premium
302,CUST10302,Pune,West,High,801.0,Affluent
303,CUST10303,Kolkata,East,Medium,767.0,Mass
304,CUST10304,Hyderabad,South,Medium,726.0,Mass
305,CUST10305,Kolkata,East,Medium,659.0,Affluent
306,CUST10306,Hyderabad,South,Low,700.0,Mass
307,CUST10307,Kolkata,East,Low,574.0,Affluent
308,CUST10308,Bangalore,South,Low,672.0,Mass
309,CUST10309,Mumbai,West,Low,613.0,Mass
310,CUST10310,Delhi NCR,North,Medium,704.0,Affluent
311,CUST10311,Delhi NCR,North,Low,670.0,Mass
312,CUST10312,Bangalore,South,Medium,713.0,Mass
313,CUST10313,Hyderabad,South,Medium,723.0,Affluent
314,CUST10314,Mumbai,West,Low,584.0,Mass
315,CUST10315,Pune,West,Medium,718.0,Mass
316,CUST10316,Delhi NCR,North,Medium,666.0,Affluent
317,CUST10317,Pune,West,Medium,671.0,Affluent
318,CUST10318,Hyderabad,South,Medium,743.0,Premium
319,CUST10319,Bangalore,South,Medium,706.0,Mass
320,CUST10320,Pune,West,Low,689.0,Affluent
321,CUST10321,Bangalore,South,Medium,761.0,Affluent
322,CUST10322,Delhi NCR,North,Low,587.0,Affluent
323,CUST10323,Kolkata,East,Medium,707.0,Affluent
324,CUST10324,Delhi NCR,North,Low,662.0,Mass
325,CUST10325,Kolkata,East,Medium,699.0,Mass
326,CUST10326,Bangalore,South,High,824.0,Mass
327,CUST10327,Bangalore,South,Medium,729.0,Mass
328,CUST10328,Pune,West,Medium,742.0,Mass
329,CUST10329,Bangalore,South,Low,683.0,Affluent
330,CUST10330,Delhi NCR,North,Low,581.0,Mass
331,CUST10331,Kolkata,East,High,732.0,Affluent
332,CUST10332,Kolkata,East,Medium,772.0,Premium
333,CUST10333,Bangalore,South,Medium,739.0,Mass
334,CUST10334,Mumbai,West,Medium,678.0,Mass
335,CUST10335,Pune,West,Low,577.0,Mass
336,CUST10336,Mumbai,West,Medium,757.0,Affluent
337,CUST10337,Hyderabad,South,Medium,716.0,Affluent
338,CUST10338,Bangalore,South,Medium,704.0,Mass
339,CUST10339,Hyderabad,South,Medium,759.0,Affluent
340,CUST10340,Hyderabad,South,Low,712.0,Mass
341,CUST10341,Bangalore,South,Low,606.0,Mass
342,CUST10342,Delhi NCR,North,Low,620.0,Mass
343,CUST10343,Pune,West,Medium,700.0,Premium
344,CUST10344,Hyderabad,South,Medium,689.0,Affluent
345,CUST10345,Pune,West,Medium,778.0,Affluent
346,CUST10346,Mumbai,West,Medium,650.0,Mass
347,CUST10347,Delhi NCR,North,Low,690.0,Mass
348,CUST10348,Pune,West,Medium,730.0,Mass
349,CUST10349,Mumbai,West,Low,703.0,Mass
350,CUST10350,Bangalore,South,Low,550.0,Premium
351,CUST10351,Bangalore,South,Medium,656.0,Affluent
352,CUST10352,Kolkata,East,Medium,759.0,Premium
353,CUST10353,Delhi NCR,North,Medium,774.0,Mass
354,CUST10354,Hyderabad,South,Low,646.0,Premium
355,CUST10355,Mumbai,West,Medium,731.0,Affluent
356,CUST10356,Kolkata,East,Low,662.0,Mass
357,CUST10357,Bangalore,South,Medium,749.0,Affluent
358,CUST10358,Hyderabad,South,Low,715.0,Affluent
359,CUST10359,Kolkata,East,Medium,726.0,Mass
360,CUST10360,Kolkata,East,Medium,738.0,Affluent
361,CUST10361,Pune,West,High,782.0,Mass
362,CUST10362,Mumbai,West,Medium,714.0,Affluent
363,CUST10363,Bangalore,South,Low,703.0,Affluent
364,CUST10364,Hyderabad,South,Low,694.0,Mass
365,CUST10365,Bangalore,South,Low,672.0,Mass
366,CUST10366,Hyderabad,South,Medium,690.0,Mass
367,CUST10367,Mumbai,West,Low,681.0,Mass
368,CUST10368,Hyderabad,South,Medium,668.0,Mass
369,CUST10369,Kolkata,East,Low,694.0,Mass
370,CUST10370,Kolkata,East,Medium,706.0,Mass
371,CUST10371,Delhi NCR,North,Medium,660.0,Affluent
372,CUST10372,Pune,West,Medium,732.0,Premium
373,CUST10373,Kolkata,East,Low,579.0,Mass
374,CUST10374,Hyderabad,South,Low,643.0,Mass
375,CUST10375,Bangalore,South,Low,567.0,Affluent
376,CUST10376,Kolkata,East,Low,597.0,Mass
377,CUST10377,Bangalore,South,Medium,770.0,Affluent
378,CUST10378,Mumbai,West,High,779.0,Mass
379,CUST10379,Delhi NCR,North,High,824.0,Premium
380,CUST10380,Bangalore,South,Low,599.0,Mass
381,CUST10381,Pune,West,Low,630.0,Premium
382,CUST10382,Kolkata,East,Medium,751.0,Mass
383,CUST10383,Delhi NCR,North,Medium,680.0,Affluent
384,CUST10384,Kolkata,East,Medium,775.0,Mass
385,CUST10385,Kolkata,East,Medium,770.0,Affluent
386,CUST10386,Kolkata,East,Medium,771.0,Mass
387,CUST10387,Delhi NCR,North,Medium,713.0,Premium
388,CUST10388,Mumbai,West,Medium,706.0,Mass
389,CUST10389,Kolkata,East,Medium,713.0,Mass
390,CUST10390,Hyderabad,South,High,847.0,Mass
391,CUST10391,Pune,West,Medium,733.0,Mass
392,CUST10392,Bangalore,South,High,734.0,Affluent
393,CUST10393,Pune,West,Medium,743.0,Mass
394,CUST10394,Pune,West,Low,703.0,Affluent
395,CUST10395,Hyderabad,South,Low,556.0,Affluent
396,CUST10396,Pune,West,Low,706.0,Premium
397,CUST10397,Delhi NCR,North,Medium,687.0,Affluent
398,CUST10398,Hyderabad,South,Low,590.0,Mass
399,CUST10399,Bangalore,South,Low,635.0,Mass
400,CUST10400,Kolkata,East,Low,639.0,Mass
401,CUST10401,Hyderabad,South,Medium,763.0,Mass
402,CUST10402,Bangalore,South,Low,663.0,Mass
403,CUST10403,Delhi NCR,North,Low,691.0,Affluent
404,CUST10404,Mumbai,West,Medium,767.0,Mass
405,CUST10405,Pune,West,Low,678.0,Mass
406,CUST10406,Bangalore,South,Low,630.0,Mass
407,CUST10407,Delhi NCR,North,Medium,743.0,Affluent
408,CUST10408,Delhi NCR,North,Medium,772.0,Mass
409,CUST10409,Delhi NCR,North,Medium,744.0,Mass
410,CUST10410,Mumbai,West,Medium,656.0,Affluent
411,CUST10411,Bangalore,South,Low,561.0,Mass
412,CUST10412,Hyderabad,South,Medium,666.0,Mass
413,CUST10413,Delhi NCR,North,Medium,712.0,Mass
414,CUST10414,Kolkata,East,Medium,696.0,Mass
415,CUST10415,Hyderabad,South,High,805.0,Mass
416,CUST10416,Delhi NCR,North,Medium,689.0,Affluent
417,CUST10417,Mumbai,West,Low,696.0,Premium
418,CUST10418,Delhi NCR,North,Low,576.0,Mass
419,CUST10419,Hyderabad,South,Low,659.0,Affluent
420,CUST10420,Pune,West,Low,685.0,Mass
421,CUST10421,Bangalore,South,Medium,716.0,Mass
422,CUST10422,Pune,West,High,828.0,Mass
423,CUST10423,Kolkata,East,High,761.0,Mass
424,CUST10424,Delhi NCR,North,Medium,755.0,Mass
425,CUST10425,Mumbai,West,High,815.0,Mass
426,CUST10426,Bangalore,South,Medium,712.0,Mass
427,CUST10427,Pune,West,High,794.0,Affluent
428,CUST10428,Mumbai,West,High,833.0,Mass
429,CUST10429,Hyderabad,South,High,723.0,Mass
430,CUST10430,Bangalore,South,Low,686.0,Mass
431,CUST10431,Pune,West,Medium,666.0,Mass
432,CUST10432,Mumbai,West,Medium,733.0,Premium
433,CUST10433,Kolkata,East,Medium,774.0,Mass
434,CUST10434,Kolkata,East,Low,670.0,Mass
435,CUST10435,Pune,West,Low,589.0,Mass
436,CUST10436,Bangalore,South,High,793.0,Mass
437,CUST10437,Mumbai,West,Low,627.0,Affluent
438,CUST10438,Kolkata,East,Low,553.0,Mass
439,CUST10439,Kolkata,East,Medium,679.0,Mass
440,CUST10440,Mumbai,West,Low,647.0,Mass
441,CUST10441,Hyderabad,South,Low,554.0,Affluent
442,CUST10442,Pune,West,Low,641.0,Affluent
443,CUST10443,Mumbai,West,Low,629.0,Affluent
444,CUST10444,Bangalore,South,Medium,685.0,Mass
445,CUST10445,Delhi NCR,North,Medium,659.0,Mass
446,CUST10446,Pune,West,Low,628.0,Affluent
447,CUST10447,Kolkata,East,Low,639.0,Mass
448,CUST10448,Pune,West,Medium,779.0,Affluent
449,CUST10449,Mumbai,West,High,820.0,Mass
450,CUST10450,Delhi NCR,North,Medium,774.0,Mass
451,CUST10451,Delhi NCR,North,High,803.0,Mass
452,CUST10452,Kolkata,East,High,729.0,Mass
453,CUST10453,Kolkata,East,Medium,666.0,Mass
454,CUST10454,Bangalore,South,High,786.0,Affluent
455,CUST10455,Bangalore,South,Medium,754.0,Affluent
456,CUST10456,Hyderabad,South,Medium,659.0,Affluent
457,CUST10457,Mumbai,West,Medium,704.0,Mass
458,CUST10458,Kolkata,East,High,724.0,Affluent
459,CUST10459,Bangalore,South,Medium,756.0,Affluent
460,CUST10460,Hyderabad,South,Medium,676.0,Affluent
461,CUST10461,Bangalore,South,Low,578.0,Mass
462,CUST10462,Pune,West,Medium,778.0,Mass
463,CUST10463,Hyderabad,South,Low,553.0,Mass
464,CUST10464,Kolkata,East,Medium,751.0,Mass
465,CUST10465,Hyderabad,South,High,746.0,Premium
466,CUST10466,Delhi NCR,North,High,795.0,Mass
467,CUST10467,Hyderabad,South,Medium,674.0,Affluent
468,CUST10468,Bangalore,South,Low,633.0,Mass
469,CUST10469,Bangalore,South,High,759.0,Mass
470,CUST10470,Bangalore,South,Medium,739.0,Mass
471,CUST10471,Delhi NCR,North,Medium,753.0,Mass
472,CUST10472,Kolkata,East,Medium,691.0,Mass
473,CUST10473,Kolkata,East,Low,713.0,Mass
474,CUST10474,Kolkata,East,High,813.0,Mass
475,CUST10475,Mumbai,West,Medium,779.0,Affluent
476,CUST10476,Kolkata,East,Medium,709.0,Mass
477,CUST10477,Pune,West,Low,676.0,Affluent
478,CUST10478,Mumbai,West,High,791.0,Mass
479,CUST10479,Delhi NCR,North,Low,571.0,Premium
480,CUST10480,Bangalore,South,High,834.0,Affluent
481,CUST10481,Mumbai,West,High,787.0,Mass
482,CUST10482,Bangalore,South,Medium,760.0,Mass
483,CUST10483,Bangalore,South,Low,718.0,Mass
484,CUST10484,Kolkata,East,Medium,756.0,Mass
485,CUST10485,Pune,West,Medium,744.0,Affluent
486,CUST10486,Bangalore,South,Low,696.0,Affluent
487,CUST10487,Mumbai,West,High,838.0,Premium
488,CUST10488,Kolkata,East,Low,674.0,Mass
489,CUST10489,Hyderabad,South,Low,690.0,Affluent
490,CUST10490,Delhi NCR,North,Medium,733.0,Mass
491,CUST10491,Pune,West,Low,671.0,Affluent
492,CUST10492,Pune,West,Medium,774.0,Affluent
493,CUST10493,Bangalore,South,Medium,761.0,Mass
494,CUST10494,Bangalore,South,High,720.0,Affluent
495,CUST10495,Delhi NCR,North,Medium,740.0,Mass
496,CUST10496,Delhi NCR,North,Low,637.0,Mass
497,CUST10497,Hyderabad,South,Low,660.0,Mass
498,CUST10498,Pune,West,Low,686.0,Mass
499,CUST10499,Bangalore,South,High,812.0,Affluent
500,CUST10500,Bangalore,South,Low,720.0,Mass
501,CUST10501,Bangalore,South,Low,710.0,Mass
502,CUST10502,Bangalore,South,Medium,736.0,Affluent
503,CUST10503,Mumbai,West,Low,678.0,Premium
504,CUST10504,Pune,West,Low,715.0,Premium
505,CUST10505,Kolkata,East,High,832.0,Affluent
506,CUST10506,Delhi NCR,North,Medium,698.0,Mass
507,CUST10507,Delhi NCR,North,Low,597.0,Affluent
508,CUST10508,Pune,West,Medium,676.0,Mass
509,CUST10509,Pune,West,Medium,770.0,Mass
510,CUST10510,Delhi NCR,North,Medium,754.0,Mass
511,CUST10511,Delhi NCR,North,Medium,759.0,Premium
512,CUST10512,Hyderabad,South,Low,635.0,Affluent
513,CUST10513,Kolkata,East,Medium,724.0,Affluent
514,CUST10514,Hyderabad,South,Medium,767.0,Mass
515,CUST10515,Bangalore,South,Medium,724.0,Mass
516,CUST10516,Bangalore,South,Medium,668.0,Mass
517,CUST10517,Delhi NCR,North,Medium,776.0,Mass
518,CUST10518,Delhi NCR,North,High,823.0,Affluent
519,CUST10519,Hyderabad,South,Medium,651.0,Affluent
520,CUST10520,Pune,West,Low,658.0,Mass
521,CUST10521,Hyderabad,South,Medium,697.0,Mass
522,CUST10522,Mumbai,West,Low,602.0,Mass
523,CUST10523,Mumbai,West,Medium,737.0,Mass
524,CUST10524,Delhi NCR,North,Low,691.0,Premium
525,CUST10525,Pune,West,Medium,676.0,Mass
526,CUST10526,Pune,West,Low,574.0,Premium
527,CUST10527,Kolkata,East,Low,621.0,Mass
528,CUST10528,Kolkata,East,High,828.0,Mass
529,CUST10529,Delhi NCR,North,Medium,706.0,Affluent
530,CUST10530,Kolkata,East,Medium,743.0,Affluent
531,CUST10531,Delhi NCR,North,Low,611.0,Mass
532,CUST10532,Kolkata,East,Medium,742.0,Premium
533,CUST10533,Hyderabad,South,Low,631.0,Affluent
534,CUST10534,Kolkata,East,High,816.0,Mass
535,CUST10535,Hyderabad,South,Low,596.0,Mass
536,CUST10536,Delhi NCR,North,Medium,724.0,Mass
537,CUST10537,Hyderabad,South,Low,717.0,Mass
538,CUST10538,Delhi NCR,North,High,846.0,Mass
539,CUST10539,Kolkata,East,Medium,736.0,Mass
540,CUST10540,Mumbai,West,Medium,687.0,Mass
541,CUST10541,Hyderabad,South,High,782.0,Mass
542,CUST10542,Bangalore,South,Low,566.0,Mass
543,CUST10543,Mumbai,West,Medium,732.0,Mass
544,CUST10544,Hyderabad,South,High,847.0,Affluent
545,CUST10545,Pune,West,Low,707.0,Mass
546,CUST10546,Kolkata,East,Low,706.0,Mass
547,CUST10547,Hyderabad,South,Medium,758.0,Mass
548,CUST10548,Kolkata,East,Low,562.0,Premium
549,CUST10549,Kolkata,East,Low,650.0,Mass
550,CUST10550,Kolkata,East,High,761.0,Affluent
551,CUST10551,Mumbai,West,Low,607.0,Mass
552,CUST10552,Hyderabad,South,High,836.0,Mass
553,CUST10553,Mumbai,West,High,724.0,Affluent
554,CUST10554,Delhi NCR,North,Medium,689.0,Affluent
555,CUST10555,Mumbai,West,High,820.0,Mass
556,CUST10556,Delhi NCR,North,Low,551.0,Mass
557,CUST10557,Pune,West,Low,622.0,Affluent
558,CUST10558,Hyderabad,South,Low,717.0,Affluent
559,CUST10559,Hyderabad,South,Medium,693.0,Affluent
560,CUST10560,Mumbai,West,Low,686.0,Mass
561,CUST10561,Mumbai,West,High,759.0,Premium
562,CUST10562,Kolkata,East,Medium,684.0,Mass
563,CUST10563,Kolkata,East,Medium,733.0,Affluent
564,CUST10564,Bangalore,South,Low,613.0,Mass
565,CUST10565,Kolkata,East,Medium,725.0,Affluent
566,CUST10566,Hyderabad,South,Medium,710.0,Mass
567,CUST10567,Pune,West,Low,629.0,Mass
568,CUST10568,Bangalore,South,Medium,663.0,Mass
569,CUST10569,Mumbai,West,Medium,694.0,Affluent
570,CUST10570,Pune,West,High,775.0,Affluent
571,CUST10571,Hyderabad,South,Medium,711.0,Mass
572,CUST10572,Hyderabad,South,High,813.0,Mass
573,CUST10573,Pune,West,Low,636.0,Affluent
574,CUST10574,Kolkata,East,Low,559.0,Mass
575,CUST10575,Mumbai,West,High,838.0,Mass
576,CUST10576,Mumbai,West,Medium,698.0,Mass
577,CUST10577,Mumbai,West,Medium,669.0,Mass
578,CUST10578,Delhi NCR,North,Medium,778.0,Premium
579,CUST10579,Mumbai,West,Low,578.0,Mass
580,CUST10580,Bangalore,South,Medium,717.0,Mass
581,CUST10581,Mumbai,West,Low,653.0,Mass
582,CUST10582,Mumbai,West,Low,601.0,Affluent
583,CUST10583,Delhi NCR,North,Low,661.0,Mass
584,CUST10584,Delhi NCR,North,High,818.0,Affluent
585,CUST10585,Mumbai,West,Medium,749.0,Mass
586,CUST10586,Pune,West,Low,652.0,Affluent
587,CUST10587,Delhi NCR,North,Low,624.0,Mass
588,CUST10588,Mumbai,West,High,768.0,Premium
589,CUST10589,Mumbai,West,Low,664.0,Mass
590,CUST10590,Mumbai,West,Medium,731.0,Mass
591,CUST10591,Hyderabad,South,High,805.0,Mass
592,CUST10592,Mumbai,West,Medium,742.0,Affluent
593,CUST10593,Mumbai,West,Medium,652.0,Mass
594,CUST10594,Mumbai,West,High,805.0,Affluent
595,CUST10595,Hyderabad,South,Medium,709.0,Affluent
596,CUST10596,Pune,West,Low,607.0,Affluent
597,CUST10597,Bangalore,South,Medium,760.0,Mass
598,CUST10598,Delhi NCR,North,Low,611.0,Mass
599,CUST10599,Pune,West,High,767.0,Mass
600,CUST10600,Kolkata,East,Medium,675.0,Mass
601,CUST10601,Mumbai,West,Low,658.0,Mass
602,CUST10602,Mumbai,West,Low,599.0,Mass
603,CUST10603,Bangalore,South,High,793.0,Mass
604,CUST10604,Mumbai,West,Medium,744.0,Mass
605,CUST10605,Hyderabad,South,Low,588.0,Mass
606,CUST10606,Delhi NCR,North,Medium,776.0,Affluent
607,CUST10607,Pune,West,Medium,691.0,Affluent
608,CUST10608,Hyderabad,South,High,838.0,Mass
609,CUST10609,Kolkata,East,Medium,679.0,Premium
610,CUST10610,Hyderabad,South,High,783.0,Mass
611,CUST10611,Mumbai,West,Medium,679.0,Mass
612,CUST10612,Mumbai,West,Low,617.0,Mass
613,CUST10613,Mumbai,West,Low,678.0,Affluent
614,CUST10614,Bangalore,South,High,826.0,Affluent
615,CUST10615,Hyderabad,South,Low,602.0,Premium
616,CUST10616,Hyderabad,South,Low,617.0,Affluent
617,CUST10617,Mumbai,West,Medium,754.0,Premium
618,CUST10618,Hyderabad,South,Medium,731.0,Mass
619,CUST10619,Pune,West,Low,551.0,Mass
620,CUST10620,Delhi NCR,North,Low,716.0,Affluent
621,CUST10621,Mumbai,West,High,742.0,Mass
622,CUST10622,Hyderabad,South,Low,716.0,Mass
623,CUST10623,Mumbai,West,Low,665.0,Affluent
624,CUST10624,Delhi NCR,North,Medium,672.0,Affluent
625,CUST10625,Hyderabad,South,Low,631.0,Premium
626,CUST10626,Hyderabad,South,Medium,758.0,Mass
627,CUST10627,Bangalore,South,Low,566.0,Mass
628,CUST10628,Pune,West,Medium,731.0,Affluent
629,CUST10629,Bangalore,South,High,734.0,Affluent
630,CUST10630,Pune,West,High,758.0,Mass
631,CUST10631,Bangalore,South,Low,621.0,Mass
632,CUST10632,Delhi NCR,North,Low,627.0,Affluent
633,CUST10633,Pune,West,Medium,681.0,Affluent
634,CUST10634,Bangalore,South,High,794.0,Mass
635,CUST10635,Pune,West,Low,620.0,Mass
636,CUST10636,Kolkata,East,Low,565.0,Mass
637,CUST10637,Pune,West,Medium,725.0,Premium
638,CUST10638,Delhi NCR,North,Medium,758.0,Affluent
639,CUST10639,Kolkata,East,Low,682.0,Mass
640,CUST10640,Kolkata,East,High,806.0,Mass
641,CUST10641,Kolkata,East,Low,658.0,Mass
642,CUST10642,Hyderabad,South,Low,676.0,Mass
643,CUST10643,Bangalore,South,Medium,709.0,Mass
644,CUST10644,Mumbai,West,High,789.0,Affluent
645,CUST10645,Kolkata,East,Medium,658.0,Mass
646,CUST10646,Bangalore,South,Medium,674.0,Mass
647,CUST10647,Pune,West,High,746.0,Mass
648,CUST10648,Delhi NCR,North,Medium,758.0,Mass
649,CUST10649,Pune,West,High,746.0,Mass
650,CUST10650,Pune,West,Low,703.0,Mass
651,CUST10651,Pune,West,Low,659.0,Mass
652,CUST10652,Kolkata,East,High,835.0,Affluent
653,CUST10653,Pune,West,Low,684.0,Mass
654,CUST10654,Delhi NCR,North,High,802.0,Mass
655,CUST10655,Pune,West,High,792.0,Mass
656,CUST10656,Hyderabad,South,Low,610.0,Mass
657,CUST10657,Bangalore,South,Medium,770.0,Mass
658,CUST10658,Delhi NCR,North,Medium,658.0,Affluent
659,CUST10659,Mumbai,West,Medium,742.0,Mass
660,CUST10660,Delhi NCR,North,High,781.0,Mass
661,CUST10661,Mumbai,West,Medium,773.0,Affluent
662,CUST10662,Bangalore,South,Low,694.0,Premium
663,CUST10663,Delhi NCR,North,Medium,679.0,Mass
664,CUST10664,Kolkata,East,Low,696.0,Mass
665,CUST10665,Pune,West,Medium,741.0,Affluent
666,CUST10666,Delhi NCR,North,Medium,740.0,Mass
667,CUST10667,Mumbai,West,Medium,689.0,Mass
668,CUST10668,Kolkata,East,Low,589.0,Mass
669,CUST10669,Hyderabad,South,Low,602.0,Mass
670,CUST10670,Pune,West,High,764.0,Affluent
671,CUST10671,Bangalore,South,Low,574.0,Premium
672,CUST10672,Mumbai,West,Medium,659.0,Affluent
673,CUST10673,Pune,West,Medium,747.0,Premium
674,CUST10674,Delhi NCR,North,Medium,656.0,Mass
675,CUST10675,Kolkata,East,High,733.0,Premium
676,CUST10676,Hyderabad,South,Medium,681.0,Mass
677,CUST10677,Delhi NCR,North,High,837.0,Affluent
678,CUST10678,Kolkata,East,Low,691.0,Mass
679,CUST10679,Delhi NCR,North,Medium,703.0,Affluent
680,CUST10680,Delhi NCR,North,High,819.0,Mass
681,CUST10681,Hyderabad,South,Medium,704.0,Mass
682,CUST10682,Kolkata,East,High,829.0,Premium
683,CUST10683,Mumbai,West,Medium,679.0,Affluent
684,CUST10684,Bangalore,South,Low,594.0,Mass
685,CUST10685,Hyderabad,South,Medium,686.0,Mass
686,CUST10686,Delhi NCR,North,Low,675.0,Mass
687,CUST10687,Bangalore,South,Low,629.0,Affluent
688,CUST10688,Pune,West,Low,597.0,Affluent
689,CUST10689,Mumbai,West,Medium,773.0,Mass
690,CUST10690,Bangalore,South,Low,666.0,Affluent
691,CUST10691,Mumbai,West,Medium,686.0,Affluent
692,CUST10692,Bangalore,South,Low,634.0,Affluent
693,CUST10693,Kolkata,East,Low,634.0,Premium
694,CUST10694,Delhi NCR,North,High,720.0,Premium
695,CUST10695,Kolkata,East,Low,690.0,Affluent
696,CUST10696,Hyderabad,South,Medium,707.0,Affluent
697,CUST10697,Hyderabad,South,Low,675.0,Affluent
698,CUST10698,Delhi NCR,North,Medium,688.0,Mass
699,CUST10699,Delhi NCR,North,Medium,758.0,Affluent
700,CUST10700,Pune,West,Medium,688.0,Mass
701,CUST10701,Mumbai,West,Low,718.0,Mass
702,CUST10702,Pune,West,Low,562.0,Affluent
703,CUST10703,Mumbai,West,Low,645.0,Mass
704,CUST10704,Pune,West,Low,653.0,Affluent
705,CUST10705,Kolkata,East,Low,623.0,Mass
706,CUST10706,Pune,West,Medium,704.0,Mass
707,CUST10707,Delhi NCR,North,High,778.0,Mass
708,CUST10708,Delhi NCR,North,High,783.0,Mass
709,CUST10709,Kolkata,East,Medium,771.0,Affluent
710,CUST10710,Mumbai,West,High,797.0,Affluent
711,CUST10711,Delhi NCR,North,Medium,713.0,Affluent
712,CUST10712,Hyderabad,South,Low,640.0,Mass
713,CUST10713,Kolkata,East,High,772.0,Premium
714,CUST10714,Hyderabad,South,Medium,678.0,Mass
715,CUST10715,Hyderabad,South,High,767.0,Affluent
716,CUST10716,Delhi NCR,North,Low,551.0,Mass
717,CUST10717,Kolkata,East,High,834.0,Mass
718,CUST10718,Mumbai,West,Low,569.0,Affluent
719,CUST10719,Hyderabad,South,High,783.0,Mass
720,CUST10720,Kolkata,East,Low,621.0,Mass
721,CUST10721,Pune,West,Medium,709.0,Affluent
722,CUST10722,Kolkata,East,Low,603.0,Mass
723,CUST10723,Hyderabad,South,Low,618.0,Mass
724,CUST10724,Hyderabad,South,Low,630.0,Affluent
725,CUST10725,Bangalore,South,Low,553.0,Affluent
726,CUST10726,Mumbai,West,Low,641.0,Mass
727,CUST10727,Bangalore,South,Medium,683.0,Mass
728,CUST10728,Delhi NCR,North,High,745.0,Mass
729,CUST10729,Pune,West,Low,720.0,Mass
730,CUST10730,Kolkata,East,High,779.0,Mass
731,CUST10731,Kolkata,East,High,754.0,Mass
732,CUST10732,Pune,West,High,843.0,Mass
733,CUST10733,Kolkata,East,High,807.0,Affluent
734,CUST10734,Kolkata,East,Medium,768.0,Mass
735,CUST10735,Mumbai,West,High,795.0,Mass
736,CUST10736,Mumbai,West,Low,610.0,Affluent
737,CUST10737,Delhi NCR,North,Medium,654.0,Mass
738,CUST10738,Hyderabad,South,Medium,776.0,Affluent
739,CUST10739,Mumbai,West,Medium,752.0,Affluent
740,CUST10740,Delhi NCR,North,Medium,675.0,Mass
741,CUST10741,Kolkata,East,Medium,760.0,Mass
742,CUST10742,Pune,West,Low,701.0,Mass
743,CUST10743,Bangalore,South,Low,702.0,Mass
744,CUST10744,Delhi NCR,North,Medium,698.0,Affluent
745,CUST10745,Bangalore,South,Medium,776.0,Mass
746,CUST10746,Kolkata,East,Low,605.0,Mass
747,CUST10747,Hyderabad,South,Medium,657.0,Affluent
748,CUST10748,Hyderabad,South,Low,585.0,Mass
749,CUST10749,Mumbai,West,High,814.0,Mass
750,CUST10750,Kolkata,East,Low,574.0,Mass
751,CUST10751,Hyderabad,South,Low,626.0,Mass
752,CUST10752,Delhi NCR,North,Low,672.0,Mass
753,CUST10753,Delhi NCR,North,Low,632.0,Affluent
754,CUST10754,Mumbai,West,Medium,684.0,Premium
755,CUST10755,Kolkata,East,Medium,706.0,Mass
756,CUST10756,Hyderabad,South,High,750.0,Premium
757,CUST10757,Delhi NCR,North,Low,590.0,Mass
758,CUST10758,Pune,West,Medium,772.0,Affluent
759,CUST10759,Kolkata,East,High,725.0,Premium
760,CUST10760,Delhi NCR,North,Low,632.0,Premium
761,CUST10761,Mumbai,West,High,826.0,Mass
762,CUST10762,Kolkata,East,High,787.0,Premium
763,CUST10763,Bangalore,South,Low,664.0,Mass
764,CUST10764,Pune,West,Medium,670.0,Mass
765,CUST10765,Pune,West,Medium,697.0,Mass
766,CUST10766,Mumbai,West,High,812.0,Mass
767,CUST10767,Mumbai,West,High,803.0,Premium
768,CUST10768,Hyderabad,South,Medium,652.0,Premium
769,CUST10769,Kolkata,East,Medium,750.0,Mass
770,CUST10770,Pune,West,Medium,712.0,Mass
771,CUST10771,Mumbai,West,High,777.0,Mass
772,CUST10772,Bangalore,South,High,728.0,Mass
773,CUST10773,Bangalore,South,Medium,749.0,Mass
774,CUST10774,Pune,West,Medium,715.0,Mass
775,CUST10775,Bangalore,South,High,785.0,Mass
776,CUST10776,Mumbai,West,High,795.0,Mass
777,CUST10777,Mumbai,West,Low,615.0,Affluent
778,CUST10778,Bangalore,South,Low,685.0,Mass
779,CUST10779,Delhi NCR,North,Low,662.0,Premium
780,CUST10780,Bangalore,South,Low,622.0,Mass
781,CUST10781,Kolkata,East,Medium,722.0,Mass
782,CUST10782,Hyderabad,South,Medium,758.0,Mass
783,CUST10783,Mumbai,West,Low,560.0,Mass
784,CUST10784,Pune,West,Medium,670.0,Mass
785,CUST10785,Mumbai,West,High,747.0,Mass
786,CUST10786,Hyderabad,South,Low,645.0,Affluent
787,CUST10787,Mumbai,West,Medium,734.0,Mass
788,CUST10788,Kolkata,East,Low,636.0,Mass
789,CUST10789,Mumbai,West,Medium,668.0,Affluent
790,CUST10790,Hyderabad,South,Low,620.0,Affluent
791,CUST10791,Hyderabad,South,High,819.0,Mass
792,CUST10792,Delhi NCR,North,High,745.0,Affluent
793,CUST10793,Pune,West,Low,608.0,Premium
794,CUST10794,Delhi NCR,North,Medium,767.0,Mass
795,CUST10795,Hyderabad,South,Medium,728.0,Mass
796,CUST10796,Hyderabad,South,Low,624.0,Mass
797,CUST10797,Bangalore,South,Low,643.0,Mass
798,CUST10798,Pune,West,Medium,696.0,Premium
799,CUST10799,Bangalore,South,Medium,708.0,Mass
800,CUST10800,Delhi NCR,North,Medium,672.0,Affluent
801,CUST10801,Delhi NCR,North,High,789.0,Affluent
802,CUST10802,Pune,West,Medium,776.0,Mass
803,CUST10803,Pune,West,Medium,767.0,Affluent
804,CUST10804,Pune,West,Medium,673.0,Premium
805,CUST10805,Pune,West,High,796.0,Premium
806,CUST10806,Kolkata,East,High,798.0,Mass
807,CUST10807,Mumbai,West,High,799.0,Mass
808,CUST10808,Hyderabad,South,Low,689.0,Affluent
809,CUST10809,Bangalore,South,High,759.0,Mass
810,CUST10810,Pune,West,Medium,778.0,Mass
811,CUST10811,Hyderabad,South,Medium,772.0,Affluent
812,CUST10812,Delhi NCR,North,Medium,772.0,Affluent
813,CUST10813,Hyderabad,South,High,840.0,Affluent
814,CUST10814,Delhi NCR,North,Medium,713.0,Mass
815,CUST10815,Bangalore,South,High,745.0,Mass
816,CUST10816,Kolkata,East,Medium,764.0,Mass
817,CUST10817,Bangalore,South,Medium,760.0,Affluent
818,CUST10818,Hyderabad,South,Medium,664.0,Mass
819,CUST10819,Pune,West,Medium,698.0,Mass
820,CUST10820,Bangalore,South,Low,582.0,Affluent
821,CUST10821,Bangalore,South,Medium,703.0,Affluent
822,CUST10822,Mumbai,West,Medium,777.0,Affluent
823,CUST10823,Mumbai,West,Medium,764.0,Mass
824,CUST10824,Bangalore,South,Medium,745.0,Mass
825,CUST10825,Pune,West,Medium,756.0,Affluent
826,CUST10826,Hyderabad,South,Low,621.0,Mass
827,CUST10827,Hyderabad,South,Medium,678.0,Mass
828,CUST10828,Bangalore,South,Low,669.0,Affluent
829,CUST10829,Mumbai,West,Low,554.0,Mass
830,CUST10830,Pune,West,Low,622.0,Mass
831,CUST10831,Bangalore,South,Medium,732.0,Mass
832,CUST10832,Hyderabad,South,High,819.0,Mass
833,CUST10833,Pune,West,Low,618.0,Mass
834,CUST10834,Pune,West,Medium,736.0,Mass
835,CUST10835,Pune,West,Medium,754.0,Mass
836,CUST10836,Delhi NCR,North,Low,619.0,Mass
837,CUST10837,Delhi NCR,North,Low,635.0,Premium
838,CUST10838,Mumbai,West,High,775.0,Affluent
839,CUST10839,Mumbai,West,Medium,770.0,Mass
840,CUST10840,Delhi NCR,North,Medium,686.0,Affluent
841,CUST10841,Hyderabad,South,Low,679.0,Mass
842,CUST10842,Kolkata,East,Medium,719.0,Premium
843,CUST10843,Delhi NCR,North,Medium,759.0,Affluent
844,CUST10844,Hyderabad,South,Low,658.0,Mass
845,CUST10845,Kolkata,East,Medium,697.0,Affluent
846,CUST10846,Hyderabad,South,Medium,717.0,Affluent
847,CUST10847,Kolkata,East,Low,703.0,Premium
848,CUST10848,Bangalore,South,Low,564.0,Mass
849,CUST10849,Hyderabad,South,Medium,676.0,Mass
850,CUST10850,Hyderabad,South,Low,669.0,Mass
851,CUST10851,Pune,West,Medium,775.0,Mass
852,CUST10852,Mumbai,West,Medium,666.0,Mass
853,CUST10853,Kolkata,East,Low,659.0,Mass
854,CUST10854,Kolkata,East,Low,670.0,Affluent
855,CUST10855,Delhi NCR,North,Low,559.0,Mass
856,CUST10856,Mumbai,West,Low,659.0,Mass
857,CUST10857,Kolkata,East,Medium,780.0,Mass
858,CUST10858,Delhi NCR,North,Low,561.0,Mass
859,CUST10859,Mumbai,West,Medium,728.0,Mass
860,CUST10860,Pune,West,Medium,772.0,Mass
861,CUST10861,Bangalore,South,Low,660.0,Affluent
862,CUST10862,Kolkata,East,High,791.0,Mass
863,CUST10863,Kolkata,East,Low,573.0,Mass
864,CUST10864,Pune,West,Low,640.0,Mass
865,CUST10865,Kolkata,East,Medium,694.0,Mass
866,CUST10866,Kolkata,East,High,787.0,Mass
867,CUST10867,Mumbai,West,Low,688.0,Premium
868,CUST10868,Delhi NCR,North,Medium,674.0,Premium
869,CUST10869,Bangalore,South,Medium,739.0,Mass
870,CUST10870,Mumbai,West,High,727.0,Affluent
871,CUST10871,Delhi NCR,North,High,735.0,Mass
872,CUST10872,Bangalore,South,Medium,760.0,Mass
873,CUST10873,Pune,West,Medium,689.0,Mass
874,CUST10874,Delhi NCR,North,Medium,698.0,Premium
875,CUST10875,Kolkata,East,Medium,741.0,Affluent
876,CUST10876,Pune,West,Medium,690.0,Premium
877,CUST10877,Kolkata,East,Medium,771.0,Mass
878,CUST10878,Pune,West,Medium,733.0,Mass
879,CUST10879,Mumbai,West,Medium,695.0,Mass
880,CUST10880,Hyderabad,South,Medium,670.0,Mass
881,CUST10881,Hyderabad,South,Medium,752.0,Affluent
882,CUST10882,Delhi NCR,North,Low,634.0,Premium
883,CUST10883,Bangalore,South,Low,708.0,Mass
884,CUST10884,Kolkata,East,Low,717.0,Affluent
885,CUST10885,Pune,West,Low,680.0,Affluent
886,CUST10886,Delhi NCR,North,Medium,768.0,Mass
887,CUST10887,Pune,West,Medium,780.0,Affluent
888,CUST10888,Pune,West,Medium,670.0,Affluent
889,CUST10889,Delhi NCR,North,High,833.0,Premium
890,CUST10890,Delhi NCR,North,Medium,777.0,Mass
891,CUST10891,Kolkata,East,Low,563.0,Affluent
892,CUST10892,Bangalore,South,Low,592.0,Mass
893,CUST10893,Kolkata,East,Low,647.0,Affluent
894,CUST10894,Bangalore,South,Low,575.0,Affluent
895,CUST10895,Pune,West,Low,720.0,Mass
896,CUST10896,Kolkata,East,Low,555.0,Mass
897,CUST10897,Bangalore,South,Low,667.0,Affluent
898,CUST10898,Mumbai,West,Medium,721.0,Mass
899,CUST10899,Delhi NCR,North,Medium,664.0,Mass
900,CUST10900,Delhi NCR,North,Medium,675.0,Mass
901,CUST10901,Bangalore,South,Medium,741.0,Mass
902,CUST10902,Bangalore,South,Low,644.0,Mass
903,CUST10903,Delhi NCR,North,High,727.0,Affluent
904,CUST10904,Mumbai,West,Medium,744.0,Mass
905,CUST10905,Hyderabad,South,Medium,673.0,Mass
906,CUST10906,Delhi NCR,North,Medium,666.0,Affluent
907,CUST10907,Pune,West,Medium,698.0,Mass
908,CUST10908,Mumbai,West,High,826.0,Mass
909,CUST10909,Mumbai,West,High,721.0,Premium
910,CUST10910,Delhi NCR,North,High,833.0,Affluent
911,CUST10911,Delhi NCR,North,Medium,773.0,Mass
912,CUST10912,Pune,West,Medium,651.0,Mass
913,CUST10913,Mumbai,West,Medium,693.0,Premium
914,CUST10914,Hyderabad,South,Low,691.0,Affluent
915,CUST10915,Kolkata,East,High,760.0,Premium
916,CUST10916,Pune,West,Medium,650.0,Mass
917,CUST10917,Hyderabad,South,Low,635.0,Mass
918,CUST10918,Bangalore,South,High,823.0,Mass
919,CUST10919,Mumbai,West,Low,571.0,Affluent
920,CUST10920,Bangalore,South,Low,560.0,Mass
921,CUST10921,Bangalore,South,High,727.0,Mass
922,CUST10922,Mumbai,West,High,741.0,Mass
923,CUST10923,Bangalore,South,Medium,678.0,Premium
924,CUST10924,Kolkata,East,High,824.0,Affluent
925,CUST10925,Mumbai,West,High,823.0,Mass
926,CUST10926,Kolkata,East,Medium,720.0,Affluent
927,CUST10927,Hyderabad,South,High,826.0,Affluent
928,CUST10928,Mumbai,West,High,848.0,Mass
929,CUST10929,Bangalore,South,Low,639.0,Mass
930,CUST10930,Mumbai,West,High,799.0,Mass
931,CUST10931,Hyderabad,South,High,819.0,Affluent
932,CUST10932,Kolkata,East,High,848.0,Affluent
933,CUST10933,Hyderabad,South,Medium,775.0,Affluent
934,CUST10934,Bangalore,South,High,760.0,Affluent
935,CUST10935,Hyderabad,South,Medium,679.0,Mass
936,CUST10936,Bangalore,South,Medium,674.0,Affluent
937,CUST10937,Hyderabad,South,Low,555.0,Premium
938,CUST10938,Mumbai,West,Medium,734.0,Affluent
939,CUST10939,Bangalore,South,High,763.0,Mass
940,CUST10940,Hyderabad,South,Medium,733.0,Mass
941,CUST10941,Mumbai,West,Low,573.0,Affluent
942,CUST10942,Bangalore,South,High,755.0,Mass
943,CUST10943,Kolkata,East,High,757.0,Mass
944,CUST10944,Pune,West,Medium,654.0,Affluent
945,CUST10945,Kolkata,East,Medium,661.0,Affluent
946,CUST10946,Mumbai,West,Low,662.0,Mass
947,CUST10947,Pune,West,Medium,695.0,Mass
948,CUST10948,Hyderabad,South,Medium,763.0,Affluent
949,CUST10949,Mumbai,West,Low,655.0,Mass
950,CUST10950,Pune,West,Medium,725.0,Mass
951,CUST10951,Delhi NCR,North,High,833.0,Premium
952,CUST10952,Hyderabad,South,Medium,652.0,Mass
953,CUST10953,Mumbai,West,Medium,717.0,Mass
954,CUST10954,Delhi NCR,North,Medium,689.0,Mass
955,CUST10955,Pune,West,High,839.0,Mass
956,CUST10956,Hyderabad,South,Medium,662.0,Mass
957,CUST10957,Bangalore,South,Low,571.0,Affluent
958,CUST10958,Bangalore,South,Low,660.0,Affluent
959,CUST10959,Mumbai,West,Low,667.0,Affluent
960,CUST10960,Bangalore,South,Medium,651.0,Mass
961,CUST10961,Mumbai,West,High,784.0,Premium
962,CUST10962,Delhi NCR,North,Medium,742.0,Premium
963,CUST10963,Hyderabad,South,Medium,759.0,Mass
964,CUST10964,Hyderabad,South,Medium,759.0,Mass
965,CUST10965,Hyderabad,South,Low,590.0,Mass
966,CUST10966,Delhi NCR,North,Medium,680.0,Mass
967,CUST10967,Bangalore,South,Low,701.0,Premium
968,CUST10968,Delhi NCR,North,Low,595.0,Mass
969,CUST10969,Pune,West,Low,606.0,Mass
970,CUST10970,Delhi NCR,North,Medium,721.0,Affluent
971,CUST10971,Pune,West,Low,697.0,Mass
972,CUST10972,Mumbai,West,Low,638.0,Affluent
973,CUST10973,Kolkata,East,Medium,723.0,Mass
974,CUST10974,Pune,West,Medium,750.0,Affluent
975,CUST10975,Kolkata,East,Medium,657.0,Mass
976,CUST10976,Mumbai,West,Low,637.0,Affluent
977,CUST10977,Hyderabad,South,Medium,705.0,Mass
978,CUST10978,Hyderabad,South,Low,693.0,Mass
979,CUST10979,Kolkata,East,Low,718.0,Mass
980,CUST10980,Mumbai,West,Medium,693.0,Affluent
981,CUST10981,Pune,West,Low,611.0,Affluent
982,CUST10982,Hyderabad,South,Low,636.0,Premium
983,CUST10983,Kolkata,East,Low,577.0,Affluent
984,CUST10984,Bangalore,South,Low,646.0,Mass
985,CUST10985,Mumbai,West,Medium,753.0,Mass
986,CUST10986,Bangalore,South,Medium,699.0,Mass
987,CUST10987,Hyderabad,South,High,812.0,Mass
988,CUST10988,Delhi NCR,North,High,844.0,Mass
989,CUST10989,Delhi NCR,North,High,757.0,Affluent
990,CUST10990,Delhi NCR,North,Low,561.0,Mass
991,CUST10991,Kolkata,East,High,819.0,Premium
992,CUST10992,Kolkata,East,Low,693.0,Affluent
993,CUST10993,Hyderabad,South,High,847.0,Affluent
994,CUST10994,Mumbai,West,High,771.0,Mass
995,CUST10995,Pune,West,High,734.0,Affluent
996,CUST10996,Mumbai,West,Medium,732.0,Mass
997,CUST10997,Kolkata,East,Low,611.0,Mass
998,CUST10998,Pune,West,Medium,709.0,Affluent
999,CUST10999,Mumbai,West,Medium,665.0,Mass
1000,CUST11000,Delhi NCR,North,Medium,756.0,Mass
1001,CUST11001,Mumbai,West,Medium,777.0,Affluent
1002,CUST11002,Mumbai,West,Low,612.0,Mass
1003,CUST11003,Hyderabad,South,Low,622.0,Affluent
1004,CUST11004,Bangalore,South,Medium,663.0,Affluent
1005,CUST11005,Pune,West,High,782.0,Mass
1006,CUST11006,Mumbai,West,Low,675.0,Mass
1007,CUST11007,Pune,West,Medium,766.0,Mass
1008,CUST11008,Hyderabad,South,Low,598.0,Mass
1009,CUST11009,Mumbai,West,Medium,732.0,Affluent
1010,CUST11010,Pune,West,Medium,680.0,Affluent
1011,CUST11011,Kolkata,East,Medium,775.0,Premium
1012,CUST11012,Bangalore,South,Low,688.0,Mass
1013,CUST11013,Kolkata,East,Medium,696.0,Mass
1014,CUST11014,Hyderabad,South,Low,680.0,Mass
1015,CUST11015,Delhi NCR,North,Medium,763.0,Affluent
1016,CUST11016,Delhi NCR,North,Low,553.0,Mass
1017,CUST11017,Bangalore,South,Medium,742.0,Premium
1018,CUST11018,Mumbai,West,Low,564.0,Mass
1019,CUST11019,Mumbai,West,Low,669.0,Mass
1020,CUST11020,Mumbai,West,Low,680.0,Mass
1021,CUST11021,Hyderabad,South,Medium,738.0,Premium
1022,CUST11022,Mumbai,West,Medium,680.0,Mass
1023,CUST11023,Kolkata,East,Medium,656.0,Mass
1024,CUST11024,Bangalore,South,Medium,676.0,Affluent
1025,CUST11025,Delhi NCR,North,Low,550.0,Affluent
1026,CUST11026,Hyderabad,South,Low,620.0,Premium
1027,CUST11027,Pune,West,High,829.0,Mass
1028,CUST11028,Kolkata,East,Medium,705.0,Affluent
1029,CUST11029,Delhi NCR,North,Medium,687.0,Affluent
1030,CUST11030,Hyderabad,South,Medium,717.0,Affluent
1031,CUST11031,Hyderabad,South,Low,706.0,Mass
1032,CUST11032,Delhi NCR,North,Low,644.0,Premium
1033,CUST11033,Delhi NCR,North,High,816.0,Affluent
1034,CUST11034,Mumbai,West,Low,561.0,Mass
1035,CUST11035,Hyderabad,South,Low,581.0,Mass
1036,CUST11036,Delhi NCR,North,Medium,726.0,Affluent
1037,CUST11037,Kolkata,East,Low,687.0,Affluent
1038,CUST11038,Mumbai,West,Medium,749.0,Affluent
1039,CUST11039,Kolkata,East,Low,626.0,Mass
1040,CUST11040,Delhi NCR,North,High,769.0,Mass
1041,CUST11041,Mumbai,West,Medium,730.0,Premium
1042,CUST11042,Pune,West,High,791.0,Premium
1043,CUST11043,Bangalore,South,High,750.0,Mass
1044,CUST11044,Bangalore,South,Low,631.0,Mass
1045,CUST11045,Mumbai,West,High,779.0,Mass
1046,CUST11046,Pune,West,High,834.0,Mass
1047,CUST11047,Kolkata,East,Medium,755.0,Mass
1048,CUST11048,Delhi NCR,North,Low,561.0,Affluent
1049,CUST11049,Delhi NCR,North,Low,603.0,Mass
1050,CUST11050,Delhi NCR,North,High,781.0,Affluent
1051,CUST11051,Mumbai,West,Medium,687.0,Mass
1052,CUST11052,Bangalore,South,Low,718.0,Affluent
1053,CUST11053,Delhi NCR,North,Medium,656.0,Mass
1054,CUST11054,Bangalore,South,Low,661.0,Affluent
1055,CUST11055,Hyderabad,South,Medium,660.0,Mass
1056,CUST11056,Hyderabad,South,Medium,691.0,Mass
1057,CUST11057,Hyderabad,South,Low,705.0,Affluent
1058,CUST11058,Hyderabad,South,High,848.0,Mass
1059,CUST11059,Mumbai,West,Low,674.0,Premium
1060,CUST11060,Delhi NCR,North,Medium,687.0,Affluent
1061,CUST11061,Delhi NCR,North,Low,694.0,Affluent
1062,CUST11062,Hyderabad,South,Low,698.0,Affluent
1063,CUST11063,Kolkata,East,Low,562.0,Mass
1064,CUST11064,Pune,West,Medium,751.0,Mass
1065,CUST11065,Delhi NCR,North,Low,719.0,Mass
1066,CUST11066,Pune,West,High,825.0,Affluent
1067,CUST11067,Delhi NCR,North,Medium,694.0,Mass
1068,CUST11068,Kolkata,East,Medium,758.0,Mass
1069,CUST11069,Kolkata,East,High,723.0,Mass
1070,CUST11070,Hyderabad,South,Medium,779.0,Affluent
1071,CUST11071,Pune,West,High,760.0,Mass
1072,CUST11072,Hyderabad,South,Medium,691.0,Mass
1073,CUST11073,Bangalore,South,Low,646.0,Affluent
1074,CUST11074,Bangalore,South,Medium,669.0,Mass
1075,CUST11075,Pune,West,Medium,723.0,Mass
1076,CUST11076,Mumbai,West,Medium,766.0,Affluent
1077,CUST11077,Kolkata,East,Medium,660.0,Mass
1078,CUST11078,Kolkata,East,Low,693.0,Mass
1079,CUST11079,Pune,West,Low,638.0,Mass
1080,CUST11080,Pune,West,Low,666.0,Premium
1081,CUST11081,Kolkata,East,Medium,719.0,Premium
1082,CUST11082,Kolkata,East,Low,631.0,Mass
1083,CUST11083,Kolkata,East,Low,712.0,Affluent
1084,CUST11084,Delhi NCR,North,Low,605.0,Mass
1085,CUST11085,Mumbai,West,Medium,657.0,Mass
1086,CUST11086,Hyderabad,South,Medium,756.0,Affluent
1087,CUST11087,Bangalore,South,Low,705.0,Premium
1088,CUST11088,Kolkata,East,Medium,706.0,Affluent
1089,CUST11089,Pune,West,Low,692.0,Mass
1090,CUST11090,Mumbai,West,High,764.0,Mass
1091,CUST11091,Pune,West,Medium,711.0,Affluent
1092,CUST11092,Hyderabad,South,Low,684.0,Mass
1093,CUST11093,Kolkata,East,Medium,670.0,Mass
1094,CUST11094,Bangalore,South,Medium,675.0,Mass
1095,CUST11095,Delhi NCR,North,Medium,669.0,Mass
1096,CUST11096,Bangalore,South,High,750.0,Premium
1097,CUST11097,Hyderabad,South,Medium,685.0,Mass
1098,CUST11098,Bangalore,South,Medium,714.0,Affluent
1099,CUST11099,Delhi NCR,North,Low,689.0,Mass
1100,CUST11100,Delhi NCR,North,Medium,659.0,Affluent
1101,CUST11101,Bangalore,South,Medium,754.0,Affluent
1102,CUST11102,Hyderabad,South,Low,553.0,Mass
1103,CUST11103,Hyderabad,South,Medium,752.0,Affluent
1104,CUST11104,Bangalore,South,High,805.0,Affluent
1105,CUST11105,Hyderabad,South,Medium,748.0,Mass
1106,CUST11106,Delhi NCR,North,Low,674.0,Affluent
1107,CUST11107,Kolkata,East,Medium,737.0,Affluent
1108,CUST11108,Pune,West,Low,719.0,Premium
1109,CUST11109,Bangalore,South,Low,658.0,Mass
1110,CUST11110,Hyderabad,South,Medium,664.0,Affluent
1111,CUST11111,Hyderabad,South,Low,657.0,Premium
1112,CUST11112,Hyderabad,South,Medium,656.0,Mass
1113,CUST11113,Mumbai,West,Low,576.0,Affluent
1114,CUST11114,Delhi NCR,North,Medium,709.0,Mass
1115,CUST11115,Kolkata,East,Medium,705.0,Mass
1116,CUST11116,Delhi NCR,North,Medium,749.0,Affluent
1117,CUST11117,Delhi NCR,North,Low,614.0,Affluent
1118,CUST11118,Hyderabad,South,Medium,697.0,Affluent
1119,CUST11119,Kolkata,East,Medium,672.0,Mass
1120,CUST11120,Mumbai,West,Low,677.0,Mass
1121,CUST11121,Bangalore,South,Medium,729.0,Mass
1122,CUST11122,Delhi NCR,North,Medium,728.0,Premium
1123,CUST11123,Kolkata,East,Low,609.0,Mass
1124,CUST11124,Pune,West,Low,558.0,Affluent
1125,CUST11125,Mumbai,West,Medium,759.0,Mass
1126,CUST11126,Hyderabad,South,High,729.0,Affluent
1127,CUST11127,Kolkata,East,Medium,659.0,Mass
1128,CUST11128,Kolkata,East,High,732.0,Mass
1129,CUST11129,Kolkata,East,Low,720.0,Mass
1130,CUST11130,Kolkata,East,High,799.0,Mass
1131,CUST11131,Pune,West,Low,671.0,Mass
1132,CUST11132,Kolkata,East,High,753.0,Affluent
1133,CUST11133,Pune,West,Medium,726.0,Mass
1134,CUST11134,Pune,West,Medium,651.0,Affluent
1135,CUST11135,Pune,West,Low,583.0,Affluent
1136,CUST11136,Bangalore,South,Medium,779.0,Mass
1137,CUST11137,Hyderabad,South,Medium,664.0,Affluent
1138,CUST11138,Hyderabad,South,Medium,677.0,Mass
1139,CUST11139,Hyderabad,South,High,822.0,Mass
1140,CUST11140,Kolkata,East,High,834.0,Mass
1141,CUST11141,Mumbai,West,Medium,753.0,Affluent
1142,CUST11142,Mumbai,West,High,743.0,Affluent
1143,CUST11143,Delhi NCR,North,Medium,687.0,Mass
1144,CUST11144,Bangalore,South,Low,619.0,Mass
1145,CUST11145,Delhi NCR,North,Low,657.0,Mass
1146,CUST11146,Bangalore,South,Low,715.0,Affluent
1147,CUST11147,Bangalore,South,Medium,685.0,Mass
1148,CUST11148,Hyderabad,South,Medium,665.0,Premium
1149,CUST11149,Bangalore,South,High,845.0,Mass
1150,CUST11150,Pune,West,High,825.0,Mass
1151,CUST11151,Mumbai,West,Low,696.0,Mass
1152,CUST11152,Bangalore,South,Low,690.0,Affluent
1153,CUST11153,Kolkata,East,Medium,776.0,Mass
1154,CUST11154,Bangalore,South,Medium,665.0,Affluent
1155,CUST11155,Bangalore,South,Medium,732.0,Affluent
1156,CUST11156,Delhi NCR,North,High,762.0,Premium
1157,CUST11157,Delhi NCR,North,Low,652.0,Affluent
1158,CUST11158,Bangalore,South,Medium,713.0,Mass
1159,CUST11159,Pune,West,High,846.0,Mass
1160,CUST11160,Hyderabad,South,Medium,723.0,Mass
1161,CUST11161,Delhi NCR,North,Low,587.0,Affluent
1162,CUST11162,Kolkata,East,Medium,766.0,Mass
1163,CUST11163,Kolkata,East,Medium,777.0,Premium
1164,CUST11164,Pune,West,Medium,663.0,Mass
1165,CUST11165,Bangalore,South,High,836.0,Affluent
1166,CUST11166,Delhi NCR,North,Low,650.0,Affluent
1167,CUST11167,Pune,West,Low,588.0,Affluent
1168,CUST11168,Pune,West,High,795.0,Mass
1169,CUST11169,Mumbai,West,Medium,765.0,Mass
1170,CUST11170,Pune,West,High,739.0,Affluent
1171,CUST11171,Mumbai,West,Low,693.0,Mass
1172,CUST11172,Bangalore,South,Low,680.0,Mass
1173,CUST11173,Delhi NCR,North,Medium,747.0,Mass
1174,CUST11174,Pune,West,Low,678.0,Mass
1175,CUST11175,Delhi NCR,North,Medium,770.0,Mass
1176,CUST11176,Mumbai,West,High,766.0,Affluent
1177,CUST11177,Bangalore,South,Medium,737.0,Mass
1178,CUST11178,Pune,West,Low,695.0,Mass
1179,CUST11179,Mumbai,West,Low,685.0,Affluent
1180,CUST11180,Pune,West,Low,639.0,Mass
1181,CUST11181,Hyderabad,South,Low,587.0,Mass
1182,CUST11182,Delhi NCR,North,Low,620.0,Premium
1183,CUST11183,Mumbai,West,Medium,656.0,Mass
1184,CUST11184,Kolkata,East,Medium,705.0,Mass
1185,CUST11185,Mumbai,West,High,804.0,Mass
1186,CUST11186,Kolkata,East,Medium,765.0,Mass
1187,CUST11187,Kolkata,East,Medium,718.0,Affluent
1188,CUST11188,Bangalore,South,Medium,703.0,Affluent
1189,CUST11189,Pune,West,Medium,691.0,Mass
1190,CUST11190,Mumbai,West,Medium,696.0,Affluent
1191,CUST11191,Hyderabad,South,Low,718.0,Mass
1192,CUST11192,Kolkata,East,Low,676.0,Mass
1193,CUST11193,Kolkata,East,Medium,768.0,Mass
1194,CUST11194,Pune,West,High,734.0,Mass
1195,CUST11195,Bangalore,South,High,814.0,Mass
1196,CUST11196,Pune,West,Medium,683.0,Affluent
1197,CUST11197,Hyderabad,South,Medium,753.0,Mass
1198,CUST11198,Delhi NCR,North,High,771.0,Affluent
1199,CUST11199,Delhi NCR,North,Medium,650.0,Mass
1200,CUST11200,Hyderabad,South,Medium,775.0,Mass
1201,CUST11201,Mumbai,West,Medium,711.0,Affluent
1202,CUST11202,Hyderabad,South,Medium,776.0,Mass
1203,CUST11203,Pune,West,Low,716.0,Affluent
1204,CUST11204,Delhi NCR,North,Medium,699.0,Affluent
1205,CUST11205,Hyderabad,South,Medium,726.0,Mass
1206,CUST11206,Bangalore,South,Low,700.0,Mass
1207,CUST11207,Kolkata,East,Medium,742.0,Premium
1208,CUST11208,Hyderabad,South,High,759.0,Affluent
1209,CUST11209,Kolkata,East,Low,704.0,Affluent
1210,CUST11210,Mumbai,West,Low,640.0,Affluent
1211,CUST11211,Mumbai,West,Low,630.0,Affluent
1212,CUST11212,Delhi NCR,North,Medium,776.0,Mass
1213,CUST11213,Mumbai,West,Low,607.0,Mass
1214,CUST11214,Delhi NCR,North,High,834.0,Mass
1215,CUST11215,Kolkata,East,High,774.0,Mass
1216,CUST11216,Pune,West,Low,648.0,Mass
1217,CUST11217,Mumbai,West,Medium,674.0,Mass
1218,CUST11218,Hyderabad,South,Low,586.0,Affluent
1219,CUST11219,Mumbai,West,High,731.0,Affluent
1220,CUST11220,Delhi NCR,North,Medium,741.0,Mass
1221,CUST11221,Kolkata,East,Medium,768.0,Affluent
1222,CUST11222,Mumbai,West,Medium,682.0,Mass
1223,CUST11223,Bangalore,South,Low,563.0,Affluent
1224,CUST11224,Pune,West,Medium,650.0,Mass
1225,CUST11225,Bangalore,South,High,818.0,Affluent
1226,CUST11226,Kolkata,East,Low,669.0,Affluent
1227,CUST11227,Pune,West,Medium,692.0,Affluent
1228,CUST11228,Pune,West,High,793.0,Premium
1229,CUST11229,Pune,West,High,767.0,Mass
1230,CUST11230,Delhi NCR,North,Low,706.0,Mass
1231,CUST11231,Hyderabad,South,Low,639.0,Mass
1232,CUST11232,Delhi NCR,North,Medium,702.0,Affluent
1233,CUST11233,Kolkata,East,Medium,656.0,Affluent
1234,CUST11234,Hyderabad,South,Low,574.0,Affluent
1235,CUST11235,Bangalore,South,High,788.0,Mass
1236,CUST11236,Mumbai,West,Medium,719.0,Mass
1237,CUST11237,Bangalore,South,High,818.0,Mass
1238,CUST11238,Delhi NCR,North,Medium,721.0,Affluent
1239,CUST11239,Mumbai,West,High,756.0,Premium
1240,CUST11240,Hyderabad,South,Medium,740.0,Affluent
1241,CUST11241,Hyderabad,South,High,825.0,Mass
1242,CUST11242,Kolkata,East,Low,565.0,Affluent
1243,CUST11243,Bangalore,South,Medium,689.0,Affluent
1244,CUST11244,Bangalore,South,Low,557.0,Premium
1245,CUST11245,Delhi NCR,North,Low,665.0,Mass
1246,CUST11246,Delhi NCR,North,High,746.0,Mass
1247,CUST11247,Bangalore,South,Low,656.0,Affluent
1248,CUST11248,Hyderabad,South,High,824.0,Mass
1249,CUST11249,Hyderabad,South,Medium,652.0,Affluent
1250,CUST11250,Mumbai,West,Medium,719.0,Mass
1251,CUST11251,Delhi NCR,North,Low,570.0,Mass
1252,CUST11252,Mumbai,West,High,815.0,Mass
1253,CUST11253,Bangalore,South,Medium,768.0,Affluent
1254,CUST11254,Bangalore,South,Medium,751.0,Affluent
1255,CUST11255,Bangalore,South,Medium,685.0,Affluent
1256,CUST11256,Kolkata,East,Medium,727.0,Mass
1257,CUST11257,Mumbai,West,Medium,760.0,Mass
1258,CUST11258,Kolkata,East,Low,588.0,Mass
1259,CUST11259,Delhi NCR,North,Low,626.0,Affluent
1260,CUST11260,Hyderabad,South,Medium,729.0,Mass
1261,CUST11261,Pune,West,Medium,757.0,Mass
1262,CUST11262,Mumbai,West,High,805.0,Premium
1263,CUST11263,Delhi NCR,North,High,776.0,Affluent
1264,CUST11264,Mumbai,West,Low,625.0,Affluent
1265,CUST11265,Delhi NCR,North,Medium,775.0,Mass
1266,CUST11266,Pune,West,Medium,756.0,Affluent
1267,CUST11267,Delhi NCR,North,Medium,746.0,Mass
1268,CUST11268,Mumbai,West,Low,578.0,Mass
1269,CUST11269,Mumbai,West,Medium,663.0,Mass
1270,CUST11270,Delhi NCR,North,Medium,664.0,Affluent
1271,CUST11271,Bangalore,South,Medium,680.0,Mass
1272,CUST11272,Hyderabad,South,Medium,770.0,Mass
1273,CUST11273,Hyderabad,South,Medium,676.0,Affluent
1274,CUST11274,Kolkata,East,Medium,763.0,Mass
1275,CUST11275,Mumbai,West,Medium,662.0,Affluent
1276,CUST11276,Kolkata,East,Medium,667.0,Affluent
1277,CUST11277,Delhi NCR,North,Low,680.0,Affluent
1278,CUST11278,Delhi NCR,North,Low,675.0,Affluent
1279,CUST11279,Kolkata,East,Medium,765.0,Affluent
1280,CUST11280,Kolkata,East,Medium,689.0,Premium
1281,CUST11281,Bangalore,South,Medium,753.0,Mass
1282,CUST11282,Kolkata,East,Medium,760.0,Mass
1283,CUST11283,Delhi NCR,North,Medium,778.0,Mass
1284,CUST11284,Delhi NCR,North,High,729.0,Mass
1285,CUST11285,Kolkata,East,Medium,733.0,Mass
1286,CUST11286,Bangalore,South,Medium,740.0,Mass
1287,CUST11287,Mumbai,West,Low,605.0,Premium
1288,CUST11288,Hyderabad,South,Medium,672.0,Mass
1289,CUST11289,Mumbai,West,High,736.0,Mass
1290,CUST11290,Bangalore,South,Low,686.0,Mass
1291,CUST11291,Delhi NCR,North,High,823.0,Affluent
1292,CUST11292,Bangalore,South,High,750.0,Affluent
1293,CUST11293,Pune,West,Low,633.0,Mass
1294,CUST11294,Mumbai,West,Medium,692.0,Affluent
1295,CUST11295,Pune,West,High,747.0,Mass
1296,CUST11296,Bangalore,South,High,780.0,Mass
1297,CUST11297,Hyderabad,South,High,777.0,Mass
1298,CUST11298,Mumbai,West,High,736.0,Affluent
1299,CUST11299,Bangalore,South,Low,611.0,Affluent
1300,CUST11300,Hyderabad,South,High,726.0,Affluent
1301,CUST11301,Bangalore,South,High,797.0,Mass
1302,CUST11302,Hyderabad,South,Medium,717.0,Mass
1303,CUST11303,Mumbai,West,Medium,666.0,Affluent
1304,CUST11304,Bangalore,South,Low,707.0,Affluent
1305,CUST11305,Bangalore,South,High,743.0,Mass
1306,CUST11306,Pune,West,Medium,691.0,Mass
1307,CUST11307,Hyderabad,South,Medium,663.0,Mass
1308,CUST11308,Mumbai,West,Medium,759.0,Affluent
1309,CUST11309,Pune,West,Low,683.0,Mass
1310,CUST11310,Mumbai,West,High,798.0,Affluent
1311,CUST11311,Mumbai,West,Medium,749.0,Affluent
1312,CUST11312,Mumbai,West,Low,588.0,Affluent
1313,CUST11313,Kolkata,East,Low,654.0,Premium
1314,CUST11314,Hyderabad,South,Low,637.0,Premium
1315,CUST11315,Pune,West,Medium,689.0,Premium
1316,CUST11316,Bangalore,South,High,842.0,Mass
1317,CUST11317,Hyderabad,South,Medium,732.0,Mass
1318,CUST11318,Pune,West,Medium,651.0,Mass
1319,CUST11319,Mumbai,West,Low,643.0,Mass
1320,CUST11320,Mumbai,West,Medium,755.0,Mass
1321,CUST11321,Mumbai,West,Medium,761.0,Mass
1322,CUST11322,Delhi NCR,North,Medium,727.0,Affluent
1323,CUST11323,Pune,West,High,745.0,Mass
1324,CUST11324,Kolkata,East,Low,638.0,Premium
1325,CUST11325,Kolkata,East,High,812.0,Mass
1326,CUST11326,Mumbai,West,Medium,652.0,Mass
1327,CUST11327,Delhi NCR,North,High,779.0,Affluent
1328,CUST11328,Delhi NCR,North,Low,584.0,Affluent
1329,CUST11329,Delhi NCR,North,Medium,771.0,Affluent
1330,CUST11330,Mumbai,West,Medium,692.0,Mass
1331,CUST11331,Hyderabad,South,Medium,742.0,Mass
1332,CUST11332,Pune,West,Low,621.0,Mass
1333,CUST11333,Bangalore,South,Medium,711.0,Mass
1334,CUST11334,Kolkata,East,Medium,730.0,Mass
1335,CUST11335,Pune,West,High,790.0,Mass
1336,CUST11336,Mumbai,West,Medium,676.0,Mass
1337,CUST11337,Delhi NCR,North,Medium,742.0,Affluent
1338,CUST11338,Bangalore,South,High,772.0,Mass
1339,CUST11339,Hyderabad,South,Low,605.0,Mass
1340,CUST11340,Kolkata,East,Medium,731.0,Mass
1341,CUST11341,Delhi NCR,North,High,776.0,Mass
1342,CUST11342,Delhi NCR,North,Low,587.0,Mass
1343,CUST11343,Mumbai,West,Medium,773.0,Mass
1344,CUST11344,Kolkata,East,High,831.0,Mass
1345,CUST11345,Delhi NCR,North,Medium,707.0,Mass
1346,CUST11346,Bangalore,South,Low,616.0,Mass
1347,CUST11347,Pune,West,Low,683.0,Mass
1348,CUST11348,Mumbai,West,High,763.0,Mass
1349,CUST11349,Kolkata,East,High,760.0,Mass
1350,CUST11350,Kolkata,East,Low,638.0,Mass
1351,CUST11351,Kolkata,East,Medium,698.0,Mass
1352,CUST11352,Pune,West,Medium,759.0,Mass
1353,CUST11353,Delhi NCR,North,Medium,779.0,Mass
1354,CUST11354,Hyderabad,South,Medium,665.0,Mass
1355,CUST11355,Bangalore,South,Low,584.0,Mass
1356,CUST11356,Hyderabad,South,Low,720.0,Mass
1357,CUST11357,Mumbai,West,High,815.0,Premium
1358,CUST11358,Mumbai,West,Low,584.0,Mass
1359,CUST11359,Pune,West,High,775.0,Affluent
1360,CUST11360,Bangalore,South,Medium,723.0,Affluent
1361,CUST11361,Hyderabad,South,Medium,747.0,Mass
1362,CUST11362,Pune,West,Medium,757.0,Affluent
1363,CUST11363,Delhi NCR,North,Medium,762.0,Mass
1364,CUST11364,Kolkata,East,Medium,657.0,Mass
1365,CUST11365,Pune,West,High,849.0,Mass
1366,CUST11366,Delhi NCR,North,Medium,669.0,Mass
1367,CUST11367,Delhi NCR,North,Medium,707.0,Affluent
1368,CUST11368,Pune,West,High,804.0,Mass
1369,CUST11369,Hyderabad,South,Medium,699.0,Mass
1370,CUST11370,Pune,West,Medium,719.0,Affluent
1371,CUST11371,Bangalore,South,Low,633.0,Mass
1372,CUST11372,Hyderabad,South,Low,553.0,Mass
1373,CUST11373,Kolkata,East,High,791.0,Affluent
1374,CUST11374,Hyderabad,South,High,753.0,Affluent
1375,CUST11375,Kolkata,East,Medium,681.0,Affluent
1376,CUST11376,Delhi NCR,North,Medium,746.0,Mass
1377,CUST11377,Mumbai,West,High,771.0,Mass
1378,CUST11378,Kolkata,East,Medium,659.0,Mass
1379,CUST11379,Hyderabad,South,Medium,688.0,Mass
1380,CUST11380,Kolkata,East,Low,699.0,Mass
1381,CUST11381,Kolkata,East,High,798.0,Mass
1382,CUST11382,Pune,West,Low,676.0,Mass
1383,CUST11383,Mumbai,West,Medium,698.0,Mass
1384,CUST11384,Pune,West,Low,635.0,Mass
1385,CUST11385,Pune,West,High,765.0,Affluent
1386,CUST11386,Bangalore,South,Medium,748.0,Affluent
1387,CUST11387,Kolkata,East,Low,631.0,Mass
1388,CUST11388,Delhi NCR,North,Medium,650.0,Mass
1389,CUST11389,Pune,West,High,818.0,Mass
1390,CUST11390,Mumbai,West,Medium,650.0,Mass
1391,CUST11391,Hyderabad,South,Low,594.0,Mass
1392,CUST11392,Delhi NCR,North,Medium,755.0,Mass
1393,CUST11393,Kolkata,East,Low,692.0,Affluent
1394,CUST11394,Pune,West,Medium,719.0,Mass
1395,CUST11395,Delhi NCR,North,High,748.0,Mass
1396,CUST11396,Delhi NCR,North,Low,676.0,Affluent
1397,CUST11397,Hyderabad,South,High,777.0,Mass
1398,CUST11398,Mumbai,West,Medium,779.0,Mass
1399,CUST11399,Mumbai,West,High,796.0,Mass
1400,CUST11400,Pune,West,Low,670.0,Affluent
1401,CUST11401,Kolkata,East,High,816.0,Mass
1402,CUST11402,Kolkata,East,Medium,680.0,Mass
1403,CUST11403,Kolkata,East,Low,558.0,Affluent
1404,CUST11404,Mumbai,West,High,840.0,Affluent
1405,CUST11405,Bangalore,South,Medium,708.0,Mass
1406,CUST11406,Mumbai,West,Low,641.0,Premium
1407,CUST11407,Kolkata,East,Medium,651.0,Mass
1408,CUST11408,Delhi NCR,North,Low,577.0,Affluent
1409,CUST11409,Delhi NCR,North,Low,664.0,Mass
1410,CUST11410,Mumbai,West,Low,585.0,Affluent
1411,CUST11411,Hyderabad,South,High,743.0,Mass
1412,CUST11412,Mumbai,West,Medium,692.0,Affluent
1413,CUST11413,Mumbai,West,Medium,716.0,Mass
1414,CUST11414,Mumbai,West,Low,666.0,Mass
1415,CUST11415,Delhi NCR,North,High,746.0,Mass
1416,CUST11416,Mumbai,West,Medium,660.0,Mass
1417,CUST11417,Mumbai,West,High,837.0,Affluent
1418,CUST11418,Kolkata,East,Medium,732.0,Mass
1419,CUST11419,Mumbai,West,Low,593.0,Affluent
1420,CUST11420,Delhi NCR,North,Low,569.0,Affluent
1421,CUST11421,Delhi NCR,North,Medium,695.0,Premium
1422,CUST11422,Mumbai,West,High,743.0,Affluent
1423,CUST11423,Kolkata,East,Low,620.0,Mass
1424,CUST11424,Hyderabad,South,Medium,710.0,Mass
1425,CUST11425,Hyderabad,South,Low,586.0,Mass
1426,CUST11426,Hyderabad,South,Low,622.0,Affluent
1427,CUST11427,Bangalore,South,Low,691.0,Affluent
1428,CUST11428,Mumbai,West,Medium,702.0,Affluent
1429,CUST11429,Pune,West,Medium,708.0,Affluent
1430,CUST11430,Delhi NCR,North,High,748.0,Mass
1431,CUST11431,Hyderabad,South,Medium,733.0,Mass
1432,CUST11432,Mumbai,West,Low,697.0,Affluent
1433,CUST11433,Bangalore,South,Low,612.0,Mass
1434,CUST11434,Mumbai,West,High,739.0,Mass
1435,CUST11435,Pune,West,High,776.0,Mass
1436,CUST11436,Pune,West,Low,663.0,Mass
1437,CUST11437,Delhi NCR,North,Low,700.0,Affluent
1438,CUST11438,Delhi NCR,North,Low,629.0,Mass
1439,CUST11439,Mumbai,West,Medium,757.0,Mass
1440,CUST11440,Hyderabad,South,Low,562.0,Mass
1441,CUST11441,Delhi NCR,North,Medium,742.0,Mass
1442,CUST11442,Hyderabad,South,Low,575.0,Mass
1443,CUST11443,Kolkata,East,Low,552.0,Mass
1444,CUST11444,Mumbai,West,Medium,750.0,Mass
1445,CUST11445,Delhi NCR,North,Medium,661.0,Mass
1446,CUST11446,Mumbai,West,Medium,711.0,Mass
1447,CUST11447,Pune,West,Low,551.0,Mass
1448,CUST11448,Mumbai,West,Low,712.0,Mass
1449,CUST11449,Bangalore,South,High,794.0,Mass
1450,CUST11450,Hyderabad,South,High,761.0,Mass
1451,CUST11451,Mumbai,West,Low,715.0,Mass
1452,CUST11452,Kolkata,East,Low,550.0,Mass
1453,CUST11453,Mumbai,West,Low,703.0,Mass
1454,CUST11454,Kolkata,East,Medium,753.0,Affluent
1455,CUST11455,Pune,West,Low,674.0,Mass
1456,CUST11456,Bangalore,South,Low,580.0,Premium
1457,CUST11457,Pune,West,Medium,768.0,Mass
1458,CUST11458,Hyderabad,South,Medium,721.0,Affluent
1459,CUST11459,Hyderabad,South,Low,590.0,Mass
1460,CUST11460,Pune,West,Low,681.0,Affluent
1461,CUST11461,Pune,West,High,830.0,Premium
1462,CUST11462,Bangalore,South,Medium,777.0,Affluent
1463,CUST11463,Delhi NCR,North,Low,615.0,Affluent
1464,CUST11464,Kolkata,East,High,727.0,Mass
1465,CUST11465,Delhi NCR,North,Low,608.0,Affluent
1466,CUST11466,Bangalore,South,Medium,672.0,Affluent
1467,CUST11467,Bangalore,South,Low,670.0,Mass
1468,CUST11468,Mumbai,West,Medium,762.0,Mass
1469,CUST11469,Bangalore,South,Low,625.0,Mass
1470,CUST11470,Bangalore,South,Medium,663.0,Mass
1471,CUST11471,Mumbai,West,Low,554.0,Affluent
1472,CUST11472,Hyderabad,South,Medium,770.0,Mass
1473,CUST11473,Delhi NCR,North,High,785.0,Mass
1474,CUST11474,Delhi NCR,North,High,785.0,Affluent
1475,CUST11475,Delhi NCR,North,Medium,656.0,Mass
1476,CUST11476,Kolkata,East,Medium,732.0,Mass
1477,CUST11477,Mumbai,West,Medium,760.0,Mass
1478,CUST11478,Pune,West,Low,600.0,Mass
1479,CUST11479,Hyderabad,South,Low,675.0,Mass
1480,CUST11480,Mumbai,West,Medium,694.0,Mass
1481,CUST11481,Bangalore,South,Low,601.0,Mass
1482,CUST11482,Pune,West,Medium,673.0,Mass
1483,CUST11483,Hyderabad,South,Medium,657.0,Premium
1484,CUST11484,Kolkata,East,Low,675.0,Premium
1485,CUST11485,Bangalore,South,Low,649.0,Mass
1486,CUST11486,Delhi NCR,North,High,729.0,Mass
1487,CUST11487,Bangalore,South,Medium,692.0,Mass
1488,CUST11488,Kolkata,East,Low,602.0,Mass
1489,CUST11489,Delhi NCR,North,Medium,753.0,Affluent
1490,CUST11490,Kolkata,East,Medium,691.0,Mass
1491,CUST11491,Kolkata,East,Medium,740.0,Affluent
1492,CUST11492,Hyderabad,South,High,735.0,Mass
1493,CUST11493,Hyderabad,South,Low,654.0,Mass
1494,CUST11494,Hyderabad,South,Low,641.0,Mass
1495,CUST11495,Hyderabad,South,Low,692.0,Affluent
1496,CUST11496,Bangalore,South,High,739.0,Mass
1497,CUST11497,Pune,West,High,798.0,Affluent
1498,CUST11498,Delhi NCR,North,Medium,689.0,Affluent
1499,CUST11499,Bangalore,South,Medium,693.0,Mass
1500,CUST11500,Kolkata,East,Medium,738.0,Mass
1501,CUST11501,Pune,West,Low,614.0,Affluent
1502,CUST11502,Delhi NCR,North,Medium,732.0,Affluent
1503,CUST11503,Pune,West,Low,597.0,Mass
1504,CUST11504,Pune,West,High,824.0,Mass
1505,CUST11505,Bangalore,South,High,751.0,Mass
1506,CUST11506,Kolkata,East,Medium,739.0,Mass
1507,CUST11507,Delhi NCR,North,Medium,660.0,Mass
1508,CUST11508,Bangalore,South,Low,675.0,Premium
1509,CUST11509,Delhi NCR,North,High,777.0,Affluent
1510,CUST11510,Mumbai,West,Low,624.0,Premium
1511,CUST11511,Mumbai,West,Low,671.0,Mass
1512,CUST11512,Hyderabad,South,Medium,666.0,Mass
1513,CUST11513,Kolkata,East,High,724.0,Mass
1514,CUST11514,Bangalore,South,Low,575.0,Mass
1515,CUST11515,Kolkata,East,Medium,774.0,Affluent
1516,CUST11516,Bangalore,South,High,809.0,Affluent
1517,CUST11517,Pune,West,Low,701.0,Affluent
1518,CUST11518,Mumbai,West,High,836.0,Mass
1519,CUST11519,Hyderabad,South,Medium,728.0,Mass
1520,CUST11520,Delhi NCR,North,Low,712.0,Affluent
1521,CUST11521,Bangalore,South,Medium,776.0,Mass
1522,CUST11522,Hyderabad,South,Medium,768.0,Mass
1523,CUST11523,Kolkata,East,Low,654.0,Mass
1524,CUST11524,Delhi NCR,North,Low,592.0,Mass
1525,CUST11525,Bangalore,South,High,730.0,Mass
1526,CUST11526,Delhi NCR,North,Medium,670.0,Affluent
1527,CUST11527,Kolkata,East,Medium,754.0,Mass
1528,CUST11528,Hyderabad,South,Medium,677.0,Affluent
1529,CUST11529,Bangalore,South,Low,598.0,Mass
1530,CUST11530,Mumbai,West,High,779.0,Mass
1531,CUST11531,Delhi NCR,North,High,833.0,Affluent
1532,CUST11532,Hyderabad,South,High,830.0,Mass
1533,CUST11533,Mumbai,West,High,742.0,Affluent
1534,CUST11534,Kolkata,East,Low,590.0,Affluent
1535,CUST11535,Pune,West,Low,659.0,Affluent
1536,CUST11536,Pune,West,Low,719.0,Mass
1537,CUST11537,Delhi NCR,North,Medium,667.0,Mass
1538,CUST11538,Delhi NCR,North,High,787.0,Mass
1539,CUST11539,Delhi NCR,North,Low,673.0,Mass
1540,CUST11540,Pune,West,Low,693.0,Mass
1541,CUST11541,Delhi NCR,North,Medium,723.0,Mass
1542,CUST11542,Hyderabad,South,Low,556.0,Affluent
1543,CUST11543,Hyderabad,South,Low,673.0,Mass
1544,CUST11544,Delhi NCR,North,Medium,721.0,Mass
1545,CUST11545,Bangalore,South,High,826.0,Affluent
1546,CUST11546,Bangalore,South,Medium,699.0,Premium
1547,CUST11547,Mumbai,West,Medium,733.0,Affluent
1548,CUST11548,Kolkata,East,Low,671.0,Mass
1549,CUST11549,Pune,West,Medium,718.0,Mass
1550,CUST11550,Delhi NCR,North,Medium,726.0,Mass
1551,CUST11551,Kolkata,East,Medium,676.0,Mass
1552,CUST11552,Hyderabad,South,Low,682.0,Mass
1553,CUST11553,Kolkata,East,High,787.0,Affluent
1554,CUST11554,Mumbai,West,Medium,683.0,Affluent
1555,CUST11555,Bangalore,South,Low,597.0,Mass
1556,CUST11556,Kolkata,East,Medium,666.0,Mass
1557,CUST11557,Hyderabad,South,Low,558.0,Affluent
1558,CUST11558,Kolkata,East,Medium,761.0,Affluent
1559,CUST11559,Delhi NCR,North,Low,573.0,Mass
1560,CUST11560,Kolkata,East,Low,584.0,Mass
1561,CUST11561,Delhi NCR,North,Medium,651.0,Mass
1562,CUST11562,Bangalore,South,Low,550.0,Affluent
1563,CUST11563,Pune,West,Medium,720.0,Affluent
1564,CUST11564,Kolkata,East,Low,623.0,Mass
1565,CUST11565,Hyderabad,South,Medium,772.0,Mass
1566,CUST11566,Delhi NCR,North,Medium,674.0,Premium
1567,CUST11567,Delhi NCR,North,High,841.0,Premium
1568,CUST11568,Pune,West,Low,712.0,Affluent
1569,CUST11569,Hyderabad,South,High,746.0,Affluent
1570,CUST11570,Kolkata,East,Low,603.0,Mass
1571,CUST11571,Pune,West,Medium,778.0,Mass
1572,CUST11572,Kolkata,East,Low,572.0,Premium
1573,CUST11573,Delhi NCR,North,Low,563.0,Mass
1574,CUST11574,Pune,West,Low,568.0,Mass
1575,CUST11575,Pune,West,Medium,753.0,Mass
1576,CUST11576,Mumbai,West,Low,703.0,Mass
1577,CUST11577,Mumbai,West,Medium,714.0,Mass
1578,CUST11578,Kolkata,East,Medium,657.0,Mass
1579,CUST11579,Delhi NCR,North,Medium,669.0,Mass
1580,CUST11580,Delhi NCR,North,Medium,763.0,Affluent
1581,CUST11581,Kolkata,East,Medium,734.0,Affluent
1582,CUST11582,Pune,West,Medium,664.0,Premium
1583,CUST11583,Kolkata,East,High,767.0,Premium
1584,CUST11584,Hyderabad,South,Medium,720.0,Mass
1585,CUST11585,Hyderabad,South,Medium,731.0,Mass
1586,CUST11586,Delhi NCR,North,High,758.0,Mass
1587,CUST11587,Delhi NCR,North,High,730.0,Affluent
1588,CUST11588,Hyderabad,South,Low,680.0,Mass
1589,CUST11589,Hyderabad,South,Low,637.0,Affluent
1590,CUST11590,Hyderabad,South,Medium,690.0,Affluent
1591,CUST11591,Delhi NCR,North,High,819.0,Affluent
1592,CUST11592,Hyderabad,South,Medium,721.0,Mass
1593,CUST11593,Hyderabad,South,Medium,720.0,Premium
1594,CUST11594,Pune,West,High,720.0,Affluent
1595,CUST11595,Bangalore,South,Low,590.0,Mass
1596,CUST11596,Mumbai,West,High,827.0,Mass
1597,CUST11597,Delhi NCR,North,Low,678.0,Mass
1598,CUST11598,Bangalore,South,Medium,764.0,Mass
1599,CUST11599,Kolkata,East,Medium,667.0,Mass
1600,CUST11600,Hyderabad,South,High,753.0,Affluent
1601,CUST11601,Hyderabad,South,Medium,756.0,Mass
1602,CUST11602,Delhi NCR,North,Medium,734.0,Affluent
1603,CUST11603,Pune,West,Low,692.0,Mass
1604,CUST11604,Kolkata,East,High,812.0,Mass
1605,CUST11605,Hyderabad,South,Low,701.0,Affluent
1606,CUST11606,Kolkata,East,Low,656.0,Mass
1607,CUST11607,Hyderabad,South,High,783.0,Mass
1608,CUST11608,Hyderabad,South,Medium,756.0,Affluent
1609,CUST11609,Mumbai,West,High,810.0,Mass
1610,CUST11610,Delhi NCR,North,Low,676.0,Mass
1611,CUST11611,Kolkata,East,Low,706.0,Mass
1612,CUST11612,Bangalore,South,High,825.0,Mass
1613,CUST11613,Mumbai,West,Medium,699.0,Affluent
1614,CUST11614,Hyderabad,South,Low,694.0,Mass
1615,CUST11615,Delhi NCR,North,Low,646.0,Affluent
1616,CUST11616,Mumbai,West,Low,633.0,Mass
1617,CUST11617,Mumbai,West,Low,649.0,Affluent
1618,CUST11618,Hyderabad,South,Medium,772.0,Mass
1619,CUST11619,Kolkata,East,Low,700.0,Mass
1620,CUST11620,Kolkata,East,Medium,751.0,Mass
1621,CUST11621,Mumbai,West,Medium,762.0,Premium
1622,CUST11622,Pune,West,Medium,724.0,Affluent
1623,CUST11623,Mumbai,West,Low,557.0,Affluent
1624,CUST11624,Bangalore,South,Low,710.0,Mass
1625,CUST11625,Delhi NCR,North,Medium,652.0,Affluent
1626,CUST11626,Kolkata,East,Medium,680.0,Mass
1627,CUST11627,Mumbai,West,Medium,676.0,Affluent
1628,CUST11628,Kolkata,East,High,720.0,Mass
1629,CUST11629,Hyderabad,South,High,772.0,Affluent
1630,CUST11630,Kolkata,East,Medium,710.0,Affluent
1631,CUST11631,Delhi NCR,North,Medium,770.0,Mass
1632,CUST11632,Bangalore,South,Medium,660.0,Mass
1633,CUST11633,Mumbai,West,High,834.0,Mass
1634,CUST11634,Bangalore,South,Low,683.0,Mass
1635,CUST11635,Hyderabad,South,Low,568.0,Mass
1636,CUST11636,Mumbai,West,Medium,650.0,Affluent
1637,CUST11637,Bangalore,South,Low,636.0,Affluent
1638,CUST11638,Bangalore,South,Medium,722.0,Mass
1639,CUST11639,Mumbai,West,Low,557.0,Mass
1640,CUST11640,Pune,West,Medium,679.0,Mass
1641,CUST11641,Hyderabad,South,High,737.0,Affluent
1642,CUST11642,Pune,West,Low,662.0,Premium
1643,CUST11643,Hyderabad,South,Medium,692.0,Affluent
1644,CUST11644,Bangalore,South,Low,703.0,Mass
1645,CUST11645,Hyderabad,South,Medium,671.0,Mass
1646,CUST11646,Bangalore,South,Low,649.0,Affluent
1647,CUST11647,Kolkata,East,High,805.0,Mass
1648,CUST11648,Bangalore,South,Low,648.0,Affluent
1649,CUST11649,Kolkata,East,Low,596.0,Affluent
1650,CUST11650,Hyderabad,South,Low,684.0,Mass
1651,CUST11651,Kolkata,East,Low,705.0,Affluent
1652,CUST11652,Pune,West,Medium,752.0,Mass
1653,CUST11653,Hyderabad,South,Medium,679.0,Mass
1654,CUST11654,Kolkata,East,Medium,659.0,Mass
1655,CUST11655,Bangalore,South,Low,599.0,Affluent
1656,CUST11656,Hyderabad,South,High,833.0,Premium
1657,CUST11657,Bangalore,South,Low,649.0,Mass
1658,CUST11658,Mumbai,West,High,835.0,Affluent
1659,CUST11659,Kolkata,East,Low,717.0,Mass
1660,CUST11660,Pune,West,High,725.0,Mass
1661,CUST11661,Kolkata,East,Medium,705.0,Mass
1662,CUST11662,Mumbai,West,Medium,700.0,Mass
1663,CUST11663,Bangalore,South,High,804.0,Affluent
1664,CUST11664,Hyderabad,South,Medium,660.0,Mass
1665,CUST11665,Hyderabad,South,Low,692.0,Mass
1666,CUST11666,Hyderabad,South,Low,647.0,Mass
1667,CUST11667,Pune,West,Low,664.0,Mass
1668,CUST11668,Kolkata,East,High,738.0,Mass
1669,CUST11669,Pune,West,Medium,663.0,Mass
1670,CUST11670,Bangalore,South,Low,666.0,Mass
1671,CUST11671,Hyderabad,South,High,812.0,Premium
1672,CUST11672,Kolkata,East,Medium,682.0,Affluent
1673,CUST11673,Pune,West,High,818.0,Mass
1674,CUST11674,Hyderabad,South,Low,657.0,Mass
1675,CUST11675,Hyderabad,South,Low,699.0,Affluent
1676,CUST11676,Mumbai,West,High,798.0,Mass
1677,CUST11677,Bangalore,South,Low,591.0,Mass
1678,CUST11678,Kolkata,East,Medium,721.0,Affluent
1679,CUST11679,Bangalore,South,Low,685.0,Premium
1680,CUST11680,Delhi NCR,North,Low,653.0,Mass
1681,CUST11681,Kolkata,East,Low,649.0,Mass
1682,CUST11682,Hyderabad,South,Medium,759.0,Affluent
1683,CUST11683,Kolkata,East,Medium,652.0,Mass
1684,CUST11684,Kolkata,East,Medium,709.0,Mass
1685,CUST11685,Kolkata,East,High,796.0,Premium
1686,CUST11686,Mumbai,West,Medium,659.0,Mass
1687,CUST11687,Pune,West,Medium,663.0,Affluent
1688,CUST11688,Pune,West,Low,669.0,Mass
1689,CUST11689,Bangalore,South,Low,585.0,Mass
1690,CUST11690,Bangalore,South,Low,588.0,Mass
1691,CUST11691,Hyderabad,South,Medium,735.0,Mass
1692,CUST11692,Bangalore,South,Medium,771.0,Affluent
1693,CUST11693,Bangalore,South,High,743.0,Mass
1694,CUST11694,Kolkata,East,Low,614.0,Mass
1695,CUST11695,Hyderabad,South,Medium,693.0,Mass
1696,CUST11696,Kolkata,East,High,800.0,Mass
1697,CUST11697,Hyderabad,South,Medium,679.0,Mass
1698,CUST11698,Pune,West,High,815.0,Mass
1699,CUST11699,Kolkata,East,Medium,770.0,Mass
1700,CUST11700,Bangalore,South,Low,717.0,Mass
1701,CUST11701,Pune,West,Medium,694.0,Affluent
1702,CUST11702,Bangalore,South,Low,706.0,Premium
1703,CUST11703,Hyderabad,South,Medium,750.0,Mass
1704,CUST11704,Delhi NCR,North,Low,673.0,Premium
1705,CUST11705,Mumbai,West,Medium,754.0,Mass
1706,CUST11706,Pune,West,Medium,755.0,Affluent
1707,CUST11707,Mumbai,West,Medium,707.0,Mass
1708,CUST11708,Kolkata,East,Low,580.0,Affluent
1709,CUST11709,Delhi NCR,North,Low,654.0,Mass
1710,CUST11710,Delhi NCR,North,Low,682.0,Affluent
1711,CUST11711,Hyderabad,South,Low,653.0,Affluent
1712,CUST11712,Hyderabad,South,Low,695.0,Affluent
1713,CUST11713,Hyderabad,South,Medium,707.0,Affluent
1714,CUST11714,Hyderabad,South,Low,613.0,Premium
1715,CUST11715,Bangalore,South,High,793.0,Affluent
1716,CUST11716,Mumbai,West,Low,647.0,Affluent
1717,CUST11717,Delhi NCR,North,Low,558.0,Mass
1718,CUST11718,Mumbai,West,Medium,713.0,Affluent
1719,CUST11719,Bangalore,South,High,722.0,Mass
1720,CUST11720,Mumbai,West,Medium,654.0,Mass
1721,CUST11721,Bangalore,South,Low,556.0,Mass
1722,CUST11722,Bangalore,South,Medium,759.0,Mass
1723,CUST11723,Kolkata,East,Medium,670.0,Mass
1724,CUST11724,Kolkata,East,Low,572.0,Mass
1725,CUST11725,Bangalore,South,Low,619.0,Mass
1726,CUST11726,Mumbai,West,High,803.0,Affluent
1727,CUST11727,Kolkata,East,Medium,687.0,Affluent
1728,CUST11728,Hyderabad,South,Medium,673.0,Mass
1729,CUST11729,Pune,West,High,770.0,Mass
1730,CUST11730,Delhi NCR,North,Low,661.0,Affluent
1731,CUST11731,Kolkata,East,Low,573.0,Mass
1732,CUST11732,Kolkata,East,Low,664.0,Affluent
1733,CUST11733,Hyderabad,South,High,764.0,Mass
1734,CUST11734,Kolkata,East,High,813.0,Premium
1735,CUST11735,Mumbai,West,Medium,653.0,Mass
1736,CUST11736,Delhi NCR,North,Low,712.0,Mass
1737,CUST11737,Pune,West,High,782.0,Premium
1738,CUST11738,Pune,West,Low,585.0,Mass
1739,CUST11739,Delhi NCR,North,Low,644.0,Premium
1740,CUST11740,Pune,West,High,829.0,Mass
1741,CUST11741,Pune,West,Low,565.0,Affluent
1742,CUST11742,Delhi NCR,North,Medium,755.0,Mass
1743,CUST11743,Hyderabad,South,Medium,727.0,Mass
1744,CUST11744,Pune,West,Low,681.0,Affluent
1745,CUST11745,Kolkata,East,Low,704.0,Premium
1746,CUST11746,Mumbai,West,High,805.0,Affluent
1747,CUST11747,Delhi NCR,North,Low,617.0,Affluent
1748,CUST11748,Delhi NCR,North,Low,660.0,Affluent
1749,CUST11749,Delhi NCR,North,High,828.0,Mass
1750,CUST11750,Pune,West,Medium,780.0,Mass
1751,CUST11751,Mumbai,West,High,849.0,Mass
1752,CUST11752,Bangalore,South,High,805.0,Mass
1753,CUST11753,Mumbai,West,Low,561.0,Affluent
1754,CUST11754,Hyderabad,South,Medium,778.0,Affluent
1755,CUST11755,Pune,West,Low,687.0,Mass
1756,CUST11756,Delhi NCR,North,Medium,738.0,Mass
1757,CUST11757,Pune,West,High,826.0,Affluent
1758,CUST11758,Pune,West,Low,652.0,Mass
1759,CUST11759,Kolkata,East,Low,660.0,Affluent
1760,CUST11760,Mumbai,West,Low,639.0,Premium
1761,CUST11761,Kolkata,East,Medium,689.0,Affluent
1762,CUST11762,Bangalore,South,Low,580.0,Mass
1763,CUST11763,Bangalore,South,Medium,708.0,Mass
1764,CUST11764,Kolkata,East,Medium,682.0,Mass
1765,CUST11765,Kolkata,East,Low,554.0,Mass
1766,CUST11766,Mumbai,West,Medium,703.0,Mass
1767,CUST11767,Mumbai,West,Medium,662.0,Premium
1768,CUST11768,Hyderabad,South,Medium,737.0,Mass
1769,CUST11769,Pune,West,Low,559.0,Mass
1770,CUST11770,Delhi NCR,North,Medium,703.0,Affluent
1771,CUST11771,Delhi NCR,North,Medium,749.0,Mass
1772,CUST11772,Delhi NCR,North,Low,643.0,Mass
1773,CUST11773,Pune,West,Low,647.0,Mass
1774,CUST11774,Delhi NCR,North,High,847.0,Mass
1775,CUST11775,Bangalore,South,Low,663.0,Mass
1776,CUST11776,Kolkata,East,Medium,708.0,Affluent
1777,CUST11777,Kolkata,East,Low,624.0,Mass
1778,CUST11778,Delhi NCR,North,Low,639.0,Mass
1779,CUST11779,Mumbai,West,High,810.0,Mass
1780,CUST11780,Hyderabad,South,Medium,697.0,Mass
1781,CUST11781,Kolkata,East,High,807.0,Mass
1782,CUST11782,Hyderabad,South,Low,680.0,Affluent
1783,CUST11783,Delhi NCR,North,Medium,653.0,Mass
1784,CUST11784,Pune,West,High,830.0,Mass
1785,CUST11785,Bangalore,South,Medium,724.0,Mass
1786,CUST11786,Hyderabad,South,Medium,654.0,Affluent
1787,CUST11787,Hyderabad,South,Medium,757.0,Mass
1788,CUST11788,Delhi NCR,North,Medium,746.0,Affluent
1789,CUST11789,Pune,West,Medium,690.0,Affluent
1790,CUST11790,Hyderabad,South,Low,713.0,Mass
1791,CUST11791,Kolkata,East,Medium,734.0,Mass
1792,CUST11792,Mumbai,West,Medium,658.0,Mass
1793,CUST11793,Pune,West,Low,719.0,Mass
1794,CUST11794,Delhi NCR,North,Low,699.0,Mass
1795,CUST11795,Mumbai,West,High,773.0,Premium
1796,CUST11796,Kolkata,East,Low,616.0,Mass
1797,CUST11797,Kolkata,East,Low,598.0,Premium
1798,CUST11798,Kolkata,East,Low,711.0,Mass
1799,CUST11799,Bangalore,South,High,723.0,Affluent
1800,CUST11800,Pune,West,Medium,773.0,Affluent
1801,CUST11801,Mumbai,West,High,720.0,Affluent
1802,CUST11802,Mumbai,West,Low,600.0,Mass
1803,CUST11803,Hyderabad,South,Medium,668.0,Mass
1804,CUST11804,Pune,West,Low,614.0,Affluent
1805,CUST11805,Delhi NCR,North,High,820.0,Mass
1806,CUST11806,Hyderabad,South,Medium,666.0,Mass
1807,CUST11807,Mumbai,West,Medium,738.0,Mass
1808,CUST11808,Delhi NCR,North,Medium,684.0,Mass
1809,CUST11809,Pune,West,Medium,677.0,Mass
1810,CUST11810,Pune,West,High,769.0,Affluent
1811,CUST11811,Mumbai,West,Medium,748.0,Mass
1812,CUST11812,Mumbai,West,Medium,695.0,Mass
1813,CUST11813,Mumbai,West,Low,561.0,Premium
1814,CUST11814,Mumbai,West,High,737.0,Mass
1815,CUST11815,Pune,West,Low,618.0,Mass
1816,CUST11816,Delhi NCR,North,High,726.0,Mass
1817,CUST11817,Bangalore,South,Low,610.0,Affluent
1818,CUST11818,Mumbai,West,Low,583.0,Mass
1819,CUST11819,Bangalore,South,Low,621.0,Affluent
1820,CUST11820,Hyderabad,South,Low,650.0,Mass
1821,CUST11821,Mumbai,West,Medium,710.0,Premium
1822,CUST11822,Hyderabad,South,High,762.0,Mass
1823,CUST11823,Mumbai,West,Low,560.0,Mass
1824,CUST11824,Mumbai,West,Medium,656.0,Affluent
1825,CUST11825,Kolkata,East,Medium,661.0,Mass
1826,CUST11826,Pune,West,Low,565.0,Mass
1827,CUST11827,Pune,West,Low,669.0,Mass
1828,CUST11828,Pune,West,High,804.0,Mass
1829,CUST11829,Kolkata,East,Medium,743.0,Mass
1830,CUST11830,Hyderabad,South,Medium,707.0,Affluent
1831,CUST11831,Hyderabad,South,Medium,731.0,Affluent
1832,CUST11832,Pune,West,Medium,721.0,Affluent
1833,CUST11833,Hyderabad,South,High,725.0,Premium
1834,CUST11834,Kolkata,East,Medium,705.0,Affluent
1835,CUST11835,Pune,West,High,792.0,Mass
1836,CUST11836,Kolkata,East,Medium,691.0,Mass
1837,CUST11837,Delhi NCR,North,Medium,723.0,Mass
1838,CUST11838,Bangalore,South,High,774.0,Mass
1839,CUST11839,Mumbai,West,Low,594.0,Affluent
1840,CUST11840,Mumbai,West,Medium,650.0,Affluent
1841,CUST11841,Mumbai,West,Low,669.0,Premium
1842,CUST11842,Bangalore,South,Low,601.0,Mass
1843,CUST11843,Pune,West,Medium,724.0,Mass
1844,CUST11844,Pune,West,Low,685.0,Mass
1845,CUST11845,Delhi NCR,North,Low,586.0,Mass
1846,CUST11846,Pune,West,Low,639.0,Mass
1847,CUST11847,Kolkata,East,Low,594.0,Mass
1848,CUST11848,Hyderabad,South,High,727.0,Affluent
1849,CUST11849,Kolkata,East,Medium,716.0,Mass
1850,CUST11850,Kolkata,East,High,723.0,Affluent
1851,CUST11851,Kolkata,East,High,829.0,Mass
1852,CUST11852,Pune,West,Low,644.0,Mass
1853,CUST11853,Kolkata,East,Low,609.0,Mass
1854,CUST11854,Mumbai,West,Low,668.0,Mass
1855,CUST11855,Hyderabad,South,Low,663.0,Mass
1856,CUST11856,Mumbai,West,Medium,650.0,Mass
1857,CUST11857,Kolkata,East,Medium,766.0,Mass
1858,CUST11858,Hyderabad,South,High,814.0,Premium
1859,CUST11859,Delhi NCR,North,Low,657.0,Mass
1860,CUST11860,Hyderabad,South,Low,579.0,Affluent
1861,CUST11861,Mumbai,West,Low,651.0,Affluent
1862,CUST11862,Kolkata,East,Medium,720.0,Affluent
1863,CUST11863,Hyderabad,South,High,745.0,Affluent
1864,CUST11864,Bangalore,South,Medium,729.0,Mass
1865,CUST11865,Hyderabad,South,Medium,769.0,Mass
1866,CUST11866,Bangalore,South,High,801.0,Mass
1867,CUST11867,Hyderabad,South,Medium,775.0,Mass
1868,CUST11868,Pune,West,Medium,745.0,Affluent
1869,CUST11869,Mumbai,West,Low,558.0,Premium
1870,CUST11870,Delhi NCR,North,Medium,713.0,Premium
1871,CUST11871,Pune,West,Medium,675.0,Affluent
1872,CUST11872,Bangalore,South,Medium,740.0,Mass
1873,CUST11873,Pune,West,Medium,762.0,Mass
1874,CUST11874,Pune,West,High,744.0,Mass
1875,CUST11875,Kolkata,East,Medium,706.0,Mass
1876,CUST11876,Delhi NCR,North,Low,674.0,Affluent
1877,CUST11877,Hyderabad,South,Low,657.0,Affluent
1878,CUST11878,Mumbai,West,Medium,738.0,Mass
1879,CUST11879,Pune,West,Medium,708.0,Affluent
1880,CUST11880,Kolkata,East,Medium,682.0,Mass
1881,CUST11881,Pune,West,High,724.0,Affluent
1882,CUST11882,Hyderabad,South,Low,680.0,Affluent
1883,CUST11883,Mumbai,West,Low,654.0,Affluent
1884,CUST11884,Hyderabad,South,Low,599.0,Affluent
1885,CUST11885,Mumbai,West,High,734.0,Mass
1886,CUST11886,Bangalore,South,High,775.0,Affluent
1887,CUST11887,Bangalore,South,High,772.0,Mass
1888,CUST11888,Hyderabad,South,Low,565.0,Mass
1889,CUST11889,Pune,West,High,833.0,Mass
1890,CUST11890,Kolkata,East,Medium,713.0,Affluent
1891,CUST11891,Bangalore,South,Medium,716.0,Mass
1892,CUST11892,Mumbai,West,Medium,686.0,Mass
1893,CUST11893,Mumbai,West,High,794.0,Mass
1894,CUST11894,Delhi NCR,North,Low,677.0,Mass
1895,CUST11895,Bangalore,South,Low,585.0,Affluent
1896,CUST11896,Hyderabad,South,Medium,773.0,Affluent
1897,CUST11897,Mumbai,West,Medium,694.0,Premium
1898,CUST11898,Kolkata,East,High,763.0,Mass
1899,CUST11899,Kolkata,East,Medium,729.0,Mass
1900,CUST11900,Bangalore,South,Low,646.0,Affluent
1901,CUST11901,Delhi NCR,North,Medium,707.0,Premium
1902,CUST11902,Mumbai,West,High,744.0,Mass
1903,CUST11903,Delhi NCR,North,Medium,769.0,Premium
1904,CUST11904,Hyderabad,South,High,721.0,Mass
1905,CUST11905,Bangalore,South,Medium,714.0,Affluent
1906,CUST11906,Bangalore,South,High,807.0,Mass
1907,CUST11907,Pune,West,Low,627.0,Affluent
1908,CUST11908,Hyderabad,South,High,804.0,Mass
1909,CUST11909,Mumbai,West,Medium,772.0,Mass
1910,CUST11910,Bangalore,South,Low,645.0,Mass
1911,CUST11911,Pune,West,Medium,726.0,Affluent
1912,CUST11912,Bangalore,South,Low,710.0,Mass
1913,CUST11913,Bangalore,South,Low,662.0,Mass
1914,CUST11914,Bangalore,South,Medium,661.0,Affluent
1915,CUST11915,Hyderabad,South,Medium,767.0,Mass
1916,CUST11916,Kolkata,East,Low,720.0,Mass
1917,CUST11917,Delhi NCR,North,Low,561.0,Mass
1918,CUST11918,Hyderabad,South,Medium,739.0,Mass
1919,CUST11919,Kolkata,East,Low,582.0,Mass
1920,CUST11920,Bangalore,South,Low,688.0,Mass
1921,CUST11921,Kolkata,East,Low,719.0,Affluent
1922,CUST11922,Delhi NCR,North,High,799.0,Affluent
1923,CUST11923,Mumbai,West,Medium,740.0,Affluent
1924,CUST11924,Bangalore,South,Medium,675.0,Affluent
1925,CUST11925,Mumbai,West,Medium,677.0,Mass
1926,CUST11926,Mumbai,West,Medium,768.0,Mass
1927,CUST11927,Delhi NCR,North,Medium,670.0,Affluent
1928,CUST11928,Pune,West,Low,716.0,Mass
1929,CUST11929,Delhi NCR,North,High,784.0,Mass
1930,CUST11930,Bangalore,South,Medium,652.0,Affluent
1931,CUST11931,Pune,West,Low,568.0,Mass
1932,CUST11932,Delhi NCR,North,High,746.0,Premium
1933,CUST11933,Bangalore,South,Low,636.0,Mass
1934,CUST11934,Delhi NCR,North,High,744.0,Affluent
1935,CUST11935,Pune,West,Medium,714.0,Mass
1936,CUST11936,Mumbai,West,High,769.0,Mass
1937,CUST11937,Mumbai,West,Medium,690.0,Premium
1938,CUST11938,Delhi NCR,North,Medium,753.0,Mass
1939,CUST11939,Bangalore,South,High,819.0,Affluent
1940,CUST11940,Bangalore,South,Medium,689.0,Mass
1941,CUST11941,Pune,West,Medium,714.0,Mass
1942,CUST11942,Bangalore,South,Low,631.0,Mass
1943,CUST11943,Kolkata,East,Medium,653.0,Mass
1944,CUST11944,Delhi NCR,North,Low,631.0,Affluent
1945,CUST11945,Hyderabad,South,Low,553.0,Mass
1946,CUST11946,Kolkata,East,Low,556.0,Mass
1947,CUST11947,Pune,West,High,850.0,Affluent
1948,CUST11948,Mumbai,West,Low,550.0,Mass
1949,CUST11949,Bangalore,South,High,759.0,Mass
1950,CUST11950,Kolkata,East,High,842.0,Affluent
1951,CUST11951,Pune,West,Low,710.0,Affluent
1952,CUST11952,Delhi NCR,North,Low,598.0,Affluent
1953,CUST11953,Mumbai,West,Medium,666.0,Mass
1954,CUST11954,Hyderabad,South,Medium,692.0,Mass
1955,CUST11955,Delhi NCR,North,High,816.0,Mass
1956,CUST11956,Pune,West,Low,618.0,Mass
1957,CUST11957,Mumbai,West,Low,567.0,Premium
1958,CUST11958,Kolkata,East,High,720.0,Mass
1959,CUST11959,Pune,West,High,754.0,Mass
1960,CUST11960,Kolkata,East,Medium,728.0,Affluent
1961,CUST11961,Delhi NCR,North,Medium,735.0,Mass
1962,CUST11962,Kolkata,East,Medium,692.0,Mass
1963,CUST11963,Pune,West,High,844.0,Mass
1964,CUST11964,Pune,West,Medium,739.0,Affluent
1965,CUST11965,Kolkata,East,Low,608.0,Affluent
1966,CUST11966,Delhi NCR,North,Low,679.0,Affluent
1967,CUST11967,Bangalore,South,Medium,706.0,Premium
1968,CUST11968,Bangalore,South,Medium,674.0,Mass
1969,CUST11969,Hyderabad,South,Low,639.0,Mass
1970,CUST11970,Bangalore,South,High,813.0,Mass
1971,CUST11971,Delhi NCR,North,Low,700.0,Affluent
1972,CUST11972,Hyderabad,South,Low,703.0,Affluent
1973,CUST11973,Pune,West,Medium,726.0,Premium
1974,CUST11974,Mumbai,West,Medium,690.0,Mass
1975,CUST11975,Pune,West,Low,680.0,Mass
1976,CUST11976,Kolkata,East,Medium,720.0,Affluent
1977,CUST11977,Bangalore,South,High,740.0,Premium
1978,CUST11978,Mumbai,West,Medium,680.0,Affluent
1979,CUST11979,Hyderabad,South,Medium,736.0,Mass
1980,CUST11980,Kolkata,East,Low,619.0,Affluent
1981,CUST11981,Kolkata,East,Low,697.0,Affluent
1982,CUST11982,Delhi NCR,North,Medium,751.0,Mass
1983,CUST11983,Bangalore,South,Medium,776.0,Affluent
1984,CUST11984,Pune,West,Low,564.0,Mass
1985,CUST11985,Kolkata,East,Medium,766.0,Mass
1986,CUST11986,Mumbai,West,Low,623.0,Premium
1987,CUST11987,Delhi NCR,North,High,802.0,Affluent
1988,CUST11988,Hyderabad,South,Low,707.0,Mass
1989,CUST11989,Delhi NCR,North,Low,645.0,Premium
1990,CUST11990,Pune,West,Medium,718.0,Mass
1991,CUST11991,Hyderabad,South,High,720.0,Affluent
1992,CUST11992,Mumbai,West,Low,578.0,Affluent
1993,CUST11993,Delhi NCR,North,Medium,689.0,Mass
1994,CUST11994,Bangalore,South,Medium,723.0,Mass
1995,CUST11995,Hyderabad,South,Medium,738.0,Mass
1996,CUST11996,Mumbai,West,Medium,764.0,Mass
1997,CUST11997,Delhi NCR,North,Low,658.0,Mass
1998,CUST11998,Mumbai,West,Medium,771.0,Mass
1999,CUST11999,Pune,West,Medium,723.0,Mass
2000,CUST12000,Kolkata,East,Medium,748.0,Mass
2001,CUST12001,Delhi NCR,North,High,774.0,Premium
2002,CUST12002,Bangalore,South,Medium,657.0,Affluent
2003,CUST12003,Kolkata,East,Low,564.0,Affluent
2004,CUST12004,Mumbai,West,Medium,713.0,Affluent
2005,CUST12005,Bangalore,South,Medium,670.0,Mass
2006,CUST12006,Kolkata,East,Low,584.0,Mass
2007,CUST12007,Mumbai,West,Medium,653.0,Mass
2008,CUST12008,Bangalore,South,Medium,738.0,Mass
2009,CUST12009,Hyderabad,South,Low,660.0,Premium
2010,CUST12010,Kolkata,East,Medium,778.0,Affluent
2011,CUST12011,Hyderabad,South,Low,642.0,Premium
2012,CUST12012,Pune,West,Low,680.0,Mass
2013,CUST12013,Hyderabad,South,Medium,742.0,Premium
2014,CUST12014,Mumbai,West,Medium,748.0,Mass
2015,CUST12015,Bangalore,South,High,762.0,Mass
2016,CUST12016,Pune,West,Medium,780.0,Affluent
2017,CUST12017,Hyderabad,South,Low,563.0,Mass
2018,CUST12018,Delhi NCR,North,Low,714.0,Mass
2019,CUST12019,Bangalore,South,Low,623.0,Mass
2020,CUST12020,Hyderabad,South,Medium,717.0,Mass
2021,CUST12021,Pune,West,Medium,723.0,Mass
2022,CUST12022,Hyderabad,South,Low,629.0,Affluent
2023,CUST12023,Bangalore,South,Low,648.0,Affluent
2024,CUST12024,Delhi NCR,North,Medium,759.0,Mass
2025,CUST12025,Kolkata,East,High,736.0,Affluent
2026,CUST12026,Kolkata,East,Low,580.0,Mass
2027,CUST12027,Delhi NCR,North,Medium,743.0,Mass
2028,CUST12028,Pune,West,Medium,721.0,Mass
2029,CUST12029,Delhi NCR,North,Low,576.0,Mass
2030,CUST12030,Pune,West,Low,715.0,Affluent
2031,CUST12031,Delhi NCR,North,Low,707.0,Affluent
2032,CUST12032,Hyderabad,South,High,742.0,Affluent
2033,CUST12033,Mumbai,West,Medium,746.0,Affluent
2034,CUST12034,Hyderabad,South,Medium,699.0,Mass
2035,CUST12035,Hyderabad,South,Low,709.0,Mass
2036,CUST12036,Mumbai,West,High,759.0,Mass
2037,CUST12037,Hyderabad,South,Low,656.0,Mass
2038,CUST12038,Kolkata,East,Medium,702.0,Mass
2039,CUST12039,Pune,West,Low,682.0,Mass
2040,CUST12040,Kolkata,East,Medium,756.0,Affluent
2041,CUST12041,Mumbai,West,Low,684.0,Affluent
2042,CUST12042,Pune,West,Medium,728.0,Mass
2043,CUST12043,Pune,West,Low,688.0,Affluent
2044,CUST12044,Bangalore,South,Low,656.0,Affluent
2045,CUST12045,Pune,West,Low,664.0,Affluent
2046,CUST12046,Kolkata,East,Medium,657.0,Affluent
2047,CUST12047,Bangalore,South,Low,657.0,Mass
2048,CUST12048,Mumbai,West,Low,675.0,Affluent
2049,CUST12049,Bangalore,South,Low,686.0,Premium
2050,CUST12050,Bangalore,South,High,833.0,Affluent
2051,CUST12051,Hyderabad,South,Medium,674.0,Mass
2052,CUST12052,Pune,West,Low,608.0,Mass
2053,CUST12053,Mumbai,West,Medium,703.0,Mass
2054,CUST12054,Mumbai,West,Medium,711.0,Affluent
2055,CUST12055,Bangalore,South,Medium,693.0,Mass
2056,CUST12056,Pune,West,Low,616.0,Affluent
2057,CUST12057,Bangalore,South,Medium,695.0,Mass
2058,CUST12058,Bangalore,South,Medium,696.0,Mass
2059,CUST12059,Bangalore,South,Low,569.0,Affluent
2060,CUST12060,Mumbai,West,Medium,769.0,Premium
2061,CUST12061,Bangalore,South,Medium,722.0,Mass
2062,CUST12062,Kolkata,East,Low,601.0,Affluent
2063,CUST12063,Delhi NCR,North,Medium,702.0,Mass
2064,CUST12064,Mumbai,West,Medium,658.0,Affluent
2065,CUST12065,Delhi NCR,North,Medium,747.0,Mass
2066,CUST12066,Mumbai,West,Medium,749.0,Affluent
2067,CUST12067,Delhi NCR,North,High,773.0,Mass
2068,CUST12068,Bangalore,South,Medium,746.0,Mass
2069,CUST12069,Delhi NCR,North,Low,621.0,Mass
2070,CUST12070,Mumbai,West,Medium,776.0,Affluent
2071,CUST12071,Mumbai,West,High,744.0,Mass
2072,CUST12072,Bangalore,South,Medium,718.0,Affluent
2073,CUST12073,Pune,West,Medium,739.0,Affluent
2074,CUST12074,Mumbai,West,Medium,747.0,Affluent
2075,CUST12075,Kolkata,East,Low,718.0,Mass
2076,CUST12076,Bangalore,South,Medium,663.0,Mass
2077,CUST12077,Pune,West,High,782.0,Mass
2078,CUST12078,Bangalore,South,Low,593.0,Mass
2079,CUST12079,Bangalore,South,Low,642.0,Mass
2080,CUST12080,Delhi NCR,North,Low,569.0,Mass
2081,CUST12081,Mumbai,West,High,721.0,Affluent
2082,CUST12082,Bangalore,South,Low,704.0,Mass
2083,CUST12083,Delhi NCR,North,Medium,692.0,Affluent
2084,CUST12084,Delhi NCR,North,Low,559.0,Mass
2085,CUST12085,Bangalore,South,Medium,707.0,Affluent
2086,CUST12086,Delhi NCR,North,Low,652.0,Premium
2087,CUST12087,Delhi NCR,North,Medium,666.0,Mass
2088,CUST12088,Kolkata,East,Medium,703.0,Mass
2089,CUST12089,Kolkata,East,Medium,749.0,Mass
2090,CUST12090,Kolkata,East,Medium,738.0,Mass
2091,CUST12091,Pune,West,Low,603.0,Affluent
2092,CUST12092,Delhi NCR,North,High,752.0,Mass
2093,CUST12093,Hyderabad,South,Medium,723.0,Mass
2094,CUST12094,Mumbai,West,Low,644.0,Mass
2095,CUST12095,Mumbai,West,Low,553.0,Affluent
2096,CUST12096,Bangalore,South,Medium,738.0,Affluent
2097,CUST12097,Bangalore,South,Medium,659.0,Affluent
2098,CUST12098,Pune,West,Low,651.0,Mass
2099,CUST12099,Kolkata,East,Medium,684.0,Affluent
2100,CUST12100,Delhi NCR,North,Low,560.0,Mass
2101,CUST12101,Bangalore,South,Low,611.0,Mass
2102,CUST12102,Pune,West,Low,559.0,Mass
2103,CUST12103,Hyderabad,South,High,745.0,Mass
2104,CUST12104,Pune,West,High,781.0,Mass
2105,CUST12105,Bangalore,South,Medium,673.0,Affluent
2106,CUST12106,Bangalore,South,High,732.0,Mass
2107,CUST12107,Delhi NCR,North,Medium,686.0,Mass
2108,CUST12108,Delhi NCR,North,Low,580.0,Mass
2109,CUST12109,Bangalore,South,Low,712.0,Affluent
2110,CUST12110,Bangalore,South,High,757.0,Mass
2111,CUST12111,Bangalore,South,Medium,723.0,Mass
2112,CUST12112,Delhi NCR,North,Low,583.0,Mass
2113,CUST12113,Pune,West,Low,598.0,Mass
2114,CUST12114,Delhi NCR,North,Medium,693.0,Premium
2115,CUST12115,Kolkata,East,Medium,710.0,Mass
2116,CUST12116,Bangalore,South,Low,675.0,Mass
2117,CUST12117,Kolkata,East,Low,635.0,Premium
2118,CUST12118,Delhi NCR,North,Medium,747.0,Affluent
2119,CUST12119,Mumbai,West,Medium,755.0,Mass
2120,CUST12120,Delhi NCR,North,Medium,720.0,Affluent
2121,CUST12121,Hyderabad,South,Medium,723.0,Affluent
2122,CUST12122,Mumbai,West,High,836.0,Mass
2123,CUST12123,Hyderabad,South,Medium,746.0,Mass
2124,CUST12124,Mumbai,West,High,768.0,Mass
2125,CUST12125,Mumbai,West,Medium,663.0,Mass
2126,CUST12126,Hyderabad,South,Low,646.0,Premium
2127,CUST12127,Mumbai,West,Low,581.0,Premium
2128,CUST12128,Pune,West,High,761.0,Mass
2129,CUST12129,Hyderabad,South,Low,600.0,Affluent
2130,CUST12130,Hyderabad,South,Low,632.0,Mass
2131,CUST12131,Kolkata,East,Medium,765.0,Mass
2132,CUST12132,Hyderabad,South,Low,596.0,Affluent
2133,CUST12133,Pune,West,Low,589.0,Premium
2134,CUST12134,Mumbai,West,Low,590.0,Mass
2135,CUST12135,Delhi NCR,North,Low,685.0,Mass
2136,CUST12136,Delhi NCR,North,Low,571.0,Affluent
2137,CUST12137,Delhi NCR,North,Medium,695.0,Premium
2138,CUST12138,Pune,West,Low,557.0,Mass
2139,CUST12139,Hyderabad,South,Low,698.0,Affluent
2140,CUST12140,Pune,West,Low,560.0,Premium
2141,CUST12141,Pune,West,Medium,726.0,Premium
2142,CUST12142,Mumbai,West,Low,591.0,Mass
2143,CUST12143,Delhi NCR,North,Medium,744.0,Mass
2144,CUST12144,Hyderabad,South,Medium,706.0,Mass
2145,CUST12145,Kolkata,East,Medium,739.0,Premium
2146,CUST12146,Mumbai,West,Low,707.0,Premium
2147,CUST12147,Pune,West,Low,667.0,Affluent
2148,CUST12148,Bangalore,South,Low,637.0,Premium
2149,CUST12149,Kolkata,East,High,779.0,Affluent
2150,CUST12150,Delhi NCR,North,Medium,743.0,Mass
2151,CUST12151,Kolkata,East,Low,706.0,Premium
2152,CUST12152,Mumbai,West,Low,698.0,Affluent
2153,CUST12153,Pune,West,Medium,773.0,Mass
2154,CUST12154,Bangalore,South,Medium,697.0,Mass
2155,CUST12155,Bangalore,South,High,777.0,Mass
2156,CUST12156,Delhi NCR,North,Medium,653.0,Affluent
2157,CUST12157,Mumbai,West,Medium,667.0,Mass
2158,CUST12158,Kolkata,East,Medium,778.0,Affluent
2159,CUST12159,Bangalore,South,Low,669.0,Mass
2160,CUST12160,Pune,West,Medium,675.0,Mass
2161,CUST12161,Bangalore,South,Medium,747.0,Affluent
2162,CUST12162,Bangalore,South,Low,647.0,Affluent
2163,CUST12163,Kolkata,East,Low,667.0,Affluent
2164,CUST12164,Pune,West,Low,583.0,Mass
2165,CUST12165,Pune,West,Medium,717.0,Affluent
2166,CUST12166,Pune,West,Low,720.0,Mass
2167,CUST12167,Mumbai,West,High,810.0,Affluent
2168,CUST12168,Pune,West,Medium,668.0,Affluent
2169,CUST12169,Delhi NCR,North,Medium,757.0,Mass
2170,CUST12170,Pune,West,Medium,717.0,Affluent
2171,CUST12171,Mumbai,West,Medium,727.0,Mass
2172,CUST12172,Hyderabad,South,Low,618.0,Mass
2173,CUST12173,Delhi NCR,North,High,803.0,Affluent
2174,CUST12174,Delhi NCR,North,High,830.0,Mass
2175,CUST12175,Bangalore,South,Low,607.0,Affluent
2176,CUST12176,Delhi NCR,North,High,795.0,Affluent
2177,CUST12177,Delhi NCR,North,Low,720.0,Mass
2178,CUST12178,Delhi NCR,North,Medium,718.0,Mass
2179,CUST12179,Delhi NCR,North,Medium,666.0,Mass
2180,CUST12180,Bangalore,South,Medium,713.0,Premium
2181,CUST12181,Pune,West,High,813.0,Affluent
2182,CUST12182,Delhi NCR,North,Medium,697.0,Premium
2183,CUST12183,Delhi NCR,North,High,822.0,Mass
2184,CUST12184,Bangalore,South,Medium,768.0,Mass
2185,CUST12185,Mumbai,West,Medium,747.0,Affluent
2186,CUST12186,Bangalore,South,Low,710.0,Mass
2187,CUST12187,Delhi NCR,North,Low,557.0,Premium
2188,CUST12188,Hyderabad,South,Medium,667.0,Affluent
2189,CUST12189,Pune,West,Low,624.0,Mass
2190,CUST12190,Kolkata,East,Medium,726.0,Mass
2191,CUST12191,Delhi NCR,North,Low,673.0,Affluent
2192,CUST12192,Bangalore,South,Medium,656.0,Affluent
2193,CUST12193,Bangalore,South,Low,563.0,Mass
2194,CUST12194,Pune,West,High,832.0,Affluent
2195,CUST12195,Delhi NCR,North,Medium,725.0,Affluent
2196,CUST12196,Kolkata,East,Low,695.0,Mass
2197,CUST12197,Kolkata,East,Low,656.0,Affluent
2198,CUST12198,Bangalore,South,Low,583.0,Mass
2199,CUST12199,Mumbai,West,Low,620.0,Mass
2200,CUST12200,Pune,West,High,809.0,Mass
2201,CUST12201,Bangalore,South,Medium,743.0,Mass
2202,CUST12202,Pune,West,Medium,731.0,Mass
2203,CUST12203,Mumbai,West,Low,660.0,Mass
2204,CUST12204,Hyderabad,South,High,749.0,Mass
2205,CUST12205,Bangalore,South,Low,638.0,Mass
2206,CUST12206,Mumbai,West,Low,639.0,Mass
2207,CUST12207,Mumbai,West,Low,667.0,Mass
2208,CUST12208,Hyderabad,South,Low,637.0,Mass
2209,CUST12209,Delhi NCR,North,Medium,735.0,Mass
2210,CUST12210,Mumbai,West,Low,661.0,Premium
2211,CUST12211,Delhi NCR,North,High,744.0,Mass
2212,CUST12212,Bangalore,South,Low,599.0,Mass
2213,CUST12213,Bangalore,South,Low,715.0,Mass
2214,CUST12214,Hyderabad,South,High,785.0,Mass
2215,CUST12215,Pune,West,High,801.0,Mass
2216,CUST12216,Bangalore,South,Low,559.0,Affluent
2217,CUST12217,Hyderabad,South,Low,597.0,Affluent
2218,CUST12218,Delhi NCR,North,Low,558.0,Mass
2219,CUST12219,Kolkata,East,Medium,695.0,Mass
2220,CUST12220,Bangalore,South,High,831.0,Mass
2221,CUST12221,Pune,West,Medium,759.0,Affluent
2222,CUST12222,Pune,West,Medium,708.0,Mass
2223,CUST12223,Delhi NCR,North,Medium,653.0,Mass
2224,CUST12224,Kolkata,East,Medium,710.0,Affluent
2225,CUST12225,Mumbai,West,High,745.0,Mass
2226,CUST12226,Pune,West,High,726.0,Affluent
2227,CUST12227,Kolkata,East,Medium,692.0,Mass
2228,CUST12228,Pune,West,High,748.0,Mass
2229,CUST12229,Kolkata,East,Low,714.0,Affluent
2230,CUST12230,Delhi NCR,North,Medium,728.0,Mass
2231,CUST12231,Pune,West,Low,615.0,Affluent
2232,CUST12232,Kolkata,East,Low,712.0,Mass
2233,CUST12233,Delhi NCR,North,Low,561.0,Mass
2234,CUST12234,Delhi NCR,North,Medium,694.0,Mass
2235,CUST12235,Hyderabad,South,Low,660.0,Premium
2236,CUST12236,Pune,West,Medium,761.0,Mass
2237,CUST12237,Bangalore,South,Medium,659.0,Affluent
2238,CUST12238,Bangalore,South,Low,694.0,Affluent
2239,CUST12239,Pune,West,Medium,769.0,Affluent
2240,CUST12240,Delhi NCR,North,High,829.0,Mass
2241,CUST12241,Hyderabad,South,Medium,709.0,Affluent
2242,CUST12242,Pune,West,Low,567.0,Mass
2243,CUST12243,Mumbai,West,Medium,684.0,Mass
2244,CUST12244,Bangalore,South,High,777.0,Mass
2245,CUST12245,Pune,West,Low,606.0,Affluent
2246,CUST12246,Delhi NCR,North,Medium,740.0,Mass
2247,CUST12247,Hyderabad,South,Medium,696.0,Mass
2248,CUST12248,Pune,West,Low,571.0,Mass
2249,CUST12249,Pune,West,Low,571.0,Mass
2250,CUST12250,Hyderabad,South,High,803.0,Premium
2251,CUST12251,Pune,West,Low,714.0,Mass
2252,CUST12252,Hyderabad,South,Low,657.0,Affluent
2253,CUST12253,Kolkata,East,Medium,672.0,Mass
2254,CUST12254,Mumbai,West,Medium,711.0,Mass
2255,CUST12255,Kolkata,East,Low,718.0,Mass
2256,CUST12256,Pune,West,Medium,750.0,Premium
2257,CUST12257,Hyderabad,South,Low,685.0,Mass
2258,CUST12258,Hyderabad,South,Low,605.0,Affluent
2259,CUST12259,Kolkata,East,Medium,661.0,Premium
2260,CUST12260,Hyderabad,South,Low,676.0,Mass
2261,CUST12261,Hyderabad,South,Low,640.0,Affluent
2262,CUST12262,Mumbai,West,Medium,659.0,Mass
2263,CUST12263,Bangalore,South,High,733.0,Mass
2264,CUST12264,Kolkata,East,Low,709.0,Mass
2265,CUST12265,Delhi NCR,North,Low,701.0,Affluent
2266,CUST12266,Kolkata,East,High,814.0,Mass
2267,CUST12267,Hyderabad,South,High,739.0,Mass
2268,CUST12268,Kolkata,East,Medium,667.0,Mass
2269,CUST12269,Delhi NCR,North,Low,650.0,Mass
2270,CUST12270,Mumbai,West,Low,702.0,Affluent
2271,CUST12271,Pune,West,Medium,660.0,Mass
2272,CUST12272,Hyderabad,South,Low,711.0,Mass
2273,CUST12273,Kolkata,East,Low,629.0,Affluent
2274,CUST12274,Kolkata,East,High,846.0,Mass
2275,CUST12275,Kolkata,East,Low,584.0,Mass
2276,CUST12276,Mumbai,West,Medium,673.0,Mass
2277,CUST12277,Mumbai,West,Medium,735.0,Mass
2278,CUST12278,Bangalore,South,Low,720.0,Affluent
2279,CUST12279,Mumbai,West,Low,636.0,Affluent
2280,CUST12280,Pune,West,High,746.0,Affluent
2281,CUST12281,Bangalore,South,High,753.0,Mass
2282,CUST12282,Delhi NCR,North,Medium,713.0,Mass
2283,CUST12283,Kolkata,East,Low,699.0,Premium
2284,CUST12284,Mumbai,West,Low,692.0,Mass
2285,CUST12285,Hyderabad,South,Medium,751.0,Mass
2286,CUST12286,Hyderabad,South,High,803.0,Affluent
2287,CUST12287,Mumbai,West,High,846.0,Mass
2288,CUST12288,Bangalore,South,Low,677.0,Premium
2289,CUST12289,Mumbai,West,Medium,767.0,Mass
2290,CUST12290,Kolkata,East,Low,556.0,Affluent
2291,CUST12291,Delhi NCR,North,Medium,650.0,Mass
2292,CUST12292,Mumbai,West,Low,551.0,Affluent
2293,CUST12293,Kolkata,East,Low,574.0,Mass
2294,CUST12294,Hyderabad,South,Low,556.0,Affluent
2295,CUST12295,Kolkata,East,Medium,740.0,Mass
2296,CUST12296,Mumbai,West,High,724.0,Mass
2297,CUST12297,Hyderabad,South,High,788.0,Mass
2298,CUST12298,Kolkata,East,Low,701.0,Mass
2299,CUST12299,Bangalore,South,Medium,752.0,Affluent
2300,CUST12300,Pune,West,Low,586.0,Premium
2301,CUST12301,Delhi NCR,North,Medium,763.0,Premium
2302,CUST12302,Delhi NCR,North,Medium,718.0,Mass
2303,CUST12303,Pune,West,Medium,693.0,Premium
2304,CUST12304,Pune,West,Low,596.0,Affluent
2305,CUST12305,Kolkata,East,Medium,755.0,Affluent
2306,CUST12306,Bangalore,South,Medium,673.0,Mass
2307,CUST12307,Pune,West,Medium,779.0,Mass
2308,CUST12308,Hyderabad,South,High,775.0,Affluent
2309,CUST12309,Delhi NCR,North,Medium,720.0,Mass
2310,CUST12310,Bangalore,South,Low,566.0,Affluent
2311,CUST12311,Kolkata,East,Low,625.0,Mass
2312,CUST12312,Kolkata,East,Medium,727.0,Mass
2313,CUST12313,Bangalore,South,Low,607.0,Affluent
2314,CUST12314,Pune,West,Medium,709.0,Mass
2315,CUST12315,Hyderabad,South,Medium,665.0,Affluent
2316,CUST12316,Kolkata,East,Low,669.0,Mass
2317,CUST12317,Kolkata,East,Low,605.0,Mass
2318,CUST12318,Mumbai,West,Medium,715.0,Mass
2319,CUST12319,Delhi NCR,North,Medium,690.0,Mass
2320,CUST12320,Bangalore,South,High,844.0,Mass
2321,CUST12321,Kolkata,East,High,771.0,Mass
2322,CUST12322,Bangalore,South,Low,570.0,Premium
2323,CUST12323,Bangalore,South,Low,590.0,Premium
2324,CUST12324,Mumbai,West,Medium,753.0,Mass
2325,CUST12325,Pune,West,Low,705.0,Mass
2326,CUST12326,Hyderabad,South,Low,659.0,Mass
2327,CUST12327,Bangalore,South,Medium,778.0,Affluent
2328,CUST12328,Pune,West,Low,644.0,Mass
2329,CUST12329,Hyderabad,South,Low,697.0,Mass
2330,CUST12330,Delhi NCR,North,Medium,660.0,Mass
2331,CUST12331,Pune,West,Medium,736.0,Affluent
2332,CUST12332,Mumbai,West,Medium,752.0,Affluent
2333,CUST12333,Delhi NCR,North,Medium,714.0,Premium
2334,CUST12334,Hyderabad,South,High,725.0,Premium
2335,CUST12335,Kolkata,East,Low,705.0,Mass
2336,CUST12336,Kolkata,East,Low,704.0,Mass
2337,CUST12337,Pune,West,Medium,707.0,Mass
2338,CUST12338,Delhi NCR,North,Medium,707.0,Affluent
2339,CUST12339,Mumbai,West,Low,555.0,Premium
2340,CUST12340,Hyderabad,South,Low,576.0,Affluent
2341,CUST12341,Kolkata,East,Low,684.0,Mass
2342,CUST12342,Pune,West,Medium,655.0,Mass
2343,CUST12343,Mumbai,West,Low,713.0,Mass
2344,CUST12344,Delhi NCR,North,High,790.0,Mass
2345,CUST12345,Bangalore,South,Low,588.0,Affluent
2346,CUST12346,Kolkata,East,High,808.0,Affluent
2347,CUST12347,Bangalore,South,Medium,701.0,Mass
2348,CUST12348,Hyderabad,South,Medium,775.0,Mass
2349,CUST12349,Pune,West,Low,556.0,Affluent
2350,CUST12350,Hyderabad,South,High,754.0,Mass
2351,CUST12351,Mumbai,West,High,735.0,Mass
2352,CUST12352,Pune,West,Medium,780.0,Mass
2353,CUST12353,Hyderabad,South,Medium,735.0,Affluent
2354,CUST12354,Mumbai,West,Low,631.0,Mass
2355,CUST12355,Hyderabad,South,Medium,748.0,Affluent
2356,CUST12356,Pune,West,Low,665.0,Mass
2357,CUST12357,Delhi NCR,North,Low,618.0,Mass
2358,CUST12358,Delhi NCR,North,High,741.0,Mass
2359,CUST12359,Bangalore,South,Medium,761.0,Mass
2360,CUST12360,Pune,West,Low,661.0,Affluent
2361,CUST12361,Hyderabad,South,Medium,780.0,Affluent
2362,CUST12362,Pune,West,Low,717.0,Affluent
2363,CUST12363,Delhi NCR,North,Medium,669.0,Mass
2364,CUST12364,Hyderabad,South,Medium,742.0,Affluent
2365,CUST12365,Pune,West,Medium,749.0,Mass
2366,CUST12366,Mumbai,West,Low,557.0,Premium
2367,CUST12367,Mumbai,West,Medium,672.0,Mass
2368,CUST12368,Kolkata,East,Low,565.0,Mass
2369,CUST12369,Mumbai,West,High,803.0,Mass
2370,CUST12370,Hyderabad,South,Medium,734.0,Affluent
2371,CUST12371,Kolkata,East,Medium,682.0,Mass
2372,CUST12372,Hyderabad,South,Medium,771.0,Affluent
2373,CUST12373,Hyderabad,South,Medium,650.0,Mass
2374,CUST12374,Delhi NCR,North,Low,670.0,Premium
2375,CUST12375,Mumbai,West,Low,599.0,Mass
2376,CUST12376,Hyderabad,South,Low,582.0,Affluent
2377,CUST12377,Kolkata,East,Medium,741.0,Mass
2378,CUST12378,Pune,West,Medium,696.0,Premium
2379,CUST12379,Kolkata,East,Low,672.0,Affluent
2380,CUST12380,Bangalore,South,Low,614.0,Mass
2381,CUST12381,Bangalore,South,Medium,709.0,Mass
2382,CUST12382,Bangalore,South,Medium,713.0,Premium
2383,CUST12383,Kolkata,East,Medium,734.0,Affluent
2384,CUST12384,Delhi NCR,North,Low,593.0,Mass
2385,CUST12385,Delhi NCR,North,Medium,717.0,Affluent
2386,CUST12386,Hyderabad,South,Low,616.0,Mass
2387,CUST12387,Hyderabad,South,High,771.0,Mass
2388,CUST12388,Kolkata,East,Medium,652.0,Affluent
2389,CUST12389,Mumbai,West,High,839.0,Affluent
2390,CUST12390,Hyderabad,South,Medium,692.0,Affluent
2391,CUST12391,Hyderabad,South,Low,680.0,Affluent
2392,CUST12392,Kolkata,East,Low,682.0,Affluent
2393,CUST12393,Hyderabad,South,Low,682.0,Affluent
2394,CUST12394,Delhi NCR,North,Low,618.0,Premium
2395,CUST12395,Delhi NCR,North,Low,708.0,Affluent
2396,CUST12396,Pune,West,Medium,711.0,Affluent
2397,CUST12397,Kolkata,East,Low,595.0,Mass
2398,CUST12398,Bangalore,South,Low,616.0,Affluent
2399,CUST12399,Kolkata,East,Medium,758.0,Mass
2400,CUST12400,Kolkata,East,Medium,661.0,Affluent
2401,CUST12401,Kolkata,East,Medium,715.0,Mass
2402,CUST12402,Pune,West,Low,662.0,Mass
2403,CUST12403,Hyderabad,South,Low,690.0,Mass
2404,CUST12404,Hyderabad,South,Low,687.0,Affluent
2405,CUST12405,Mumbai,West,Low,653.0,Mass
2406,CUST12406,Delhi NCR,North,Low,646.0,Mass
2407,CUST12407,Hyderabad,South,High,846.0,Mass
2408,CUST12408,Delhi NCR,North,Low,713.0,Mass
2409,CUST12409,Delhi NCR,North,High,750.0,Mass
2410,CUST12410,Hyderabad,South,Medium,680.0,Affluent
2411,CUST12411,Hyderabad,South,Low,719.0,Affluent
2412,CUST12412,Hyderabad,South,Medium,760.0,Mass
2413,CUST12413,Hyderabad,South,High,739.0,Mass
2414,CUST12414,Kolkata,East,Low,695.0,Mass
2415,CUST12415,Pune,West,Medium,776.0,Mass
2416,CUST12416,Hyderabad,South,Medium,758.0,Affluent
2417,CUST12417,Hyderabad,South,Low,576.0,Affluent
2418,CUST12418,Hyderabad,South,High,788.0,Mass
2419,CUST12419,Kolkata,East,Medium,686.0,Mass
2420,CUST12420,Bangalore,South,Medium,694.0,Mass
2421,CUST12421,Delhi NCR,North,High,848.0,Premium
2422,CUST12422,Mumbai,West,High,768.0,Mass
2423,CUST12423,Bangalore,South,Medium,763.0,Mass
2424,CUST12424,Delhi NCR,North,Low,623.0,Mass
2425,CUST12425,Hyderabad,South,High,744.0,Affluent
2426,CUST12426,Mumbai,West,Low,597.0,Mass
2427,CUST12427,Delhi NCR,North,High,805.0,Mass
2428,CUST12428,Mumbai,West,Medium,650.0,Affluent
2429,CUST12429,Hyderabad,South,High,840.0,Mass
2430,CUST12430,Pune,West,Medium,700.0,Affluent
2431,CUST12431,Mumbai,West,Low,650.0,Affluent
2432,CUST12432,Bangalore,South,Low,599.0,Mass
2433,CUST12433,Hyderabad,South,High,802.0,Mass
2434,CUST12434,Mumbai,West,High,782.0,Premium
2435,CUST12435,Delhi NCR,North,Medium,694.0,Affluent
2436,CUST12436,Pune,West,Low,636.0,Mass
2437,CUST12437,Bangalore,South,Medium,667.0,Mass
2438,CUST12438,Bangalore,South,Medium,741.0,Affluent
2439,CUST12439,Kolkata,East,Medium,770.0,Affluent
2440,CUST12440,Mumbai,West,Low,672.0,Affluent
2441,CUST12441,Mumbai,West,Low,582.0,Mass
2442,CUST12442,Bangalore,South,Medium,667.0,Mass
2443,CUST12443,Bangalore,South,High,798.0,Mass
2444,CUST12444,Bangalore,South,Low,599.0,Premium
2445,CUST12445,Hyderabad,South,High,778.0,Affluent
2446,CUST12446,Hyderabad,South,Medium,726.0,Mass
2447,CUST12447,Pune,West,Low,698.0,Mass
2448,CUST12448,Kolkata,East,High,823.0,Mass
2449,CUST12449,Delhi NCR,North,Medium,764.0,Affluent
2450,CUST12450,Delhi NCR,North,Medium,746.0,Affluent
2451,CUST12451,Pune,West,Medium,725.0,Mass
2452,CUST12452,Delhi NCR,North,Medium,669.0,Affluent
2453,CUST12453,Mumbai,West,Medium,764.0,Mass
2454,CUST12454,Bangalore,South,High,807.0,Affluent
2455,CUST12455,Mumbai,West,Medium,693.0,Affluent
2456,CUST12456,Mumbai,West,Medium,778.0,Affluent
2457,CUST12457,Hyderabad,South,Low,585.0,Mass
2458,CUST12458,Mumbai,West,Low,701.0,Mass
2459,CUST12459,Kolkata,East,Medium,660.0,Mass
2460,CUST12460,Mumbai,West,Low,720.0,Mass
2461,CUST12461,Pune,West,High,796.0,Affluent
2462,CUST12462,Hyderabad,South,High,735.0,Mass
2463,CUST12463,Pune,West,Medium,658.0,Mass
2464,CUST12464,Delhi NCR,North,Low,557.0,Affluent
2465,CUST12465,Mumbai,West,High,789.0,Mass
2466,CUST12466,Hyderabad,South,Medium,701.0,Mass
2467,CUST12467,Mumbai,West,High,774.0,Premium
2468,CUST12468,Delhi NCR,North,Medium,776.0,Premium
2469,CUST12469,Bangalore,South,Low,577.0,Mass
2470,CUST12470,Mumbai,West,High,805.0,Mass
2471,CUST12471,Kolkata,East,Medium,683.0,Affluent
2472,CUST12472,Kolkata,East,Low,702.0,Affluent
2473,CUST12473,Pune,West,High,732.0,Mass
2474,CUST12474,Kolkata,East,High,794.0,Mass
2475,CUST12475,Mumbai,West,Medium,682.0,Mass
2476,CUST12476,Mumbai,West,High,797.0,Affluent
2477,CUST12477,Kolkata,East,Medium,656.0,Affluent
2478,CUST12478,Kolkata,East,High,739.0,Affluent
2479,CUST12479,Hyderabad,South,High,741.0,Mass
2480,CUST12480,Bangalore,South,High,775.0,Affluent
2481,CUST12481,Pune,West,Medium,724.0,Affluent
2482,CUST12482,Delhi NCR,North,Medium,700.0,Mass
2483,CUST12483,Pune,West,Low,603.0,Affluent
2484,CUST12484,Delhi NCR,North,Low,655.0,Affluent
2485,CUST12485,Mumbai,West,High,805.0,Mass
2486,CUST12486,Delhi NCR,North,High,727.0,Premium
2487,CUST12487,Bangalore,South,Low,638.0,Affluent
2488,CUST12488,Hyderabad,South,Medium,654.0,Premium
2489,CUST12489,Bangalore,South,High,787.0,Mass
2490,CUST12490,Hyderabad,South,Low,634.0,Affluent
2491,CUST12491,Bangalore,South,Low,653.0,Premium
2492,CUST12492,Kolkata,East,Medium,722.0,Mass
2493,CUST12493,Mumbai,West,High,835.0,Affluent
2494,CUST12494,Pune,West,High,740.0,Mass
2495,CUST12495,Pune,West,Medium,675.0,Mass
2496,CUST12496,Pune,West,Low,698.0,Mass
2497,CUST12497,Mumbai,West,Medium,752.0,Affluent
2498,CUST12498,Hyderabad,South,Medium,742.0,Mass
2499,CUST12499,Delhi NCR,North,Low,635.0,Mass
2500,CUST12500,Pune,West,Medium,660.0,Premium
2501,CUST12501,Bangalore,South,Medium,716.0,Mass
2502,CUST12502,Delhi NCR,North,Medium,686.0,Mass
2503,CUST12503,Bangalore,South,Medium,733.0,Affluent
2504,CUST12504,Hyderabad,South,Medium,661.0,Mass
2505,CUST12505,Delhi NCR,North,Medium,770.0,Mass
2506,CUST12506,Delhi NCR,North,Medium,744.0,Mass
2507,CUST12507,Kolkata,East,Medium,728.0,Mass
2508,CUST12508,Kolkata,East,Low,666.0,Affluent
2509,CUST12509,Bangalore,South,Medium,669.0,Premium
2510,CUST12510,Delhi NCR,North,Low,701.0,Mass
2511,CUST12511,Bangalore,South,Medium,720.0,Mass
2512,CUST12512,Mumbai,West,Low,691.0,Affluent
2513,CUST12513,Mumbai,West,Low,648.0,Affluent
2514,CUST12514,Mumbai,West,Medium,659.0,Mass
2515,CUST12515,Bangalore,South,Medium,677.0,Mass
2516,CUST12516,Pune,West,High,754.0,Premium
2517,CUST12517,Pune,West,Low,576.0,Mass
2518,CUST12518,Mumbai,West,High,803.0,Mass
2519,CUST12519,Delhi NCR,North,Low,696.0,Affluent
2520,CUST12520,Hyderabad,South,Low,660.0,Affluent
2521,CUST12521,Mumbai,West,Low,589.0,Mass
2522,CUST12522,Pune,West,High,834.0,Affluent
2523,CUST12523,Mumbai,West,Low,706.0,Affluent
2524,CUST12524,Delhi NCR,North,Medium,687.0,Mass
2525,CUST12525,Kolkata,East,Low,660.0,Mass
2526,CUST12526,Mumbai,West,Low,628.0,Affluent
2527,CUST12527,Kolkata,East,High,729.0,Mass
2528,CUST12528,Kolkata,East,Medium,684.0,Mass
2529,CUST12529,Pune,West,Medium,681.0,Mass
2530,CUST12530,Hyderabad,South,High,796.0,Mass
2531,CUST12531,Kolkata,East,Low,713.0,Affluent
2532,CUST12532,Mumbai,West,Low,603.0,Mass
2533,CUST12533,Delhi NCR,North,High,827.0,Mass
2534,CUST12534,Hyderabad,South,Medium,744.0,Mass
2535,CUST12535,Pune,West,High,782.0,Affluent
2536,CUST12536,Delhi NCR,North,Low,599.0,Affluent
2537,CUST12537,Hyderabad,South,Medium,711.0,Mass
2538,CUST12538,Bangalore,South,Low,594.0,Affluent
2539,CUST12539,Kolkata,East,Low,719.0,Mass
2540,CUST12540,Kolkata,East,Medium,701.0,Mass
2541,CUST12541,Kolkata,East,Medium,653.0,Affluent
2542,CUST12542,Bangalore,South,Medium,719.0,Mass
2543,CUST12543,Delhi NCR,North,Medium,709.0,Mass
2544,CUST12544,Hyderabad,South,Low,675.0,Premium
2545,CUST12545,Delhi NCR,North,Low,675.0,Affluent
2546,CUST12546,Delhi NCR,North,Medium,681.0,Premium
2547,CUST12547,Mumbai,West,High,740.0,Mass
2548,CUST12548,Bangalore,South,Medium,780.0,Premium
2549,CUST12549,Pune,West,High,815.0,Affluent
2550,CUST12550,Bangalore,South,Low,701.0,Mass
2551,CUST12551,Bangalore,South,Medium,692.0,Affluent
2552,CUST12552,Kolkata,East,Medium,731.0,Mass
2553,CUST12553,Delhi NCR,North,Low,582.0,Mass
2554,CUST12554,Kolkata,East,Low,684.0,Mass
2555,CUST12555,Hyderabad,South,High,735.0,Affluent
2556,CUST12556,Pune,West,Low,708.0,Affluent
2557,CUST12557,Mumbai,West,Medium,694.0,Mass
2558,CUST12558,Hyderabad,South,Low,715.0,Mass
2559,CUST12559,Delhi NCR,North,Medium,729.0,Mass
2560,CUST12560,Pune,West,Low,578.0,Mass
2561,CUST12561,Delhi NCR,North,Low,647.0,Mass
2562,CUST12562,Delhi NCR,North,Medium,705.0,Mass
2563,CUST12563,Mumbai,West,High,736.0,Mass
2564,CUST12564,Delhi NCR,North,Low,603.0,Mass
2565,CUST12565,Mumbai,West,Low,628.0,Mass
2566,CUST12566,Delhi NCR,North,Low,714.0,Mass
2567,CUST12567,Hyderabad,South,Medium,657.0,Affluent
2568,CUST12568,Bangalore,South,Low,585.0,Premium
2569,CUST12569,Pune,West,Low,671.0,Mass
2570,CUST12570,Mumbai,West,High,733.0,Mass
2571,CUST12571,Pune,West,Low,709.0,Mass
2572,CUST12572,Pune,West,Medium,765.0,Mass
2573,CUST12573,Pune,West,Low,701.0,Mass
2574,CUST12574,Hyderabad,South,Medium,666.0,Mass
2575,CUST12575,Delhi NCR,North,Low,661.0,Affluent
2576,CUST12576,Bangalore,South,Medium,692.0,Mass
2577,CUST12577,Pune,West,Medium,705.0,Mass
2578,CUST12578,Kolkata,East,Medium,660.0,Mass
2579,CUST12579,Hyderabad,South,Low,622.0,Mass
2580,CUST12580,Hyderabad,South,Low,641.0,Affluent
2581,CUST12581,Pune,West,Low,566.0,Mass
2582,CUST12582,Delhi NCR,North,High,843.0,Affluent
2583,CUST12583,Mumbai,West,Medium,744.0,Mass
2584,CUST12584,Kolkata,East,Medium,685.0,Mass
2585,CUST12585,Delhi NCR,North,Medium,727.0,Mass
2586,CUST12586,Delhi NCR,North,Low,569.0,Mass
2587,CUST12587,Hyderabad,South,High,840.0,Affluent
2588,CUST12588,Bangalore,South,Medium,755.0,Premium
2589,CUST12589,Kolkata,East,Medium,678.0,Mass
2590,CUST12590,Kolkata,East,High,804.0,Affluent
2591,CUST12591,Mumbai,West,Medium,776.0,Mass
2592,CUST12592,Kolkata,East,High,735.0,Mass
2593,CUST12593,Delhi NCR,North,Medium,744.0,Mass
2594,CUST12594,Kolkata,East,Medium,727.0,Mass
2595,CUST12595,Delhi NCR,North,Low,627.0,Affluent
2596,CUST12596,Bangalore,South,Medium,723.0,Mass
2597,CUST12597,Pune,West,Low,602.0,Mass
2598,CUST12598,Hyderabad,South,Low,715.0,Mass
2599,CUST12599,Kolkata,East,Medium,655.0,Affluent
2600,CUST12600,Bangalore,South,Medium,666.0,Mass
2601,CUST12601,Mumbai,West,High,847.0,Affluent
2602,CUST12602,Kolkata,East,Low,562.0,Mass
2603,CUST12603,Mumbai,West,Low,616.0,Mass
2604,CUST12604,Kolkata,East,Medium,728.0,Mass
2605,CUST12605,Delhi NCR,North,Medium,753.0,Affluent
2606,CUST12606,Hyderabad,South,Medium,729.0,Mass
2607,CUST12607,Kolkata,East,Medium,767.0,Affluent
2608,CUST12608,Mumbai,West,Low,654.0,Mass
2609,CUST12609,Mumbai,West,Medium,762.0,Affluent
2610,CUST12610,Pune,West,Low,668.0,Affluent
2611,CUST12611,Bangalore,South,Medium,724.0,Mass
2612,CUST12612,Bangalore,South,Medium,710.0,Mass
2613,CUST12613,Pune,West,High,746.0,Affluent
2614,CUST12614,Pune,West,Medium,676.0,Affluent
2615,CUST12615,Bangalore,South,Medium,722.0,Mass
2616,CUST12616,Mumbai,West,High,790.0,Affluent
2617,CUST12617,Pune,West,Medium,737.0,Affluent
2618,CUST12618,Pune,West,Medium,657.0,Mass
2619,CUST12619,Pune,West,Medium,665.0,Affluent
2620,CUST12620,Hyderabad,South,High,799.0,Affluent
2621,CUST12621,Pune,West,Medium,703.0,Mass
2622,CUST12622,Mumbai,West,High,770.0,Mass
2623,CUST12623,Mumbai,West,Medium,688.0,Mass
2624,CUST12624,Hyderabad,South,Low,594.0,Mass
2625,CUST12625,Mumbai,West,Medium,741.0,Mass
2626,CUST12626,Hyderabad,South,Medium,663.0,Mass
2627,CUST12627,Bangalore,South,Low,710.0,Affluent
2628,CUST12628,Delhi NCR,North,Low,677.0,Affluent
2629,CUST12629,Hyderabad,South,Low,660.0,Mass
2630,CUST12630,Bangalore,South,Low,628.0,Affluent
2631,CUST12631,Delhi NCR,North,Medium,705.0,Affluent
2632,CUST12632,Hyderabad,South,Low,584.0,Mass
2633,CUST12633,Delhi NCR,North,Low,620.0,Mass
2634,CUST12634,Mumbai,West,Low,696.0,Mass
2635,CUST12635,Hyderabad,South,Low,637.0,Mass
2636,CUST12636,Delhi NCR,North,Medium,677.0,Premium
2637,CUST12637,Pune,West,Low,562.0,Mass
2638,CUST12638,Kolkata,East,Medium,762.0,Premium
2639,CUST12639,Delhi NCR,North,Low,611.0,Mass
2640,CUST12640,Delhi NCR,North,High,807.0,Affluent
2641,CUST12641,Hyderabad,South,Medium,699.0,Premium
2642,CUST12642,Delhi NCR,North,Low,658.0,Affluent
2643,CUST12643,Pune,West,Low,695.0,Mass
2644,CUST12644,Hyderabad,South,High,805.0,Mass
2645,CUST12645,Kolkata,East,Medium,739.0,Mass
2646,CUST12646,Delhi NCR,North,Low,617.0,Mass
2647,CUST12647,Mumbai,West,Low,558.0,Affluent
2648,CUST12648,Pune,West,Low,646.0,Mass
2649,CUST12649,Hyderabad,South,Medium,664.0,Mass
2650,CUST12650,Hyderabad,South,Low,574.0,Premium
2651,CUST12651,Bangalore,South,Low,669.0,Premium
2652,CUST12652,Bangalore,South,Low,701.0,Mass
2653,CUST12653,Delhi NCR,North,High,806.0,Mass
2654,CUST12654,Kolkata,East,Medium,719.0,Mass
2655,CUST12655,Pune,West,Medium,695.0,Mass
2656,CUST12656,Delhi NCR,North,Low,623.0,Affluent
2657,CUST12657,Delhi NCR,North,Low,666.0,Affluent
2658,CUST12658,Hyderabad,South,Low,669.0,Mass
2659,CUST12659,Bangalore,South,Medium,735.0,Premium
2660,CUST12660,Kolkata,East,Medium,774.0,Affluent
2661,CUST12661,Bangalore,South,Low,558.0,Affluent
2662,CUST12662,Mumbai,West,Medium,770.0,Mass
2663,CUST12663,Pune,West,High,774.0,Mass
2664,CUST12664,Kolkata,East,Medium,680.0,Mass
2665,CUST12665,Mumbai,West,Low,717.0,Mass
2666,CUST12666,Bangalore,South,Low,588.0,Premium
2667,CUST12667,Delhi NCR,North,Medium,692.0,Mass
2668,CUST12668,Delhi NCR,North,Low,561.0,Mass
2669,CUST12669,Bangalore,South,Low,557.0,Mass
2670,CUST12670,Hyderabad,South,Medium,717.0,Affluent
2671,CUST12671,Bangalore,South,Medium,714.0,Affluent
2672,CUST12672,Hyderabad,South,Low,593.0,Affluent
2673,CUST12673,Hyderabad,South,Low,643.0,Affluent
2674,CUST12674,Bangalore,South,Medium,713.0,Mass
2675,CUST12675,Delhi NCR,North,Medium,664.0,Mass
2676,CUST12676,Delhi NCR,North,Low,647.0,Affluent
2677,CUST12677,Mumbai,West,Medium,658.0,Affluent
2678,CUST12678,Bangalore,South,Medium,662.0,Mass
2679,CUST12679,Delhi NCR,North,High,813.0,Affluent
2680,CUST12680,Bangalore,South,Low,561.0,Mass
2681,CUST12681,Bangalore,South,Low,558.0,Mass
2682,CUST12682,Delhi NCR,North,Medium,658.0,Mass
2683,CUST12683,Bangalore,South,Low,593.0,Mass
2684,CUST12684,Delhi NCR,North,High,790.0,Affluent
2685,CUST12685,Hyderabad,South,Medium,751.0,Affluent
2686,CUST12686,Mumbai,West,Low,641.0,Affluent
2687,CUST12687,Mumbai,West,Low,653.0,Mass
2688,CUST12688,Bangalore,South,Medium,695.0,Affluent
2689,CUST12689,Delhi NCR,North,Medium,668.0,Mass
2690,CUST12690,Mumbai,West,Low,636.0,Mass
2691,CUST12691,Mumbai,West,Low,593.0,Affluent
2692,CUST12692,Pune,West,Medium,669.0,Affluent
2693,CUST12693,Hyderabad,South,Medium,687.0,Premium
2694,CUST12694,Delhi NCR,North,High,809.0,Affluent
2695,CUST12695,Delhi NCR,North,Medium,763.0,Mass
2696,CUST12696,Bangalore,South,Medium,749.0,Mass
2697,CUST12697,Mumbai,West,Medium,774.0,Mass
2698,CUST12698,Delhi NCR,North,Low,643.0,Mass
2699,CUST12699,Kolkata,East,High,780.0,Mass
2700,CUST12700,Hyderabad,South,Medium,705.0,Mass
2701,CUST12701,Delhi NCR,North,High,771.0,Mass
2702,CUST12702,Pune,West,High,850.0,Mass
2703,CUST12703,Delhi NCR,North,Low,640.0,Affluent
2704,CUST12704,Pune,West,Medium,756.0,Affluent
2705,CUST12705,Kolkata,East,Medium,656.0,Affluent
2706,CUST12706,Kolkata,East,High,814.0,Mass
2707,CUST12707,Hyderabad,South,Low,562.0,Mass
2708,CUST12708,Delhi NCR,North,High,813.0,Mass
2709,CUST12709,Mumbai,West,Medium,654.0,Affluent
2710,CUST12710,Bangalore,South,Medium,689.0,Mass
2711,CUST12711,Kolkata,East,Low,665.0,Affluent
2712,CUST12712,Mumbai,West,Low,605.0,Affluent
2713,CUST12713,Hyderabad,South,Low,677.0,Affluent
2714,CUST12714,Kolkata,East,Low,586.0,Mass
2715,CUST12715,Pune,West,Medium,778.0,Affluent
2716,CUST12716,Kolkata,East,Low,616.0,Mass
2717,CUST12717,Delhi NCR,North,Medium,682.0,Mass
2718,CUST12718,Kolkata,East,Low,613.0,Affluent
2719,CUST12719,Hyderabad,South,Medium,780.0,Affluent
2720,CUST12720,Delhi NCR,North,Low,670.0,Mass
2721,CUST12721,Delhi NCR,North,Medium,738.0,Mass
2722,CUST12722,Kolkata,East,Medium,756.0,Affluent
2723,CUST12723,Mumbai,West,Medium,779.0,Mass
2724,CUST12724,Mumbai,West,Medium,665.0,Mass
2725,CUST12725,Bangalore,South,Low,650.0,Mass
2726,CUST12726,Pune,West,Low,618.0,Mass
2727,CUST12727,Bangalore,South,Low,673.0,Mass
2728,CUST12728,Bangalore,South,Medium,775.0,Mass
2729,CUST12729,Delhi NCR,North,Medium,773.0,Affluent
2730,CUST12730,Delhi NCR,North,Low,630.0,Mass
2731,CUST12731,Bangalore,South,Low,574.0,Mass
2732,CUST12732,Hyderabad,South,Medium,697.0,Mass
2733,CUST12733,Kolkata,East,High,812.0,Mass
2734,CUST12734,Mumbai,West,Low,636.0,Affluent
2735,CUST12735,Pune,West,High,828.0,Affluent
2736,CUST12736,Mumbai,West,Medium,725.0,Mass
2737,CUST12737,Kolkata,East,Medium,707.0,Affluent
2738,CUST12738,Delhi NCR,North,Medium,651.0,Mass
2739,CUST12739,Pune,West,High,802.0,Affluent
2740,CUST12740,Delhi NCR,North,Medium,728.0,Mass
2741,CUST12741,Hyderabad,South,Low,681.0,Affluent
2742,CUST12742,Mumbai,West,Low,718.0,Affluent
2743,CUST12743,Mumbai,West,Medium,680.0,Mass
2744,CUST12744,Kolkata,East,Medium,752.0,Mass
2745,CUST12745,Bangalore,South,High,825.0,Affluent
2746,CUST12746,Delhi NCR,North,Medium,780.0,Affluent
2747,CUST12747,Bangalore,South,High,816.0,Affluent
2748,CUST12748,Hyderabad,South,High,812.0,Affluent
2749,CUST12749,Bangalore,South,Medium,669.0,Premium
2750,CUST12750,Kolkata,East,Low,699.0,Affluent
2751,CUST12751,Hyderabad,South,Medium,685.0,Affluent
2752,CUST12752,Delhi NCR,North,Low,696.0,Premium
2753,CUST12753,Pune,West,Medium,676.0,Affluent
2754,CUST12754,Bangalore,South,Low,618.0,Affluent
2755,CUST12755,Delhi NCR,North,High,759.0,Mass
2756,CUST12756,Bangalore,South,Medium,689.0,Affluent
2757,CUST12757,Hyderabad,South,Low,670.0,Mass
2758,CUST12758,Bangalore,South,Medium,696.0,Mass
2759,CUST12759,Delhi NCR,North,Low,627.0,Mass
2760,CUST12760,Delhi NCR,North,High,842.0,Mass
2761,CUST12761,Delhi NCR,North,High,727.0,Mass
2762,CUST12762,Delhi NCR,North,Low,666.0,Mass
2763,CUST12763,Bangalore,South,Low,701.0,Affluent
2764,CUST12764,Bangalore,South,Medium,733.0,Affluent
2765,CUST12765,Mumbai,West,Medium,693.0,Mass
2766,CUST12766,Hyderabad,South,Low,603.0,Mass
2767,CUST12767,Pune,West,High,775.0,Mass
2768,CUST12768,Bangalore,South,Medium,725.0,Affluent
2769,CUST12769,Delhi NCR,North,Low,569.0,Mass
2770,CUST12770,Kolkata,East,Medium,666.0,Affluent
2771,CUST12771,Hyderabad,South,Low,639.0,Affluent
2772,CUST12772,Bangalore,South,Medium,741.0,Mass
2773,CUST12773,Bangalore,South,High,849.0,Mass
2774,CUST12774,Delhi NCR,North,Low,655.0,Mass
2775,CUST12775,Kolkata,East,Medium,687.0,Mass
2776,CUST12776,Mumbai,West,Low,695.0,Mass
2777,CUST12777,Pune,West,Medium,737.0,Affluent
2778,CUST12778,Kolkata,East,Medium,727.0,Mass
2779,CUST12779,Bangalore,South,Medium,756.0,Affluent
2780,CUST12780,Kolkata,East,High,741.0,Premium
2781,CUST12781,Hyderabad,South,Medium,725.0,Mass
2782,CUST12782,Kolkata,East,Medium,727.0,Mass
2783,CUST12783,Bangalore,South,Low,575.0,Mass
2784,CUST12784,Delhi NCR,North,Low,661.0,Mass
2785,CUST12785,Mumbai,West,Medium,724.0,Mass
2786,CUST12786,Hyderabad,South,Low,552.0,Mass
2787,CUST12787,Bangalore,South,Low,555.0,Mass
2788,CUST12788,Hyderabad,South,Medium,710.0,Affluent
2789,CUST12789,Hyderabad,South,Medium,716.0,Mass
2790,CUST12790,Hyderabad,South,Low,645.0,Affluent
2791,CUST12791,Delhi NCR,North,High,836.0,Mass
2792,CUST12792,Kolkata,East,High,720.0,Mass
2793,CUST12793,Pune,West,Medium,765.0,Affluent
2794,CUST12794,Delhi NCR,North,High,756.0,Mass
2795,CUST12795,Mumbai,West,Low,593.0,Mass
2796,CUST12796,Kolkata,East,Low,577.0,Affluent
2797,CUST12797,Pune,West,Low,711.0,Mass
2798,CUST12798,Hyderabad,South,Low,692.0,Affluent
2799,CUST12799,Hyderabad,South,Medium,716.0,Mass
2800,CUST12800,Mumbai,West,High,756.0,Affluent
2801,CUST12801,Pune,West,Low,580.0,Mass
2802,CUST12802,Hyderabad,South,High,720.0,Mass
2803,CUST12803,Bangalore,South,Low,578.0,Mass
2804,CUST12804,Bangalore,South,Medium,719.0,Mass
2805,CUST12805,Mumbai,West,Low,582.0,Affluent
2806,CUST12806,Hyderabad,South,Medium,762.0,Mass
2807,CUST12807,Hyderabad,South,High,795.0,Affluent
2808,CUST12808,Mumbai,West,Low,718.0,Mass
2809,CUST12809,Mumbai,West,Medium,754.0,Mass
2810,CUST12810,Pune,West,Medium,734.0,Mass
2811,CUST12811,Pune,West,Low,683.0,Mass
2812,CUST12812,Delhi NCR,North,Low,588.0,Premium
2813,CUST12813,Kolkata,East,Medium,705.0,Mass
2814,CUST12814,Bangalore,South,Low,643.0,Mass
2815,CUST12815,Kolkata,East,Medium,768.0,Affluent
2816,CUST12816,Hyderabad,South,Medium,750.0,Mass
2817,CUST12817,Pune,West,High,756.0,Mass
2818,CUST12818,Bangalore,South,Medium,719.0,Affluent
2819,CUST12819,Delhi NCR,North,Medium,757.0,Mass
2820,CUST12820,Hyderabad,South,Low,569.0,Mass
2821,CUST12821,Hyderabad,South,High,831.0,Premium
2822,CUST12822,Bangalore,South,High,807.0,Premium
2823,CUST12823,Kolkata,East,Medium,699.0,Mass
2824,CUST12824,Kolkata,East,Low,562.0,Mass
2825,CUST12825,Hyderabad,South,Medium,736.0,Mass
2826,CUST12826,Kolkata,East,Medium,717.0,Mass
2827,CUST12827,Kolkata,East,Medium,665.0,Affluent
2828,CUST12828,Kolkata,East,Medium,688.0,Mass
2829,CUST12829,Kolkata,East,Low,620.0,Affluent
2830,CUST12830,Mumbai,West,Medium,726.0,Mass
2831,CUST12831,Delhi NCR,North,Low,580.0,Affluent
2832,CUST12832,Bangalore,South,Low,614.0,Mass
2833,CUST12833,Bangalore,South,Medium,658.0,Premium
2834,CUST12834,Kolkata,East,Medium,687.0,Affluent
2835,CUST12835,Bangalore,South,High,812.0,Mass
2836,CUST12836,Hyderabad,South,Low,644.0,Mass
2837,CUST12837,Delhi NCR,North,Medium,769.0,Affluent
2838,CUST12838,Mumbai,West,Low,668.0,Mass
2839,CUST12839,Hyderabad,South,Low,609.0,Affluent
2840,CUST12840,Mumbai,West,High,833.0,Affluent
2841,CUST12841,Kolkata,East,High,739.0,Mass
2842,CUST12842,Pune,West,Medium,751.0,Mass
2843,CUST12843,Pune,West,Medium,675.0,Affluent
2844,CUST12844,Kolkata,East,High,763.0,Mass
2845,CUST12845,Delhi NCR,North,Low,576.0,Affluent
2846,CUST12846,Bangalore,South,Medium,666.0,Mass
2847,CUST12847,Hyderabad,South,Low,588.0,Mass
2848,CUST12848,Delhi NCR,North,Low,631.0,Mass
2849,CUST12849,Mumbai,West,Medium,657.0,Mass
2850,CUST12850,Mumbai,West,Low,561.0,Affluent
2851,CUST12851,Mumbai,West,Medium,762.0,Mass
2852,CUST12852,Bangalore,South,High,834.0,Affluent
2853,CUST12853,Delhi NCR,North,Medium,738.0,Mass
2854,CUST12854,Bangalore,South,Low,679.0,Mass
2855,CUST12855,Delhi NCR,North,Medium,776.0,Mass
2856,CUST12856,Bangalore,South,Medium,730.0,Affluent
2857,CUST12857,Hyderabad,South,High,754.0,Mass
2858,CUST12858,Hyderabad,South,Low,612.0,Mass
2859,CUST12859,Pune,West,Medium,756.0,Affluent
2860,CUST12860,Bangalore,South,Low,603.0,Premium
2861,CUST12861,Pune,West,Low,563.0,Mass
2862,CUST12862,Kolkata,East,Low,560.0,Mass
2863,CUST12863,Mumbai,West,Medium,715.0,Mass
2864,CUST12864,Pune,West,High,730.0,Mass
2865,CUST12865,Delhi NCR,North,Low,612.0,Affluent
2866,CUST12866,Bangalore,South,High,844.0,Mass
2867,CUST12867,Pune,West,Medium,699.0,Affluent
2868,CUST12868,Delhi NCR,North,Low,609.0,Affluent
2869,CUST12869,Pune,West,Medium,766.0,Premium
2870,CUST12870,Mumbai,West,Medium,675.0,Affluent
2871,CUST12871,Pune,West,High,818.0,Mass
2872,CUST12872,Pune,West,Low,598.0,Mass
2873,CUST12873,Kolkata,East,Low,685.0,Mass
2874,CUST12874,Hyderabad,South,Medium,679.0,Affluent
2875,CUST12875,Pune,West,Low,556.0,Affluent
2876,CUST12876,Kolkata,East,High,759.0,Premium
2877,CUST12877,Delhi NCR,North,High,822.0,Mass
2878,CUST12878,Kolkata,East,Medium,685.0,Premium
2879,CUST12879,Pune,West,Medium,731.0,Mass
2880,CUST12880,Delhi NCR,North,Medium,719.0,Mass
2881,CUST12881,Pune,West,Low,717.0,Mass
2882,CUST12882,Pune,West,Low,665.0,Mass
2883,CUST12883,Pune,West,Low,701.0,Mass
2884,CUST12884,Kolkata,East,Medium,654.0,Mass
2885,CUST12885,Pune,West,Low,617.0,Mass
2886,CUST12886,Kolkata,East,Low,671.0,Mass
2887,CUST12887,Pune,West,Low,632.0,Mass
2888,CUST12888,Mumbai,West,Medium,656.0,Affluent
2889,CUST12889,Pune,West,Low,672.0,Affluent
2890,CUST12890,Delhi NCR,North,Medium,711.0,Mass
2891,CUST12891,Kolkata,East,Low,713.0,Mass
2892,CUST12892,Mumbai,West,Low,673.0,Affluent
2893,CUST12893,Delhi NCR,North,Low,597.0,Premium
2894,CUST12894,Hyderabad,South,Low,605.0,Premium
2895,CUST12895,Bangalore,South,Medium,695.0,Mass
2896,CUST12896,Pune,West,Low,683.0,Mass
2897,CUST12897,Kolkata,East,Medium,742.0,Mass
2898,CUST12898,Kolkata,East,Low,596.0,Mass
2899,CUST12899,Mumbai,West,Low,578.0,Affluent
2900,CUST12900,Pune,West,Medium,743.0,Premium
2901,CUST12901,Pune,West,Low,690.0,Affluent
2902,CUST12902,Bangalore,South,Medium,764.0,Mass
2903,CUST12903,Bangalore,South,Low,690.0,Mass
2904,CUST12904,Hyderabad,South,Low,584.0,Mass
2905,CUST12905,Delhi NCR,North,Low,666.0,Affluent
2906,CUST12906,Bangalore,South,Medium,738.0,Mass
2907,CUST12907,Bangalore,South,Medium,711.0,Affluent
2908,CUST12908,Kolkata,East,Low,603.0,Premium
2909,CUST12909,Delhi NCR,North,Low,563.0,Mass
2910,CUST12910,Delhi NCR,North,Medium,667.0,Mass
2911,CUST12911,Mumbai,West,High,836.0,Premium
2912,CUST12912,Delhi NCR,North,Medium,764.0,Affluent
2913,CUST12913,Bangalore,South,High,749.0,Affluent
2914,CUST12914,Delhi NCR,North,Medium,664.0,Mass
2915,CUST12915,Hyderabad,South,Medium,704.0,Mass
2916,CUST12916,Delhi NCR,North,Medium,690.0,Affluent
2917,CUST12917,Bangalore,South,Low,661.0,Mass
2918,CUST12918,Kolkata,East,Medium,692.0,Mass
2919,CUST12919,Hyderabad,South,Low,603.0,Mass
2920,CUST12920,Delhi NCR,North,Low,638.0,Mass
2921,CUST12921,Kolkata,East,Low,644.0,Affluent
2922,CUST12922,Hyderabad,South,High,736.0,Mass
2923,CUST12923,Kolkata,East,High,803.0,Mass
2924,CUST12924,Kolkata,East,Low,695.0,Affluent
2925,CUST12925,Bangalore,South,High,796.0,Mass
2926,CUST12926,Hyderabad,South,Low,662.0,Mass
2927,CUST12927,Hyderabad,South,High,764.0,Affluent
2928,CUST12928,Bangalore,South,High,850.0,Premium
2929,CUST12929,Bangalore,South,Medium,777.0,Premium
2930,CUST12930,Hyderabad,South,Medium,732.0,Mass
2931,CUST12931,Pune,West,Medium,732.0,Affluent
2932,CUST12932,Mumbai,West,Medium,663.0,Affluent
2933,CUST12933,Hyderabad,South,Medium,755.0,Affluent
2934,CUST12934,Bangalore,South,High,815.0,Mass
2935,CUST12935,Kolkata,East,Medium,685.0,Mass
2936,CUST12936,Bangalore,South,Medium,729.0,Mass
2937,CUST12937,Delhi NCR,North,Medium,777.0,Mass
2938,CUST12938,Kolkata,East,Low,689.0,Affluent
2939,CUST12939,Mumbai,West,Medium,751.0,Mass
2940,CUST12940,Hyderabad,South,High,819.0,Affluent
2941,CUST12941,Delhi NCR,North,Medium,696.0,Affluent
2942,CUST12942,Kolkata,East,Low,576.0,Affluent
2943,CUST12943,Hyderabad,South,Low,550.0,Mass
2944,CUST12944,Pune,West,Medium,690.0,Mass
2945,CUST12945,Delhi NCR,North,Low,607.0,Mass
2946,CUST12946,Kolkata,East,Low,622.0,Mass
2947,CUST12947,Bangalore,South,Medium,684.0,Mass
2948,CUST12948,Hyderabad,South,Low,574.0,Mass
2949,CUST12949,Bangalore,South,Medium,770.0,Mass
2950,CUST12950,Pune,West,Low,583.0,Affluent
2951,CUST12951,Pune,West,Medium,744.0,Mass
2952,CUST12952,Kolkata,East,Medium,730.0,Affluent
2953,CUST12953,Delhi NCR,North,High,778.0,Premium
2954,CUST12954,Bangalore,South,Medium,667.0,Affluent
2955,CUST12955,Hyderabad,South,Medium,739.0,Mass
2956,CUST12956,Pune,West,Medium,686.0,Affluent
2957,CUST12957,Delhi NCR,North,Medium,732.0,Mass
2958,CUST12958,Mumbai,West,Low,561.0,Mass
2959,CUST12959,Mumbai,West,Medium,727.0,Mass
2960,CUST12960,Kolkata,East,Medium,681.0,Affluent
2961,CUST12961,Mumbai,West,Low,611.0,Affluent
2962,CUST12962,Delhi NCR,North,Medium,674.0,Mass
2963,CUST12963,Mumbai,West,Low,632.0,Mass
2964,CUST12964,Kolkata,East,Medium,676.0,Affluent
2965,CUST12965,Kolkata,East,Medium,718.0,Affluent
2966,CUST12966,Mumbai,West,Low,707.0,Affluent
2967,CUST12967,Hyderabad,South,Low,617.0,Mass
2968,CUST12968,Pune,West,High,789.0,Mass
2969,CUST12969,Delhi NCR,North,Low,591.0,Affluent
2970,CUST12970,Mumbai,West,Medium,672.0,Premium
2971,CUST12971,Kolkata,East,Low,654.0,Affluent
2972,CUST12972,Bangalore,South,Low,669.0,Mass
2973,CUST12973,Kolkata,East,Medium,658.0,Mass
2974,CUST12974,Pune,West,Low,580.0,Mass
2975,CUST12975,Kolkata,East,Low,644.0,Mass
2976,CUST12976,Hyderabad,South,Medium,763.0,Premium
2977,CUST12977,Kolkata,East,High,727.0,Affluent
2978,CUST12978,Pune,West,Medium,758.0,Premium
2979,CUST12979,Kolkata,East,Low,643.0,Mass
2980,CUST12980,Mumbai,West,Low,692.0,Mass
2981,CUST12981,Delhi NCR,North,Low,642.0,Affluent
2982,CUST12982,Kolkata,East,High,760.0,Mass
2983,CUST12983,Hyderabad,South,Medium,754.0,Mass
2984,CUST12984,Kolkata,East,Medium,684.0,Mass
2985,CUST12985,Hyderabad,South,Medium,745.0,Affluent
2986,CUST12986,Hyderabad,South,Medium,714.0,Affluent
2987,CUST12987,Kolkata,East,Low,684.0,Affluent
2988,CUST12988,Pune,West,Low,554.0,Mass
2989,CUST12989,Mumbai,West,Low,569.0,Mass
2990,CUST12990,Pune,West,Low,616.0,Premium
2991,CUST12991,Bangalore,South,High,818.0,Affluent
2992,CUST12992,Kolkata,East,Low,670.0,Premium
2993,CUST12993,Delhi NCR,North,Medium,699.0,Affluent
2994,CUST12994,Kolkata,East,Low,658.0,Affluent
2995,CUST12995,Delhi NCR,North,Low,681.0,Mass
2996,CUST12996,Pune,West,Medium,671.0,Mass
2997,CUST12997,Delhi NCR,North,Medium,777.0,Affluent
2998,CUST12998,Mumbai,West,Low,711.0,Mass
2999,CUST12999,Pune,West,Medium,672.0,Affluent
3000,CUST13000,Mumbai,West,Medium,771.0,Mass
3001,CUST13001,Kolkata,East,Low,590.0,Affluent
3002,CUST13002,Delhi NCR,North,Low,592.0,Mass
3003,CUST13003,Bangalore,South,Low,553.0,Premium
3004,CUST13004,Pune,West,Medium,675.0,Affluent
3005,CUST13005,Delhi NCR,North,Medium,756.0,Mass
3006,CUST13006,Delhi NCR,North,Low,707.0,Mass
3007,CUST13007,Pune,West,Low,567.0,Mass
3008,CUST13008,Delhi NCR,North,Medium,662.0,Mass
3009,CUST13009,Kolkata,East,High,733.0,Mass
3010,CUST13010,Bangalore,South,Low,611.0,Mass
3011,CUST13011,Bangalore,South,Low,693.0,Mass
3012,CUST13012,Mumbai,West,Medium,740.0,Mass
3013,CUST13013,Hyderabad,South,Low,624.0,Affluent
3014,CUST13014,Delhi NCR,North,Medium,654.0,Mass
3015,CUST13015,Mumbai,West,Medium,697.0,Affluent
3016,CUST13016,Kolkata,East,Low,574.0,Mass
3017,CUST13017,Hyderabad,South,Low,717.0,Mass
3018,CUST13018,Delhi NCR,North,High,781.0,Affluent
3019,CUST13019,Hyderabad,South,Medium,715.0,Mass
3020,CUST13020,Mumbai,West,Low,565.0,Affluent
3021,CUST13021,Bangalore,South,Medium,693.0,Mass
3022,CUST13022,Bangalore,South,Medium,777.0,Affluent
3023,CUST13023,Delhi NCR,North,Low,683.0,Premium
3024,CUST13024,Mumbai,West,Low,591.0,Mass
3025,CUST13025,Mumbai,West,Low,589.0,Affluent
3026,CUST13026,Kolkata,East,High,827.0,Affluent
3027,CUST13027,Kolkata,East,Low,594.0,Mass
3028,CUST13028,Mumbai,West,Low,552.0,Premium
3029,CUST13029,Pune,West,Low,681.0,Mass
3030,CUST13030,Delhi NCR,North,High,788.0,Affluent
3031,CUST13031,Mumbai,West,Medium,746.0,Affluent
3032,CUST13032,Hyderabad,South,Low,636.0,Affluent
3033,CUST13033,Pune,West,High,752.0,Mass
3034,CUST13034,Mumbai,West,Medium,735.0,Mass
3035,CUST13035,Mumbai,West,Medium,711.0,Mass
3036,CUST13036,Bangalore,South,Low,688.0,Affluent
3037,CUST13037,Pune,West,High,803.0,Affluent
3038,CUST13038,Mumbai,West,Medium,671.0,Affluent
3039,CUST13039,Kolkata,East,Low,701.0,Premium
3040,CUST13040,Bangalore,South,Low,699.0,Affluent
3041,CUST13041,Bangalore,South,Medium,740.0,Mass
3042,CUST13042,Bangalore,South,Medium,664.0,Mass
3043,CUST13043,Bangalore,South,Medium,728.0,Affluent
3044,CUST13044,Delhi NCR,North,Medium,742.0,Mass
3045,CUST13045,Hyderabad,South,Low,550.0,Mass
3046,CUST13046,Bangalore,South,High,792.0,Mass
3047,CUST13047,Bangalore,South,Low,642.0,Mass
3048,CUST13048,Hyderabad,South,Low,624.0,Mass
3049,CUST13049,Pune,West,Low,680.0,Mass
3050,CUST13050,Kolkata,East,Medium,726.0,Affluent
3051,CUST13051,Hyderabad,South,Low,693.0,Mass
3052,CUST13052,Kolkata,East,Low,610.0,Mass
3053,CUST13053,Mumbai,West,Medium,689.0,Mass
3054,CUST13054,Mumbai,West,Low,607.0,Mass
3055,CUST13055,Hyderabad,South,Medium,777.0,Affluent
3056,CUST13056,Bangalore,South,Low,604.0,Mass
3057,CUST13057,Hyderabad,South,Medium,683.0,Affluent
3058,CUST13058,Pune,West,Medium,681.0,Mass
3059,CUST13059,Bangalore,South,Low,615.0,Mass
3060,CUST13060,Mumbai,West,Low,550.0,Mass
3061,CUST13061,Pune,West,Low,603.0,Mass
3062,CUST13062,Bangalore,South,Medium,771.0,Mass
3063,CUST13063,Delhi NCR,North,Low,666.0,Premium
3064,CUST13064,Delhi NCR,North,Low,567.0,Mass
3065,CUST13065,Kolkata,East,Medium,772.0,Mass
3066,CUST13066,Mumbai,West,High,829.0,Mass
3067,CUST13067,Delhi NCR,North,Low,704.0,Mass
3068,CUST13068,Kolkata,East,Medium,775.0,Mass
3069,CUST13069,Hyderabad,South,Low,590.0,Premium
3070,CUST13070,Mumbai,West,High,768.0,Mass
3071,CUST13071,Pune,West,Medium,695.0,Mass
3072,CUST13072,Hyderabad,South,High,742.0,Mass
3073,CUST13073,Kolkata,East,Medium,744.0,Affluent
3074,CUST13074,Mumbai,West,Medium,738.0,Mass
3075,CUST13075,Kolkata,East,Medium,673.0,Affluent
3076,CUST13076,Kolkata,East,Low,704.0,Mass
3077,CUST13077,Kolkata,East,Low,677.0,Mass
3078,CUST13078,Pune,West,Medium,650.0,Mass
3079,CUST13079,Hyderabad,South,Low,700.0,Mass
3080,CUST13080,Pune,West,Medium,736.0,Premium
3081,CUST13081,Delhi NCR,North,High,792.0,Mass
3082,CUST13082,Kolkata,East,Medium,763.0,Affluent
3083,CUST13083,Delhi NCR,North,Medium,705.0,Mass
3084,CUST13084,Delhi NCR,North,Low,600.0,Mass
3085,CUST13085,Pune,West,High,728.0,Affluent
3086,CUST13086,Mumbai,West,Medium,767.0,Mass
3087,CUST13087,Delhi NCR,North,Low,584.0,Mass
3088,CUST13088,Bangalore,South,Medium,777.0,Mass
3089,CUST13089,Delhi NCR,North,Low,611.0,Mass
3090,CUST13090,Kolkata,East,Medium,680.0,Premium
3091,CUST13091,Delhi NCR,North,Low,643.0,Premium
3092,CUST13092,Hyderabad,South,Medium,760.0,Mass
3093,CUST13093,Kolkata,East,High,797.0,Mass
3094,CUST13094,Mumbai,West,Medium,695.0,Mass
3095,CUST13095,Hyderabad,South,Medium,724.0,Premium
3096,CUST13096,Pune,West,Medium,659.0,Mass
3097,CUST13097,Hyderabad,South,Low,569.0,Mass
3098,CUST13098,Bangalore,South,Low,603.0,Premium
3099,CUST13099,Mumbai,West,Low,668.0,Affluent
3100,CUST13100,Hyderabad,South,Medium,759.0,Mass
3101,CUST13101,Hyderabad,South,Low,577.0,Premium
3102,CUST13102,Kolkata,East,Low,625.0,Mass
3103,CUST13103,Mumbai,West,Medium,749.0,Mass
3104,CUST13104,Mumbai,West,Low,606.0,Affluent
3105,CUST13105,Mumbai,West,Low,670.0,Mass
3106,CUST13106,Bangalore,South,Low,554.0,Premium
3107,CUST13107,Delhi NCR,North,Low,687.0,Mass
3108,CUST13108,Bangalore,South,Medium,771.0,Mass
3109,CUST13109,Pune,West,Low,665.0,Mass
3110,CUST13110,Pune,West,High,788.0,Mass
3111,CUST13111,Bangalore,South,Medium,708.0,Affluent
3112,CUST13112,Mumbai,West,High,739.0,Mass
3113,CUST13113,Kolkata,East,Low,671.0,Mass
3114,CUST13114,Delhi NCR,North,Low,585.0,Mass
3115,CUST13115,Kolkata,East,Medium,702.0,Premium
3116,CUST13116,Pune,West,Low,589.0,Mass
3117,CUST13117,Delhi NCR,North,Medium,748.0,Mass
3118,CUST13118,Hyderabad,South,Medium,694.0,Mass
3119,CUST13119,Pune,West,Low,589.0,Affluent
3120,CUST13120,Kolkata,East,Low,650.0,Mass
3121,CUST13121,Bangalore,South,High,791.0,Affluent
3122,CUST13122,Hyderabad,South,Low,660.0,Affluent
3123,CUST13123,Kolkata,East,Low,702.0,Mass
3124,CUST13124,Mumbai,West,Low,640.0,Mass
3125,CUST13125,Pune,West,High,760.0,Affluent
3126,CUST13126,Delhi NCR,North,Medium,715.0,Premium
3127,CUST13127,Hyderabad,South,Medium,682.0,Affluent
3128,CUST13128,Delhi NCR,North,Medium,749.0,Affluent
3129,CUST13129,Mumbai,West,Medium,653.0,Affluent
3130,CUST13130,Bangalore,South,High,805.0,Premium
3131,CUST13131,Delhi NCR,North,Medium,693.0,Mass
3132,CUST13132,Pune,West,Low,659.0,Mass
3133,CUST13133,Bangalore,South,High,793.0,Mass
3134,CUST13134,Kolkata,East,Medium,719.0,Mass
3135,CUST13135,Delhi NCR,North,Medium,751.0,Affluent
3136,CUST13136,Mumbai,West,Medium,780.0,Mass
3137,CUST13137,Kolkata,East,Medium,667.0,Premium
3138,CUST13138,Mumbai,West,Medium,747.0,Mass
3139,CUST13139,Bangalore,South,Low,704.0,Affluent
3140,CUST13140,Bangalore,South,Low,713.0,Mass
3141,CUST13141,Pune,West,High,766.0,Mass
3142,CUST13142,Bangalore,South,Low,616.0,Mass
3143,CUST13143,Delhi NCR,North,High,735.0,Mass
3144,CUST13144,Pune,West,Medium,656.0,Affluent
3145,CUST13145,Kolkata,East,High,814.0,Mass
3146,CUST13146,Bangalore,South,High,777.0,Affluent
3147,CUST13147,Hyderabad,South,Low,693.0,Mass
3148,CUST13148,Hyderabad,South,Low,697.0,Affluent
3149,CUST13149,Kolkata,East,Medium,716.0,Affluent
3150,CUST13150,Delhi NCR,North,Low,591.0,Mass
3151,CUST13151,Pune,West,Medium,727.0,Premium
3152,CUST13152,Delhi NCR,North,Low,672.0,Mass
3153,CUST13153,Bangalore,South,Medium,776.0,Mass
3154,CUST13154,Pune,West,Medium,765.0,Mass
3155,CUST13155,Kolkata,East,High,843.0,Affluent
3156,CUST13156,Delhi NCR,North,Medium,780.0,Mass
3157,CUST13157,Mumbai,West,Low,653.0,Mass
3158,CUST13158,Hyderabad,South,Medium,716.0,Affluent
3159,CUST13159,Bangalore,South,Low,704.0,Affluent
3160,CUST13160,Delhi NCR,North,Medium,722.0,Affluent
3161,CUST13161,Hyderabad,South,Medium,689.0,Affluent
3162,CUST13162,Hyderabad,South,Low,577.0,Mass
3163,CUST13163,Mumbai,West,High,814.0,Affluent
3164,CUST13164,Kolkata,East,Medium,668.0,Mass
3165,CUST13165,Kolkata,East,High,734.0,Mass
3166,CUST13166,Bangalore,South,Low,694.0,Mass
3167,CUST13167,Pune,West,Low,711.0,Mass
3168,CUST13168,Mumbai,West,Low,654.0,Mass
3169,CUST13169,Bangalore,South,Medium,773.0,Mass
3170,CUST13170,Delhi NCR,North,Medium,723.0,Affluent
3171,CUST13171,Mumbai,West,Medium,776.0,Mass
3172,CUST13172,Bangalore,South,Medium,706.0,Mass
3173,CUST13173,Delhi NCR,North,Medium,718.0,Affluent
3174,CUST13174,Mumbai,West,Low,569.0,Mass
3175,CUST13175,Delhi NCR,North,High,844.0,Affluent
3176,CUST13176,Mumbai,West,Medium,717.0,Mass
3177,CUST13177,Hyderabad,South,High,839.0,Mass
3178,CUST13178,Hyderabad,South,Medium,705.0,Mass
3179,CUST13179,Pune,West,Low,696.0,Mass
3180,CUST13180,Delhi NCR,North,Medium,775.0,Affluent
3181,CUST13181,Bangalore,South,Medium,661.0,Mass
3182,CUST13182,Mumbai,West,High,833.0,Affluent
3183,CUST13183,Hyderabad,South,Low,668.0,Mass
3184,CUST13184,Mumbai,West,Low,644.0,Mass
3185,CUST13185,Pune,West,Medium,747.0,Affluent
3186,CUST13186,Pune,West,High,816.0,Mass
3187,CUST13187,Mumbai,West,Low,612.0,Premium
3188,CUST13188,Hyderabad,South,Low,555.0,Mass
3189,CUST13189,Mumbai,West,Low,585.0,Mass
3190,CUST13190,Delhi NCR,North,Medium,751.0,Mass
3191,CUST13191,Kolkata,East,High,730.0,Affluent
3192,CUST13192,Bangalore,South,Low,581.0,Affluent
3193,CUST13193,Mumbai,West,Medium,667.0,Affluent
3194,CUST13194,Pune,West,Low,618.0,Mass
3195,CUST13195,Pune,West,Medium,747.0,Mass
3196,CUST13196,Hyderabad,South,Medium,772.0,Mass
3197,CUST13197,Mumbai,West,Low,622.0,Premium
3198,CUST13198,Kolkata,East,Low,658.0,Mass
3199,CUST13199,Delhi NCR,North,High,758.0,Mass
3200,CUST13200,Bangalore,South,Low,584.0,Mass
3201,CUST13201,Kolkata,East,High,818.0,Mass
3202,CUST13202,Mumbai,West,Medium,666.0,Mass
3203,CUST13203,Hyderabad,South,Low,633.0,Affluent
3204,CUST13204,Bangalore,South,High,819.0,Affluent
3205,CUST13205,Bangalore,South,Low,620.0,Premium
3206,CUST13206,Pune,West,Low,682.0,Affluent
3207,CUST13207,Pune,West,High,803.0,Mass
3208,CUST13208,Bangalore,South,Medium,769.0,Mass
3209,CUST13209,Bangalore,South,Medium,650.0,Premium
3210,CUST13210,Delhi NCR,North,Low,716.0,Premium
3211,CUST13211,Delhi NCR,North,Medium,745.0,Mass
3212,CUST13212,Delhi NCR,North,Low,711.0,Affluent
3213,CUST13213,Bangalore,South,Low,581.0,Mass
3214,CUST13214,Pune,West,High,759.0,Mass
3215,CUST13215,Mumbai,West,Medium,683.0,Affluent
3216,CUST13216,Mumbai,West,Low,656.0,Affluent
3217,CUST13217,Hyderabad,South,Medium,768.0,Affluent
3218,CUST13218,Bangalore,South,Low,595.0,Affluent
3219,CUST13219,Kolkata,East,Medium,777.0,Mass
3220,CUST13220,Delhi NCR,North,Medium,726.0,Mass
3221,CUST13221,Kolkata,East,Medium,748.0,Mass
3222,CUST13222,Hyderabad,South,Low,661.0,Mass
3223,CUST13223,Delhi NCR,North,Medium,690.0,Mass
3224,CUST13224,Pune,West,Medium,729.0,Mass
3225,CUST13225,Kolkata,East,Medium,660.0,Premium
3226,CUST13226,Bangalore,South,Medium,756.0,Mass
3227,CUST13227,Bangalore,South,High,785.0,Mass
3228,CUST13228,Bangalore,South,Medium,727.0,Affluent
3229,CUST13229,Hyderabad,South,Low,580.0,Mass
3230,CUST13230,Delhi NCR,North,Medium,765.0,Premium
3231,CUST13231,Mumbai,West,Low,669.0,Mass
3232,CUST13232,Kolkata,East,Medium,694.0,Mass
3233,CUST13233,Kolkata,East,High,775.0,Mass
3234,CUST13234,Delhi NCR,North,High,839.0,Affluent
3235,CUST13235,Hyderabad,South,Medium,724.0,Mass
3236,CUST13236,Delhi NCR,North,Medium,724.0,Mass
3237,CUST13237,Hyderabad,South,Medium,720.0,Mass
3238,CUST13238,Pune,West,Low,557.0,Affluent
3239,CUST13239,Pune,West,Low,626.0,Affluent
3240,CUST13240,Delhi NCR,North,Low,694.0,Mass
3241,CUST13241,Bangalore,South,Low,691.0,Premium
3242,CUST13242,Kolkata,East,Low,584.0,Premium
3243,CUST13243,Delhi NCR,North,Low,612.0,Premium
3244,CUST13244,Delhi NCR,North,Low,591.0,Mass
3245,CUST13245,Delhi NCR,North,Medium,756.0,Mass
3246,CUST13246,Bangalore,South,Medium,727.0,Affluent
3247,CUST13247,Kolkata,East,High,721.0,Mass
3248,CUST13248,Delhi NCR,North,High,720.0,Affluent
3249,CUST13249,Mumbai,West,Low,669.0,Affluent
3250,CUST13250,Pune,West,Low,569.0,Affluent
3251,CUST13251,Bangalore,South,Medium,652.0,Mass
3252,CUST13252,Mumbai,West,High,749.0,Affluent
3253,CUST13253,Mumbai,West,Low,577.0,Affluent
3254,CUST13254,Pune,West,Low,567.0,Mass
3255,CUST13255,Bangalore,South,Low,690.0,Mass
3256,CUST13256,Mumbai,West,Low,653.0,Mass
3257,CUST13257,Bangalore,South,Low,646.0,Affluent
3258,CUST13258,Delhi NCR,North,High,813.0,Mass
3259,CUST13259,Mumbai,West,Low,705.0,Mass
3260,CUST13260,Delhi NCR,North,Low,566.0,Affluent
3261,CUST13261,Mumbai,West,Medium,673.0,Affluent
3262,CUST13262,Mumbai,West,Low,617.0,Mass
3263,CUST13263,Bangalore,South,Low,667.0,Mass
3264,CUST13264,Hyderabad,South,Low,646.0,Affluent
3265,CUST13265,Bangalore,South,Low,664.0,Mass
3266,CUST13266,Pune,West,Medium,652.0,Mass
3267,CUST13267,Pune,West,Medium,700.0,Mass
3268,CUST13268,Delhi NCR,North,High,826.0,Affluent
3269,CUST13269,Pune,West,Low,572.0,Affluent
3270,CUST13270,Bangalore,South,Low,667.0,Affluent
3271,CUST13271,Bangalore,South,Low,671.0,Mass
3272,CUST13272,Mumbai,West,Low,597.0,Mass
3273,CUST13273,Hyderabad,South,Medium,706.0,Mass
3274,CUST13274,Mumbai,West,Medium,715.0,Affluent
3275,CUST13275,Pune,West,Low,600.0,Mass
3276,CUST13276,Kolkata,East,Medium,779.0,Affluent
3277,CUST13277,Pune,West,Low,584.0,Mass
3278,CUST13278,Pune,West,Medium,730.0,Mass
3279,CUST13279,Bangalore,South,High,792.0,Mass
3280,CUST13280,Pune,West,Medium,724.0,Mass
3281,CUST13281,Hyderabad,South,High,850.0,Mass
3282,CUST13282,Kolkata,East,Medium,728.0,Affluent
3283,CUST13283,Bangalore,South,High,765.0,Mass
3284,CUST13284,Delhi NCR,North,High,808.0,Mass
3285,CUST13285,Pune,West,Low,621.0,Affluent
3286,CUST13286,Delhi NCR,North,Low,626.0,Mass
3287,CUST13287,Pune,West,Medium,678.0,Mass
3288,CUST13288,Hyderabad,South,Medium,721.0,Mass
3289,CUST13289,Bangalore,South,Low,716.0,Affluent
3290,CUST13290,Mumbai,West,Medium,747.0,Mass
3291,CUST13291,Hyderabad,South,High,830.0,Premium
3292,CUST13292,Kolkata,East,Low,610.0,Affluent
3293,CUST13293,Kolkata,East,Low,552.0,Mass
3294,CUST13294,Mumbai,West,Medium,682.0,Affluent
3295,CUST13295,Pune,West,Low,600.0,Mass
3296,CUST13296,Kolkata,East,Low,713.0,Affluent
3297,CUST13297,Bangalore,South,Medium,774.0,Mass
3298,CUST13298,Pune,West,Medium,741.0,Mass
3299,CUST13299,Delhi NCR,North,Low,675.0,Mass
3300,CUST13300,Mumbai,West,Low,579.0,Premium
3301,CUST13301,Mumbai,West,Medium,710.0,Mass
3302,CUST13302,Pune,West,Low,655.0,Mass
3303,CUST13303,Delhi NCR,North,High,765.0,Affluent
3304,CUST13304,Mumbai,West,Low,698.0,Mass
3305,CUST13305,Bangalore,South,Low,690.0,Mass
3306,CUST13306,Hyderabad,South,Low,609.0,Premium
3307,CUST13307,Bangalore,South,High,775.0,Affluent
3308,CUST13308,Bangalore,South,High,741.0,Affluent
3309,CUST13309,Mumbai,West,High,791.0,Affluent
3310,CUST13310,Kolkata,East,High,764.0,Affluent
3311,CUST13311,Bangalore,South,Medium,773.0,Affluent
3312,CUST13312,Delhi NCR,North,Medium,700.0,Affluent
3313,CUST13313,Pune,West,Medium,760.0,Affluent
3314,CUST13314,Mumbai,West,Medium,686.0,Mass
3315,CUST13315,Kolkata,East,Medium,771.0,Mass
3316,CUST13316,Kolkata,East,Low,670.0,Affluent
3317,CUST13317,Hyderabad,South,Low,651.0,Mass
3318,CUST13318,Pune,West,Medium,762.0,Mass
3319,CUST13319,Pune,West,High,818.0,Mass
3320,CUST13320,Hyderabad,South,Medium,682.0,Mass
3321,CUST13321,Pune,West,Medium,751.0,Premium
3322,CUST13322,Kolkata,East,Low,624.0,Affluent
3323,CUST13323,Mumbai,West,Medium,710.0,Affluent
3324,CUST13324,Delhi NCR,North,Low,572.0,Premium
3325,CUST13325,Bangalore,South,Low,688.0,Affluent
3326,CUST13326,Bangalore,South,Low,649.0,Mass
3327,CUST13327,Pune,West,High,730.0,Mass
3328,CUST13328,Hyderabad,South,Medium,652.0,Affluent
3329,CUST13329,Pune,West,Low,613.0,Premium
3330,CUST13330,Delhi NCR,North,Low,581.0,Mass
3331,CUST13331,Kolkata,East,Low,702.0,Mass
3332,CUST13332,Pune,West,Low,652.0,Affluent
3333,CUST13333,Mumbai,West,Low,662.0,Affluent
3334,CUST13334,Pune,West,High,832.0,Affluent
3335,CUST13335,Mumbai,West,Medium,724.0,Mass
3336,CUST13336,Pune,West,Low,600.0,Mass
3337,CUST13337,Mumbai,West,Low,636.0,Affluent
3338,CUST13338,Pune,West,Medium,775.0,Premium
3339,CUST13339,Hyderabad,South,High,795.0,Mass
3340,CUST13340,Hyderabad,South,High,808.0,Affluent
3341,CUST13341,Mumbai,West,Medium,712.0,Mass
3342,CUST13342,Delhi NCR,North,Medium,706.0,Affluent
3343,CUST13343,Delhi NCR,North,Medium,735.0,Mass
3344,CUST13344,Hyderabad,South,Medium,779.0,Mass
3345,CUST13345,Hyderabad,South,Medium,664.0,Mass
3346,CUST13346,Delhi NCR,North,High,725.0,Affluent
3347,CUST13347,Hyderabad,South,Medium,759.0,Mass
3348,CUST13348,Mumbai,West,High,811.0,Mass
3349,CUST13349,Mumbai,West,Medium,687.0,Mass
3350,CUST13350,Hyderabad,South,Low,681.0,Mass
3351,CUST13351,Kolkata,East,Medium,703.0,Mass
3352,CUST13352,Delhi NCR,North,Low,677.0,Premium
3353,CUST13353,Bangalore,South,High,786.0,Affluent
3354,CUST13354,Mumbai,West,Low,616.0,Mass
3355,CUST13355,Delhi NCR,North,Medium,703.0,Mass
3356,CUST13356,Bangalore,South,Medium,662.0,Affluent
3357,CUST13357,Mumbai,West,Low,718.0,Mass
3358,CUST13358,Pune,West,Low,674.0,Premium
3359,CUST13359,Mumbai,West,Low,691.0,Mass
3360,CUST13360,Mumbai,West,Medium,687.0,Affluent
3361,CUST13361,Hyderabad,South,Low,701.0,Mass
3362,CUST13362,Kolkata,East,High,747.0,Mass
3363,CUST13363,Kolkata,East,Medium,682.0,Affluent
3364,CUST13364,Mumbai,West,Medium,668.0,Mass
3365,CUST13365,Hyderabad,South,Medium,652.0,Mass
3366,CUST13366,Mumbai,West,Medium,760.0,Premium
3367,CUST13367,Pune,West,Medium,682.0,Affluent
3368,CUST13368,Delhi NCR,North,Medium,672.0,Mass
3369,CUST13369,Bangalore,South,Low,607.0,Mass
3370,CUST13370,Delhi NCR,North,Medium,753.0,Premium
3371,CUST13371,Hyderabad,South,Low,674.0,Affluent
3372,CUST13372,Hyderabad,South,Low,707.0,Mass
3373,CUST13373,Hyderabad,South,High,749.0,Mass
3374,CUST13374,Delhi NCR,North,Low,675.0,Affluent
3375,CUST13375,Pune,West,High,808.0,Affluent
3376,CUST13376,Bangalore,South,Medium,758.0,Premium
3377,CUST13377,Pune,West,Low,682.0,Mass
3378,CUST13378,Delhi NCR,North,Low,658.0,Affluent
3379,CUST13379,Pune,West,Medium,704.0,Mass
3380,CUST13380,Kolkata,East,Low,574.0,Mass
3381,CUST13381,Bangalore,South,Low,655.0,Affluent
3382,CUST13382,Delhi NCR,North,Medium,699.0,Affluent
3383,CUST13383,Bangalore,South,Low,556.0,Affluent
3384,CUST13384,Delhi NCR,North,Low,671.0,Mass
3385,CUST13385,Bangalore,South,High,849.0,Mass
3386,CUST13386,Hyderabad,South,Low,625.0,Mass
3387,CUST13387,Hyderabad,South,Medium,714.0,Mass
3388,CUST13388,Kolkata,East,Low,675.0,Mass
3389,CUST13389,Delhi NCR,North,Medium,695.0,Mass
3390,CUST13390,Mumbai,West,Medium,733.0,Affluent
3391,CUST13391,Kolkata,East,Medium,770.0,Mass
3392,CUST13392,Bangalore,South,High,809.0,Affluent
3393,CUST13393,Mumbai,West,Low,566.0,Mass
3394,CUST13394,Delhi NCR,North,Low,645.0,Affluent
3395,CUST13395,Mumbai,West,Medium,732.0,Affluent
3396,CUST13396,Pune,West,Medium,759.0,Mass
3397,CUST13397,Pune,West,Medium,718.0,Mass
3398,CUST13398,Bangalore,South,Medium,708.0,Mass
3399,CUST13399,Bangalore,South,Low,611.0,Mass
3400,CUST13400,Pune,West,High,783.0,Affluent
3401,CUST13401,Bangalore,South,High,828.0,Mass
3402,CUST13402,Bangalore,South,Medium,684.0,Affluent
3403,CUST13403,Kolkata,East,Medium,764.0,Premium
3404,CUST13404,Hyderabad,South,High,760.0,Mass
3405,CUST13405,Pune,West,Medium,777.0,Affluent
3406,CUST13406,Pune,West,Low,705.0,Mass
3407,CUST13407,Delhi NCR,North,Low,674.0,Mass
3408,CUST13408,Hyderabad,South,Low,558.0,Affluent
3409,CUST13409,Pune,West,High,784.0,Affluent
3410,CUST13410,Delhi NCR,North,Medium,678.0,Premium
3411,CUST13411,Kolkata,East,Low,553.0,Affluent
3412,CUST13412,Delhi NCR,North,Medium,659.0,Premium
3413,CUST13413,Kolkata,East,Medium,780.0,Mass
3414,CUST13414,Delhi NCR,North,Medium,774.0,Affluent
3415,CUST13415,Delhi NCR,North,Medium,663.0,Premium
3416,CUST13416,Delhi NCR,North,Low,651.0,Mass
3417,CUST13417,Hyderabad,South,Low,642.0,Mass
3418,CUST13418,Mumbai,West,High,788.0,Mass
3419,CUST13419,Hyderabad,South,Medium,769.0,Mass
3420,CUST13420,Kolkata,East,Medium,739.0,Premium
3421,CUST13421,Kolkata,East,Medium,741.0,Affluent
3422,CUST13422,Hyderabad,South,Medium,675.0,Mass
3423,CUST13423,Bangalore,South,High,795.0,Mass
3424,CUST13424,Hyderabad,South,Low,563.0,Affluent
3425,CUST13425,Hyderabad,South,Medium,695.0,Premium
3426,CUST13426,Delhi NCR,North,Medium,740.0,Mass
3427,CUST13427,Mumbai,West,Low,602.0,Affluent
3428,CUST13428,Delhi NCR,North,Medium,751.0,Affluent
3429,CUST13429,Hyderabad,South,Medium,727.0,Mass
3430,CUST13430,Delhi NCR,North,Low,648.0,Mass
3431,CUST13431,Bangalore,South,Low,562.0,Mass
3432,CUST13432,Bangalore,South,High,744.0,Mass
3433,CUST13433,Bangalore,South,Medium,763.0,Mass
3434,CUST13434,Hyderabad,South,Low,607.0,Mass
3435,CUST13435,Delhi NCR,North,Low,622.0,Affluent
3436,CUST13436,Kolkata,East,Low,613.0,Mass
3437,CUST13437,Pune,West,High,826.0,Affluent
3438,CUST13438,Pune,West,Low,619.0,Mass
3439,CUST13439,Pune,West,Medium,772.0,Mass
3440,CUST13440,Mumbai,West,Low,683.0,Mass
3441,CUST13441,Hyderabad,South,Medium,686.0,Mass
3442,CUST13442,Pune,West,Medium,775.0,Mass
3443,CUST13443,Hyderabad,South,Low,600.0,Premium
3444,CUST13444,Bangalore,South,Low,567.0,Mass
3445,CUST13445,Bangalore,South,Medium,680.0,Premium
3446,CUST13446,Bangalore,South,Medium,698.0,Premium
3447,CUST13447,Pune,West,High,812.0,Mass
3448,CUST13448,Delhi NCR,North,High,732.0,Mass
3449,CUST13449,Mumbai,West,Medium,660.0,Mass
3450,CUST13450,Bangalore,South,Low,594.0,Affluent
3451,CUST13451,Bangalore,South,Low,558.0,Affluent
3452,CUST13452,Delhi NCR,North,Medium,712.0,Mass
3453,CUST13453,Hyderabad,South,Medium,702.0,Mass
3454,CUST13454,Bangalore,South,High,736.0,Mass
3455,CUST13455,Bangalore,South,High,843.0,Mass
3456,CUST13456,Hyderabad,South,Low,672.0,Mass
3457,CUST13457,Hyderabad,South,Medium,725.0,Premium
3458,CUST13458,Pune,West,Low,706.0,Premium
3459,CUST13459,Delhi NCR,North,Low,676.0,Affluent
3460,CUST13460,Delhi NCR,North,Medium,684.0,Mass
3461,CUST13461,Mumbai,West,Medium,772.0,Affluent
3462,CUST13462,Bangalore,South,High,845.0,Affluent
3463,CUST13463,Pune,West,Medium,707.0,Mass
3464,CUST13464,Delhi NCR,North,Low,620.0,Mass
3465,CUST13465,Kolkata,East,Low,657.0,Mass
3466,CUST13466,Pune,West,Medium,673.0,Affluent
3467,CUST13467,Kolkata,East,Low,573.0,Mass
3468,CUST13468,Bangalore,South,Low,658.0,Mass
3469,CUST13469,Bangalore,South,High,830.0,Mass
3470,CUST13470,Kolkata,East,Medium,704.0,Affluent
3471,CUST13471,Hyderabad,South,Medium,764.0,Affluent
3472,CUST13472,Hyderabad,South,Low,668.0,Affluent
3473,CUST13473,Mumbai,West,Low,696.0,Mass
3474,CUST13474,Delhi NCR,North,High,742.0,Affluent
3475,CUST13475,Hyderabad,South,Low,550.0,Affluent
3476,CUST13476,Pune,West,High,722.0,Premium
3477,CUST13477,Mumbai,West,Low,697.0,Affluent
3478,CUST13478,Hyderabad,South,Medium,728.0,Affluent
3479,CUST13479,Bangalore,South,Low,624.0,Mass
3480,CUST13480,Delhi NCR,North,Low,606.0,Premium
3481,CUST13481,Kolkata,East,Medium,660.0,Mass
3482,CUST13482,Hyderabad,South,High,828.0,Premium
3483,CUST13483,Bangalore,South,High,742.0,Mass
3484,CUST13484,Pune,West,Medium,727.0,Mass
3485,CUST13485,Kolkata,East,Medium,719.0,Mass
3486,CUST13486,Kolkata,East,Medium,651.0,Affluent
3487,CUST13487,Delhi NCR,North,Medium,746.0,Mass
3488,CUST13488,Kolkata,East,High,840.0,Mass
3489,CUST13489,Mumbai,West,Medium,743.0,Mass
3490,CUST13490,Bangalore,South,High,845.0,Affluent
3491,CUST13491,Kolkata,East,Low,633.0,Affluent
3492,CUST13492,Hyderabad,South,Medium,733.0,Affluent
3493,CUST13493,Delhi NCR,North,Low,657.0,Mass
3494,CUST13494,Bangalore,South,Low,578.0,Premium
3495,CUST13495,Delhi NCR,North,Low,667.0,Mass
3496,CUST13496,Bangalore,South,Low,591.0,Mass
3497,CUST13497,Hyderabad,South,Low,645.0,Affluent
3498,CUST13498,Pune,West,Medium,730.0,Mass
3499,CUST13499,Bangalore,South,High,833.0,Affluent
3500,CUST13500,Delhi NCR,North,Low,588.0,Affluent
3501,CUST13501,Pune,West,High,757.0,Mass
3502,CUST13502,Pune,West,Low,550.0,Mass
3503,CUST13503,Delhi NCR,North,High,848.0,Mass
3504,CUST13504,Mumbai,West,Medium,662.0,Mass
3505,CUST13505,Delhi NCR,North,Low,685.0,Mass
3506,CUST13506,Pune,West,Medium,767.0,Mass
3507,CUST13507,Pune,West,Medium,749.0,Mass
3508,CUST13508,Kolkata,East,Medium,707.0,Mass
3509,CUST13509,Kolkata,East,Medium,700.0,Mass
3510,CUST13510,Pune,West,Low,659.0,Mass
3511,CUST13511,Kolkata,East,Medium,752.0,Mass
3512,CUST13512,Kolkata,East,Medium,738.0,Mass
3513,CUST13513,Kolkata,East,Low,692.0,Mass
3514,CUST13514,Pune,West,Medium,746.0,Mass
3515,CUST13515,Bangalore,South,Low,635.0,Mass
3516,CUST13516,Mumbai,West,Medium,710.0,Affluent
3517,CUST13517,Hyderabad,South,Medium,742.0,Mass
3518,CUST13518,Delhi NCR,North,Low,556.0,Affluent
3519,CUST13519,Hyderabad,South,High,823.0,Mass
3520,CUST13520,Mumbai,West,Medium,724.0,Premium
3521,CUST13521,Delhi NCR,North,Medium,739.0,Affluent
3522,CUST13522,Mumbai,West,Medium,689.0,Mass
3523,CUST13523,Hyderabad,South,Medium,672.0,Mass
3524,CUST13524,Mumbai,West,Medium,763.0,Mass
3525,CUST13525,Kolkata,East,High,778.0,Premium
3526,CUST13526,Pune,West,Medium,667.0,Mass
3527,CUST13527,Kolkata,East,Low,662.0,Affluent
3528,CUST13528,Bangalore,South,High,778.0,Mass
3529,CUST13529,Delhi NCR,North,Low,674.0,Mass
3530,CUST13530,Bangalore,South,Low,615.0,Mass
3531,CUST13531,Delhi NCR,North,Low,610.0,Mass
3532,CUST13532,Delhi NCR,North,Low,670.0,Premium
3533,CUST13533,Hyderabad,South,Low,685.0,Mass
3534,CUST13534,Kolkata,East,Low,707.0,Affluent
3535,CUST13535,Kolkata,East,High,740.0,Affluent
3536,CUST13536,Delhi NCR,North,Low,652.0,Mass
3537,CUST13537,Delhi NCR,North,High,766.0,Premium
3538,CUST13538,Bangalore,South,Medium,739.0,Affluent
3539,CUST13539,Hyderabad,South,Medium,732.0,Affluent
3540,CUST13540,Mumbai,West,Low,626.0,Mass
3541,CUST13541,Delhi NCR,North,Medium,740.0,Affluent
3542,CUST13542,Kolkata,East,Medium,656.0,Affluent
3543,CUST13543,Kolkata,East,Medium,780.0,Mass
3544,CUST13544,Hyderabad,South,Medium,691.0,Affluent
3545,CUST13545,Pune,West,High,800.0,Affluent
3546,CUST13546,Pune,West,Low,618.0,Mass
3547,CUST13547,Kolkata,East,Low,669.0,Mass
3548,CUST13548,Pune,West,Low,674.0,Affluent
3549,CUST13549,Bangalore,South,Low,632.0,Affluent
3550,CUST13550,Delhi NCR,North,High,820.0,Affluent
3551,CUST13551,Mumbai,West,Medium,763.0,Mass
3552,CUST13552,Hyderabad,South,Low,659.0,Mass
3553,CUST13553,Bangalore,South,High,741.0,Mass
3554,CUST13554,Bangalore,South,High,728.0,Mass
3555,CUST13555,Mumbai,West,Low,667.0,Mass
3556,CUST13556,Bangalore,South,Medium,771.0,Affluent
3557,CUST13557,Hyderabad,South,High,840.0,Premium
3558,CUST13558,Pune,West,Medium,659.0,Mass
3559,CUST13559,Bangalore,South,Low,691.0,Mass
3560,CUST13560,Hyderabad,South,Medium,679.0,Affluent
3561,CUST13561,Hyderabad,South,Medium,689.0,Affluent
3562,CUST13562,Mumbai,West,Medium,663.0,Affluent
3563,CUST13563,Mumbai,West,Medium,670.0,Affluent
3564,CUST13564,Bangalore,South,Low,638.0,Affluent
3565,CUST13565,Kolkata,East,Low,719.0,Mass
3566,CUST13566,Delhi NCR,North,High,785.0,Affluent
3567,CUST13567,Bangalore,South,Low,596.0,Mass
3568,CUST13568,Delhi NCR,North,Low,687.0,Mass
3569,CUST13569,Kolkata,East,Low,598.0,Affluent
3570,CUST13570,Kolkata,East,High,815.0,Mass
3571,CUST13571,Pune,West,Low,694.0,Mass
3572,CUST13572,Kolkata,East,Low,611.0,Premium
3573,CUST13573,Kolkata,East,Low,633.0,Mass
3574,CUST13574,Kolkata,East,High,809.0,Mass
3575,CUST13575,Pune,West,Medium,744.0,Affluent
3576,CUST13576,Pune,West,Low,603.0,Affluent
3577,CUST13577,Hyderabad,South,High,736.0,Affluent
3578,CUST13578,Delhi NCR,North,Medium,660.0,Mass
3579,CUST13579,Pune,West,High,736.0,Affluent
3580,CUST13580,Hyderabad,South,High,816.0,Premium
3581,CUST13581,Kolkata,East,Medium,687.0,Mass
3582,CUST13582,Mumbai,West,Low,662.0,Mass
3583,CUST13583,Kolkata,East,Medium,751.0,Affluent
3584,CUST13584,Delhi NCR,North,Medium,710.0,Premium
3585,CUST13585,Mumbai,West,Medium,723.0,Mass
3586,CUST13586,Mumbai,West,Low,641.0,Mass
3587,CUST13587,Mumbai,West,Low,693.0,Affluent
3588,CUST13588,Delhi NCR,North,Medium,688.0,Mass
3589,CUST13589,Pune,West,Medium,740.0,Mass
3590,CUST13590,Pune,West,High,803.0,Mass
3591,CUST13591,Bangalore,South,Medium,719.0,Mass
3592,CUST13592,Bangalore,South,High,781.0,Mass
3593,CUST13593,Kolkata,East,High,810.0,Affluent
3594,CUST13594,Bangalore,South,Medium,697.0,Affluent
3595,CUST13595,Hyderabad,South,Medium,745.0,Premium
3596,CUST13596,Bangalore,South,Medium,770.0,Mass
3597,CUST13597,Mumbai,West,Low,607.0,Mass
3598,CUST13598,Mumbai,West,High,732.0,Premium
3599,CUST13599,Bangalore,South,Low,716.0,Mass
3600,CUST13600,Bangalore,South,Low,577.0,Mass
3601,CUST13601,Bangalore,South,Low,606.0,Mass
3602,CUST13602,Bangalore,South,Low,645.0,Mass
3603,CUST13603,Hyderabad,South,Medium,742.0,Mass
3604,CUST13604,Mumbai,West,High,850.0,Affluent
3605,CUST13605,Bangalore,South,Medium,759.0,Affluent
3606,CUST13606,Bangalore,South,Medium,704.0,Affluent
3607,CUST13607,Hyderabad,South,Medium,674.0,Premium
3608,CUST13608,Kolkata,East,Low,668.0,Mass
3609,CUST13609,Delhi NCR,North,High,730.0,Affluent
3610,CUST13610,Pune,West,Low,571.0,Affluent
3611,CUST13611,Pune,West,Medium,749.0,Affluent
3612,CUST13612,Mumbai,West,Medium,766.0,Mass
3613,CUST13613,Hyderabad,South,High,738.0,Mass
3614,CUST13614,Bangalore,South,Low,608.0,Affluent
3615,CUST13615,Delhi NCR,North,Low,711.0,Mass
3616,CUST13616,Kolkata,East,Low,656.0,Mass
3617,CUST13617,Pune,West,Low,599.0,Mass
3618,CUST13618,Pune,West,High,776.0,Mass
3619,CUST13619,Delhi NCR,North,Low,687.0,Premium
3620,CUST13620,Delhi NCR,North,Low,591.0,Mass
3621,CUST13621,Delhi NCR,North,Medium,653.0,Premium
3622,CUST13622,Delhi NCR,North,Low,600.0,Mass
3623,CUST13623,Pune,West,High,787.0,Mass
3624,CUST13624,Pune,West,Low,631.0,Mass
3625,CUST13625,Hyderabad,South,High,820.0,Premium
3626,CUST13626,Hyderabad,South,Medium,735.0,Mass
3627,CUST13627,Kolkata,East,Low,642.0,Mass
3628,CUST13628,Kolkata,East,Medium,705.0,Mass
3629,CUST13629,Kolkata,East,Low,645.0,Mass
3630,CUST13630,Mumbai,West,High,789.0,Affluent
3631,CUST13631,Delhi NCR,North,Medium,735.0,Premium
3632,CUST13632,Hyderabad,South,Medium,662.0,Mass
3633,CUST13633,Hyderabad,South,Medium,720.0,Premium
3634,CUST13634,Kolkata,East,High,792.0,Premium
3635,CUST13635,Kolkata,East,High,749.0,Affluent
3636,CUST13636,Bangalore,South,Medium,679.0,Affluent
3637,CUST13637,Bangalore,South,Low,702.0,Mass
3638,CUST13638,Pune,West,Medium,766.0,Mass
3639,CUST13639,Mumbai,West,Low,654.0,Affluent
3640,CUST13640,Bangalore,South,Medium,751.0,Mass
3641,CUST13641,Hyderabad,South,Medium,724.0,Mass
3642,CUST13642,Bangalore,South,Medium,752.0,Mass
3643,CUST13643,Delhi NCR,North,Medium,758.0,Affluent
3644,CUST13644,Hyderabad,South,Low,640.0,Affluent
3645,CUST13645,Kolkata,East,Medium,708.0,Mass
3646,CUST13646,Bangalore,South,Low,583.0,Affluent
3647,CUST13647,Delhi NCR,North,High,829.0,Mass
3648,CUST13648,Delhi NCR,North,Low,618.0,Mass
3649,CUST13649,Kolkata,East,High,747.0,Affluent
3650,CUST13650,Kolkata,East,Medium,748.0,Mass
3651,CUST13651,Delhi NCR,North,Medium,705.0,Mass
3652,CUST13652,Pune,West,Low,718.0,Premium
3653,CUST13653,Bangalore,South,Medium,742.0,Mass
3654,CUST13654,Mumbai,West,Medium,700.0,Mass
3655,CUST13655,Bangalore,South,Medium,763.0,Affluent
3656,CUST13656,Mumbai,West,Low,671.0,Mass
3657,CUST13657,Delhi NCR,North,Low,697.0,Mass
3658,CUST13658,Delhi NCR,North,Medium,708.0,Affluent
3659,CUST13659,Kolkata,East,High,843.0,Affluent
3660,CUST13660,Hyderabad,South,Low,654.0,Affluent
3661,CUST13661,Kolkata,East,Low,683.0,Mass
3662,CUST13662,Kolkata,East,Low,619.0,Premium
3663,CUST13663,Pune,West,Low,630.0,Mass
3664,CUST13664,Pune,West,Medium,653.0,Mass
3665,CUST13665,Kolkata,East,Medium,657.0,Mass
3666,CUST13666,Hyderabad,South,Low,697.0,Mass
3667,CUST13667,Pune,West,Medium,738.0,Affluent
3668,CUST13668,Hyderabad,South,Low,696.0,Mass
3669,CUST13669,Mumbai,West,Low,612.0,Mass
3670,CUST13670,Pune,West,Low,581.0,Mass
3671,CUST13671,Mumbai,West,Medium,716.0,Mass
3672,CUST13672,Bangalore,South,Low,719.0,Mass
3673,CUST13673,Delhi NCR,North,Low,583.0,Mass
3674,CUST13674,Kolkata,East,High,784.0,Mass
3675,CUST13675,Mumbai,West,Low,572.0,Mass
3676,CUST13676,Pune,West,Medium,747.0,Affluent
3677,CUST13677,Bangalore,South,Medium,728.0,Mass
3678,CUST13678,Bangalore,South,Low,639.0,Mass
3679,CUST13679,Delhi NCR,North,Low,647.0,Affluent
3680,CUST13680,Kolkata,East,Low,577.0,Mass
3681,CUST13681,Hyderabad,South,Medium,669.0,Mass
3682,CUST13682,Bangalore,South,High,841.0,Mass
3683,CUST13683,Hyderabad,South,High,721.0,Mass
3684,CUST13684,Pune,West,Medium,668.0,Mass
3685,CUST13685,Pune,West,Medium,651.0,Mass
3686,CUST13686,Hyderabad,South,Low,714.0,Mass
3687,CUST13687,Mumbai,West,Medium,738.0,Mass
3688,CUST13688,Mumbai,West,Low,621.0,Mass
3689,CUST13689,Kolkata,East,High,803.0,Affluent
3690,CUST13690,Kolkata,East,Medium,704.0,Mass
3691,CUST13691,Hyderabad,South,Medium,769.0,Premium
3692,CUST13692,Delhi NCR,North,Medium,669.0,Mass
3693,CUST13693,Kolkata,East,Low,683.0,Mass
3694,CUST13694,Kolkata,East,High,799.0,Mass
3695,CUST13695,Kolkata,East,Low,593.0,Mass
3696,CUST13696,Delhi NCR,North,Medium,658.0,Mass
3697,CUST13697,Hyderabad,South,High,818.0,Affluent
3698,CUST13698,Bangalore,South,Low,555.0,Mass
3699,CUST13699,Pune,West,Low,616.0,Affluent
3700,CUST13700,Bangalore,South,Medium,662.0,Mass
3701,CUST13701,Kolkata,East,Low,609.0,Mass
3702,CUST13702,Delhi NCR,North,Low,713.0,Mass
3703,CUST13703,Hyderabad,South,Low,666.0,Premium
3704,CUST13704,Delhi NCR,North,Low,606.0,Affluent
3705,CUST13705,Hyderabad,South,Medium,717.0,Mass
3706,CUST13706,Delhi NCR,North,Low,561.0,Affluent
3707,CUST13707,Bangalore,South,Medium,709.0,Mass
3708,CUST13708,Bangalore,South,Low,592.0,Affluent
3709,CUST13709,Hyderabad,South,Medium,743.0,Affluent
3710,CUST13710,Bangalore,South,Medium,738.0,Mass
3711,CUST13711,Delhi NCR,North,High,768.0,Mass
3712,CUST13712,Bangalore,South,High,808.0,Mass
3713,CUST13713,Kolkata,East,Medium,757.0,Mass
3714,CUST13714,Mumbai,West,Medium,656.0,Affluent
3715,CUST13715,Kolkata,East,Medium,690.0,Affluent
3716,CUST13716,Hyderabad,South,Low,630.0,Mass
3717,CUST13717,Mumbai,West,Low,579.0,Affluent
3718,CUST13718,Hyderabad,South,Low,705.0,Affluent
3719,CUST13719,Kolkata,East,High,831.0,Affluent
3720,CUST13720,Bangalore,South,Medium,690.0,Affluent
3721,CUST13721,Pune,West,Low,594.0,Mass
3722,CUST13722,Hyderabad,South,Low,688.0,Mass
3723,CUST13723,Pune,West,Medium,698.0,Mass
3724,CUST13724,Kolkata,East,Low,668.0,Mass
3725,CUST13725,Kolkata,East,High,801.0,Mass
3726,CUST13726,Kolkata,East,Low,693.0,Affluent
3727,CUST13727,Kolkata,East,Low,714.0,Mass
3728,CUST13728,Hyderabad,South,Low,595.0,Mass
3729,CUST13729,Kolkata,East,Low,640.0,Mass
3730,CUST13730,Hyderabad,South,Low,681.0,Mass
3731,CUST13731,Kolkata,East,Medium,735.0,Affluent
3732,CUST13732,Hyderabad,South,Low,675.0,Mass
3733,CUST13733,Hyderabad,South,Medium,664.0,Affluent
3734,CUST13734,Delhi NCR,North,Low,592.0,Mass
3735,CUST13735,Delhi NCR,North,Medium,776.0,Mass
3736,CUST13736,Bangalore,South,Medium,717.0,Affluent
3737,CUST13737,Delhi NCR,North,Low,680.0,Mass
3738,CUST13738,Delhi NCR,North,High,804.0,Mass
3739,CUST13739,Hyderabad,South,Low,710.0,Mass
3740,CUST13740,Delhi NCR,North,Medium,701.0,Affluent
3741,CUST13741,Kolkata,East,Medium,745.0,Mass
3742,CUST13742,Bangalore,South,Low,599.0,Affluent
3743,CUST13743,Bangalore,South,Medium,736.0,Premium
3744,CUST13744,Delhi NCR,North,High,845.0,Mass
3745,CUST13745,Delhi NCR,North,Medium,747.0,Mass
3746,CUST13746,Hyderabad,South,High,830.0,Mass
3747,CUST13747,Kolkata,East,Medium,688.0,Affluent
3748,CUST13748,Pune,West,Low,641.0,Mass
3749,CUST13749,Hyderabad,South,Medium,676.0,Mass
3750,CUST13750,Mumbai,West,Medium,669.0,Affluent
3751,CUST13751,Mumbai,West,High,761.0,Affluent
3752,CUST13752,Delhi NCR,North,High,773.0,Affluent
3753,CUST13753,Kolkata,East,Low,595.0,Mass
3754,CUST13754,Mumbai,West,High,777.0,Mass
3755,CUST13755,Delhi NCR,North,Low,616.0,Mass
3756,CUST13756,Mumbai,West,Low,592.0,Mass
3757,CUST13757,Hyderabad,South,High,825.0,Affluent
3758,CUST13758,Pune,West,High,795.0,Mass
3759,CUST13759,Bangalore,South,Low,577.0,Premium
3760,CUST13760,Bangalore,South,Medium,681.0,Mass
3761,CUST13761,Kolkata,East,Low,662.0,Mass
3762,CUST13762,Hyderabad,South,Medium,670.0,Affluent
3763,CUST13763,Pune,West,Low,705.0,Mass
3764,CUST13764,Mumbai,West,Low,626.0,Mass
3765,CUST13765,Delhi NCR,North,Low,650.0,Mass
3766,CUST13766,Delhi NCR,North,Low,656.0,Affluent
3767,CUST13767,Kolkata,East,Medium,749.0,Mass
3768,CUST13768,Pune,West,Medium,658.0,Mass
3769,CUST13769,Bangalore,South,Medium,713.0,Mass
3770,CUST13770,Delhi NCR,North,Low,640.0,Mass
3771,CUST13771,Bangalore,South,Low,693.0,Mass
3772,CUST13772,Pune,West,Medium,691.0,Affluent
3773,CUST13773,Pune,West,Low,605.0,Affluent
3774,CUST13774,Bangalore,South,Medium,709.0,Mass
3775,CUST13775,Mumbai,West,Medium,760.0,Affluent
3776,CUST13776,Kolkata,East,Medium,745.0,Mass
3777,CUST13777,Mumbai,West,Medium,776.0,Mass
3778,CUST13778,Kolkata,East,High,775.0,Mass
3779,CUST13779,Pune,West,Medium,681.0,Mass
3780,CUST13780,Pune,West,Medium,767.0,Mass
3781,CUST13781,Bangalore,South,Low,718.0,Mass
3782,CUST13782,Mumbai,West,Medium,659.0,Affluent
3783,CUST13783,Delhi NCR,North,Low,578.0,Mass
3784,CUST13784,Hyderabad,South,High,821.0,Mass
3785,CUST13785,Delhi NCR,North,High,773.0,Premium
3786,CUST13786,Bangalore,South,Low,671.0,Mass
3787,CUST13787,Mumbai,West,Low,701.0,Affluent
3788,CUST13788,Kolkata,East,Medium,778.0,Premium
3789,CUST13789,Hyderabad,South,High,814.0,Premium
3790,CUST13790,Kolkata,East,High,737.0,Mass
3791,CUST13791,Mumbai,West,Low,565.0,Premium
3792,CUST13792,Pune,West,Medium,671.0,Mass
3793,CUST13793,Bangalore,South,Medium,768.0,Mass
3794,CUST13794,Delhi NCR,North,Medium,743.0,Premium
3795,CUST13795,Pune,West,Medium,670.0,Affluent
3796,CUST13796,Mumbai,West,Low,566.0,Mass
3797,CUST13797,Pune,West,Low,564.0,Mass
3798,CUST13798,Pune,West,Medium,756.0,Mass
3799,CUST13799,Mumbai,West,Medium,734.0,Affluent
3800,CUST13800,Kolkata,East,Low,598.0,Mass
3801,CUST13801,Bangalore,South,High,785.0,Mass
3802,CUST13802,Delhi NCR,North,Low,620.0,Mass
3803,CUST13803,Bangalore,South,Low,638.0,Mass
3804,CUST13804,Pune,West,High,830.0,Premium
3805,CUST13805,Mumbai,West,Medium,651.0,Affluent
3806,CUST13806,Kolkata,East,High,731.0,Mass
3807,CUST13807,Pune,West,Low,708.0,Affluent
3808,CUST13808,Kolkata,East,Low,627.0,Mass
3809,CUST13809,Pune,West,Low,565.0,Mass
3810,CUST13810,Kolkata,East,Low,611.0,Affluent
3811,CUST13811,Pune,West,Low,591.0,Affluent
3812,CUST13812,Kolkata,East,Medium,756.0,Premium
3813,CUST13813,Bangalore,South,Low,655.0,Mass
3814,CUST13814,Bangalore,South,Medium,718.0,Mass
3815,CUST13815,Pune,West,Low,595.0,Mass
3816,CUST13816,Bangalore,South,Low,651.0,Mass
3817,CUST13817,Mumbai,West,High,726.0,Mass
3818,CUST13818,Kolkata,East,High,790.0,Mass
3819,CUST13819,Delhi NCR,North,Low,696.0,Mass
3820,CUST13820,Pune,West,Medium,752.0,Affluent
3821,CUST13821,Kolkata,East,Medium,697.0,Affluent
3822,CUST13822,Hyderabad,South,Medium,760.0,Premium
3823,CUST13823,Kolkata,East,High,745.0,Mass
3824,CUST13824,Kolkata,East,Medium,689.0,Mass
3825,CUST13825,Bangalore,South,Medium,749.0,Affluent
3826,CUST13826,Mumbai,West,High,730.0,Affluent
3827,CUST13827,Kolkata,East,High,722.0,Mass
3828,CUST13828,Kolkata,East,Medium,653.0,Mass
3829,CUST13829,Kolkata,East,Medium,675.0,Mass
3830,CUST13830,Pune,West,Low,670.0,Mass
3831,CUST13831,Bangalore,South,Medium,762.0,Mass
3832,CUST13832,Mumbai,West,Low,602.0,Affluent
3833,CUST13833,Delhi NCR,North,Medium,749.0,Mass
3834,CUST13834,Mumbai,West,Low,669.0,Affluent
3835,CUST13835,Hyderabad,South,High,766.0,Mass
3836,CUST13836,Bangalore,South,Low,585.0,Mass
3837,CUST13837,Mumbai,West,Medium,711.0,Mass
3838,CUST13838,Delhi NCR,North,Low,597.0,Mass
3839,CUST13839,Bangalore,South,High,826.0,Mass
3840,CUST13840,Bangalore,South,Medium,667.0,Mass
3841,CUST13841,Delhi NCR,North,High,745.0,Mass
3842,CUST13842,Bangalore,South,Low,608.0,Mass
3843,CUST13843,Kolkata,East,Low,627.0,Mass
3844,CUST13844,Delhi NCR,North,Low,600.0,Affluent
3845,CUST13845,Mumbai,West,Low,554.0,Affluent
3846,CUST13846,Kolkata,East,High,772.0,Affluent
3847,CUST13847,Pune,West,High,750.0,Premium
3848,CUST13848,Delhi NCR,North,Low,713.0,Affluent
3849,CUST13849,Bangalore,South,Low,647.0,Affluent
3850,CUST13850,Hyderabad,South,Medium,728.0,Mass
3851,CUST13851,Hyderabad,South,High,804.0,Affluent
3852,CUST13852,Mumbai,West,Medium,693.0,Mass
3853,CUST13853,Delhi NCR,North,Medium,704.0,Affluent
3854,CUST13854,Delhi NCR,North,High,799.0,Affluent
3855,CUST13855,Kolkata,East,Medium,764.0,Affluent
3856,CUST13856,Kolkata,East,Medium,754.0,Affluent
3857,CUST13857,Bangalore,South,High,781.0,Mass
3858,CUST13858,Pune,West,Low,705.0,Mass
3859,CUST13859,Hyderabad,South,Low,625.0,Affluent
3860,CUST13860,Mumbai,West,High,756.0,Mass
3861,CUST13861,Delhi NCR,North,High,739.0,Premium
3862,CUST13862,Bangalore,South,Low,616.0,Mass
3863,CUST13863,Hyderabad,South,Medium,765.0,Mass
3864,CUST13864,Bangalore,South,Low,586.0,Mass
3865,CUST13865,Hyderabad,South,Medium,718.0,Premium
3866,CUST13866,Kolkata,East,Low,554.0,Mass
3867,CUST13867,Pune,West,Low,704.0,Mass
3868,CUST13868,Pune,West,Low,655.0,Affluent
3869,CUST13869,Bangalore,South,Low,568.0,Premium
3870,CUST13870,Delhi NCR,North,High,786.0,Mass
3871,CUST13871,Pune,West,Low,649.0,Mass
3872,CUST13872,Hyderabad,South,Medium,773.0,Affluent
3873,CUST13873,Kolkata,East,High,798.0,Mass
3874,CUST13874,Hyderabad,South,Medium,697.0,Affluent
3875,CUST13875,Hyderabad,South,Medium,699.0,Mass
3876,CUST13876,Mumbai,West,High,779.0,Mass
3877,CUST13877,Delhi NCR,North,Low,693.0,Mass
3878,CUST13878,Pune,West,High,754.0,Affluent
3879,CUST13879,Mumbai,West,High,826.0,Mass
3880,CUST13880,Pune,West,High,818.0,Mass
3881,CUST13881,Mumbai,West,Low,709.0,Affluent
3882,CUST13882,Mumbai,West,High,798.0,Mass
3883,CUST13883,Pune,West,Medium,681.0,Mass
3884,CUST13884,Hyderabad,South,Medium,722.0,Affluent
3885,CUST13885,Kolkata,East,High,758.0,Premium
3886,CUST13886,Hyderabad,South,Low,597.0,Mass
3887,CUST13887,Delhi NCR,North,High,800.0,Mass
3888,CUST13888,Pune,West,Medium,671.0,Mass
3889,CUST13889,Mumbai,West,Medium,667.0,Mass
3890,CUST13890,Pune,West,High,768.0,Affluent
3891,CUST13891,Delhi NCR,North,Medium,765.0,Premium
3892,CUST13892,Kolkata,East,Medium,779.0,Premium
3893,CUST13893,Bangalore,South,Medium,653.0,Mass
3894,CUST13894,Delhi NCR,North,Low,606.0,Affluent
3895,CUST13895,Bangalore,South,Medium,668.0,Premium
3896,CUST13896,Mumbai,West,Low,604.0,Mass
3897,CUST13897,Mumbai,West,High,779.0,Affluent
3898,CUST13898,Kolkata,East,Medium,734.0,Premium
3899,CUST13899,Pune,West,High,755.0,Mass
3900,CUST13900,Kolkata,East,Medium,659.0,Premium
3901,CUST13901,Hyderabad,South,Low,602.0,Mass
3902,CUST13902,Delhi NCR,North,Low,606.0,Mass
3903,CUST13903,Delhi NCR,North,Medium,741.0,Affluent
3904,CUST13904,Mumbai,West,Low,611.0,Mass
3905,CUST13905,Pune,West,Medium,777.0,Affluent
3906,CUST13906,Pune,West,Medium,767.0,Affluent
3907,CUST13907,Kolkata,East,Low,669.0,Mass
3908,CUST13908,Hyderabad,South,High,760.0,Premium
3909,CUST13909,Delhi NCR,North,Low,625.0,Affluent
3910,CUST13910,Delhi NCR,North,Low,654.0,Affluent
3911,CUST13911,Bangalore,South,Low,616.0,Mass
3912,CUST13912,Kolkata,East,Low,600.0,Mass
3913,CUST13913,Mumbai,West,High,725.0,Mass
3914,CUST13914,Hyderabad,South,Medium,726.0,Mass
3915,CUST13915,Kolkata,East,Medium,779.0,Mass
3916,CUST13916,Pune,West,Medium,670.0,Mass
3917,CUST13917,Mumbai,West,Low,682.0,Affluent
3918,CUST13918,Bangalore,South,Low,699.0,Affluent
3919,CUST13919,Mumbai,West,High,749.0,Affluent
3920,CUST13920,Mumbai,West,Medium,755.0,Affluent
3921,CUST13921,Delhi NCR,North,High,806.0,Mass
3922,CUST13922,Mumbai,West,High,791.0,Affluent
3923,CUST13923,Kolkata,East,High,792.0,Mass
3924,CUST13924,Bangalore,South,Low,662.0,Affluent
3925,CUST13925,Mumbai,West,High,721.0,Mass
3926,CUST13926,Delhi NCR,North,Medium,717.0,Mass
3927,CUST13927,Mumbai,West,Medium,746.0,Mass
3928,CUST13928,Kolkata,East,Low,654.0,Affluent
3929,CUST13929,Delhi NCR,North,Low,684.0,Mass
3930,CUST13930,Bangalore,South,High,829.0,Mass
3931,CUST13931,Delhi NCR,North,Low,600.0,Mass
3932,CUST13932,Hyderabad,South,Low,631.0,Premium
3933,CUST13933,Hyderabad,South,Medium,659.0,Mass
3934,CUST13934,Delhi NCR,North,Medium,694.0,Premium
3935,CUST13935,Hyderabad,South,High,788.0,Mass
3936,CUST13936,Mumbai,West,Medium,703.0,Mass
3937,CUST13937,Kolkata,East,Low,609.0,Affluent
3938,CUST13938,Bangalore,South,Medium,680.0,Mass
3939,CUST13939,Hyderabad,South,Low,661.0,Affluent
3940,CUST13940,Hyderabad,South,High,842.0,Mass
3941,CUST13941,Mumbai,West,High,735.0,Mass
3942,CUST13942,Mumbai,West,Medium,675.0,Affluent
3943,CUST13943,Bangalore,South,Medium,737.0,Affluent
3944,CUST13944,Pune,West,Low,644.0,Mass
3945,CUST13945,Kolkata,East,Low,563.0,Mass
3946,CUST13946,Mumbai,West,Low,598.0,Mass
3947,CUST13947,Pune,West,Low,712.0,Affluent
3948,CUST13948,Kolkata,East,High,850.0,Mass
3949,CUST13949,Kolkata,East,Low,562.0,Affluent
3950,CUST13950,Kolkata,East,Low,612.0,Mass
3951,CUST13951,Bangalore,South,Medium,752.0,Affluent
3952,CUST13952,Hyderabad,South,High,756.0,Mass
3953,CUST13953,Hyderabad,South,Low,596.0,Mass
3954,CUST13954,Hyderabad,South,Medium,720.0,Affluent
3955,CUST13955,Hyderabad,South,Medium,767.0,Affluent
3956,CUST13956,Mumbai,West,Medium,700.0,Affluent
3957,CUST13957,Kolkata,East,Low,663.0,Mass
3958,CUST13958,Pune,West,Low,553.0,Premium
3959,CUST13959,Pune,West,High,785.0,Affluent
3960,CUST13960,Hyderabad,South,Low,710.0,Mass
3961,CUST13961,Kolkata,East,Low,592.0,Premium
3962,CUST13962,Mumbai,West,Low,626.0,Affluent
3963,CUST13963,Kolkata,East,Low,573.0,Affluent
3964,CUST13964,Pune,West,Low,620.0,Mass
3965,CUST13965,Bangalore,South,Low,686.0,Mass
3966,CUST13966,Pune,West,Medium,733.0,Mass
3967,CUST13967,Kolkata,East,Medium,654.0,Mass
3968,CUST13968,Mumbai,West,High,827.0,Mass
3969,CUST13969,Kolkata,East,Medium,713.0,Affluent
3970,CUST13970,Bangalore,South,Low,576.0,Mass
3971,CUST13971,Kolkata,East,Low,600.0,Affluent
3972,CUST13972,Pune,West,Low,649.0,Mass
3973,CUST13973,Hyderabad,South,Low,577.0,Mass
3974,CUST13974,Hyderabad,South,Medium,718.0,Mass
3975,CUST13975,Hyderabad,South,Low,584.0,Affluent
3976,CUST13976,Pune,West,High,845.0,Premium
3977,CUST13977,Delhi NCR,North,Medium,668.0,Affluent
3978,CUST13978,Kolkata,East,Low,650.0,Mass
3979,CUST13979,Kolkata,East,Low,615.0,Affluent
3980,CUST13980,Bangalore,South,Low,586.0,Mass
3981,CUST13981,Bangalore,South,Medium,671.0,Mass
3982,CUST13982,Delhi NCR,North,Medium,700.0,Mass
3983,CUST13983,Pune,West,High,739.0,Mass
3984,CUST13984,Hyderabad,South,Low,619.0,Affluent
3985,CUST13985,Kolkata,East,Medium,678.0,Mass
3986,CUST13986,Hyderabad,South,Medium,699.0,Mass
3987,CUST13987,Mumbai,West,High,832.0,Mass
3988,CUST13988,Mumbai,West,Medium,746.0,Mass
3989,CUST13989,Delhi NCR,North,High,812.0,Mass
3990,CUST13990,Kolkata,East,Medium,714.0,Affluent
3991,CUST13991,Pune,West,Medium,663.0,Affluent
3992,CUST13992,Bangalore,South,Medium,743.0,Affluent
3993,CUST13993,Pune,West,Medium,690.0,Affluent
3994,CUST13994,Hyderabad,South,Low,648.0,Premium
3995,CUST13995,Pune,West,Low,630.0,Affluent
3996,CUST13996,Hyderabad,South,Low,635.0,Mass
3997,CUST13997,Hyderabad,South,Medium,671.0,Premium
3998,CUST13998,Mumbai,West,Low,554.0,Premium
3999,CUST13999,Mumbai,West,Medium,736.0,Affluent
4000,CUST14000,Pune,West,Medium,744.0,Mass
4001,CUST14001,Kolkata,East,Medium,697.0,Affluent
4002,CUST14002,Hyderabad,South,Low,636.0,Affluent
4003,CUST14003,Delhi NCR,North,Low,639.0,Mass
4004,CUST14004,Mumbai,West,Medium,710.0,Premium
4005,CUST14005,Delhi NCR,North,Low,710.0,Affluent
4006,CUST14006,Kolkata,East,Medium,756.0,Mass
4007,CUST14007,Mumbai,West,Medium,698.0,Affluent
4008,CUST14008,Mumbai,West,High,757.0,Mass
4009,CUST14009,Delhi NCR,North,Medium,776.0,Affluent
4010,CUST14010,Kolkata,East,Low,581.0,Mass
4011,CUST14011,Pune,West,Medium,711.0,Mass
4012,CUST14012,Delhi NCR,North,High,775.0,Mass
4013,CUST14013,Mumbai,West,Medium,662.0,Mass
4014,CUST14014,Delhi NCR,North,Medium,757.0,Affluent
4015,CUST14015,Bangalore,South,Medium,654.0,Affluent
4016,CUST14016,Mumbai,West,High,806.0,Mass
4017,CUST14017,Hyderabad,South,Low,640.0,Mass
4018,CUST14018,Hyderabad,South,Medium,661.0,Mass
4019,CUST14019,Kolkata,East,Low,668.0,Mass
4020,CUST14020,Pune,West,Medium,750.0,Mass
4021,CUST14021,Delhi NCR,North,Low,702.0,Affluent
4022,CUST14022,Kolkata,East,High,769.0,Mass
4023,CUST14023,Kolkata,East,Medium,698.0,Mass
4024,CUST14024,Hyderabad,South,Low,656.0,Mass
4025,CUST14025,Mumbai,West,Medium,763.0,Mass
4026,CUST14026,Pune,West,High,836.0,Affluent
4027,CUST14027,Pune,West,Medium,755.0,Mass
4028,CUST14028,Pune,West,High,796.0,Mass
4029,CUST14029,Pune,West,Medium,675.0,Affluent
4030,CUST14030,Bangalore,South,High,838.0,Affluent
4031,CUST14031,Kolkata,East,Medium,717.0,Mass
4032,CUST14032,Mumbai,West,Medium,691.0,Mass
4033,CUST14033,Hyderabad,South,Medium,742.0,Mass
4034,CUST14034,Mumbai,West,Medium,770.0,Affluent
4035,CUST14035,Bangalore,South,High,830.0,Mass
4036,CUST14036,Delhi NCR,North,Low,686.0,Affluent
4037,CUST14037,Mumbai,West,Medium,748.0,Premium
4038,CUST14038,Hyderabad,South,Medium,744.0,Mass
4039,CUST14039,Mumbai,West,Low,578.0,Affluent
4040,CUST14040,Kolkata,East,Low,662.0,Mass
4041,CUST14041,Bangalore,South,High,763.0,Mass
4042,CUST14042,Mumbai,West,Low,709.0,Mass
4043,CUST14043,Pune,West,Medium,704.0,Affluent
4044,CUST14044,Kolkata,East,High,739.0,Affluent
4045,CUST14045,Bangalore,South,Low,629.0,Mass
4046,CUST14046,Hyderabad,South,Medium,700.0,Affluent
4047,CUST14047,Bangalore,South,High,767.0,Premium
4048,CUST14048,Delhi NCR,North,Medium,708.0,Mass
4049,CUST14049,Delhi NCR,North,Low,552.0,Affluent
4050,CUST14050,Delhi NCR,North,Low,629.0,Affluent
4051,CUST14051,Hyderabad,South,Medium,713.0,Mass
4052,CUST14052,Delhi NCR,North,High,730.0,Premium
4053,CUST14053,Kolkata,East,Low,649.0,Premium
4054,CUST14054,Kolkata,East,Medium,698.0,Mass
4055,CUST14055,Mumbai,West,Medium,650.0,Mass
4056,CUST14056,Kolkata,East,Medium,778.0,Affluent
4057,CUST14057,Bangalore,South,Low,669.0,Mass
4058,CUST14058,Mumbai,West,Medium,673.0,Mass
4059,CUST14059,Mumbai,West,Low,653.0,Affluent
4060,CUST14060,Pune,West,High,821.0,Mass
4061,CUST14061,Delhi NCR,North,Low,710.0,Premium
4062,CUST14062,Kolkata,East,Low,638.0,Mass
4063,CUST14063,Hyderabad,South,Medium,737.0,Affluent
4064,CUST14064,Bangalore,South,Low,615.0,Affluent
4065,CUST14065,Bangalore,South,Low,647.0,Mass
4066,CUST14066,Pune,West,Low,645.0,Premium
4067,CUST14067,Pune,West,Medium,745.0,Mass
4068,CUST14068,Hyderabad,South,Low,597.0,Affluent
4069,CUST14069,Mumbai,West,Low,688.0,Mass
4070,CUST14070,Kolkata,East,Low,604.0,Premium
4071,CUST14071,Kolkata,East,Medium,767.0,Mass
4072,CUST14072,Mumbai,West,Low,672.0,Mass
4073,CUST14073,Pune,West,Low,720.0,Affluent
4074,CUST14074,Hyderabad,South,Low,605.0,Affluent
4075,CUST14075,Delhi NCR,North,High,769.0,Mass
4076,CUST14076,Delhi NCR,North,Low,673.0,Mass
4077,CUST14077,Bangalore,South,Medium,719.0,Mass
4078,CUST14078,Hyderabad,South,Low,602.0,Mass
4079,CUST14079,Delhi NCR,North,Low,625.0,Premium
4080,CUST14080,Kolkata,East,Low,693.0,Mass
4081,CUST14081,Kolkata,East,Medium,659.0,Mass
4082,CUST14082,Hyderabad,South,Medium,723.0,Mass
4083,CUST14083,Hyderabad,South,Medium,762.0,Mass
4084,CUST14084,Kolkata,East,Low,643.0,Affluent
4085,CUST14085,Mumbai,West,Medium,720.0,Mass
4086,CUST14086,Delhi NCR,North,Medium,748.0,Mass
4087,CUST14087,Kolkata,East,Medium,742.0,Affluent
4088,CUST14088,Mumbai,West,Low,720.0,Mass
4089,CUST14089,Kolkata,East,Medium,733.0,Affluent
4090,CUST14090,Mumbai,West,Low,685.0,Mass
4091,CUST14091,Hyderabad,South,Low,567.0,Premium
4092,CUST14092,Bangalore,South,Low,720.0,Premium
4093,CUST14093,Hyderabad,South,Medium,754.0,Mass
4094,CUST14094,Delhi NCR,North,Medium,669.0,Affluent
4095,CUST14095,Mumbai,West,Low,662.0,Mass
4096,CUST14096,Delhi NCR,North,Medium,757.0,Affluent
4097,CUST14097,Mumbai,West,High,849.0,Affluent
4098,CUST14098,Kolkata,East,Medium,722.0,Mass
4099,CUST14099,Pune,West,High,804.0,Premium
4100,CUST14100,Pune,West,Medium,733.0,Affluent
4101,CUST14101,Hyderabad,South,Medium,694.0,Mass
4102,CUST14102,Delhi NCR,North,High,787.0,Mass
4103,CUST14103,Hyderabad,South,Low,653.0,Mass
4104,CUST14104,Bangalore,South,Medium,671.0,Mass
4105,CUST14105,Delhi NCR,North,Low,609.0,Affluent
4106,CUST14106,Pune,West,Medium,778.0,Affluent
4107,CUST14107,Pune,West,High,830.0,Affluent
4108,CUST14108,Pune,West,Medium,677.0,Mass
4109,CUST14109,Pune,West,Low,563.0,Affluent
4110,CUST14110,Mumbai,West,Medium,739.0,Affluent
4111,CUST14111,Kolkata,East,Low,559.0,Mass
4112,CUST14112,Mumbai,West,High,805.0,Affluent
4113,CUST14113,Bangalore,South,Medium,749.0,Mass
4114,CUST14114,Bangalore,South,Low,648.0,Mass
4115,CUST14115,Bangalore,South,Low,703.0,Affluent
4116,CUST14116,Bangalore,South,Medium,700.0,Mass
4117,CUST14117,Bangalore,South,Low,585.0,Mass
4118,CUST14118,Mumbai,West,High,838.0,Mass
4119,CUST14119,Pune,West,Low,570.0,Mass
4120,CUST14120,Kolkata,East,Low,621.0,Mass
4121,CUST14121,Kolkata,East,Medium,715.0,Mass
4122,CUST14122,Hyderabad,South,High,805.0,Mass
4123,CUST14123,Bangalore,South,Medium,724.0,Mass
4124,CUST14124,Pune,West,Medium,696.0,Mass
4125,CUST14125,Delhi NCR,North,High,752.0,Mass
4126,CUST14126,Pune,West,Medium,711.0,Mass
4127,CUST14127,Hyderabad,South,Low,617.0,Affluent
4128,CUST14128,Kolkata,East,Medium,652.0,Mass
4129,CUST14129,Kolkata,East,Low,677.0,Affluent
4130,CUST14130,Delhi NCR,North,Low,666.0,Premium
4131,CUST14131,Bangalore,South,Medium,759.0,Affluent
4132,CUST14132,Delhi NCR,North,Medium,698.0,Premium
4133,CUST14133,Hyderabad,South,Low,626.0,Mass
4134,CUST14134,Hyderabad,South,High,809.0,Mass
4135,CUST14135,Kolkata,East,Medium,657.0,Affluent
4136,CUST14136,Kolkata,East,Low,557.0,Mass
4137,CUST14137,Kolkata,East,Low,563.0,Mass
4138,CUST14138,Hyderabad,South,Low,624.0,Affluent
4139,CUST14139,Hyderabad,South,Medium,777.0,Mass
4140,CUST14140,Delhi NCR,North,High,796.0,Mass
4141,CUST14141,Hyderabad,South,High,741.0,Premium
4142,CUST14142,Delhi NCR,North,Medium,685.0,Affluent
4143,CUST14143,Pune,West,High,764.0,Mass
4144,CUST14144,Hyderabad,South,Low,695.0,Mass
4145,CUST14145,Mumbai,West,Medium,670.0,Mass
4146,CUST14146,Delhi NCR,North,Low,568.0,Mass
4147,CUST14147,Bangalore,South,Medium,779.0,Premium
4148,CUST14148,Bangalore,South,Low,621.0,Mass
4149,CUST14149,Mumbai,West,Low,649.0,Affluent
4150,CUST14150,Pune,West,Low,675.0,Premium
4151,CUST14151,Mumbai,West,Low,665.0,Mass
4152,CUST14152,Hyderabad,South,Medium,663.0,Mass
4153,CUST14153,Mumbai,West,Low,660.0,Mass
4154,CUST14154,Mumbai,West,Medium,768.0,Mass
4155,CUST14155,Kolkata,East,Medium,759.0,Mass
4156,CUST14156,Hyderabad,South,High,799.0,Affluent
4157,CUST14157,Hyderabad,South,Low,569.0,Affluent
4158,CUST14158,Mumbai,West,High,755.0,Premium
4159,CUST14159,Delhi NCR,North,High,810.0,Mass
4160,CUST14160,Bangalore,South,Low,673.0,Affluent
4161,CUST14161,Delhi NCR,North,Low,637.0,Mass
4162,CUST14162,Kolkata,East,Low,621.0,Affluent
4163,CUST14163,Bangalore,South,Medium,688.0,Affluent
4164,CUST14164,Delhi NCR,North,Low,584.0,Mass
4165,CUST14165,Pune,West,Medium,741.0,Mass
4166,CUST14166,Bangalore,South,High,770.0,Mass
4167,CUST14167,Pune,West,Medium,655.0,Affluent
4168,CUST14168,Hyderabad,South,Medium,682.0,Mass
4169,CUST14169,Bangalore,South,Medium,765.0,Affluent
4170,CUST14170,Mumbai,West,Medium,697.0,Affluent
4171,CUST14171,Bangalore,South,Low,637.0,Affluent
4172,CUST14172,Bangalore,South,Medium,733.0,Premium
4173,CUST14173,Pune,West,Medium,676.0,Mass
4174,CUST14174,Delhi NCR,North,High,826.0,Mass
4175,CUST14175,Kolkata,East,High,730.0,Mass
4176,CUST14176,Delhi NCR,North,Low,625.0,Mass
4177,CUST14177,Bangalore,South,Medium,709.0,Affluent
4178,CUST14178,Kolkata,East,High,793.0,Premium
4179,CUST14179,Bangalore,South,Medium,653.0,Affluent
4180,CUST14180,Kolkata,East,Low,692.0,Affluent
4181,CUST14181,Pune,West,Low,584.0,Affluent
4182,CUST14182,Hyderabad,South,Low,671.0,Mass
4183,CUST14183,Bangalore,South,Low,712.0,Mass
4184,CUST14184,Mumbai,West,Medium,697.0,Mass
4185,CUST14185,Mumbai,West,Medium,762.0,Mass
4186,CUST14186,Delhi NCR,North,High,727.0,Mass
4187,CUST14187,Hyderabad,South,Low,713.0,Premium
4188,CUST14188,Bangalore,South,Medium,746.0,Mass
4189,CUST14189,Pune,West,Medium,650.0,Mass
4190,CUST14190,Pune,West,Medium,753.0,Affluent
4191,CUST14191,Pune,West,Medium,711.0,Mass
4192,CUST14192,Bangalore,South,Medium,735.0,Mass
4193,CUST14193,Mumbai,West,Low,580.0,Affluent
4194,CUST14194,Kolkata,East,Medium,651.0,Affluent
4195,CUST14195,Mumbai,West,Medium,682.0,Mass
4196,CUST14196,Mumbai,West,Low,592.0,Mass
4197,CUST14197,Mumbai,West,Medium,741.0,Mass
4198,CUST14198,Hyderabad,South,High,727.0,Mass
4199,CUST14199,Bangalore,South,Medium,764.0,Mass
4200,CUST14200,Mumbai,West,High,743.0,Mass
4201,CUST14201,Bangalore,South,Medium,717.0,Mass
4202,CUST14202,Hyderabad,South,High,745.0,Affluent
4203,CUST14203,Mumbai,West,High,731.0,Mass
4204,CUST14204,Hyderabad,South,Medium,753.0,Mass
4205,CUST14205,Kolkata,East,Medium,743.0,Affluent
4206,CUST14206,Hyderabad,South,Medium,696.0,Affluent
4207,CUST14207,Hyderabad,South,High,828.0,Mass
4208,CUST14208,Mumbai,West,Low,563.0,Premium
4209,CUST14209,Delhi NCR,North,Medium,737.0,Affluent
4210,CUST14210,Mumbai,West,Low,601.0,Premium
4211,CUST14211,Delhi NCR,North,Medium,665.0,Affluent
4212,CUST14212,Pune,West,Medium,720.0,Mass
4213,CUST14213,Mumbai,West,Medium,715.0,Premium
4214,CUST14214,Pune,West,Medium,726.0,Mass
4215,CUST14215,Hyderabad,South,Medium,751.0,Mass
4216,CUST14216,Pune,West,High,785.0,Affluent
4217,CUST14217,Hyderabad,South,Medium,721.0,Premium
4218,CUST14218,Delhi NCR,North,Medium,654.0,Mass
4219,CUST14219,Mumbai,West,High,748.0,Affluent
4220,CUST14220,Delhi NCR,North,Medium,717.0,Premium
4221,CUST14221,Delhi NCR,North,Medium,674.0,Mass
4222,CUST14222,Mumbai,West,Medium,695.0,Mass
4223,CUST14223,Delhi NCR,North,High,777.0,Mass
4224,CUST14224,Delhi NCR,North,Medium,692.0,Affluent
4225,CUST14225,Pune,West,Medium,703.0,Affluent
4226,CUST14226,Pune,West,Low,579.0,Mass
4227,CUST14227,Bangalore,South,Low,653.0,Mass
4228,CUST14228,Bangalore,South,Medium,761.0,Premium
4229,CUST14229,Mumbai,West,Low,559.0,Affluent
4230,CUST14230,Mumbai,West,High,751.0,Mass
4231,CUST14231,Kolkata,East,High,788.0,Mass
4232,CUST14232,Hyderabad,South,Medium,705.0,Mass
4233,CUST14233,Pune,West,High,850.0,Premium
4234,CUST14234,Pune,West,Medium,682.0,Mass
4235,CUST14235,Hyderabad,South,High,819.0,Affluent
4236,CUST14236,Delhi NCR,North,Low,638.0,Mass
4237,CUST14237,Pune,West,Low,716.0,Mass
4238,CUST14238,Mumbai,West,Medium,736.0,Mass
4239,CUST14239,Hyderabad,South,Low,604.0,Premium
4240,CUST14240,Mumbai,West,Medium,684.0,Affluent
4241,CUST14241,Delhi NCR,North,Medium,721.0,Affluent
4242,CUST14242,Bangalore,South,Low,713.0,Mass
4243,CUST14243,Bangalore,South,Low,711.0,Affluent
4244,CUST14244,Kolkata,East,Low,626.0,Mass
4245,CUST14245,Mumbai,West,Medium,707.0,Mass
4246,CUST14246,Delhi NCR,North,High,802.0,Affluent
4247,CUST14247,Hyderabad,South,Low,664.0,Mass
4248,CUST14248,Delhi NCR,North,Low,719.0,Affluent
4249,CUST14249,Mumbai,West,Low,599.0,Mass
4250,CUST14250,Hyderabad,South,Low,694.0,Mass
4251,CUST14251,Hyderabad,South,Low,609.0,Mass
4252,CUST14252,Mumbai,West,Medium,749.0,Mass
4253,CUST14253,Delhi NCR,North,Medium,730.0,Mass
4254,CUST14254,Hyderabad,South,High,720.0,Premium
4255,CUST14255,Hyderabad,South,Medium,779.0,Mass
4256,CUST14256,Hyderabad,South,Medium,742.0,Mass
4257,CUST14257,Hyderabad,South,Medium,671.0,Affluent
4258,CUST14258,Pune,West,High,753.0,Mass
4259,CUST14259,Mumbai,West,Medium,730.0,Premium
4260,CUST14260,Kolkata,East,Medium,710.0,Mass
4261,CUST14261,Mumbai,West,Medium,700.0,Mass
4262,CUST14262,Pune,West,Low,617.0,Mass
4263,CUST14263,Kolkata,East,High,848.0,Premium
4264,CUST14264,Pune,West,Medium,674.0,Premium
4265,CUST14265,Kolkata,East,Medium,771.0,Mass
4266,CUST14266,Bangalore,South,Medium,705.0,Mass
4267,CUST14267,Bangalore,South,High,817.0,Affluent
4268,CUST14268,Bangalore,South,Medium,657.0,Mass
4269,CUST14269,Hyderabad,South,High,759.0,Affluent
4270,CUST14270,Bangalore,South,Medium,711.0,Mass
4271,CUST14271,Mumbai,West,Low,639.0,Affluent
4272,CUST14272,Kolkata,East,Low,691.0,Affluent
4273,CUST14273,Hyderabad,South,Low,612.0,Affluent
4274,CUST14274,Bangalore,South,Medium,660.0,Affluent
4275,CUST14275,Kolkata,East,Medium,724.0,Affluent
4276,CUST14276,Kolkata,East,High,741.0,Mass
4277,CUST14277,Kolkata,East,High,832.0,Premium
4278,CUST14278,Pune,West,High,833.0,Premium
4279,CUST14279,Kolkata,East,Medium,777.0,Mass
4280,CUST14280,Kolkata,East,High,768.0,Affluent
4281,CUST14281,Delhi NCR,North,High,742.0,Mass
4282,CUST14282,Hyderabad,South,Medium,775.0,Mass
4283,CUST14283,Hyderabad,South,Medium,707.0,Mass
4284,CUST14284,Bangalore,South,Low,675.0,Mass
4285,CUST14285,Delhi NCR,North,Medium,731.0,Mass
4286,CUST14286,Hyderabad,South,Medium,771.0,Mass
4287,CUST14287,Pune,West,Medium,651.0,Mass
4288,CUST14288,Mumbai,West,Medium,653.0,Mass
4289,CUST14289,Mumbai,West,Low,713.0,Mass
4290,CUST14290,Delhi NCR,North,Medium,654.0,Mass
4291,CUST14291,Bangalore,South,High,783.0,Mass
4292,CUST14292,Pune,West,Medium,669.0,Mass
4293,CUST14293,Kolkata,East,Low,587.0,Affluent
4294,CUST14294,Bangalore,South,Low,657.0,Affluent
4295,CUST14295,Bangalore,South,Low,629.0,Mass
4296,CUST14296,Hyderabad,South,Medium,745.0,Affluent
4297,CUST14297,Pune,West,Medium,700.0,Affluent
4298,CUST14298,Delhi NCR,North,High,833.0,Premium
4299,CUST14299,Bangalore,South,Medium,676.0,Mass
4300,CUST14300,Bangalore,South,Medium,680.0,Affluent
4301,CUST14301,Kolkata,East,Low,553.0,Affluent
4302,CUST14302,Kolkata,East,Medium,683.0,Mass
4303,CUST14303,Pune,West,Low,695.0,Mass
4304,CUST14304,Hyderabad,South,Medium,746.0,Affluent
4305,CUST14305,Kolkata,East,High,823.0,Mass
4306,CUST14306,Hyderabad,South,Medium,748.0,Mass
4307,CUST14307,Pune,West,High,760.0,Affluent
4308,CUST14308,Pune,West,Medium,765.0,Mass
4309,CUST14309,Pune,West,Low,712.0,Affluent
4310,CUST14310,Hyderabad,South,Medium,766.0,Mass
4311,CUST14311,Bangalore,South,High,815.0,Affluent
4312,CUST14312,Kolkata,East,Medium,731.0,Affluent
4313,CUST14313,Kolkata,East,High,831.0,Mass
4314,CUST14314,Hyderabad,South,Low,710.0,Affluent
4315,CUST14315,Kolkata,East,Low,631.0,Premium
4316,CUST14316,Mumbai,West,Medium,684.0,Mass
4317,CUST14317,Delhi NCR,North,Medium,771.0,Mass
4318,CUST14318,Delhi NCR,North,High,781.0,Mass
4319,CUST14319,Bangalore,South,Medium,673.0,Mass
4320,CUST14320,Pune,West,Medium,778.0,Mass
4321,CUST14321,Hyderabad,South,High,834.0,Mass
4322,CUST14322,Delhi NCR,North,Medium,744.0,Mass
4323,CUST14323,Bangalore,South,High,812.0,Mass
4324,CUST14324,Delhi NCR,North,Low,603.0,Mass
4325,CUST14325,Delhi NCR,North,Low,713.0,Mass
4326,CUST14326,Bangalore,South,Medium,692.0,Mass
4327,CUST14327,Pune,West,Medium,692.0,Affluent
4328,CUST14328,Pune,West,Medium,738.0,Premium
4329,CUST14329,Bangalore,South,Medium,777.0,Affluent
4330,CUST14330,Hyderabad,South,Medium,705.0,Mass
4331,CUST14331,Hyderabad,South,High,737.0,Mass
4332,CUST14332,Pune,West,Medium,652.0,Affluent
4333,CUST14333,Hyderabad,South,Low,716.0,Affluent
4334,CUST14334,Mumbai,West,Low,628.0,Mass
4335,CUST14335,Bangalore,South,Medium,775.0,Mass
4336,CUST14336,Bangalore,South,High,793.0,Mass
4337,CUST14337,Kolkata,East,Medium,678.0,Mass
4338,CUST14338,Pune,West,Medium,725.0,Affluent
4339,CUST14339,Kolkata,East,Medium,746.0,Mass
4340,CUST14340,Delhi NCR,North,Low,562.0,Mass
4341,CUST14341,Kolkata,East,Low,586.0,Mass
4342,CUST14342,Pune,West,Medium,750.0,Affluent
4343,CUST14343,Hyderabad,South,Low,705.0,Mass
4344,CUST14344,Hyderabad,South,Low,564.0,Affluent
4345,CUST14345,Mumbai,West,High,745.0,Mass
4346,CUST14346,Bangalore,South,High,834.0,Mass
4347,CUST14347,Mumbai,West,Low,569.0,Affluent
4348,CUST14348,Kolkata,East,Medium,651.0,Mass
4349,CUST14349,Bangalore,South,Medium,690.0,Affluent
4350,CUST14350,Pune,West,High,740.0,Mass
4351,CUST14351,Kolkata,East,High,725.0,Mass
4352,CUST14352,Delhi NCR,North,Low,692.0,Mass
4353,CUST14353,Kolkata,East,Medium,658.0,Mass
4354,CUST14354,Delhi NCR,North,High,743.0,Mass
4355,CUST14355,Hyderabad,South,Low,673.0,Mass
4356,CUST14356,Pune,West,Low,654.0,Mass
4357,CUST14357,Bangalore,South,Low,596.0,Mass
4358,CUST14358,Delhi NCR,North,High,807.0,Premium
4359,CUST14359,Bangalore,South,Medium,727.0,Mass
4360,CUST14360,Pune,West,Medium,755.0,Mass
4361,CUST14361,Hyderabad,South,Low,647.0,Affluent
4362,CUST14362,Delhi NCR,North,Low,628.0,Mass
4363,CUST14363,Kolkata,East,Low,664.0,Mass
4364,CUST14364,Bangalore,South,Low,631.0,Mass
4365,CUST14365,Pune,West,Low,572.0,Premium
4366,CUST14366,Hyderabad,South,Low,668.0,Mass
4367,CUST14367,Mumbai,West,High,829.0,Affluent
4368,CUST14368,Pune,West,Medium,779.0,Mass
4369,CUST14369,Pune,West,Low,617.0,Affluent
4370,CUST14370,Mumbai,West,Low,620.0,Mass
4371,CUST14371,Bangalore,South,Medium,666.0,Mass
4372,CUST14372,Pune,West,High,726.0,Mass
4373,CUST14373,Kolkata,East,Low,639.0,Mass
4374,CUST14374,Pune,West,Medium,720.0,Affluent
4375,CUST14375,Mumbai,West,High,773.0,Mass
4376,CUST14376,Kolkata,East,Low,713.0,Affluent
4377,CUST14377,Pune,West,Medium,702.0,Mass
4378,CUST14378,Delhi NCR,North,High,728.0,Mass
4379,CUST14379,Bangalore,South,Medium,694.0,Mass
4380,CUST14380,Hyderabad,South,Medium,721.0,Premium
4381,CUST14381,Delhi NCR,North,High,840.0,Mass
4382,CUST14382,Pune,West,Low,575.0,Affluent
4383,CUST14383,Kolkata,East,High,812.0,Affluent
4384,CUST14384,Mumbai,West,High,818.0,Mass
4385,CUST14385,Delhi NCR,North,Low,588.0,Affluent
4386,CUST14386,Pune,West,Low,650.0,Premium
4387,CUST14387,Delhi NCR,North,Low,584.0,Premium
4388,CUST14388,Kolkata,East,Medium,680.0,Mass
4389,CUST14389,Mumbai,West,High,763.0,Affluent
4390,CUST14390,Pune,West,Low,577.0,Mass
4391,CUST14391,Delhi NCR,North,Medium,704.0,Affluent
4392,CUST14392,Mumbai,West,High,781.0,Mass
4393,CUST14393,Kolkata,East,Low,717.0,Mass
4394,CUST14394,Kolkata,East,Low,656.0,Mass
4395,CUST14395,Hyderabad,South,Medium,752.0,Mass
4396,CUST14396,Mumbai,West,Medium,652.0,Mass
4397,CUST14397,Hyderabad,South,Medium,770.0,Mass
4398,CUST14398,Delhi NCR,North,Medium,688.0,Premium
4399,CUST14399,Delhi NCR,North,Low,633.0,Premium
4400,CUST14400,Kolkata,East,Low,642.0,Affluent
4401,CUST14401,Delhi NCR,North,Low,640.0,Mass
4402,CUST14402,Hyderabad,South,Low,667.0,Affluent
4403,CUST14403,Pune,West,Low,640.0,Mass
4404,CUST14404,Pune,West,High,789.0,Mass
4405,CUST14405,Pune,West,High,727.0,Premium
4406,CUST14406,Kolkata,East,Low,664.0,Mass
4407,CUST14407,Pune,West,Medium,759.0,Affluent
4408,CUST14408,Kolkata,East,Low,687.0,Affluent
4409,CUST14409,Delhi NCR,North,Low,624.0,Affluent
4410,CUST14410,Bangalore,South,Low,574.0,Mass
4411,CUST14411,Hyderabad,South,Low,674.0,Mass
4412,CUST14412,Mumbai,West,Low,714.0,Mass
4413,CUST14413,Bangalore,South,Medium,762.0,Affluent
4414,CUST14414,Delhi NCR,North,Low,605.0,Affluent
4415,CUST14415,Delhi NCR,North,High,830.0,Mass
4416,CUST14416,Delhi NCR,North,Medium,704.0,Affluent
4417,CUST14417,Hyderabad,South,Medium,737.0,Mass
4418,CUST14418,Bangalore,South,Low,584.0,Mass
4419,CUST14419,Kolkata,East,Medium,721.0,Premium
4420,CUST14420,Hyderabad,South,Low,616.0,Mass
4421,CUST14421,Hyderabad,South,Low,658.0,Mass
4422,CUST14422,Bangalore,South,Low,550.0,Mass
4423,CUST14423,Bangalore,South,Medium,658.0,Mass
4424,CUST14424,Hyderabad,South,Medium,739.0,Mass
4425,CUST14425,Delhi NCR,North,Low,582.0,Mass
4426,CUST14426,Bangalore,South,Low,687.0,Mass
4427,CUST14427,Delhi NCR,North,Low,697.0,Mass
4428,CUST14428,Kolkata,East,Low,690.0,Premium
4429,CUST14429,Pune,West,Medium,731.0,Mass
4430,CUST14430,Bangalore,South,Medium,680.0,Affluent
4431,CUST14431,Pune,West,Low,659.0,Mass
4432,CUST14432,Hyderabad,South,Low,550.0,Affluent
4433,CUST14433,Mumbai,West,Medium,697.0,Premium
4434,CUST14434,Mumbai,West,Low,664.0,Affluent
4435,CUST14435,Hyderabad,South,High,793.0,Mass
4436,CUST14436,Kolkata,East,High,784.0,Mass
4437,CUST14437,Kolkata,East,High,809.0,Mass
4438,CUST14438,Delhi NCR,North,High,780.0,Affluent
4439,CUST14439,Mumbai,West,Low,584.0,Mass
4440,CUST14440,Pune,West,Low,562.0,Premium
4441,CUST14441,Kolkata,East,Low,714.0,Affluent
4442,CUST14442,Kolkata,East,High,766.0,Mass
4443,CUST14443,Delhi NCR,North,High,753.0,Mass
4444,CUST14444,Bangalore,South,Low,715.0,Mass
4445,CUST14445,Pune,West,High,756.0,Mass
4446,CUST14446,Delhi NCR,North,Medium,775.0,Affluent
4447,CUST14447,Kolkata,East,Low,590.0,Mass
4448,CUST14448,Hyderabad,South,High,722.0,Mass
4449,CUST14449,Delhi NCR,North,Low,592.0,Mass
4450,CUST14450,Delhi NCR,North,Medium,684.0,Mass
4451,CUST14451,Bangalore,South,High,783.0,Mass
4452,CUST14452,Bangalore,South,Medium,714.0,Affluent
4453,CUST14453,Delhi NCR,North,Low,609.0,Affluent
4454,CUST14454,Delhi NCR,North,High,721.0,Mass
4455,CUST14455,Pune,West,Medium,653.0,Affluent
4456,CUST14456,Delhi NCR,North,Medium,775.0,Mass
4457,CUST14457,Mumbai,West,Medium,747.0,Mass
4458,CUST14458,Kolkata,East,Low,553.0,Mass
4459,CUST14459,Kolkata,East,Medium,744.0,Premium
4460,CUST14460,Kolkata,East,Low,688.0,Affluent
4461,CUST14461,Bangalore,South,Low,597.0,Mass
4462,CUST14462,Delhi NCR,North,Medium,748.0,Mass
4463,CUST14463,Mumbai,West,Low,709.0,Mass
4464,CUST14464,Pune,West,Medium,721.0,Affluent
4465,CUST14465,Mumbai,West,Low,645.0,Mass
4466,CUST14466,Kolkata,East,High,795.0,Mass
4467,CUST14467,Kolkata,East,Medium,682.0,Mass
4468,CUST14468,Pune,West,Low,719.0,Affluent
4469,CUST14469,Mumbai,West,Medium,759.0,Mass
4470,CUST14470,Kolkata,East,Low,618.0,Affluent
4471,CUST14471,Delhi NCR,North,Medium,763.0,Premium
4472,CUST14472,Kolkata,East,High,845.0,Mass
4473,CUST14473,Mumbai,West,Low,718.0,Premium
4474,CUST14474,Delhi NCR,North,High,806.0,Affluent
4475,CUST14475,Pune,West,Medium,732.0,Affluent
4476,CUST14476,Hyderabad,South,Low,662.0,Mass
4477,CUST14477,Pune,West,High,731.0,Mass
4478,CUST14478,Hyderabad,South,High,741.0,Affluent
4479,CUST14479,Pune,West,Medium,662.0,Affluent
4480,CUST14480,Delhi NCR,North,Low,607.0,Mass
4481,CUST14481,Bangalore,South,Medium,770.0,Mass
4482,CUST14482,Delhi NCR,North,Low,636.0,Mass
4483,CUST14483,Pune,West,Low,689.0,Mass
4484,CUST14484,Pune,West,High,748.0,Mass
4485,CUST14485,Pune,West,Medium,769.0,Affluent
4486,CUST14486,Mumbai,West,Low,627.0,Mass
4487,CUST14487,Delhi NCR,North,High,748.0,Premium
4488,CUST14488,Pune,West,Medium,736.0,Mass
4489,CUST14489,Kolkata,East,Low,579.0,Affluent
4490,CUST14490,Kolkata,East,Low,633.0,Affluent
4491,CUST14491,Pune,West,Medium,702.0,Mass
4492,CUST14492,Delhi NCR,North,Low,628.0,Mass
4493,CUST14493,Kolkata,East,Low,605.0,Mass
4494,CUST14494,Hyderabad,South,High,720.0,Mass
4495,CUST14495,Pune,West,Low,579.0,Mass
4496,CUST14496,Mumbai,West,Low,692.0,Mass
4497,CUST14497,Delhi NCR,North,Low,610.0,Affluent
4498,CUST14498,Delhi NCR,North,Low,695.0,Affluent
4499,CUST14499,Pune,West,Low,705.0,Affluent
4500,CUST14500,Pune,West,Medium,774.0,Mass
4501,CUST14501,Kolkata,East,Medium,733.0,Mass
4502,CUST14502,Mumbai,West,High,808.0,Mass
4503,CUST14503,Bangalore,South,High,730.0,Mass
4504,CUST14504,Pune,West,High,785.0,Mass
4505,CUST14505,Kolkata,East,High,792.0,Mass
4506,CUST14506,Kolkata,East,Low,705.0,Mass
4507,CUST14507,Mumbai,West,Low,700.0,Mass
4508,CUST14508,Bangalore,South,Medium,705.0,Mass
4509,CUST14509,Delhi NCR,North,High,768.0,Premium
4510,CUST14510,Mumbai,West,Low,593.0,Mass
4511,CUST14511,Hyderabad,South,Medium,710.0,Mass
4512,CUST14512,Pune,West,Low,636.0,Mass
4513,CUST14513,Kolkata,East,High,830.0,Mass
4514,CUST14514,Bangalore,South,Low,646.0,Mass
4515,CUST14515,Hyderabad,South,Low,663.0,Mass
4516,CUST14516,Kolkata,East,Low,633.0,Mass
4517,CUST14517,Kolkata,East,Low,688.0,Affluent
4518,CUST14518,Hyderabad,South,Low,624.0,Affluent
4519,CUST14519,Kolkata,East,Low,686.0,Affluent
4520,CUST14520,Delhi NCR,North,Medium,743.0,Mass
4521,CUST14521,Pune,West,Medium,735.0,Affluent
4522,CUST14522,Bangalore,South,High,785.0,Premium
4523,CUST14523,Hyderabad,South,High,757.0,Mass
4524,CUST14524,Hyderabad,South,Medium,681.0,Mass
4525,CUST14525,Mumbai,West,Medium,746.0,Premium
4526,CUST14526,Pune,West,Medium,665.0,Mass
4527,CUST14527,Mumbai,West,Medium,705.0,Mass
4528,CUST14528,Mumbai,West,Medium,680.0,Affluent
4529,CUST14529,Hyderabad,South,Medium,694.0,Mass
4530,CUST14530,Bangalore,South,Low,579.0,Mass
4531,CUST14531,Mumbai,West,Medium,679.0,Affluent
4532,CUST14532,Delhi NCR,North,Medium,675.0,Mass
4533,CUST14533,Bangalore,South,High,835.0,Mass
4534,CUST14534,Kolkata,East,High,787.0,Mass
4535,CUST14535,Hyderabad,South,Medium,654.0,Affluent
4536,CUST14536,Mumbai,West,Low,585.0,Affluent
4537,CUST14537,Bangalore,South,Medium,730.0,Affluent
4538,CUST14538,Hyderabad,South,Low,626.0,Mass
4539,CUST14539,Bangalore,South,Medium,762.0,Affluent
4540,CUST14540,Kolkata,East,Medium,672.0,Affluent
4541,CUST14541,Kolkata,East,Low,707.0,Mass
4542,CUST14542,Mumbai,West,High,787.0,Mass
4543,CUST14543,Mumbai,West,Medium,655.0,Mass
4544,CUST14544,Bangalore,South,Low,629.0,Affluent
4545,CUST14545,Kolkata,East,Medium,745.0,Affluent
4546,CUST14546,Delhi NCR,North,High,783.0,Mass
4547,CUST14547,Kolkata,East,High,775.0,Affluent
4548,CUST14548,Kolkata,East,High,732.0,Affluent
4549,CUST14549,Hyderabad,South,High,822.0,Mass
4550,CUST14550,Hyderabad,South,Low,615.0,Mass
4551,CUST14551,Pune,West,Low,611.0,Mass
4552,CUST14552,Mumbai,West,High,843.0,Affluent
4553,CUST14553,Kolkata,East,Medium,738.0,Mass
4554,CUST14554,Kolkata,East,Low,621.0,Premium
4555,CUST14555,Bangalore,South,Medium,762.0,Affluent
4556,CUST14556,Kolkata,East,Low,560.0,Mass
4557,CUST14557,Pune,West,Medium,780.0,Mass
4558,CUST14558,Mumbai,West,High,757.0,Mass
4559,CUST14559,Hyderabad,South,Low,656.0,Affluent
4560,CUST14560,Delhi NCR,North,Low,715.0,Premium
4561,CUST14561,Delhi NCR,North,Low,550.0,Premium
4562,CUST14562,Mumbai,West,Medium,764.0,Affluent
4563,CUST14563,Delhi NCR,North,High,849.0,Mass
4564,CUST14564,Mumbai,West,High,831.0,Mass
4565,CUST14565,Mumbai,West,Low,616.0,Affluent
4566,CUST14566,Delhi NCR,North,High,721.0,Premium
4567,CUST14567,Mumbai,West,Medium,682.0,Premium
4568,CUST14568,Delhi NCR,North,Low,583.0,Affluent
4569,CUST14569,Pune,West,Medium,692.0,Mass
4570,CUST14570,Bangalore,South,High,731.0,Affluent
4571,CUST14571,Bangalore,South,High,822.0,Affluent
4572,CUST14572,Hyderabad,South,Medium,766.0,Mass
4573,CUST14573,Mumbai,West,Medium,745.0,Affluent
4574,CUST14574,Delhi NCR,North,Low,637.0,Affluent
4575,CUST14575,Hyderabad,South,Low,632.0,Mass
4576,CUST14576,Hyderabad,South,Low,692.0,Affluent
4577,CUST14577,Hyderabad,South,Low,680.0,Affluent
4578,CUST14578,Bangalore,South,Medium,710.0,Premium
4579,CUST14579,Delhi NCR,North,Low,578.0,Mass
4580,CUST14580,Bangalore,South,Low,700.0,Affluent
4581,CUST14581,Hyderabad,South,Low,669.0,Premium
4582,CUST14582,Mumbai,West,Low,706.0,Mass
4583,CUST14583,Delhi NCR,North,Medium,683.0,Mass
4584,CUST14584,Delhi NCR,North,Low,691.0,Affluent
4585,CUST14585,Pune,West,Medium,650.0,Mass
4586,CUST14586,Mumbai,West,Medium,671.0,Affluent
4587,CUST14587,Pune,West,High,805.0,Affluent
4588,CUST14588,Bangalore,South,Medium,672.0,Premium
4589,CUST14589,Delhi NCR,North,High,745.0,Affluent
4590,CUST14590,Delhi NCR,North,Low,599.0,Mass
4591,CUST14591,Bangalore,South,Low,670.0,Affluent
4592,CUST14592,Kolkata,East,Medium,727.0,Mass
4593,CUST14593,Bangalore,South,High,813.0,Affluent
4594,CUST14594,Hyderabad,South,High,816.0,Affluent
4595,CUST14595,Delhi NCR,North,Low,576.0,Mass
4596,CUST14596,Mumbai,West,Medium,661.0,Affluent
4597,CUST14597,Delhi NCR,North,Low,672.0,Mass
4598,CUST14598,Pune,West,Low,663.0,Affluent
4599,CUST14599,Bangalore,South,Low,708.0,Premium
4600,CUST14600,Pune,West,High,721.0,Mass
4601,CUST14601,Mumbai,West,High,765.0,Mass
4602,CUST14602,Delhi NCR,North,Low,573.0,Premium
4603,CUST14603,Hyderabad,South,High,775.0,Mass
4604,CUST14604,Pune,West,Medium,741.0,Affluent
4605,CUST14605,Mumbai,West,High,835.0,Affluent
4606,CUST14606,Pune,West,Medium,666.0,Premium
4607,CUST14607,Mumbai,West,Low,707.0,Premium
4608,CUST14608,Delhi NCR,North,Medium,704.0,Affluent
4609,CUST14609,Pune,West,Low,659.0,Affluent
4610,CUST14610,Pune,West,Low,579.0,Mass
4611,CUST14611,Pune,West,Medium,712.0,Mass
4612,CUST14612,Mumbai,West,Low,579.0,Mass
4613,CUST14613,Mumbai,West,High,820.0,Affluent
4614,CUST14614,Mumbai,West,Low,715.0,Mass
4615,CUST14615,Mumbai,West,Low,649.0,Mass
4616,CUST14616,Hyderabad,South,Medium,738.0,Mass
4617,CUST14617,Mumbai,West,Low,702.0,Mass
4618,CUST14618,Bangalore,South,Low,596.0,Affluent
4619,CUST14619,Delhi NCR,North,Medium,708.0,Affluent
4620,CUST14620,Kolkata,East,High,722.0,Affluent
4621,CUST14621,Delhi NCR,North,Low,628.0,Mass
4622,CUST14622,Bangalore,South,Medium,655.0,Mass
4623,CUST14623,Hyderabad,South,Medium,761.0,Mass
4624,CUST14624,Bangalore,South,Medium,730.0,Affluent
4625,CUST14625,Bangalore,South,Low,702.0,Mass
4626,CUST14626,Delhi NCR,North,Medium,758.0,Mass
4627,CUST14627,Delhi NCR,North,Medium,725.0,Mass
4628,CUST14628,Bangalore,South,Medium,716.0,Mass
4629,CUST14629,Kolkata,East,Medium,666.0,Premium
4630,CUST14630,Mumbai,West,Medium,717.0,Affluent
4631,CUST14631,Pune,West,High,750.0,Mass
4632,CUST14632,Kolkata,East,Low,714.0,Mass
4633,CUST14633,Pune,West,Low,696.0,Mass
4634,CUST14634,Bangalore,South,Low,720.0,Affluent
4635,CUST14635,Bangalore,South,Medium,751.0,Mass
4636,CUST14636,Kolkata,East,Medium,727.0,Affluent
4637,CUST14637,Bangalore,South,Low,580.0,Mass
4638,CUST14638,Pune,West,Low,700.0,Mass
4639,CUST14639,Mumbai,West,Low,564.0,Mass
4640,CUST14640,Hyderabad,South,Low,698.0,Mass
4641,CUST14641,Mumbai,West,Low,583.0,Premium
4642,CUST14642,Hyderabad,South,Medium,751.0,Mass
4643,CUST14643,Mumbai,West,High,810.0,Mass
4644,CUST14644,Bangalore,South,Low,713.0,Affluent
4645,CUST14645,Delhi NCR,North,High,748.0,Affluent
4646,CUST14646,Delhi NCR,North,Medium,652.0,Affluent
4647,CUST14647,Hyderabad,South,Medium,705.0,Mass
4648,CUST14648,Mumbai,West,High,837.0,Premium
4649,CUST14649,Kolkata,East,Low,706.0,Affluent
4650,CUST14650,Pune,West,Low,651.0,Mass
4651,CUST14651,Delhi NCR,North,Low,604.0,Mass
4652,CUST14652,Kolkata,East,Low,718.0,Mass
4653,CUST14653,Pune,West,Medium,690.0,Mass
4654,CUST14654,Kolkata,East,High,741.0,Mass
4655,CUST14655,Kolkata,East,High,802.0,Mass
4656,CUST14656,Mumbai,West,Medium,727.0,Affluent
4657,CUST14657,Kolkata,East,Medium,652.0,Mass
4658,CUST14658,Bangalore,South,Low,638.0,Mass
4659,CUST14659,Mumbai,West,Medium,684.0,Mass
4660,CUST14660,Hyderabad,South,High,824.0,Mass
4661,CUST14661,Delhi NCR,North,Low,650.0,Premium
4662,CUST14662,Delhi NCR,North,Medium,695.0,Affluent
4663,CUST14663,Bangalore,South,Low,581.0,Mass
4664,CUST14664,Bangalore,South,Low,639.0,Mass
4665,CUST14665,Mumbai,West,Medium,765.0,Affluent
4666,CUST14666,Bangalore,South,Low,625.0,Mass
4667,CUST14667,Bangalore,South,Low,689.0,Mass
4668,CUST14668,Bangalore,South,Low,550.0,Mass
4669,CUST14669,Mumbai,West,Low,568.0,Mass
4670,CUST14670,Kolkata,East,High,848.0,Affluent
4671,CUST14671,Bangalore,South,Medium,682.0,Mass
4672,CUST14672,Mumbai,West,High,782.0,Affluent
4673,CUST14673,Mumbai,West,Medium,709.0,Mass
4674,CUST14674,Mumbai,West,High,767.0,Affluent
4675,CUST14675,Delhi NCR,North,Medium,729.0,Mass
4676,CUST14676,Mumbai,West,High,832.0,Mass
4677,CUST14677,Mumbai,West,High,823.0,Premium
4678,CUST14678,Kolkata,East,Low,691.0,Mass
4679,CUST14679,Delhi NCR,North,Low,624.0,Mass
4680,CUST14680,Mumbai,West,Medium,651.0,Mass
4681,CUST14681,Kolkata,East,High,844.0,Affluent
4682,CUST14682,Delhi NCR,North,Low,698.0,Affluent
4683,CUST14683,Pune,West,Medium,739.0,Mass
4684,CUST14684,Kolkata,East,Low,573.0,Mass
4685,CUST14685,Delhi NCR,North,Low,563.0,Premium
4686,CUST14686,Mumbai,West,Low,600.0,Mass
4687,CUST14687,Hyderabad,South,Medium,706.0,Mass
4688,CUST14688,Hyderabad,South,Low,634.0,Mass
4689,CUST14689,Hyderabad,South,Low,711.0,Mass
4690,CUST14690,Mumbai,West,Low,580.0,Mass
4691,CUST14691,Mumbai,West,Medium,734.0,Mass
4692,CUST14692,Pune,West,Medium,738.0,Mass
4693,CUST14693,Bangalore,South,Low,575.0,Mass
4694,CUST14694,Hyderabad,South,High,803.0,Premium
4695,CUST14695,Bangalore,South,Low,702.0,Mass
4696,CUST14696,Bangalore,South,Medium,703.0,Mass
4697,CUST14697,Pune,West,Low,588.0,Mass
4698,CUST14698,Kolkata,East,Medium,701.0,Affluent
4699,CUST14699,Kolkata,East,Low,686.0,Affluent
4700,CUST14700,Pune,West,High,824.0,Affluent
4701,CUST14701,Hyderabad,South,Medium,675.0,Mass
4702,CUST14702,Mumbai,West,Low,596.0,Affluent
4703,CUST14703,Kolkata,East,Low,600.0,Premium
4704,CUST14704,Mumbai,West,Low,658.0,Affluent
4705,CUST14705,Mumbai,West,High,744.0,Affluent
4706,CUST14706,Hyderabad,South,High,779.0,Premium
4707,CUST14707,Pune,West,Medium,691.0,Mass
4708,CUST14708,Hyderabad,South,High,727.0,Affluent
4709,CUST14709,Mumbai,West,High,809.0,Affluent
4710,CUST14710,Mumbai,West,Low,551.0,Affluent
4711,CUST14711,Hyderabad,South,Medium,763.0,Premium
4712,CUST14712,Hyderabad,South,Medium,671.0,Mass
4713,CUST14713,Mumbai,West,High,745.0,Mass
4714,CUST14714,Bangalore,South,Medium,741.0,Mass
4715,CUST14715,Bangalore,South,Low,692.0,Affluent
4716,CUST14716,Hyderabad,South,Medium,728.0,Affluent
4717,CUST14717,Mumbai,West,Medium,676.0,Mass
4718,CUST14718,Bangalore,South,Low,682.0,Mass
4719,CUST14719,Hyderabad,South,Medium,739.0,Mass
4720,CUST14720,Mumbai,West,Low,706.0,Premium
4721,CUST14721,Kolkata,East,High,749.0,Mass
4722,CUST14722,Pune,West,Low,699.0,Affluent
4723,CUST14723,Mumbai,West,Medium,722.0,Mass
4724,CUST14724,Pune,West,Low,653.0,Affluent
4725,CUST14725,Pune,West,Low,709.0,Mass
4726,CUST14726,Pune,West,High,840.0,Mass
4727,CUST14727,Pune,West,Medium,730.0,Mass
4728,CUST14728,Pune,West,High,848.0,Mass
4729,CUST14729,Bangalore,South,Low,647.0,Affluent
4730,CUST14730,Hyderabad,South,High,746.0,Mass
4731,CUST14731,Hyderabad,South,Low,621.0,Affluent
4732,CUST14732,Hyderabad,South,Medium,762.0,Affluent
4733,CUST14733,Kolkata,East,Low,663.0,Mass
4734,CUST14734,Mumbai,West,Low,567.0,Mass
4735,CUST14735,Pune,West,High,823.0,Mass
4736,CUST14736,Kolkata,East,Low,585.0,Affluent
4737,CUST14737,Bangalore,South,Low,660.0,Mass
4738,CUST14738,Kolkata,East,Medium,691.0,Mass
4739,CUST14739,Bangalore,South,Medium,702.0,Mass
4740,CUST14740,Delhi NCR,North,Low,570.0,Mass
4741,CUST14741,Mumbai,West,Low,692.0,Premium
4742,CUST14742,Kolkata,East,Low,618.0,Mass
4743,CUST14743,Kolkata,East,Medium,669.0,Mass
4744,CUST14744,Mumbai,West,Low,561.0,Affluent
4745,CUST14745,Mumbai,West,Medium,769.0,Affluent
4746,CUST14746,Bangalore,South,Medium,730.0,Mass
4747,CUST14747,Pune,West,Medium,720.0,Mass
4748,CUST14748,Delhi NCR,North,Low,597.0,Mass
4749,CUST14749,Pune,West,Low,687.0,Mass
4750,CUST14750,Delhi NCR,North,Low,552.0,Affluent
4751,CUST14751,Kolkata,East,High,731.0,Affluent
4752,CUST14752,Kolkata,East,Low,642.0,Mass
4753,CUST14753,Hyderabad,South,Low,623.0,Mass
4754,CUST14754,Delhi NCR,North,Low,629.0,Mass
4755,CUST14755,Pune,West,Medium,748.0,Premium
4756,CUST14756,Kolkata,East,High,794.0,Affluent
4757,CUST14757,Hyderabad,South,Medium,683.0,Affluent
4758,CUST14758,Mumbai,West,Medium,767.0,Affluent
4759,CUST14759,Delhi NCR,North,Low,610.0,Affluent
4760,CUST14760,Pune,West,Low,715.0,Premium
4761,CUST14761,Hyderabad,South,High,825.0,Mass
4762,CUST14762,Pune,West,Low,627.0,Affluent
4763,CUST14763,Pune,West,Low,662.0,Mass
4764,CUST14764,Bangalore,South,High,764.0,Mass
4765,CUST14765,Kolkata,East,High,771.0,Mass
4766,CUST14766,Kolkata,East,Medium,778.0,Mass
4767,CUST14767,Mumbai,West,High,791.0,Mass
4768,CUST14768,Mumbai,West,High,771.0,Mass
4769,CUST14769,Hyderabad,South,Medium,720.0,Affluent
4770,CUST14770,Kolkata,East,High,795.0,Mass
4771,CUST14771,Hyderabad,South,Medium,766.0,Mass
4772,CUST14772,Bangalore,South,Low,675.0,Mass
4773,CUST14773,Pune,West,Medium,654.0,Mass
4774,CUST14774,Hyderabad,South,Low,583.0,Mass
4775,CUST14775,Delhi NCR,North,Medium,654.0,Mass
4776,CUST14776,Mumbai,West,Medium,770.0,Mass
4777,CUST14777,Kolkata,East,Low,691.0,Affluent
4778,CUST14778,Delhi NCR,North,Medium,730.0,Mass
4779,CUST14779,Delhi NCR,North,Low,596.0,Mass
4780,CUST14780,Delhi NCR,North,Low,576.0,Mass
4781,CUST14781,Hyderabad,South,Medium,731.0,Mass
4782,CUST14782,Kolkata,East,High,764.0,Affluent
4783,CUST14783,Pune,West,High,846.0,Mass
4784,CUST14784,Delhi NCR,North,Low,618.0,Mass
4785,CUST14785,Mumbai,West,High,734.0,Affluent
4786,CUST14786,Kolkata,East,Low,714.0,Mass
4787,CUST14787,Pune,West,Low,699.0,Affluent
4788,CUST14788,Pune,West,Medium,692.0,Mass
4789,CUST14789,Pune,West,Low,599.0,Affluent
4790,CUST14790,Delhi NCR,North,Low,627.0,Premium
4791,CUST14791,Hyderabad,South,Medium,680.0,Premium
4792,CUST14792,Kolkata,East,Medium,661.0,Mass
4793,CUST14793,Kolkata,East,Medium,752.0,Affluent
4794,CUST14794,Delhi NCR,North,Low,578.0,Premium
4795,CUST14795,Delhi NCR,North,Medium,731.0,Mass
4796,CUST14796,Pune,West,High,740.0,Affluent
4797,CUST14797,Bangalore,South,Low,627.0,Mass
4798,CUST14798,Bangalore,South,Medium,657.0,Mass
4799,CUST14799,Pune,West,Low,682.0,Mass
4800,CUST14800,Kolkata,East,High,846.0,Affluent
4801,CUST14801,Bangalore,South,Medium,694.0,Mass
4802,CUST14802,Pune,West,Low,665.0,Affluent
4803,CUST14803,Delhi NCR,North,Low,681.0,Mass
4804,CUST14804,Bangalore,South,Medium,762.0,Mass
4805,CUST14805,Bangalore,South,High,732.0,Mass
4806,CUST14806,Mumbai,West,Medium,713.0,Mass
4807,CUST14807,Mumbai,West,Medium,712.0,Mass
4808,CUST14808,Hyderabad,South,Medium,743.0,Mass
4809,CUST14809,Kolkata,East,Low,674.0,Mass
4810,CUST14810,Mumbai,West,Medium,731.0,Premium
4811,CUST14811,Hyderabad,South,High,805.0,Mass
4812,CUST14812,Delhi NCR,North,Medium,659.0,Mass
4813,CUST14813,Delhi NCR,North,Low,701.0,Affluent
4814,CUST14814,Bangalore,South,Medium,761.0,Mass
4815,CUST14815,Kolkata,East,Medium,767.0,Affluent
4816,CUST14816,Hyderabad,South,Medium,693.0,Premium
4817,CUST14817,Hyderabad,South,High,750.0,Affluent
4818,CUST14818,Delhi NCR,North,Medium,768.0,Premium
4819,CUST14819,Kolkata,East,Medium,659.0,Mass
4820,CUST14820,Kolkata,East,Medium,690.0,Mass
4821,CUST14821,Bangalore,South,Medium,733.0,Affluent
4822,CUST14822,Hyderabad,South,Low,612.0,Mass
4823,CUST14823,Hyderabad,South,Low,555.0,Mass
4824,CUST14824,Mumbai,West,Low,634.0,Mass
4825,CUST14825,Bangalore,South,Medium,725.0,Mass
4826,CUST14826,Hyderabad,South,Low,657.0,Mass
4827,CUST14827,Hyderabad,South,Medium,716.0,Affluent
4828,CUST14828,Pune,West,Medium,780.0,Affluent
4829,CUST14829,Kolkata,East,High,845.0,Affluent
4830,CUST14830,Mumbai,West,Medium,775.0,Mass
4831,CUST14831,Kolkata,East,High,733.0,Affluent
4832,CUST14832,Delhi NCR,North,Low,623.0,Mass
4833,CUST14833,Kolkata,East,High,720.0,Mass
4834,CUST14834,Mumbai,West,Medium,680.0,Mass
4835,CUST14835,Kolkata,East,Medium,731.0,Premium
4836,CUST14836,Pune,West,Low,600.0,Affluent
4837,CUST14837,Kolkata,East,Medium,708.0,Mass
4838,CUST14838,Kolkata,East,High,768.0,Premium
4839,CUST14839,Bangalore,South,Low,613.0,Mass
4840,CUST14840,Hyderabad,South,Medium,744.0,Mass
4841,CUST14841,Pune,West,Low,691.0,Affluent
4842,CUST14842,Kolkata,East,Medium,677.0,Premium
4843,CUST14843,Kolkata,East,Medium,768.0,Affluent
4844,CUST14844,Delhi NCR,North,Low,699.0,Mass
4845,CUST14845,Delhi NCR,North,High,729.0,Mass
4846,CUST14846,Kolkata,East,Medium,710.0,Premium
4847,CUST14847,Pune,West,Medium,751.0,Affluent
4848,CUST14848,Delhi NCR,North,High,729.0,Mass
4849,CUST14849,Hyderabad,South,Low,659.0,Mass
4850,CUST14850,Hyderabad,South,Medium,660.0,Premium
4851,CUST14851,Delhi NCR,North,Medium,667.0,Affluent
4852,CUST14852,Kolkata,East,Medium,772.0,Mass
4853,CUST14853,Mumbai,West,Medium,754.0,Mass
4854,CUST14854,Bangalore,South,Low,566.0,Mass
4855,CUST14855,Mumbai,West,Medium,677.0,Mass
4856,CUST14856,Bangalore,South,Low,594.0,Mass
4857,CUST14857,Bangalore,South,Low,553.0,Mass
4858,CUST14858,Pune,West,Low,561.0,Mass
4859,CUST14859,Kolkata,East,Medium,727.0,Mass
4860,CUST14860,Delhi NCR,North,High,761.0,Mass
4861,CUST14861,Pune,West,Medium,696.0,Premium
4862,CUST14862,Hyderabad,South,Medium,690.0,Affluent
4863,CUST14863,Mumbai,West,Medium,693.0,Affluent
4864,CUST14864,Hyderabad,South,Medium,687.0,Affluent
4865,CUST14865,Delhi NCR,North,Low,618.0,Mass
4866,CUST14866,Delhi NCR,North,Low,648.0,Affluent
4867,CUST14867,Delhi NCR,North,Medium,762.0,Mass
4868,CUST14868,Bangalore,South,Medium,769.0,Mass
4869,CUST14869,Hyderabad,South,Medium,780.0,Affluent
4870,CUST14870,Pune,West,Low,598.0,Mass
4871,CUST14871,Pune,West,High,804.0,Premium
4872,CUST14872,Pune,West,High,735.0,Mass
4873,CUST14873,Kolkata,East,Low,616.0,Mass
4874,CUST14874,Pune,West,Medium,779.0,Premium
4875,CUST14875,Hyderabad,South,Low,652.0,Affluent
4876,CUST14876,Delhi NCR,North,Medium,777.0,Mass
4877,CUST14877,Hyderabad,South,Medium,654.0,Mass
4878,CUST14878,Bangalore,South,Low,550.0,Affluent
4879,CUST14879,Kolkata,East,High,723.0,Mass
4880,CUST14880,Mumbai,West,Low,670.0,Affluent
4881,CUST14881,Kolkata,East,Low,682.0,Affluent
4882,CUST14882,Delhi NCR,North,Medium,714.0,Mass
4883,CUST14883,Mumbai,West,Medium,662.0,Mass
4884,CUST14884,Delhi NCR,North,High,734.0,Mass
4885,CUST14885,Pune,West,Medium,709.0,Affluent
4886,CUST14886,Kolkata,East,Medium,716.0,Mass
4887,CUST14887,Pune,West,Low,718.0,Mass
4888,CUST14888,Pune,West,Low,622.0,Premium
4889,CUST14889,Hyderabad,South,High,846.0,Mass
4890,CUST14890,Pune,West,Medium,722.0,Mass
4891,CUST14891,Hyderabad,South,High,837.0,Affluent
4892,CUST14892,Mumbai,West,Medium,750.0,Mass
4893,CUST14893,Kolkata,East,Low,697.0,Mass
4894,CUST14894,Pune,West,Low,646.0,Affluent
4895,CUST14895,Mumbai,West,Low,686.0,Mass
4896,CUST14896,Delhi NCR,North,Low,693.0,Mass
4897,CUST14897,Delhi NCR,North,Low,602.0,Affluent
4898,CUST14898,Mumbai,West,Medium,776.0,Mass
4899,CUST14899,Kolkata,East,Low,678.0,Mass
4900,CUST14900,Mumbai,West,Low,591.0,Mass
4901,CUST14901,Hyderabad,South,Low,692.0,Affluent
4902,CUST14902,Mumbai,West,Low,558.0,Mass
4903,CUST14903,Delhi NCR,North,High,763.0,Mass
4904,CUST14904,Pune,West,Low,576.0,Affluent
4905,CUST14905,Kolkata,East,Low,583.0,Mass
4906,CUST14906,Kolkata,East,High,844.0,Mass
4907,CUST14907,Pune,West,Low,678.0,Mass
4908,CUST14908,Bangalore,South,Low,592.0,Affluent
4909,CUST14909,Bangalore,South,High,731.0,Mass
4910,CUST14910,Bangalore,South,Low,567.0,Mass
4911,CUST14911,Kolkata,East,Low,580.0,Affluent
4912,CUST14912,Delhi NCR,North,Low,651.0,Premium
4913,CUST14913,Pune,West,Medium,769.0,Premium
4914,CUST14914,Kolkata,East,Low,574.0,Mass
4915,CUST14915,Hyderabad,South,Low,562.0,Affluent
4916,CUST14916,Kolkata,East,Medium,771.0,Affluent
4917,CUST14917,Bangalore,South,Low,686.0,Mass
4918,CUST14918,Bangalore,South,Medium,676.0,Mass
4919,CUST14919,Pune,West,Medium,675.0,Mass
4920,CUST14920,Kolkata,East,Low,709.0,Mass
4921,CUST14921,Delhi NCR,North,Low,619.0,Affluent
4922,CUST14922,Kolkata,East,Medium,736.0,Mass
4923,CUST14923,Mumbai,West,High,815.0,Mass
4924,CUST14924,Hyderabad,South,Medium,738.0,Affluent
4925,CUST14925,Pune,West,High,774.0,Mass
4926,CUST14926,Pune,West,Low,575.0,Premium
4927,CUST14927,Mumbai,West,High,764.0,Mass
4928,CUST14928,Kolkata,East,Medium,771.0,Affluent
4929,CUST14929,Delhi NCR,North,Low,636.0,Premium
4930,CUST14930,Hyderabad,South,Medium,732.0,Affluent
4931,CUST14931,Mumbai,West,Low,707.0,Mass
4932,CUST14932,Delhi NCR,North,High,760.0,Affluent
4933,CUST14933,Delhi NCR,North,High,788.0,Mass
4934,CUST14934,Bangalore,South,Medium,743.0,Mass
4935,CUST14935,Bangalore,South,Medium,653.0,Mass
4936,CUST14936,Hyderabad,South,Medium,734.0,Mass
4937,CUST14937,Bangalore,South,Medium,762.0,Mass
4938,CUST14938,Delhi NCR,North,Low,720.0,Mass
4939,CUST14939,Hyderabad,South,Medium,763.0,Mass
4940,CUST14940,Bangalore,South,High,721.0,Mass
4941,CUST14941,Hyderabad,South,Medium,773.0,Mass
4942,CUST14942,Kolkata,East,High,729.0,Mass
4943,CUST14943,Hyderabad,South,Low,593.0,Affluent
4944,CUST14944,Kolkata,East,High,819.0,Mass
4945,CUST14945,Bangalore,South,Medium,667.0,Mass
4946,CUST14946,Bangalore,South,Medium,727.0,Affluent
4947,CUST14947,Bangalore,South,Low,702.0,Affluent
4948,CUST14948,Mumbai,West,High,817.0,Affluent
4949,CUST14949,Bangalore,South,Low,683.0,Affluent
4950,CUST14950,Bangalore,South,Medium,719.0,Mass
4951,CUST14951,Kolkata,East,Low,607.0,Mass
4952,CUST14952,Bangalore,South,Medium,684.0,Mass
4953,CUST14953,Delhi NCR,North,High,811.0,Mass
4954,CUST14954,Mumbai,West,Low,626.0,Mass
4955,CUST14955,Kolkata,East,Medium,712.0,Mass
4956,CUST14956,Kolkata,East,Medium,714.0,Mass
4957,CUST14957,Hyderabad,South,High,787.0,Mass
4958,CUST14958,Delhi NCR,North,Low,674.0,Affluent
4959,CUST14959,Bangalore,South,Medium,691.0,Mass
4960,CUST14960,Hyderabad,South,High,728.0,Mass
4961,CUST14961,Kolkata,East,Medium,751.0,Mass
4962,CUST14962,Delhi NCR,North,High,784.0,Mass
4963,CUST14963,Hyderabad,South,Medium,676.0,Premium
4964,CUST14964,Delhi NCR,North,Medium,774.0,Mass
4965,CUST14965,Bangalore,South,High,801.0,Mass
4966,CUST14966,Delhi NCR,North,High,842.0,Mass
4967,CUST14967,Kolkata,East,High,829.0,Affluent
4968,CUST14968,Pune,West,Medium,753.0,Affluent
4969,CUST14969,Bangalore,South,Low,679.0,Mass
4970,CUST14970,Kolkata,East,Medium,771.0,Affluent
4971,CUST14971,Delhi NCR,North,Medium,765.0,Mass
4972,CUST14972,Kolkata,East,Medium,768.0,Mass
4973,CUST14973,Bangalore,South,High,838.0,Premium
4974,CUST14974,Mumbai,West,Low,713.0,Mass
4975,CUST14975,Bangalore,South,Medium,779.0,Mass
4976,CUST14976,Pune,West,Low,645.0,Mass
4977,CUST14977,Hyderabad,South,Low,609.0,Premium
4978,CUST14978,Delhi NCR,North,High,798.0,Affluent
4979,CUST14979,Mumbai,West,High,802.0,Mass
4980,CUST14980,Hyderabad,South,Low,563.0,Mass
4981,CUST14981,Mumbai,West,High,818.0,Mass
4982,CUST14982,Delhi NCR,North,Low,709.0,Affluent
4983,CUST14983,Kolkata,East,Medium,744.0,Mass
4984,CUST14984,Delhi NCR,North,Medium,688.0,Affluent
4985,CUST14985,Mumbai,West,Low,651.0,Mass
4986,CUST14986,Delhi NCR,North,High,791.0,Mass
4987,CUST14987,Pune,West,High,822.0,Mass
4988,CUST14988,Pune,West,Low,591.0,Affluent
4989,CUST14989,Delhi NCR,North,Medium,703.0,Mass
4990,CUST14990,Kolkata,East,Medium,707.0,Affluent
4991,CUST14991,Delhi NCR,North,Medium,713.0,Mass
4992,CUST14992,Pune,West,Low,680.0,Affluent
4993,CUST14993,Bangalore,South,High,848.0,Affluent
4994,CUST14994,Pune,West,Low,650.0,Mass
4995,CUST14995,Hyderabad,South,Medium,777.0,Mass
4996,CUST14996,Kolkata,East,Medium,672.0,Affluent
4997,CUST14997,Mumbai,West,Medium,671.0,Mass
4998,CUST14998,Mumbai,West,Low,592.0,Mass
4999,CUST14999,Pune,West,Medium,673.0,Mass
5000,CUST15000,Hyderabad,South,Medium,780.0,Mass
5001,CUST15001,Hyderabad,South,Medium,667.0,Mass
5002,CUST15002,Hyderabad,South,High,846.0,Mass
5003,CUST15003,Pune,West,Medium,650.0,Mass
5004,CUST15004,Delhi NCR,North,High,795.0,Affluent
5005,CUST15005,Delhi NCR,North,Low,589.0,Affluent
5006,CUST15006,Delhi NCR,North,High,812.0,Mass
5007,CUST15007,Delhi NCR,North,Low,699.0,Mass
5008,CUST15008,Delhi NCR,North,High,838.0,Mass
5009,CUST15009,Hyderabad,South,Medium,746.0,Premium
5010,CUST15010,Delhi NCR,North,Low,598.0,Affluent
5011,CUST15011,Delhi NCR,North,Medium,662.0,Mass
5012,CUST15012,Hyderabad,South,High,832.0,Mass
5013,CUST15013,Hyderabad,South,Medium,728.0,Premium
5014,CUST15014,Hyderabad,South,Low,693.0,Mass
5015,CUST15015,Hyderabad,South,Low,632.0,Mass
5016,CUST15016,Mumbai,West,Medium,701.0,Affluent
5017,CUST15017,Mumbai,West,High,776.0,Premium
5018,CUST15018,Mumbai,West,High,777.0,Affluent
5019,CUST15019,Bangalore,South,Medium,676.0,Mass
5020,CUST15020,Hyderabad,South,Low,713.0,Affluent
5021,CUST15021,Delhi NCR,North,Medium,677.0,Mass
5022,CUST15022,Hyderabad,South,Low,654.0,Affluent
5023,CUST15023,Pune,West,Low,693.0,Affluent
5024,CUST15024,Delhi NCR,North,High,836.0,Mass
5025,CUST15025,Pune,West,High,753.0,Mass
5026,CUST15026,Hyderabad,South,Medium,724.0,Mass
5027,CUST15027,Pune,West,Medium,755.0,Affluent
5028,CUST15028,Delhi NCR,North,High,811.0,Mass
5029,CUST15029,Pune,West,Medium,686.0,Mass
5030,CUST15030,Mumbai,West,Medium,670.0,Affluent
5031,CUST15031,Bangalore,South,High,809.0,Mass
5032,CUST15032,Delhi NCR,North,Low,636.0,Affluent
5033,CUST15033,Kolkata,East,Low,571.0,Premium
5034,CUST15034,Kolkata,East,Low,674.0,Mass
5035,CUST15035,Mumbai,West,Low,624.0,Premium
5036,CUST15036,Bangalore,South,Low,695.0,Affluent
5037,CUST15037,Mumbai,West,Low,568.0,Mass
5038,CUST15038,Mumbai,West,Low,602.0,Affluent
5039,CUST15039,Kolkata,East,Medium,765.0,Mass
5040,CUST15040,Mumbai,West,Low,659.0,Affluent
5041,CUST15041,Mumbai,West,High,737.0,Premium
5042,CUST15042,Delhi NCR,North,High,721.0,Mass
5043,CUST15043,Mumbai,West,Low,705.0,Mass
5044,CUST15044,Hyderabad,South,Low,565.0,Mass
5045,CUST15045,Kolkata,East,Low,626.0,Mass
5046,CUST15046,Delhi NCR,North,Low,660.0,Premium
5047,CUST15047,Pune,West,Medium,696.0,Affluent
5048,CUST15048,Delhi NCR,North,Medium,732.0,Premium
5049,CUST15049,Bangalore,South,Low,572.0,Mass
5050,CUST15050,Mumbai,West,Low,677.0,Affluent
5051,CUST15051,Delhi NCR,North,Medium,705.0,Mass
5052,CUST15052,Pune,West,High,728.0,Affluent
5053,CUST15053,Hyderabad,South,High,784.0,Affluent
5054,CUST15054,Pune,West,Medium,711.0,Mass
5055,CUST15055,Bangalore,South,Medium,698.0,Premium
5056,CUST15056,Kolkata,East,Medium,735.0,Mass
5057,CUST15057,Mumbai,West,Medium,685.0,Mass
5058,CUST15058,Mumbai,West,Low,560.0,Mass
5059,CUST15059,Bangalore,South,Medium,764.0,Affluent
5060,CUST15060,Hyderabad,South,Low,593.0,Affluent
5061,CUST15061,Bangalore,South,Low,667.0,Mass
5062,CUST15062,Pune,West,Low,589.0,Mass
5063,CUST15063,Pune,West,High,761.0,Affluent
5064,CUST15064,Delhi NCR,North,Low,603.0,Mass
5065,CUST15065,Bangalore,South,Medium,685.0,Mass
5066,CUST15066,Delhi NCR,North,High,825.0,Mass
5067,CUST15067,Bangalore,South,Medium,657.0,Mass
5068,CUST15068,Delhi NCR,North,Medium,733.0,Affluent
5069,CUST15069,Pune,West,Low,688.0,Affluent
5070,CUST15070,Bangalore,South,Medium,776.0,Mass
5071,CUST15071,Mumbai,West,High,750.0,Affluent
5072,CUST15072,Pune,West,High,789.0,Mass
5073,CUST15073,Delhi NCR,North,Low,561.0,Mass
5074,CUST15074,Kolkata,East,Medium,711.0,Affluent
5075,CUST15075,Bangalore,South,Low,654.0,Mass
5076,CUST15076,Pune,West,Low,673.0,Affluent
5077,CUST15077,Hyderabad,South,Medium,750.0,Affluent
5078,CUST15078,Bangalore,South,Low,589.0,Affluent
5079,CUST15079,Delhi NCR,North,Low,662.0,Affluent
5080,CUST15080,Hyderabad,South,Medium,743.0,Mass
5081,CUST15081,Pune,West,Medium,725.0,Affluent
5082,CUST15082,Bangalore,South,High,846.0,Mass
5083,CUST15083,Hyderabad,South,Low,603.0,Mass
5084,CUST15084,Delhi NCR,North,High,824.0,Mass
5085,CUST15085,Hyderabad,South,Low,597.0,Mass
5086,CUST15086,Delhi NCR,North,Low,706.0,Mass
5087,CUST15087,Bangalore,South,Low,576.0,Mass
5088,CUST15088,Bangalore,South,Medium,723.0,Mass
5089,CUST15089,Delhi NCR,North,Medium,706.0,Affluent
5090,CUST15090,Pune,West,Low,665.0,Affluent
5091,CUST15091,Kolkata,East,Low,562.0,Mass
5092,CUST15092,Bangalore,South,Medium,704.0,Mass
5093,CUST15093,Hyderabad,South,Low,567.0,Mass
5094,CUST15094,Hyderabad,South,Low,605.0,Mass
5095,CUST15095,Pune,West,Medium,773.0,Affluent
5096,CUST15096,Hyderabad,South,Medium,761.0,Mass
5097,CUST15097,Bangalore,South,High,756.0,Mass
5098,CUST15098,Hyderabad,South,High,811.0,Mass
5099,CUST15099,Bangalore,South,High,819.0,Affluent
5100,CUST15100,Kolkata,East,Medium,775.0,Mass
5101,CUST15101,Delhi NCR,North,Medium,775.0,Affluent
5102,CUST15102,Kolkata,East,High,746.0,Premium
5103,CUST15103,Bangalore,South,Medium,729.0,Affluent
5104,CUST15104,Pune,West,High,771.0,Premium
5105,CUST15105,Hyderabad,South,Medium,655.0,Mass
5106,CUST15106,Hyderabad,South,Low,570.0,Mass
5107,CUST15107,Mumbai,West,High,810.0,Mass
5108,CUST15108,Bangalore,South,High,796.0,Mass
5109,CUST15109,Kolkata,East,Medium,752.0,Mass
5110,CUST15110,Kolkata,East,High,742.0,Affluent
5111,CUST15111,Bangalore,South,Medium,666.0,Affluent
5112,CUST15112,Hyderabad,South,Low,582.0,Mass
5113,CUST15113,Kolkata,East,Medium,670.0,Mass
5114,CUST15114,Pune,West,Low,604.0,Mass
5115,CUST15115,Pune,West,Low,593.0,Affluent
5116,CUST15116,Pune,West,High,819.0,Mass
5117,CUST15117,Mumbai,West,Low,567.0,Affluent
5118,CUST15118,Mumbai,West,Medium,773.0,Affluent
5119,CUST15119,Hyderabad,South,Medium,713.0,Mass
5120,CUST15120,Bangalore,South,Medium,682.0,Affluent
5121,CUST15121,Pune,West,High,796.0,Mass
5122,CUST15122,Pune,West,Medium,650.0,Mass
5123,CUST15123,Pune,West,Low,677.0,Mass
5124,CUST15124,Pune,West,Low,671.0,Premium
5125,CUST15125,Delhi NCR,North,Low,643.0,Premium
5126,CUST15126,Kolkata,East,High,766.0,Mass
5127,CUST15127,Delhi NCR,North,High,771.0,Affluent
5128,CUST15128,Bangalore,South,Medium,665.0,Mass
5129,CUST15129,Bangalore,South,Medium,702.0,Mass
5130,CUST15130,Mumbai,West,Medium,670.0,Affluent
5131,CUST15131,Pune,West,Low,651.0,Affluent
5132,CUST15132,Delhi NCR,North,Medium,668.0,Mass
5133,CUST15133,Kolkata,East,Medium,766.0,Affluent
5134,CUST15134,Mumbai,West,Medium,776.0,Mass
5135,CUST15135,Kolkata,East,High,725.0,Mass
5136,CUST15136,Pune,West,Low,642.0,Premium
5137,CUST15137,Kolkata,East,Low,606.0,Mass
5138,CUST15138,Mumbai,West,Low,663.0,Mass
5139,CUST15139,Mumbai,West,High,847.0,Mass
5140,CUST15140,Delhi NCR,North,Low,641.0,Mass
5141,CUST15141,Pune,West,High,807.0,Mass
5142,CUST15142,Bangalore,South,Medium,755.0,Mass
5143,CUST15143,Bangalore,South,Medium,748.0,Mass
5144,CUST15144,Pune,West,Low,599.0,Mass
5145,CUST15145,Hyderabad,South,Medium,672.0,Mass
5146,CUST15146,Bangalore,South,High,779.0,Premium
5147,CUST15147,Kolkata,East,Low,669.0,Affluent
5148,CUST15148,Delhi NCR,North,Medium,762.0,Affluent
5149,CUST15149,Kolkata,East,High,808.0,Affluent
5150,CUST15150,Pune,West,High,797.0,Mass
5151,CUST15151,Mumbai,West,Low,673.0,Mass
5152,CUST15152,Hyderabad,South,Medium,663.0,Mass
5153,CUST15153,Hyderabad,South,Medium,682.0,Affluent
5154,CUST15154,Bangalore,South,Low,622.0,Mass
5155,CUST15155,Bangalore,South,High,751.0,Mass
5156,CUST15156,Pune,West,High,832.0,Mass
5157,CUST15157,Hyderabad,South,Low,551.0,Mass
5158,CUST15158,Kolkata,East,Low,620.0,Mass
5159,CUST15159,Bangalore,South,Low,576.0,Affluent
5160,CUST15160,Mumbai,West,Medium,692.0,Mass
5161,CUST15161,Bangalore,South,Medium,738.0,Affluent
5162,CUST15162,Bangalore,South,Low,611.0,Mass
5163,CUST15163,Bangalore,South,Low,666.0,Mass
5164,CUST15164,Delhi NCR,North,High,827.0,Premium
5165,CUST15165,Kolkata,East,Medium,699.0,Mass
5166,CUST15166,Delhi NCR,North,Low,606.0,Mass
5167,CUST15167,Bangalore,South,Low,596.0,Premium
5168,CUST15168,Hyderabad,South,High,821.0,Mass
5169,CUST15169,Pune,West,Medium,715.0,Mass
5170,CUST15170,Hyderabad,South,High,842.0,Mass
5171,CUST15171,Mumbai,West,Low,675.0,Affluent
5172,CUST15172,Pune,West,Low,571.0,Mass
5173,CUST15173,Pune,West,High,731.0,Affluent
5174,CUST15174,Mumbai,West,Medium,688.0,Mass
5175,CUST15175,Delhi NCR,North,Medium,662.0,Mass
5176,CUST15176,Delhi NCR,North,Low,672.0,Affluent
5177,CUST15177,Pune,West,Low,603.0,Mass
5178,CUST15178,Bangalore,South,High,752.0,Affluent
5179,CUST15179,Mumbai,West,Low,611.0,Affluent
5180,CUST15180,Kolkata,East,Low,694.0,Mass
5181,CUST15181,Bangalore,South,Medium,736.0,Mass
5182,CUST15182,Kolkata,East,Low,627.0,Affluent
5183,CUST15183,Kolkata,East,Low,688.0,Mass
5184,CUST15184,Pune,West,High,749.0,Affluent
5185,CUST15185,Delhi NCR,North,Medium,725.0,Affluent
5186,CUST15186,Bangalore,South,Medium,691.0,Mass
5187,CUST15187,Kolkata,East,Low,675.0,Mass
5188,CUST15188,Bangalore,South,Medium,689.0,Affluent
5189,CUST15189,Kolkata,East,Low,689.0,Mass
5190,CUST15190,Kolkata,East,Medium,757.0,Mass
5191,CUST15191,Hyderabad,South,Low,597.0,Affluent
5192,CUST15192,Kolkata,East,High,744.0,Affluent
5193,CUST15193,Bangalore,South,Low,680.0,Mass
5194,CUST15194,Delhi NCR,North,Low,666.0,Affluent
5195,CUST15195,Mumbai,West,Medium,716.0,Affluent
5196,CUST15196,Pune,West,Medium,716.0,Mass
5197,CUST15197,Mumbai,West,High,789.0,Mass
5198,CUST15198,Hyderabad,South,Low,596.0,Mass
5199,CUST15199,Hyderabad,South,Medium,720.0,Affluent
5200,CUST15200,Kolkata,East,High,777.0,Mass
5201,CUST15201,Bangalore,South,Low,616.0,Mass
5202,CUST15202,Bangalore,South,Medium,705.0,Affluent
5203,CUST15203,Delhi NCR,North,Low,658.0,Affluent
5204,CUST15204,Bangalore,South,Low,589.0,Affluent
5205,CUST15205,Delhi NCR,North,Medium,663.0,Affluent
5206,CUST15206,Kolkata,East,High,822.0,Mass
5207,CUST15207,Mumbai,West,Low,654.0,Mass
5208,CUST15208,Pune,West,High,830.0,Affluent
5209,CUST15209,Mumbai,West,Low,690.0,Mass
5210,CUST15210,Pune,West,Low,626.0,Affluent
5211,CUST15211,Bangalore,South,Low,698.0,Mass
5212,CUST15212,Hyderabad,South,Medium,702.0,Affluent
5213,CUST15213,Kolkata,East,Medium,692.0,Mass
5214,CUST15214,Kolkata,East,Low,702.0,Mass
5215,CUST15215,Delhi NCR,North,High,806.0,Premium
5216,CUST15216,Pune,West,Medium,662.0,Mass
5217,CUST15217,Kolkata,East,High,740.0,Mass
5218,CUST15218,Pune,West,Low,657.0,Affluent
5219,CUST15219,Hyderabad,South,Medium,717.0,Affluent
5220,CUST15220,Hyderabad,South,Medium,765.0,Mass
5221,CUST15221,Delhi NCR,North,Low,686.0,Mass
5222,CUST15222,Mumbai,West,High,784.0,Mass
5223,CUST15223,Bangalore,South,High,756.0,Affluent
5224,CUST15224,Hyderabad,South,Medium,671.0,Mass
5225,CUST15225,Kolkata,East,Medium,664.0,Mass
5226,CUST15226,Pune,West,Low,696.0,Mass
5227,CUST15227,Kolkata,East,Medium,655.0,Mass
5228,CUST15228,Bangalore,South,Medium,666.0,Mass
5229,CUST15229,Kolkata,East,High,796.0,Affluent
5230,CUST15230,Pune,West,High,801.0,Affluent
5231,CUST15231,Pune,West,Medium,773.0,Affluent
5232,CUST15232,Bangalore,South,Low,583.0,Mass
5233,CUST15233,Delhi NCR,North,High,795.0,Mass
5234,CUST15234,Bangalore,South,Low,592.0,Mass
5235,CUST15235,Kolkata,East,Medium,778.0,Affluent
5236,CUST15236,Kolkata,East,Medium,767.0,Premium
5237,CUST15237,Mumbai,West,Medium,710.0,Mass
5238,CUST15238,Bangalore,South,Medium,672.0,Mass
5239,CUST15239,Kolkata,East,Medium,657.0,Mass
5240,CUST15240,Bangalore,South,Medium,695.0,Mass
5241,CUST15241,Bangalore,South,Medium,680.0,Affluent
5242,CUST15242,Delhi NCR,North,Medium,767.0,Mass
5243,CUST15243,Delhi NCR,North,Medium,675.0,Affluent
5244,CUST15244,Pune,West,Low,552.0,Mass
5245,CUST15245,Kolkata,East,Medium,663.0,Mass
5246,CUST15246,Bangalore,South,High,811.0,Affluent
5247,CUST15247,Pune,West,Medium,704.0,Mass
5248,CUST15248,Bangalore,South,Low,649.0,Mass
5249,CUST15249,Bangalore,South,Low,590.0,Affluent
5250,CUST15250,Delhi NCR,North,High,848.0,Mass
5251,CUST15251,Bangalore,South,High,844.0,Mass
5252,CUST15252,Hyderabad,South,High,827.0,Affluent
5253,CUST15253,Bangalore,South,High,792.0,Premium
5254,CUST15254,Mumbai,West,High,780.0,Mass
5255,CUST15255,Bangalore,South,Medium,702.0,Mass
5256,CUST15256,Hyderabad,South,Low,668.0,Mass
5257,CUST15257,Delhi NCR,North,Low,619.0,Mass
5258,CUST15258,Pune,West,High,742.0,Mass
5259,CUST15259,Mumbai,West,Low,682.0,Premium
5260,CUST15260,Kolkata,East,Medium,770.0,Affluent
5261,CUST15261,Mumbai,West,High,849.0,Mass
5262,CUST15262,Bangalore,South,Medium,727.0,Mass
5263,CUST15263,Kolkata,East,Medium,663.0,Mass
5264,CUST15264,Kolkata,East,Medium,718.0,Mass
5265,CUST15265,Hyderabad,South,Medium,712.0,Mass
5266,CUST15266,Kolkata,East,High,823.0,Affluent
5267,CUST15267,Pune,West,Low,658.0,Mass
5268,CUST15268,Kolkata,East,Low,655.0,Premium
5269,CUST15269,Hyderabad,South,High,805.0,Mass
5270,CUST15270,Delhi NCR,North,Medium,765.0,Mass
5271,CUST15271,Bangalore,South,Medium,660.0,Affluent
5272,CUST15272,Delhi NCR,North,Medium,703.0,Premium
5273,CUST15273,Delhi NCR,North,Low,688.0,Mass
5274,CUST15274,Pune,West,Medium,745.0,Premium
5275,CUST15275,Pune,West,Medium,723.0,Affluent
5276,CUST15276,Delhi NCR,North,High,768.0,Affluent
5277,CUST15277,Hyderabad,South,Medium,652.0,Mass
5278,CUST15278,Pune,West,Low,568.0,Mass
5279,CUST15279,Kolkata,East,Medium,655.0,Mass
5280,CUST15280,Hyderabad,South,Low,579.0,Mass
5281,CUST15281,Pune,West,Low,655.0,Mass
5282,CUST15282,Bangalore,South,Low,661.0,Mass
5283,CUST15283,Hyderabad,South,Low,603.0,Mass
5284,CUST15284,Hyderabad,South,Low,720.0,Affluent
5285,CUST15285,Mumbai,West,Low,718.0,Affluent
5286,CUST15286,Delhi NCR,North,High,734.0,Mass
5287,CUST15287,Bangalore,South,High,734.0,Mass
5288,CUST15288,Delhi NCR,North,Medium,697.0,Affluent
5289,CUST15289,Mumbai,West,Low,694.0,Mass
5290,CUST15290,Pune,West,Medium,661.0,Mass
5291,CUST15291,Mumbai,West,Low,664.0,Mass
5292,CUST15292,Pune,West,Medium,705.0,Premium
5293,CUST15293,Pune,West,Medium,738.0,Mass
5294,CUST15294,Kolkata,East,Low,583.0,Mass
5295,CUST15295,Kolkata,East,High,759.0,Affluent
5296,CUST15296,Mumbai,West,Low,553.0,Mass
5297,CUST15297,Pune,West,Low,618.0,Affluent
5298,CUST15298,Pune,West,Low,632.0,Mass
5299,CUST15299,Mumbai,West,High,795.0,Premium
5300,CUST15300,Kolkata,East,Medium,670.0,Premium
5301,CUST15301,Delhi NCR,North,Medium,700.0,Mass
5302,CUST15302,Hyderabad,South,Medium,711.0,Affluent
5303,CUST15303,Kolkata,East,High,777.0,Affluent
5304,CUST15304,Mumbai,West,Low,554.0,Mass
5305,CUST15305,Pune,West,Medium,700.0,Premium
5306,CUST15306,Delhi NCR,North,High,770.0,Affluent
5307,CUST15307,Pune,West,Medium,665.0,Mass
5308,CUST15308,Bangalore,South,Medium,723.0,Mass
5309,CUST15309,Bangalore,South,High,801.0,Mass
5310,CUST15310,Kolkata,East,Low,569.0,Mass
5311,CUST15311,Mumbai,West,Low,704.0,Premium
5312,CUST15312,Bangalore,South,Medium,697.0,Mass
5313,CUST15313,Delhi NCR,North,High,845.0,Mass
5314,CUST15314,Pune,West,Medium,737.0,Affluent
5315,CUST15315,Pune,West,Medium,703.0,Premium
5316,CUST15316,Pune,West,Medium,659.0,Mass
5317,CUST15317,Pune,West,Medium,669.0,Affluent
5318,CUST15318,Mumbai,West,Medium,686.0,Mass
5319,CUST15319,Pune,West,High,847.0,Affluent
5320,CUST15320,Bangalore,South,High,780.0,Mass
5321,CUST15321,Mumbai,West,Low,629.0,Affluent
5322,CUST15322,Bangalore,South,Low,687.0,Mass
5323,CUST15323,Delhi NCR,North,Low,614.0,Premium
5324,CUST15324,Delhi NCR,North,Low,585.0,Mass
5325,CUST15325,Bangalore,South,Medium,776.0,Mass
5326,CUST15326,Kolkata,East,Low,677.0,Mass
5327,CUST15327,Mumbai,West,Low,679.0,Mass
5328,CUST15328,Pune,West,Medium,666.0,Mass
5329,CUST15329,Bangalore,South,Medium,673.0,Mass
5330,CUST15330,Mumbai,West,Low,701.0,Mass
5331,CUST15331,Hyderabad,South,Medium,694.0,Affluent
5332,CUST15332,Delhi NCR,North,High,727.0,Premium
5333,CUST15333,Pune,West,Medium,727.0,Mass
5334,CUST15334,Delhi NCR,North,Low,649.0,Mass
5335,CUST15335,Delhi NCR,North,Low,590.0,Premium
5336,CUST15336,Hyderabad,South,High,736.0,Mass
5337,CUST15337,Kolkata,East,Medium,760.0,Affluent
5338,CUST15338,Pune,West,High,742.0,Affluent
5339,CUST15339,Pune,West,Medium,762.0,Mass
5340,CUST15340,Pune,West,Low,582.0,Premium
5341,CUST15341,Pune,West,High,846.0,Mass
5342,CUST15342,Bangalore,South,Medium,672.0,Mass
5343,CUST15343,Mumbai,West,High,799.0,Affluent
5344,CUST15344,Mumbai,West,Low,588.0,Mass
5345,CUST15345,Bangalore,South,High,774.0,Affluent
5346,CUST15346,Mumbai,West,Low,672.0,Mass
5347,CUST15347,Hyderabad,South,Medium,733.0,Affluent
5348,CUST15348,Mumbai,West,Low,679.0,Mass
5349,CUST15349,Kolkata,East,Low,705.0,Mass
5350,CUST15350,Hyderabad,South,High,790.0,Affluent
5351,CUST15351,Hyderabad,South,Medium,661.0,Mass
5352,CUST15352,Kolkata,East,Low,635.0,Affluent
5353,CUST15353,Pune,West,High,723.0,Mass
5354,CUST15354,Bangalore,South,Low,622.0,Mass
5355,CUST15355,Hyderabad,South,Low,684.0,Mass
5356,CUST15356,Hyderabad,South,Medium,734.0,Affluent
5357,CUST15357,Delhi NCR,North,Low,683.0,Mass
5358,CUST15358,Bangalore,South,Low,599.0,Mass
5359,CUST15359,Bangalore,South,Medium,694.0,Mass
5360,CUST15360,Pune,West,High,842.0,Mass
5361,CUST15361,Pune,West,Medium,711.0,Mass
5362,CUST15362,Delhi NCR,North,Low,634.0,Mass
5363,CUST15363,Mumbai,West,Medium,671.0,Mass
5364,CUST15364,Pune,West,High,841.0,Affluent
5365,CUST15365,Mumbai,West,High,771.0,Premium
5366,CUST15366,Delhi NCR,North,Medium,659.0,Mass
5367,CUST15367,Bangalore,South,Low,607.0,Mass
5368,CUST15368,Bangalore,South,High,797.0,Mass
5369,CUST15369,Kolkata,East,High,848.0,Affluent
5370,CUST15370,Kolkata,East,Low,638.0,Mass
5371,CUST15371,Pune,West,Low,716.0,Affluent
5372,CUST15372,Hyderabad,South,Medium,700.0,Affluent
5373,CUST15373,Delhi NCR,North,Low,605.0,Affluent
5374,CUST15374,Mumbai,West,Medium,736.0,Affluent
5375,CUST15375,Kolkata,East,Medium,742.0,Mass
5376,CUST15376,Pune,West,Medium,737.0,Mass
5377,CUST15377,Mumbai,West,High,758.0,Mass
5378,CUST15378,Bangalore,South,High,728.0,Mass
5379,CUST15379,Pune,West,Medium,720.0,Affluent
5380,CUST15380,Kolkata,East,Low,614.0,Mass
5381,CUST15381,Delhi NCR,North,Medium,704.0,Mass
5382,CUST15382,Mumbai,West,Low,707.0,Premium
5383,CUST15383,Delhi NCR,North,Medium,740.0,Mass
5384,CUST15384,Bangalore,South,Medium,665.0,Mass
5385,CUST15385,Delhi NCR,North,High,724.0,Mass
5386,CUST15386,Bangalore,South,Low,676.0,Affluent
5387,CUST15387,Pune,West,Medium,689.0,Affluent
5388,CUST15388,Hyderabad,South,Medium,697.0,Mass
5389,CUST15389,Pune,West,Low,689.0,Mass
5390,CUST15390,Delhi NCR,North,Medium,675.0,Affluent
5391,CUST15391,Bangalore,South,Medium,661.0,Affluent
5392,CUST15392,Mumbai,West,Medium,766.0,Mass
5393,CUST15393,Kolkata,East,High,790.0,Premium
5394,CUST15394,Mumbai,West,Low,569.0,Affluent
5395,CUST15395,Pune,West,Medium,675.0,Affluent
5396,CUST15396,Pune,West,Low,606.0,Affluent
5397,CUST15397,Mumbai,West,High,781.0,Mass
5398,CUST15398,Bangalore,South,High,830.0,Affluent
5399,CUST15399,Delhi NCR,North,Low,606.0,Mass
5400,CUST15400,Pune,West,Medium,768.0,Affluent
5401,CUST15401,Bangalore,South,Low,633.0,Mass
5402,CUST15402,Delhi NCR,North,High,816.0,Premium
5403,CUST15403,Mumbai,West,Medium,690.0,Premium
5404,CUST15404,Bangalore,South,High,732.0,Affluent
5405,CUST15405,Mumbai,West,Low,676.0,Mass
5406,CUST15406,Pune,West,Low,686.0,Mass
5407,CUST15407,Delhi NCR,North,Low,597.0,Affluent
5408,CUST15408,Delhi NCR,North,Medium,718.0,Premium
5409,CUST15409,Mumbai,West,High,845.0,Mass
5410,CUST15410,Bangalore,South,High,786.0,Mass
5411,CUST15411,Delhi NCR,North,High,729.0,Mass
5412,CUST15412,Pune,West,High,799.0,Affluent
5413,CUST15413,Delhi NCR,North,Low,585.0,Mass
5414,CUST15414,Kolkata,East,Medium,749.0,Mass
5415,CUST15415,Pune,West,Low,621.0,Affluent
5416,CUST15416,Bangalore,South,Medium,697.0,Affluent
5417,CUST15417,Hyderabad,South,Medium,700.0,Mass
5418,CUST15418,Kolkata,East,Medium,651.0,Affluent
5419,CUST15419,Bangalore,South,Low,643.0,Mass
5420,CUST15420,Pune,West,Medium,714.0,Mass
5421,CUST15421,Bangalore,South,High,779.0,Mass
5422,CUST15422,Mumbai,West,Low,619.0,Mass
5423,CUST15423,Kolkata,East,Low,693.0,Premium
5424,CUST15424,Kolkata,East,High,840.0,Affluent
5425,CUST15425,Bangalore,South,Low,676.0,Mass
5426,CUST15426,Delhi NCR,North,Low,552.0,Mass
5427,CUST15427,Delhi NCR,North,Medium,655.0,Mass
5428,CUST15428,Mumbai,West,Medium,651.0,Affluent
5429,CUST15429,Delhi NCR,North,Medium,726.0,Mass
5430,CUST15430,Mumbai,West,Medium,769.0,Mass
5431,CUST15431,Kolkata,East,Medium,756.0,Mass
5432,CUST15432,Delhi NCR,North,Low,623.0,Mass
5433,CUST15433,Delhi NCR,North,High,797.0,Mass
5434,CUST15434,Bangalore,South,High,842.0,Affluent
5435,CUST15435,Bangalore,South,High,757.0,Mass
5436,CUST15436,Delhi NCR,North,Medium,674.0,Mass
5437,CUST15437,Hyderabad,South,Low,717.0,Premium
5438,CUST15438,Mumbai,West,Medium,657.0,Mass
5439,CUST15439,Hyderabad,South,Low,586.0,Affluent
5440,CUST15440,Hyderabad,South,Low,639.0,Mass
5441,CUST15441,Bangalore,South,Low,661.0,Mass
5442,CUST15442,Kolkata,East,High,833.0,Mass
5443,CUST15443,Delhi NCR,North,Low,592.0,Premium
5444,CUST15444,Delhi NCR,North,Medium,682.0,Affluent
5445,CUST15445,Hyderabad,South,Low,611.0,Affluent
5446,CUST15446,Delhi NCR,North,Medium,657.0,Affluent
5447,CUST15447,Delhi NCR,North,Low,632.0,Mass
5448,CUST15448,Kolkata,East,Low,562.0,Mass
5449,CUST15449,Delhi NCR,North,Low,580.0,Affluent
5450,CUST15450,Mumbai,West,Medium,721.0,Mass
5451,CUST15451,Pune,West,Medium,733.0,Mass
5452,CUST15452,Pune,West,Medium,710.0,Mass
5453,CUST15453,Pune,West,Medium,771.0,Affluent
5454,CUST15454,Delhi NCR,North,Medium,718.0,Affluent
5455,CUST15455,Kolkata,East,Low,718.0,Mass
5456,CUST15456,Bangalore,South,Medium,666.0,Mass
5457,CUST15457,Pune,West,Low,625.0,Affluent
5458,CUST15458,Mumbai,West,Medium,722.0,Affluent
5459,CUST15459,Hyderabad,South,Low,616.0,Mass
5460,CUST15460,Hyderabad,South,Low,670.0,Affluent
5461,CUST15461,Mumbai,West,Low,632.0,Affluent
5462,CUST15462,Bangalore,South,Medium,750.0,Affluent
5463,CUST15463,Delhi NCR,North,Low,617.0,Mass
5464,CUST15464,Mumbai,West,High,838.0,Affluent
5465,CUST15465,Hyderabad,South,Medium,664.0,Premium
5466,CUST15466,Pune,West,Medium,684.0,Mass
5467,CUST15467,Delhi NCR,North,Medium,698.0,Affluent
5468,CUST15468,Kolkata,East,High,754.0,Mass
5469,CUST15469,Kolkata,East,Medium,716.0,Affluent
5470,CUST15470,Mumbai,West,Medium,696.0,Mass
5471,CUST15471,Hyderabad,South,Low,620.0,Affluent
5472,CUST15472,Bangalore,South,Medium,688.0,Affluent
5473,CUST15473,Bangalore,South,Low,598.0,Mass
5474,CUST15474,Delhi NCR,North,Medium,709.0,Affluent
5475,CUST15475,Hyderabad,South,Low,645.0,Affluent
5476,CUST15476,Delhi NCR,North,Medium,724.0,Mass
5477,CUST15477,Hyderabad,South,Low,716.0,Mass
5478,CUST15478,Mumbai,West,Medium,702.0,Mass
5479,CUST15479,Mumbai,West,Low,688.0,Affluent
5480,CUST15480,Hyderabad,South,Low,562.0,Mass
5481,CUST15481,Delhi NCR,North,Medium,777.0,Affluent
5482,CUST15482,Bangalore,South,Medium,701.0,Affluent
5483,CUST15483,Hyderabad,South,Low,586.0,Mass
5484,CUST15484,Mumbai,West,Medium,726.0,Mass
5485,CUST15485,Mumbai,West,Low,701.0,Affluent
5486,CUST15486,Hyderabad,South,High,774.0,Affluent
5487,CUST15487,Pune,West,Medium,750.0,Mass
5488,CUST15488,Bangalore,South,Medium,700.0,Affluent
5489,CUST15489,Bangalore,South,Low,636.0,Affluent
5490,CUST15490,Hyderabad,South,Low,633.0,Mass
5491,CUST15491,Bangalore,South,Low,584.0,Affluent
5492,CUST15492,Hyderabad,South,Medium,690.0,Mass
5493,CUST15493,Hyderabad,South,Medium,703.0,Mass
5494,CUST15494,Hyderabad,South,Low,649.0,Mass
5495,CUST15495,Hyderabad,South,Low,580.0,Affluent
5496,CUST15496,Pune,West,Medium,764.0,Mass
5497,CUST15497,Bangalore,South,Medium,726.0,Affluent
5498,CUST15498,Bangalore,South,Medium,656.0,Affluent
5499,CUST15499,Bangalore,South,Low,663.0,Affluent
5500,CUST15500,Pune,West,Medium,766.0,Mass
5501,CUST15501,Kolkata,East,Low,667.0,Mass
5502,CUST15502,Hyderabad,South,Low,612.0,Affluent
5503,CUST15503,Kolkata,East,Medium,752.0,Premium
5504,CUST15504,Delhi NCR,North,Low,700.0,Premium
5505,CUST15505,Kolkata,East,High,775.0,Mass
5506,CUST15506,Pune,West,Medium,669.0,Affluent
5507,CUST15507,Hyderabad,South,Medium,743.0,Affluent
5508,CUST15508,Hyderabad,South,Low,577.0,Mass
5509,CUST15509,Kolkata,East,High,746.0,Mass
5510,CUST15510,Pune,West,Low,696.0,Mass
5511,CUST15511,Kolkata,East,Medium,679.0,Mass
5512,CUST15512,Mumbai,West,Low,713.0,Affluent
5513,CUST15513,Kolkata,East,Medium,755.0,Mass
5514,CUST15514,Kolkata,East,Low,559.0,Premium
5515,CUST15515,Kolkata,East,Low,616.0,Affluent
5516,CUST15516,Hyderabad,South,Medium,691.0,Affluent
5517,CUST15517,Kolkata,East,Low,716.0,Affluent
5518,CUST15518,Mumbai,West,Low,589.0,Mass
5519,CUST15519,Pune,West,Medium,660.0,Affluent
5520,CUST15520,Kolkata,East,Medium,683.0,Affluent
5521,CUST15521,Kolkata,East,Low,648.0,Premium
5522,CUST15522,Delhi NCR,North,Medium,775.0,Affluent
5523,CUST15523,Hyderabad,South,High,816.0,Mass
5524,CUST15524,Hyderabad,South,Low,671.0,Mass
5525,CUST15525,Delhi NCR,North,Medium,765.0,Mass
5526,CUST15526,Bangalore,South,Low,716.0,Mass
5527,CUST15527,Kolkata,East,Low,680.0,Affluent
5528,CUST15528,Delhi NCR,North,Medium,675.0,Mass
5529,CUST15529,Mumbai,West,Medium,683.0,Premium
5530,CUST15530,Mumbai,West,High,840.0,Affluent
5531,CUST15531,Kolkata,East,Low,714.0,Mass
5532,CUST15532,Kolkata,East,Medium,752.0,Affluent
5533,CUST15533,Mumbai,West,High,826.0,Mass
5534,CUST15534,Pune,West,Low,560.0,Mass
5535,CUST15535,Delhi NCR,North,Medium,656.0,Mass
5536,CUST15536,Delhi NCR,North,Low,627.0,Premium
5537,CUST15537,Bangalore,South,High,825.0,Mass
5538,CUST15538,Bangalore,South,Low,642.0,Affluent
5539,CUST15539,Kolkata,East,Medium,696.0,Mass
5540,CUST15540,Hyderabad,South,Low,563.0,Mass
5541,CUST15541,Bangalore,South,High,771.0,Mass
5542,CUST15542,Delhi NCR,North,Medium,717.0,Mass
5543,CUST15543,Mumbai,West,Medium,697.0,Affluent
5544,CUST15544,Hyderabad,South,High,823.0,Mass
5545,CUST15545,Bangalore,South,Medium,763.0,Mass
5546,CUST15546,Bangalore,South,Low,630.0,Mass
5547,CUST15547,Kolkata,East,Medium,664.0,Mass
5548,CUST15548,Pune,West,Medium,766.0,Affluent
5549,CUST15549,Mumbai,West,Medium,726.0,Premium
5550,CUST15550,Hyderabad,South,Low,584.0,Affluent
5551,CUST15551,Hyderabad,South,Low,633.0,Affluent
5552,CUST15552,Delhi NCR,North,Medium,714.0,Mass
5553,CUST15553,Hyderabad,South,Low,569.0,Affluent
5554,CUST15554,Pune,West,Medium,775.0,Mass
5555,CUST15555,Delhi NCR,North,High,731.0,Mass
5556,CUST15556,Mumbai,West,High,840.0,Premium
5557,CUST15557,Hyderabad,South,Medium,661.0,Premium
5558,CUST15558,Mumbai,West,Low,715.0,Mass
5559,CUST15559,Delhi NCR,North,Medium,683.0,Mass
5560,CUST15560,Delhi NCR,North,Medium,737.0,Mass
5561,CUST15561,Bangalore,South,Low,629.0,Mass
5562,CUST15562,Mumbai,West,Low,636.0,Mass
5563,CUST15563,Pune,West,Medium,677.0,Mass
5564,CUST15564,Delhi NCR,North,Medium,693.0,Affluent
5565,CUST15565,Bangalore,South,Low,556.0,Affluent
5566,CUST15566,Kolkata,East,Low,598.0,Mass
5567,CUST15567,Kolkata,East,Medium,739.0,Mass
5568,CUST15568,Delhi NCR,North,Low,663.0,Mass
5569,CUST15569,Hyderabad,South,Low,693.0,Affluent
5570,CUST15570,Delhi NCR,North,Medium,732.0,Affluent
5571,CUST15571,Mumbai,West,High,765.0,Affluent
5572,CUST15572,Hyderabad,South,Low,673.0,Premium
5573,CUST15573,Bangalore,South,Medium,665.0,Mass
5574,CUST15574,Pune,West,Medium,675.0,Mass
5575,CUST15575,Bangalore,South,Medium,753.0,Affluent
5576,CUST15576,Mumbai,West,Low,680.0,Affluent
5577,CUST15577,Kolkata,East,High,794.0,Premium
5578,CUST15578,Hyderabad,South,Low,555.0,Affluent
5579,CUST15579,Hyderabad,South,Medium,679.0,Affluent
5580,CUST15580,Kolkata,East,Medium,770.0,Mass
5581,CUST15581,Mumbai,West,Low,565.0,Mass
5582,CUST15582,Hyderabad,South,Low,718.0,Mass
5583,CUST15583,Hyderabad,South,Low,707.0,Mass
5584,CUST15584,Mumbai,West,High,839.0,Mass
5585,CUST15585,Kolkata,East,Low,598.0,Premium
5586,CUST15586,Kolkata,East,Low,667.0,Affluent
5587,CUST15587,Hyderabad,South,Medium,698.0,Mass
5588,CUST15588,Pune,West,Medium,669.0,Mass
5589,CUST15589,Pune,West,Medium,737.0,Affluent
5590,CUST15590,Delhi NCR,North,Medium,696.0,Mass
5591,CUST15591,Kolkata,East,Medium,708.0,Premium
5592,CUST15592,Kolkata,East,Medium,776.0,Mass
5593,CUST15593,Delhi NCR,North,Low,557.0,Mass
5594,CUST15594,Bangalore,South,High,769.0,Mass
5595,CUST15595,Delhi NCR,North,Medium,756.0,Premium
5596,CUST15596,Pune,West,Medium,729.0,Premium
5597,CUST15597,Pune,West,Low,617.0,Affluent
5598,CUST15598,Delhi NCR,North,High,723.0,Affluent
5599,CUST15599,Mumbai,West,High,819.0,Affluent
5600,CUST15600,Bangalore,South,Medium,698.0,Mass
5601,CUST15601,Delhi NCR,North,Low,567.0,Mass
5602,CUST15602,Kolkata,East,Low,573.0,Affluent
5603,CUST15603,Mumbai,West,High,792.0,Mass
5604,CUST15604,Hyderabad,South,Medium,774.0,Affluent
5605,CUST15605,Delhi NCR,North,Low,710.0,Mass
5606,CUST15606,Bangalore,South,Low,567.0,Affluent
5607,CUST15607,Hyderabad,South,High,765.0,Affluent
5608,CUST15608,Bangalore,South,Low,698.0,Mass
5609,CUST15609,Hyderabad,South,Medium,771.0,Mass
5610,CUST15610,Pune,West,Medium,768.0,Premium
5611,CUST15611,Bangalore,South,Low,602.0,Mass
5612,CUST15612,Pune,West,Low,648.0,Affluent
5613,CUST15613,Kolkata,East,High,834.0,Mass
5614,CUST15614,Delhi NCR,North,Medium,750.0,Mass
5615,CUST15615,Kolkata,East,High,804.0,Mass
5616,CUST15616,Bangalore,South,Low,596.0,Premium
5617,CUST15617,Hyderabad,South,Low,576.0,Affluent
5618,CUST15618,Bangalore,South,High,753.0,Premium
5619,CUST15619,Delhi NCR,North,Medium,688.0,Mass
5620,CUST15620,Delhi NCR,North,Low,668.0,Mass
5621,CUST15621,Mumbai,West,Low,560.0,Mass
5622,CUST15622,Delhi NCR,North,Medium,654.0,Mass
5623,CUST15623,Hyderabad,South,Low,558.0,Mass
5624,CUST15624,Hyderabad,South,Low,620.0,Mass
5625,CUST15625,Bangalore,South,Low,579.0,Mass
5626,CUST15626,Kolkata,East,Medium,687.0,Affluent
5627,CUST15627,Kolkata,East,Medium,748.0,Mass
5628,CUST15628,Hyderabad,South,Medium,747.0,Mass
5629,CUST15629,Mumbai,West,Medium,758.0,Mass
5630,CUST15630,Delhi NCR,North,High,832.0,Affluent
5631,CUST15631,Hyderabad,South,Medium,750.0,Mass
5632,CUST15632,Pune,West,Low,564.0,Mass
5633,CUST15633,Hyderabad,South,Medium,731.0,Affluent
5634,CUST15634,Delhi NCR,North,High,804.0,Mass
5635,CUST15635,Delhi NCR,North,Low,635.0,Affluent
5636,CUST15636,Hyderabad,South,High,806.0,Mass
5637,CUST15637,Kolkata,East,Medium,718.0,Mass
5638,CUST15638,Mumbai,West,Low,583.0,Premium
5639,CUST15639,Kolkata,East,Low,683.0,Mass
5640,CUST15640,Mumbai,West,Low,604.0,Mass
5641,CUST15641,Kolkata,East,Medium,696.0,Mass
5642,CUST15642,Bangalore,South,Medium,741.0,Mass
5643,CUST15643,Bangalore,South,High,848.0,Mass
5644,CUST15644,Bangalore,South,Low,635.0,Mass
5645,CUST15645,Kolkata,East,Medium,661.0,Affluent
5646,CUST15646,Hyderabad,South,Medium,771.0,Mass
5647,CUST15647,Kolkata,East,Medium,723.0,Premium
5648,CUST15648,Kolkata,East,Medium,727.0,Mass
5649,CUST15649,Bangalore,South,High,757.0,Mass
5650,CUST15650,Hyderabad,South,Medium,743.0,Premium
5651,CUST15651,Kolkata,East,Low,714.0,Mass
5652,CUST15652,Delhi NCR,North,Low,696.0,Mass
5653,CUST15653,Kolkata,East,Low,677.0,Premium
5654,CUST15654,Hyderabad,South,Medium,778.0,Mass
5655,CUST15655,Mumbai,West,Low,698.0,Mass
5656,CUST15656,Delhi NCR,North,Low,669.0,Premium
5657,CUST15657,Hyderabad,South,Low,676.0,Mass
5658,CUST15658,Kolkata,East,Low,628.0,Mass
5659,CUST15659,Mumbai,West,Medium,764.0,Mass
5660,CUST15660,Kolkata,East,Medium,686.0,Affluent
5661,CUST15661,Bangalore,South,Low,641.0,Mass
5662,CUST15662,Kolkata,East,Medium,716.0,Mass
5663,CUST15663,Pune,West,Medium,727.0,Affluent
5664,CUST15664,Mumbai,West,Medium,695.0,Mass
5665,CUST15665,Delhi NCR,North,Low,578.0,Affluent
5666,CUST15666,Mumbai,West,Medium,733.0,Affluent
5667,CUST15667,Bangalore,South,Medium,739.0,Mass
5668,CUST15668,Mumbai,West,Low,654.0,Mass
5669,CUST15669,Pune,West,Low,568.0,Affluent
5670,CUST15670,Hyderabad,South,High,720.0,Mass
5671,CUST15671,Hyderabad,South,Low,674.0,Affluent
5672,CUST15672,Pune,West,Medium,709.0,Affluent
5673,CUST15673,Mumbai,West,High,805.0,Affluent
5674,CUST15674,Mumbai,West,Medium,750.0,Affluent
5675,CUST15675,Mumbai,West,Medium,694.0,Affluent
5676,CUST15676,Mumbai,West,Low,595.0,Mass
5677,CUST15677,Pune,West,Medium,727.0,Mass
5678,CUST15678,Mumbai,West,Low,692.0,Mass
5679,CUST15679,Bangalore,South,High,772.0,Premium
5680,CUST15680,Pune,West,Medium,667.0,Mass
5681,CUST15681,Bangalore,South,Low,571.0,Affluent
5682,CUST15682,Delhi NCR,North,Medium,671.0,Mass
5683,CUST15683,Delhi NCR,North,Medium,758.0,Mass
5684,CUST15684,Hyderabad,South,Medium,725.0,Mass
5685,CUST15685,Hyderabad,South,High,848.0,Premium
5686,CUST15686,Pune,West,Low,588.0,Mass
5687,CUST15687,Mumbai,West,Medium,674.0,Mass
5688,CUST15688,Hyderabad,South,Medium,671.0,Mass
5689,CUST15689,Kolkata,East,High,720.0,Affluent
5690,CUST15690,Pune,West,Medium,658.0,Premium
5691,CUST15691,Mumbai,West,Medium,770.0,Mass
5692,CUST15692,Mumbai,West,Medium,771.0,Affluent
5693,CUST15693,Pune,West,High,753.0,Affluent
5694,CUST15694,Bangalore,South,Medium,709.0,Mass
5695,CUST15695,Mumbai,West,Low,649.0,Affluent
5696,CUST15696,Bangalore,South,Low,680.0,Affluent
5697,CUST15697,Kolkata,East,Medium,717.0,Mass
5698,CUST15698,Pune,West,Low,696.0,Mass
5699,CUST15699,Hyderabad,South,High,834.0,Affluent
5700,CUST15700,Pune,West,High,758.0,Mass
5701,CUST15701,Delhi NCR,North,Medium,692.0,Mass
5702,CUST15702,Kolkata,East,Low,609.0,Mass
5703,CUST15703,Delhi NCR,North,Low,650.0,Mass
5704,CUST15704,Mumbai,West,Medium,723.0,Affluent
5705,CUST15705,Hyderabad,South,Low,588.0,Mass
5706,CUST15706,Hyderabad,South,Low,643.0,Mass
5707,CUST15707,Pune,West,Medium,692.0,Affluent
5708,CUST15708,Hyderabad,South,Low,659.0,Affluent
5709,CUST15709,Pune,West,Medium,706.0,Mass
5710,CUST15710,Pune,West,Medium,668.0,Affluent
5711,CUST15711,Delhi NCR,North,Medium,662.0,Mass
5712,CUST15712,Delhi NCR,North,Low,571.0,Mass
5713,CUST15713,Kolkata,East,Medium,662.0,Mass
5714,CUST15714,Bangalore,South,Medium,687.0,Mass
5715,CUST15715,Bangalore,South,Low,656.0,Mass
5716,CUST15716,Bangalore,South,Low,651.0,Mass
5717,CUST15717,Mumbai,West,Low,556.0,Mass
5718,CUST15718,Pune,West,Low,668.0,Mass
5719,CUST15719,Hyderabad,South,High,722.0,Premium
5720,CUST15720,Bangalore,South,Medium,705.0,Mass
5721,CUST15721,Kolkata,East,Medium,703.0,Affluent
5722,CUST15722,Hyderabad,South,Low,704.0,Mass
5723,CUST15723,Delhi NCR,North,Medium,697.0,Affluent
5724,CUST15724,Bangalore,South,Medium,715.0,Mass
5725,CUST15725,Delhi NCR,North,Medium,668.0,Mass
5726,CUST15726,Delhi NCR,North,High,825.0,Affluent
5727,CUST15727,Mumbai,West,Low,587.0,Affluent
5728,CUST15728,Hyderabad,South,High,838.0,Mass
5729,CUST15729,Hyderabad,South,Medium,723.0,Affluent
5730,CUST15730,Pune,West,High,738.0,Affluent
5731,CUST15731,Kolkata,East,Low,654.0,Affluent
5732,CUST15732,Pune,West,Medium,767.0,Mass
5733,CUST15733,Bangalore,South,Medium,652.0,Mass
5734,CUST15734,Bangalore,South,High,840.0,Mass
5735,CUST15735,Delhi NCR,North,Low,650.0,Affluent
5736,CUST15736,Kolkata,East,High,727.0,Mass
5737,CUST15737,Hyderabad,South,High,739.0,Mass
5738,CUST15738,Hyderabad,South,Low,599.0,Mass
5739,CUST15739,Pune,West,High,827.0,Affluent
5740,CUST15740,Bangalore,South,Low,636.0,Mass
5741,CUST15741,Bangalore,South,Low,678.0,Affluent
5742,CUST15742,Mumbai,West,Medium,726.0,Mass
5743,CUST15743,Hyderabad,South,Medium,757.0,Mass
5744,CUST15744,Kolkata,East,Low,554.0,Mass
5745,CUST15745,Pune,West,Low,647.0,Mass
5746,CUST15746,Delhi NCR,North,Medium,745.0,Mass
5747,CUST15747,Delhi NCR,North,Medium,770.0,Mass
5748,CUST15748,Kolkata,East,Medium,685.0,Premium
5749,CUST15749,Delhi NCR,North,Low,643.0,Affluent
5750,CUST15750,Pune,West,High,724.0,Mass
5751,CUST15751,Bangalore,South,Low,656.0,Affluent
5752,CUST15752,Delhi NCR,North,Medium,743.0,Mass
5753,CUST15753,Delhi NCR,North,Low,636.0,Affluent
5754,CUST15754,Mumbai,West,Low,572.0,Affluent
5755,CUST15755,Pune,West,Medium,752.0,Mass
5756,CUST15756,Pune,West,Low,645.0,Mass
5757,CUST15757,Kolkata,East,Medium,690.0,Mass
5758,CUST15758,Pune,West,Low,717.0,Mass
5759,CUST15759,Kolkata,East,Low,710.0,Premium
5760,CUST15760,Kolkata,East,Low,645.0,Mass
5761,CUST15761,Hyderabad,South,Low,655.0,Mass
5762,CUST15762,Kolkata,East,Medium,661.0,Mass
5763,CUST15763,Delhi NCR,North,High,766.0,Affluent
5764,CUST15764,Kolkata,East,High,849.0,Mass
5765,CUST15765,Kolkata,East,Low,661.0,Mass
5766,CUST15766,Pune,West,Medium,773.0,Affluent
5767,CUST15767,Kolkata,East,Low,643.0,Affluent
5768,CUST15768,Bangalore,South,Medium,698.0,Mass
5769,CUST15769,Hyderabad,South,High,737.0,Affluent
5770,CUST15770,Bangalore,South,Low,646.0,Mass
5771,CUST15771,Hyderabad,South,Medium,728.0,Affluent
5772,CUST15772,Bangalore,South,Medium,722.0,Mass
5773,CUST15773,Delhi NCR,North,Low,586.0,Mass
5774,CUST15774,Hyderabad,South,High,788.0,Mass
5775,CUST15775,Bangalore,South,High,736.0,Mass
5776,CUST15776,Mumbai,West,Medium,752.0,Premium
5777,CUST15777,Kolkata,East,Medium,650.0,Affluent
5778,CUST15778,Kolkata,East,High,734.0,Mass
5779,CUST15779,Bangalore,South,Medium,759.0,Mass
5780,CUST15780,Hyderabad,South,Low,569.0,Affluent
5781,CUST15781,Hyderabad,South,High,817.0,Mass
5782,CUST15782,Mumbai,West,High,840.0,Mass
5783,CUST15783,Delhi NCR,North,Low,688.0,Mass
5784,CUST15784,Pune,West,Low,677.0,Mass
5785,CUST15785,Pune,West,Medium,777.0,Mass
5786,CUST15786,Delhi NCR,North,Low,707.0,Affluent
5787,CUST15787,Hyderabad,South,Medium,728.0,Affluent
5788,CUST15788,Hyderabad,South,High,759.0,Affluent
5789,CUST15789,Mumbai,West,Medium,750.0,Affluent
5790,CUST15790,Bangalore,South,Medium,718.0,Premium
5791,CUST15791,Delhi NCR,North,High,795.0,Mass
5792,CUST15792,Bangalore,South,High,725.0,Affluent
5793,CUST15793,Pune,West,Low,577.0,Mass
5794,CUST15794,Bangalore,South,Low,640.0,Affluent
5795,CUST15795,Bangalore,South,High,836.0,Affluent
5796,CUST15796,Delhi NCR,North,Medium,758.0,Mass
5797,CUST15797,Pune,West,Medium,770.0,Premium
5798,CUST15798,Pune,West,Low,658.0,Mass
5799,CUST15799,Mumbai,West,Low,710.0,Mass
5800,CUST15800,Delhi NCR,North,High,823.0,Affluent
5801,CUST15801,Delhi NCR,North,Medium,722.0,Mass
5802,CUST15802,Kolkata,East,Medium,765.0,Premium
5803,CUST15803,Hyderabad,South,Medium,748.0,Affluent
5804,CUST15804,Bangalore,South,Medium,777.0,Mass
5805,CUST15805,Mumbai,West,Medium,773.0,Affluent
5806,CUST15806,Bangalore,South,High,830.0,Mass
5807,CUST15807,Mumbai,West,High,832.0,Mass
5808,CUST15808,Pune,West,High,844.0,Mass
5809,CUST15809,Bangalore,South,Medium,722.0,Mass
5810,CUST15810,Bangalore,South,Low,580.0,Mass
5811,CUST15811,Mumbai,West,Medium,696.0,Affluent
5812,CUST15812,Hyderabad,South,Medium,757.0,Affluent
5813,CUST15813,Hyderabad,South,Low,679.0,Affluent
5814,CUST15814,Pune,West,High,774.0,Premium
5815,CUST15815,Delhi NCR,North,High,773.0,Mass
5816,CUST15816,Hyderabad,South,Low,682.0,Mass
5817,CUST15817,Delhi NCR,North,Low,678.0,Mass
5818,CUST15818,Mumbai,West,Medium,661.0,Affluent
5819,CUST15819,Hyderabad,South,Medium,764.0,Affluent
5820,CUST15820,Delhi NCR,North,Medium,744.0,Mass
5821,CUST15821,Hyderabad,South,Medium,769.0,Affluent
5822,CUST15822,Mumbai,West,Low,689.0,Affluent
5823,CUST15823,Delhi NCR,North,High,785.0,Affluent
5824,CUST15824,Pune,West,Low,647.0,Mass
5825,CUST15825,Bangalore,South,Low,577.0,Mass
5826,CUST15826,Bangalore,South,Low,650.0,Mass
5827,CUST15827,Bangalore,South,High,771.0,Mass
5828,CUST15828,Mumbai,West,Low,670.0,Mass
5829,CUST15829,Pune,West,Medium,735.0,Affluent
5830,CUST15830,Kolkata,East,Low,582.0,Mass
5831,CUST15831,Pune,West,High,818.0,Mass
5832,CUST15832,Bangalore,South,Medium,772.0,Affluent
5833,CUST15833,Pune,West,Medium,726.0,Affluent
5834,CUST15834,Bangalore,South,Low,679.0,Mass
5835,CUST15835,Pune,West,High,793.0,Mass
5836,CUST15836,Delhi NCR,North,Low,690.0,Mass
5837,CUST15837,Hyderabad,South,High,847.0,Mass
5838,CUST15838,Mumbai,West,Low,656.0,Affluent
5839,CUST15839,Kolkata,East,High,727.0,Affluent
5840,CUST15840,Pune,West,High,750.0,Affluent
5841,CUST15841,Hyderabad,South,Medium,670.0,Mass
5842,CUST15842,Hyderabad,South,Medium,660.0,Mass
5843,CUST15843,Bangalore,South,Low,607.0,Mass
5844,CUST15844,Hyderabad,South,High,720.0,Affluent
5845,CUST15845,Pune,West,Medium,674.0,Affluent
5846,CUST15846,Hyderabad,South,Medium,676.0,Mass
5847,CUST15847,Delhi NCR,North,Medium,691.0,Mass
5848,CUST15848,Delhi NCR,North,Medium,659.0,Mass
5849,CUST15849,Kolkata,East,Low,557.0,Mass
5850,CUST15850,Delhi NCR,North,Low,643.0,Affluent
5851,CUST15851,Mumbai,West,High,780.0,Premium
5852,CUST15852,Kolkata,East,Medium,699.0,Mass
5853,CUST15853,Bangalore,South,Medium,718.0,Mass
5854,CUST15854,Hyderabad,South,Low,692.0,Affluent
5855,CUST15855,Delhi NCR,North,Low,553.0,Mass
5856,CUST15856,Pune,West,Medium,727.0,Affluent
5857,CUST15857,Delhi NCR,North,Low,578.0,Mass
5858,CUST15858,Pune,West,High,816.0,Affluent
5859,CUST15859,Hyderabad,South,High,821.0,Mass
5860,CUST15860,Delhi NCR,North,Low,610.0,Mass
5861,CUST15861,Kolkata,East,High,722.0,Affluent
5862,CUST15862,Mumbai,West,High,843.0,Premium
5863,CUST15863,Hyderabad,South,Low,584.0,Affluent
5864,CUST15864,Mumbai,West,Low,678.0,Affluent
5865,CUST15865,Pune,West,Low,588.0,Mass
5866,CUST15866,Hyderabad,South,Medium,734.0,Affluent
5867,CUST15867,Pune,West,Low,607.0,Mass
5868,CUST15868,Kolkata,East,Medium,665.0,Premium
5869,CUST15869,Kolkata,East,Low,680.0,Mass
5870,CUST15870,Mumbai,West,Low,597.0,Affluent
5871,CUST15871,Kolkata,East,High,782.0,Affluent
5872,CUST15872,Mumbai,West,Low,558.0,Affluent
5873,CUST15873,Mumbai,West,High,735.0,Mass
5874,CUST15874,Bangalore,South,Low,570.0,Mass
5875,CUST15875,Kolkata,East,Medium,755.0,Mass
5876,CUST15876,Hyderabad,South,High,747.0,Mass
5877,CUST15877,Delhi NCR,North,Medium,656.0,Premium
5878,CUST15878,Pune,West,Low,629.0,Affluent
5879,CUST15879,Mumbai,West,Low,695.0,Premium
5880,CUST15880,Bangalore,South,High,767.0,Mass
5881,CUST15881,Delhi NCR,North,Low,619.0,Mass
5882,CUST15882,Bangalore,South,Medium,752.0,Mass
5883,CUST15883,Hyderabad,South,High,808.0,Premium
5884,CUST15884,Kolkata,East,Medium,684.0,Affluent
5885,CUST15885,Mumbai,West,High,818.0,Mass
5886,CUST15886,Pune,West,Medium,748.0,Affluent
5887,CUST15887,Mumbai,West,Medium,693.0,Affluent
5888,CUST15888,Bangalore,South,High,750.0,Mass
5889,CUST15889,Bangalore,South,Low,579.0,Affluent
5890,CUST15890,Pune,West,Medium,746.0,Mass
5891,CUST15891,Pune,West,Low,681.0,Mass
5892,CUST15892,Delhi NCR,North,Low,691.0,Affluent
5893,CUST15893,Hyderabad,South,Low,681.0,Premium
5894,CUST15894,Mumbai,West,Medium,701.0,Premium
5895,CUST15895,Bangalore,South,Low,628.0,Mass
5896,CUST15896,Hyderabad,South,High,787.0,Mass
5897,CUST15897,Delhi NCR,North,High,811.0,Affluent
5898,CUST15898,Hyderabad,South,Low,643.0,Mass
5899,CUST15899,Kolkata,East,Medium,730.0,Mass
5900,CUST15900,Hyderabad,South,Low,672.0,Affluent
5901,CUST15901,Pune,West,Medium,650.0,Mass
5902,CUST15902,Pune,West,Low,697.0,Mass
5903,CUST15903,Pune,West,Medium,668.0,Affluent
5904,CUST15904,Mumbai,West,Medium,671.0,Mass
5905,CUST15905,Pune,West,High,766.0,Mass
5906,CUST15906,Pune,West,Medium,775.0,Mass
5907,CUST15907,Mumbai,West,Low,596.0,Affluent
5908,CUST15908,Hyderabad,South,Low,624.0,Mass
5909,CUST15909,Mumbai,West,Low,591.0,Mass
5910,CUST15910,Mumbai,West,Low,690.0,Mass
5911,CUST15911,Delhi NCR,North,High,742.0,Mass
5912,CUST15912,Bangalore,South,Medium,710.0,Affluent
5913,CUST15913,Kolkata,East,High,737.0,Affluent
5914,CUST15914,Bangalore,South,High,743.0,Mass
5915,CUST15915,Pune,West,Low,702.0,Affluent
5916,CUST15916,Delhi NCR,North,Low,609.0,Mass
5917,CUST15917,Mumbai,West,Low,695.0,Mass
5918,CUST15918,Kolkata,East,Medium,765.0,Affluent
5919,CUST15919,Hyderabad,South,Low,560.0,Premium
5920,CUST15920,Bangalore,South,Low,670.0,Mass
5921,CUST15921,Pune,West,Low,700.0,Affluent
5922,CUST15922,Mumbai,West,Low,667.0,Premium
5923,CUST15923,Kolkata,East,Medium,767.0,Mass
5924,CUST15924,Hyderabad,South,Medium,768.0,Affluent
5925,CUST15925,Kolkata,East,Medium,712.0,Mass
5926,CUST15926,Kolkata,East,Medium,732.0,Mass
5927,CUST15927,Bangalore,South,High,837.0,Mass
5928,CUST15928,Pune,West,Medium,735.0,Mass
5929,CUST15929,Pune,West,Low,614.0,Mass
5930,CUST15930,Bangalore,South,High,772.0,Affluent
5931,CUST15931,Bangalore,South,Low,692.0,Mass
5932,CUST15932,Pune,West,Medium,734.0,Mass
5933,CUST15933,Mumbai,West,Low,588.0,Mass
5934,CUST15934,Pune,West,High,720.0,Mass
5935,CUST15935,Kolkata,East,Medium,733.0,Mass
5936,CUST15936,Delhi NCR,North,Low,711.0,Affluent
5937,CUST15937,Pune,West,Medium,751.0,Mass
5938,CUST15938,Pune,West,Low,584.0,Affluent
5939,CUST15939,Bangalore,South,Low,677.0,Affluent
5940,CUST15940,Bangalore,South,Low,690.0,Mass
5941,CUST15941,Mumbai,West,Medium,707.0,Affluent
5942,CUST15942,Bangalore,South,Low,684.0,Mass
5943,CUST15943,Mumbai,West,High,722.0,Affluent
5944,CUST15944,Pune,West,High,758.0,Affluent
5945,CUST15945,Mumbai,West,High,842.0,Mass
5946,CUST15946,Bangalore,South,Medium,701.0,Mass
5947,CUST15947,Mumbai,West,Medium,738.0,Affluent
5948,CUST15948,Pune,West,Medium,679.0,Mass
5949,CUST15949,Pune,West,Medium,719.0,Mass
5950,CUST15950,Bangalore,South,Low,646.0,Mass
5951,CUST15951,Bangalore,South,High,781.0,Affluent
5952,CUST15952,Pune,West,Low,658.0,Affluent
5953,CUST15953,Mumbai,West,High,723.0,Premium
5954,CUST15954,Mumbai,West,Medium,725.0,Mass
5955,CUST15955,Delhi NCR,North,High,824.0,Mass
5956,CUST15956,Hyderabad,South,Low,647.0,Mass
5957,CUST15957,Pune,West,High,795.0,Affluent
5958,CUST15958,Hyderabad,South,High,726.0,Affluent
5959,CUST15959,Kolkata,East,Medium,702.0,Mass
5960,CUST15960,Delhi NCR,North,Medium,734.0,Premium
5961,CUST15961,Pune,West,Medium,742.0,Affluent
5962,CUST15962,Mumbai,West,Low,654.0,Mass
5963,CUST15963,Pune,West,Medium,700.0,Premium
5964,CUST15964,Delhi NCR,North,Low,695.0,Mass
5965,CUST15965,Delhi NCR,North,Low,707.0,Mass
5966,CUST15966,Hyderabad,South,Medium,777.0,Affluent
5967,CUST15967,Hyderabad,South,Medium,663.0,Mass
5968,CUST15968,Bangalore,South,Low,677.0,Mass
5969,CUST15969,Mumbai,West,Medium,719.0,Mass
5970,CUST15970,Delhi NCR,North,Medium,746.0,Mass
5971,CUST15971,Pune,West,Medium,722.0,Mass
5972,CUST15972,Bangalore,South,Low,703.0,Mass
5973,CUST15973,Delhi NCR,North,Medium,702.0,Mass
5974,CUST15974,Bangalore,South,Medium,752.0,Premium
5975,CUST15975,Bangalore,South,Medium,728.0,Affluent
5976,CUST15976,Mumbai,West,Medium,726.0,Mass
5977,CUST15977,Delhi NCR,North,Low,598.0,Mass
5978,CUST15978,Hyderabad,South,Medium,657.0,Mass
5979,CUST15979,Mumbai,West,Low,688.0,Affluent
5980,CUST15980,Hyderabad,South,Low,695.0,Affluent
5981,CUST15981,Kolkata,East,Medium,692.0,Affluent
5982,CUST15982,Mumbai,West,Medium,759.0,Affluent
5983,CUST15983,Pune,West,Medium,692.0,Mass
5984,CUST15984,Pune,West,Low,581.0,Mass
5985,CUST15985,Hyderabad,South,Medium,759.0,Mass
5986,CUST15986,Mumbai,West,Medium,712.0,Affluent
5987,CUST15987,Pune,West,High,830.0,Affluent
5988,CUST15988,Pune,West,Low,655.0,Mass
5989,CUST15989,Kolkata,East,Low,642.0,Mass
5990,CUST15990,Pune,West,High,799.0,Mass
5991,CUST15991,Mumbai,West,Low,674.0,Mass
5992,CUST15992,Delhi NCR,North,Low,580.0,Mass
5993,CUST15993,Kolkata,East,Medium,767.0,Mass
5994,CUST15994,Bangalore,South,Low,592.0,Mass
5995,CUST15995,Kolkata,East,Low,607.0,Mass
5996,CUST15996,Delhi NCR,North,Medium,651.0,Affluent
5997,CUST15997,Delhi NCR,North,Low,573.0,Mass
5998,CUST15998,Hyderabad,South,Medium,677.0,Affluent
5999,CUST15999,Mumbai,West,High,737.0,Mass
6000,CUST16000,Delhi NCR,North,Low,568.0,Affluent
6001,CUST16001,Mumbai,West,Low,554.0,Mass
6002,CUST16002,Bangalore,South,High,787.0,Mass
6003,CUST16003,Hyderabad,South,High,827.0,Affluent
6004,CUST16004,Pune,West,Low,585.0,Mass
6005,CUST16005,Delhi NCR,North,High,785.0,Mass
6006,CUST16006,Hyderabad,South,Medium,765.0,Premium
6007,CUST16007,Hyderabad,South,High,788.0,Mass
6008,CUST16008,Delhi NCR,North,Low,620.0,Affluent
6009,CUST16009,Bangalore,South,Medium,716.0,Affluent
6010,CUST16010,Hyderabad,South,High,842.0,Premium
6011,CUST16011,Delhi NCR,North,Low,560.0,Premium
6012,CUST16012,Delhi NCR,North,Medium,675.0,Mass
6013,CUST16013,Hyderabad,South,Medium,688.0,Affluent
6014,CUST16014,Delhi NCR,North,Low,643.0,Affluent
6015,CUST16015,Delhi NCR,North,Medium,680.0,Affluent
6016,CUST16016,Delhi NCR,North,Medium,672.0,Affluent
6017,CUST16017,Kolkata,East,Low,577.0,Affluent
6018,CUST16018,Mumbai,West,Low,563.0,Mass
6019,CUST16019,Hyderabad,South,Medium,776.0,Mass
6020,CUST16020,Pune,West,Medium,748.0,Mass
6021,CUST16021,Bangalore,South,Medium,710.0,Mass
6022,CUST16022,Hyderabad,South,Low,616.0,Mass
6023,CUST16023,Pune,West,Low,599.0,Affluent
6024,CUST16024,Hyderabad,South,Medium,710.0,Mass
6025,CUST16025,Bangalore,South,High,809.0,Affluent
6026,CUST16026,Pune,West,Low,582.0,Affluent
6027,CUST16027,Delhi NCR,North,Medium,726.0,Affluent
6028,CUST16028,Hyderabad,South,Medium,659.0,Mass
6029,CUST16029,Mumbai,West,Medium,650.0,Mass
6030,CUST16030,Kolkata,East,High,759.0,Premium
6031,CUST16031,Hyderabad,South,Low,692.0,Mass
6032,CUST16032,Mumbai,West,Low,689.0,Mass
6033,CUST16033,Bangalore,South,Medium,664.0,Premium
6034,CUST16034,Mumbai,West,Low,704.0,Mass
6035,CUST16035,Hyderabad,South,Low,614.0,Mass
6036,CUST16036,Hyderabad,South,Medium,719.0,Mass
6037,CUST16037,Kolkata,East,High,839.0,Premium
6038,CUST16038,Hyderabad,South,Low,567.0,Mass
6039,CUST16039,Delhi NCR,North,Low,570.0,Mass
6040,CUST16040,Pune,West,Low,556.0,Mass
6041,CUST16041,Bangalore,South,Low,556.0,Mass
6042,CUST16042,Hyderabad,South,Medium,719.0,Mass
6043,CUST16043,Delhi NCR,North,Low,577.0,Mass
6044,CUST16044,Hyderabad,South,Low,701.0,Mass
6045,CUST16045,Bangalore,South,Low,556.0,Mass
6046,CUST16046,Kolkata,East,High,741.0,Mass
6047,CUST16047,Pune,West,Medium,768.0,Affluent
6048,CUST16048,Hyderabad,South,Medium,723.0,Mass
6049,CUST16049,Mumbai,West,Medium,764.0,Mass
6050,CUST16050,Delhi NCR,North,Low,666.0,Affluent
6051,CUST16051,Delhi NCR,North,Low,604.0,Mass
6052,CUST16052,Hyderabad,South,Medium,769.0,Mass
6053,CUST16053,Bangalore,South,Medium,742.0,Mass
6054,CUST16054,Delhi NCR,North,Medium,743.0,Affluent
6055,CUST16055,Delhi NCR,North,Low,613.0,Mass
6056,CUST16056,Bangalore,South,Low,696.0,Affluent
6057,CUST16057,Bangalore,South,Low,624.0,Mass
6058,CUST16058,Delhi NCR,North,Medium,711.0,Mass
6059,CUST16059,Kolkata,East,Medium,710.0,Affluent
6060,CUST16060,Mumbai,West,High,823.0,Mass
6061,CUST16061,Pune,West,Low,716.0,Affluent
6062,CUST16062,Mumbai,West,High,759.0,Mass
6063,CUST16063,Bangalore,South,Medium,662.0,Affluent
6064,CUST16064,Kolkata,East,High,769.0,Mass
6065,CUST16065,Delhi NCR,North,Medium,774.0,Mass
6066,CUST16066,Kolkata,East,Medium,741.0,Mass
6067,CUST16067,Mumbai,West,Medium,759.0,Mass
6068,CUST16068,Delhi NCR,North,Medium,735.0,Mass
6069,CUST16069,Bangalore,South,Low,719.0,Affluent
6070,CUST16070,Pune,West,Low,649.0,Premium
6071,CUST16071,Bangalore,South,Low,615.0,Mass
6072,CUST16072,Hyderabad,South,Medium,665.0,Mass
6073,CUST16073,Kolkata,East,Medium,751.0,Premium
6074,CUST16074,Kolkata,East,Low,640.0,Mass
6075,CUST16075,Mumbai,West,High,798.0,Mass
6076,CUST16076,Mumbai,West,Low,617.0,Mass
6077,CUST16077,Pune,West,Medium,720.0,Mass
6078,CUST16078,Delhi NCR,North,High,725.0,Mass
6079,CUST16079,Delhi NCR,North,Medium,712.0,Mass
6080,CUST16080,Hyderabad,South,Medium,689.0,Mass
6081,CUST16081,Mumbai,West,Low,626.0,Mass
6082,CUST16082,Kolkata,East,Medium,723.0,Affluent
6083,CUST16083,Hyderabad,South,Low,628.0,Mass
6084,CUST16084,Pune,West,Medium,758.0,Mass
6085,CUST16085,Hyderabad,South,High,770.0,Premium
6086,CUST16086,Bangalore,South,Medium,663.0,Mass
6087,CUST16087,Bangalore,South,Medium,698.0,Mass
6088,CUST16088,Pune,West,Medium,736.0,Mass
6089,CUST16089,Pune,West,Low,597.0,Mass
6090,CUST16090,Delhi NCR,North,Low,710.0,Affluent
6091,CUST16091,Delhi NCR,North,Low,569.0,Mass
6092,CUST16092,Pune,West,Low,560.0,Mass
6093,CUST16093,Delhi NCR,North,Medium,656.0,Mass
6094,CUST16094,Mumbai,West,High,744.0,Affluent
6095,CUST16095,Kolkata,East,Medium,765.0,Mass
6096,CUST16096,Mumbai,West,Medium,748.0,Mass
6097,CUST16097,Hyderabad,South,Medium,701.0,Mass
6098,CUST16098,Delhi NCR,North,High,728.0,Mass
6099,CUST16099,Kolkata,East,Medium,666.0,Mass
6100,CUST16100,Pune,West,Low,625.0,Mass
6101,CUST16101,Kolkata,East,Medium,718.0,Mass
6102,CUST16102,Mumbai,West,Low,702.0,Mass
6103,CUST16103,Delhi NCR,North,Low,682.0,Premium
6104,CUST16104,Kolkata,East,Medium,712.0,Mass
6105,CUST16105,Kolkata,East,High,801.0,Mass
6106,CUST16106,Delhi NCR,North,High,814.0,Mass
6107,CUST16107,Pune,West,Medium,736.0,Mass
6108,CUST16108,Delhi NCR,North,Medium,722.0,Mass
6109,CUST16109,Kolkata,East,Medium,659.0,Affluent
6110,CUST16110,Delhi NCR,North,Low,591.0,Mass
6111,CUST16111,Mumbai,West,Low,584.0,Affluent
6112,CUST16112,Hyderabad,South,Medium,752.0,Premium
6113,CUST16113,Mumbai,West,High,849.0,Mass
6114,CUST16114,Bangalore,South,Low,640.0,Mass
6115,CUST16115,Mumbai,West,Low,573.0,Affluent
6116,CUST16116,Pune,West,High,816.0,Mass
6117,CUST16117,Mumbai,West,Low,657.0,Mass
6118,CUST16118,Delhi NCR,North,Low,676.0,Mass
6119,CUST16119,Hyderabad,South,Medium,715.0,Mass
6120,CUST16120,Pune,West,Medium,654.0,Mass
6121,CUST16121,Kolkata,East,Low,595.0,Affluent
6122,CUST16122,Pune,West,High,746.0,Affluent
6123,CUST16123,Delhi NCR,North,High,842.0,Affluent
6124,CUST16124,Bangalore,South,High,811.0,Premium
6125,CUST16125,Hyderabad,South,Low,675.0,Mass
6126,CUST16126,Bangalore,South,Medium,775.0,Mass
6127,CUST16127,Kolkata,East,High,779.0,Mass
6128,CUST16128,Hyderabad,South,Low,638.0,Mass
6129,CUST16129,Hyderabad,South,Low,600.0,Mass
6130,CUST16130,Bangalore,South,Low,691.0,Mass
6131,CUST16131,Kolkata,East,Low,557.0,Mass
6132,CUST16132,Mumbai,West,Low,568.0,Mass
6133,CUST16133,Delhi NCR,North,Medium,657.0,Mass
6134,CUST16134,Hyderabad,South,High,754.0,Premium
6135,CUST16135,Bangalore,South,Medium,770.0,Mass
6136,CUST16136,Kolkata,East,Medium,674.0,Mass
6137,CUST16137,Delhi NCR,North,Medium,723.0,Mass
6138,CUST16138,Delhi NCR,North,Low,594.0,Premium
6139,CUST16139,Hyderabad,South,Low,711.0,Premium
6140,CUST16140,Delhi NCR,North,Low,615.0,Affluent
6141,CUST16141,Mumbai,West,Medium,771.0,Affluent
6142,CUST16142,Kolkata,East,Medium,672.0,Affluent
6143,CUST16143,Delhi NCR,North,Medium,667.0,Mass
6144,CUST16144,Pune,West,Medium,778.0,Premium
6145,CUST16145,Pune,West,Medium,669.0,Mass
6146,CUST16146,Pune,West,Low,685.0,Affluent
6147,CUST16147,Pune,West,High,798.0,Mass
6148,CUST16148,Mumbai,West,Low,638.0,Affluent
6149,CUST16149,Mumbai,West,Medium,704.0,Mass
6150,CUST16150,Delhi NCR,North,High,842.0,Affluent
6151,CUST16151,Mumbai,West,Low,591.0,Premium
6152,CUST16152,Pune,West,Low,701.0,Mass
6153,CUST16153,Kolkata,East,Low,565.0,Mass
6154,CUST16154,Bangalore,South,Medium,709.0,Affluent
6155,CUST16155,Bangalore,South,Low,649.0,Mass
6156,CUST16156,Delhi NCR,North,High,786.0,Mass
6157,CUST16157,Hyderabad,South,Low,636.0,Mass
6158,CUST16158,Kolkata,East,Low,553.0,Mass
6159,CUST16159,Mumbai,West,High,762.0,Mass
6160,CUST16160,Pune,West,Low,685.0,Affluent
6161,CUST16161,Mumbai,West,Low,640.0,Affluent
6162,CUST16162,Kolkata,East,Medium,758.0,Mass
6163,CUST16163,Pune,West,Medium,658.0,Mass
6164,CUST16164,Kolkata,East,Medium,709.0,Premium
6165,CUST16165,Delhi NCR,North,Low,568.0,Mass
6166,CUST16166,Delhi NCR,North,Medium,692.0,Mass
6167,CUST16167,Delhi NCR,North,Low,623.0,Mass
6168,CUST16168,Bangalore,South,Medium,770.0,Mass
6169,CUST16169,Hyderabad,South,Medium,672.0,Mass
6170,CUST16170,Pune,West,Low,670.0,Mass
6171,CUST16171,Mumbai,West,High,850.0,Mass
6172,CUST16172,Mumbai,West,Low,607.0,Mass
6173,CUST16173,Hyderabad,South,Low,637.0,Premium
6174,CUST16174,Pune,West,Low,645.0,Affluent
6175,CUST16175,Pune,West,Low,609.0,Premium
6176,CUST16176,Pune,West,Low,636.0,Mass
6177,CUST16177,Pune,West,High,836.0,Affluent
6178,CUST16178,Hyderabad,South,Low,645.0,Mass
6179,CUST16179,Pune,West,Medium,740.0,Mass
6180,CUST16180,Bangalore,South,Medium,762.0,Premium
6181,CUST16181,Delhi NCR,North,Medium,689.0,Mass
6182,CUST16182,Mumbai,West,Medium,679.0,Mass
6183,CUST16183,Hyderabad,South,High,843.0,Mass
6184,CUST16184,Delhi NCR,North,High,752.0,Mass
6185,CUST16185,Kolkata,East,High,792.0,Affluent
6186,CUST16186,Bangalore,South,Low,653.0,Mass
6187,CUST16187,Pune,West,High,792.0,Mass
6188,CUST16188,Bangalore,South,High,723.0,Mass
6189,CUST16189,Bangalore,South,Low,682.0,Mass
6190,CUST16190,Bangalore,South,Medium,653.0,Mass
6191,CUST16191,Pune,West,Medium,690.0,Mass
6192,CUST16192,Mumbai,West,Medium,751.0,Affluent
6193,CUST16193,Pune,West,Low,559.0,Affluent
6194,CUST16194,Pune,West,Medium,759.0,Mass
6195,CUST16195,Bangalore,South,Medium,707.0,Affluent
6196,CUST16196,Mumbai,West,Low,555.0,Affluent
6197,CUST16197,Pune,West,High,739.0,Mass
6198,CUST16198,Bangalore,South,Medium,680.0,Mass
6199,CUST16199,Hyderabad,South,High,802.0,Mass
6200,CUST16200,Hyderabad,South,Medium,760.0,Affluent
6201,CUST16201,Hyderabad,South,Medium,734.0,Affluent
6202,CUST16202,Mumbai,West,Medium,655.0,Mass
6203,CUST16203,Delhi NCR,North,High,814.0,Premium
6204,CUST16204,Delhi NCR,North,Medium,726.0,Mass
6205,CUST16205,Mumbai,West,Low,623.0,Affluent
6206,CUST16206,Pune,West,Low,554.0,Mass
6207,CUST16207,Hyderabad,South,Medium,737.0,Mass
6208,CUST16208,Mumbai,West,Low,573.0,Mass
6209,CUST16209,Mumbai,West,Low,675.0,Affluent
6210,CUST16210,Kolkata,East,Medium,664.0,Mass
6211,CUST16211,Kolkata,East,Medium,714.0,Mass
6212,CUST16212,Kolkata,East,High,835.0,Affluent
6213,CUST16213,Bangalore,South,Medium,747.0,Mass
6214,CUST16214,Kolkata,East,Low,599.0,Mass
6215,CUST16215,Mumbai,West,High,793.0,Premium
6216,CUST16216,Delhi NCR,North,Medium,747.0,Mass
6217,CUST16217,Kolkata,East,Medium,706.0,Mass
6218,CUST16218,Pune,West,Medium,768.0,Affluent
6219,CUST16219,Mumbai,West,Low,624.0,Mass
6220,CUST16220,Bangalore,South,Low,619.0,Mass
6221,CUST16221,Pune,West,High,833.0,Mass
6222,CUST16222,Kolkata,East,Medium,661.0,Premium
6223,CUST16223,Delhi NCR,North,Medium,769.0,Premium
6224,CUST16224,Hyderabad,South,High,720.0,Mass
6225,CUST16225,Kolkata,East,Low,597.0,Affluent
6226,CUST16226,Pune,West,High,761.0,Mass
6227,CUST16227,Delhi NCR,North,Low,641.0,Premium
6228,CUST16228,Delhi NCR,North,Medium,651.0,Mass
6229,CUST16229,Pune,West,Medium,701.0,Affluent
6230,CUST16230,Delhi NCR,North,Medium,684.0,Mass
6231,CUST16231,Mumbai,West,Medium,720.0,Mass
6232,CUST16232,Kolkata,East,Medium,777.0,Mass
6233,CUST16233,Delhi NCR,North,High,802.0,Mass
6234,CUST16234,Pune,West,Low,645.0,Affluent
6235,CUST16235,Pune,West,High,772.0,Premium
6236,CUST16236,Mumbai,West,Medium,685.0,Mass
6237,CUST16237,Kolkata,East,Low,663.0,Mass
6238,CUST16238,Mumbai,West,Low,657.0,Mass
6239,CUST16239,Hyderabad,South,Low,664.0,Mass
6240,CUST16240,Pune,West,Medium,667.0,Mass
6241,CUST16241,Hyderabad,South,High,774.0,Affluent
6242,CUST16242,Hyderabad,South,Medium,657.0,Mass
6243,CUST16243,Mumbai,West,Low,587.0,Premium
6244,CUST16244,Mumbai,West,Low,687.0,Affluent
6245,CUST16245,Kolkata,East,Medium,763.0,Premium
6246,CUST16246,Kolkata,East,High,720.0,Affluent
6247,CUST16247,Kolkata,East,High,729.0,Mass
6248,CUST16248,Mumbai,West,Low,626.0,Mass
6249,CUST16249,Pune,West,Low,613.0,Mass
6250,CUST16250,Mumbai,West,Low,708.0,Premium
6251,CUST16251,Kolkata,East,Low,555.0,Mass
6252,CUST16252,Delhi NCR,North,High,787.0,Mass
6253,CUST16253,Mumbai,West,Low,637.0,Mass
6254,CUST16254,Pune,West,Medium,656.0,Mass
6255,CUST16255,Kolkata,East,Medium,681.0,Mass
6256,CUST16256,Kolkata,East,Low,598.0,Affluent
6257,CUST16257,Mumbai,West,High,775.0,Mass
6258,CUST16258,Mumbai,West,High,798.0,Affluent
6259,CUST16259,Bangalore,South,Low,690.0,Affluent
6260,CUST16260,Delhi NCR,North,High,821.0,Affluent
6261,CUST16261,Kolkata,East,Low,702.0,Mass
6262,CUST16262,Hyderabad,South,Low,626.0,Mass
6263,CUST16263,Hyderabad,South,Medium,689.0,Mass
6264,CUST16264,Delhi NCR,North,Low,652.0,Affluent
6265,CUST16265,Bangalore,South,Low,627.0,Mass
6266,CUST16266,Hyderabad,South,Low,674.0,Mass
6267,CUST16267,Bangalore,South,Low,689.0,Mass
6268,CUST16268,Kolkata,East,High,733.0,Mass
6269,CUST16269,Hyderabad,South,Medium,688.0,Mass
6270,CUST16270,Bangalore,South,Low,660.0,Mass
6271,CUST16271,Pune,West,Low,713.0,Mass
6272,CUST16272,Bangalore,South,Medium,676.0,Premium
6273,CUST16273,Mumbai,West,Medium,751.0,Mass
6274,CUST16274,Delhi NCR,North,Medium,752.0,Mass
6275,CUST16275,Kolkata,East,Medium,754.0,Affluent
6276,CUST16276,Pune,West,Low,619.0,Mass
6277,CUST16277,Hyderabad,South,Low,562.0,Mass
6278,CUST16278,Hyderabad,South,Low,567.0,Affluent
6279,CUST16279,Mumbai,West,High,785.0,Mass
6280,CUST16280,Delhi NCR,North,Low,626.0,Mass
6281,CUST16281,Mumbai,West,Medium,749.0,Affluent
6282,CUST16282,Bangalore,South,Low,650.0,Mass
6283,CUST16283,Pune,West,Low,594.0,Premium
6284,CUST16284,Bangalore,South,Medium,685.0,Affluent
6285,CUST16285,Hyderabad,South,Medium,775.0,Mass
6286,CUST16286,Mumbai,West,Medium,718.0,Mass
6287,CUST16287,Hyderabad,South,Low,622.0,Mass
6288,CUST16288,Bangalore,South,Medium,669.0,Mass
6289,CUST16289,Pune,West,Medium,722.0,Mass
6290,CUST16290,Pune,West,Low,615.0,Affluent
6291,CUST16291,Delhi NCR,North,High,726.0,Mass
6292,CUST16292,Hyderabad,South,Medium,709.0,Affluent
6293,CUST16293,Hyderabad,South,Medium,683.0,Affluent
6294,CUST16294,Kolkata,East,Low,682.0,Mass
6295,CUST16295,Delhi NCR,North,High,838.0,Mass
6296,CUST16296,Mumbai,West,High,787.0,Mass
6297,CUST16297,Delhi NCR,North,Low,720.0,Mass
6298,CUST16298,Bangalore,South,Medium,682.0,Mass
6299,CUST16299,Delhi NCR,North,Low,574.0,Mass
6300,CUST16300,Hyderabad,South,Medium,657.0,Mass
6301,CUST16301,Bangalore,South,High,812.0,Premium
6302,CUST16302,Delhi NCR,North,Low,713.0,Mass
6303,CUST16303,Bangalore,South,Medium,743.0,Affluent
6304,CUST16304,Hyderabad,South,Low,605.0,Premium
6305,CUST16305,Kolkata,East,Medium,660.0,Affluent
6306,CUST16306,Mumbai,West,Low,648.0,Premium
6307,CUST16307,Delhi NCR,North,Low,676.0,Premium
6308,CUST16308,Bangalore,South,Medium,772.0,Affluent
6309,CUST16309,Kolkata,East,Low,653.0,Mass
6310,CUST16310,Hyderabad,South,Low,718.0,Mass
6311,CUST16311,Hyderabad,South,Medium,762.0,Mass
6312,CUST16312,Bangalore,South,High,776.0,Affluent
6313,CUST16313,Bangalore,South,Medium,721.0,Mass
6314,CUST16314,Mumbai,West,Low,586.0,Mass
6315,CUST16315,Delhi NCR,North,Low,615.0,Premium
6316,CUST16316,Pune,West,Low,622.0,Affluent
6317,CUST16317,Pune,West,High,754.0,Affluent
6318,CUST16318,Mumbai,West,Low,554.0,Mass
6319,CUST16319,Bangalore,South,Medium,660.0,Mass
6320,CUST16320,Mumbai,West,Low,708.0,Mass
6321,CUST16321,Kolkata,East,Low,624.0,Mass
6322,CUST16322,Hyderabad,South,Medium,671.0,Mass
6323,CUST16323,Kolkata,East,High,810.0,Mass
6324,CUST16324,Delhi NCR,North,Medium,658.0,Mass
6325,CUST16325,Mumbai,West,Low,605.0,Premium
6326,CUST16326,Bangalore,South,Low,677.0,Mass
6327,CUST16327,Bangalore,South,Low,634.0,Premium
6328,CUST16328,Mumbai,West,Medium,732.0,Premium
6329,CUST16329,Bangalore,South,High,773.0,Mass
6330,CUST16330,Hyderabad,South,High,796.0,Mass
6331,CUST16331,Delhi NCR,North,High,731.0,Mass
6332,CUST16332,Pune,West,Medium,732.0,Mass
6333,CUST16333,Mumbai,West,High,745.0,Premium
6334,CUST16334,Delhi NCR,North,Medium,674.0,Affluent
6335,CUST16335,Bangalore,South,Low,697.0,Mass
6336,CUST16336,Kolkata,East,High,764.0,Affluent
6337,CUST16337,Bangalore,South,Low,578.0,Affluent
6338,CUST16338,Hyderabad,South,Low,605.0,Mass
6339,CUST16339,Hyderabad,South,High,742.0,Mass
6340,CUST16340,Mumbai,West,Medium,702.0,Affluent
6341,CUST16341,Delhi NCR,North,Medium,688.0,Affluent
6342,CUST16342,Pune,West,Low,651.0,Mass
6343,CUST16343,Mumbai,West,High,751.0,Mass
6344,CUST16344,Hyderabad,South,Medium,757.0,Affluent
6345,CUST16345,Bangalore,South,Low,689.0,Affluent
6346,CUST16346,Mumbai,West,High,795.0,Mass
6347,CUST16347,Hyderabad,South,Medium,747.0,Premium
6348,CUST16348,Mumbai,West,Low,553.0,Mass
6349,CUST16349,Delhi NCR,North,Low,615.0,Mass
6350,CUST16350,Bangalore,South,Low,633.0,Mass
6351,CUST16351,Pune,West,Medium,768.0,Mass
6352,CUST16352,Delhi NCR,North,Low,588.0,Affluent
6353,CUST16353,Mumbai,West,Low,569.0,Affluent
6354,CUST16354,Pune,West,High,770.0,Mass
6355,CUST16355,Bangalore,South,Medium,749.0,Mass
6356,CUST16356,Delhi NCR,North,High,771.0,Mass
6357,CUST16357,Pune,West,High,740.0,Premium
6358,CUST16358,Bangalore,South,Low,616.0,Mass
6359,CUST16359,Mumbai,West,Medium,724.0,Mass
6360,CUST16360,Hyderabad,South,Medium,652.0,Affluent
6361,CUST16361,Bangalore,South,Medium,722.0,Mass
6362,CUST16362,Bangalore,South,High,771.0,Mass
6363,CUST16363,Hyderabad,South,High,795.0,Mass
6364,CUST16364,Kolkata,East,Low,598.0,Mass
6365,CUST16365,Bangalore,South,Low,612.0,Premium
6366,CUST16366,Hyderabad,South,High,833.0,Mass
6367,CUST16367,Bangalore,South,Low,550.0,Mass
6368,CUST16368,Hyderabad,South,Medium,686.0,Mass
6369,CUST16369,Bangalore,South,High,781.0,Mass
6370,CUST16370,Kolkata,East,Medium,746.0,Affluent
6371,CUST16371,Mumbai,West,Low,637.0,Affluent
6372,CUST16372,Kolkata,East,Medium,736.0,Mass
6373,CUST16373,Mumbai,West,Medium,665.0,Mass
6374,CUST16374,Hyderabad,South,High,800.0,Mass
6375,CUST16375,Hyderabad,South,High,829.0,Mass
6376,CUST16376,Hyderabad,South,Medium,704.0,Mass
6377,CUST16377,Kolkata,East,Medium,751.0,Affluent
6378,CUST16378,Delhi NCR,North,Low,635.0,Mass
6379,CUST16379,Bangalore,South,Medium,670.0,Mass
6380,CUST16380,Delhi NCR,North,Low,641.0,Mass
6381,CUST16381,Kolkata,East,High,778.0,Affluent
6382,CUST16382,Kolkata,East,Low,593.0,Affluent
6383,CUST16383,Kolkata,East,High,850.0,Affluent
6384,CUST16384,Mumbai,West,Medium,744.0,Affluent
6385,CUST16385,Pune,West,Medium,653.0,Affluent
6386,CUST16386,Bangalore,South,Low,668.0,Mass
6387,CUST16387,Bangalore,South,Low,554.0,Mass
6388,CUST16388,Hyderabad,South,Low,611.0,Mass
6389,CUST16389,Bangalore,South,Medium,690.0,Premium
6390,CUST16390,Kolkata,East,High,788.0,Affluent
6391,CUST16391,Pune,West,Low,633.0,Mass
6392,CUST16392,Mumbai,West,Medium,705.0,Mass
6393,CUST16393,Kolkata,East,Low,720.0,Affluent
6394,CUST16394,Kolkata,East,Low,587.0,Mass
6395,CUST16395,Hyderabad,South,Low,608.0,Affluent
6396,CUST16396,Kolkata,East,Low,625.0,Mass
6397,CUST16397,Hyderabad,South,High,840.0,Affluent
6398,CUST16398,Bangalore,South,Low,642.0,Mass
6399,CUST16399,Hyderabad,South,Medium,653.0,Affluent
6400,CUST16400,Delhi NCR,North,Medium,755.0,Affluent
6401,CUST16401,Kolkata,East,High,766.0,Mass
6402,CUST16402,Hyderabad,South,Medium,729.0,Mass
6403,CUST16403,Kolkata,East,Low,705.0,Affluent
6404,CUST16404,Pune,West,Medium,722.0,Mass
6405,CUST16405,Kolkata,East,High,837.0,Affluent
6406,CUST16406,Hyderabad,South,Low,638.0,Affluent
6407,CUST16407,Kolkata,East,Low,709.0,Affluent
6408,CUST16408,Pune,West,Medium,708.0,Mass
6409,CUST16409,Hyderabad,South,Low,670.0,Affluent
6410,CUST16410,Delhi NCR,North,Medium,778.0,Mass
6411,CUST16411,Bangalore,South,High,749.0,Mass
6412,CUST16412,Bangalore,South,Medium,695.0,Affluent
6413,CUST16413,Delhi NCR,North,Low,646.0,Mass
6414,CUST16414,Mumbai,West,Medium,684.0,Mass
6415,CUST16415,Pune,West,Medium,717.0,Mass
6416,CUST16416,Pune,West,Low,580.0,Mass
6417,CUST16417,Pune,West,High,787.0,Affluent
6418,CUST16418,Bangalore,South,Low,594.0,Premium
6419,CUST16419,Kolkata,East,High,815.0,Affluent
6420,CUST16420,Mumbai,West,Low,672.0,Affluent
6421,CUST16421,Bangalore,South,Medium,728.0,Affluent
6422,CUST16422,Hyderabad,South,High,778.0,Premium
6423,CUST16423,Hyderabad,South,Low,605.0,Affluent
6424,CUST16424,Hyderabad,South,Low,591.0,Mass
6425,CUST16425,Delhi NCR,North,High,761.0,Affluent
6426,CUST16426,Bangalore,South,Low,597.0,Affluent
6427,CUST16427,Mumbai,West,Medium,706.0,Mass
6428,CUST16428,Bangalore,South,Medium,763.0,Affluent
6429,CUST16429,Kolkata,East,Medium,760.0,Mass
6430,CUST16430,Pune,West,Low,588.0,Mass
6431,CUST16431,Bangalore,South,Low,694.0,Mass
6432,CUST16432,Hyderabad,South,Low,642.0,Affluent
6433,CUST16433,Kolkata,East,Low,720.0,Premium
6434,CUST16434,Kolkata,East,Medium,730.0,Mass
6435,CUST16435,Bangalore,South,Low,589.0,Mass
6436,CUST16436,Kolkata,East,Medium,696.0,Affluent
6437,CUST16437,Bangalore,South,Medium,722.0,Affluent
6438,CUST16438,Bangalore,South,Medium,730.0,Mass
6439,CUST16439,Bangalore,South,Low,632.0,Affluent
6440,CUST16440,Bangalore,South,Medium,765.0,Mass
6441,CUST16441,Delhi NCR,North,High,748.0,Affluent
6442,CUST16442,Delhi NCR,North,Medium,752.0,Affluent
6443,CUST16443,Hyderabad,South,Low,610.0,Affluent
6444,CUST16444,Hyderabad,South,Low,605.0,Affluent
6445,CUST16445,Delhi NCR,North,Low,569.0,Mass
6446,CUST16446,Hyderabad,South,Low,640.0,Premium
6447,CUST16447,Bangalore,South,High,830.0,Mass
6448,CUST16448,Delhi NCR,North,Low,716.0,Affluent
6449,CUST16449,Mumbai,West,Low,568.0,Mass
6450,CUST16450,Bangalore,South,Medium,771.0,Affluent
6451,CUST16451,Bangalore,South,Medium,702.0,Affluent
6452,CUST16452,Hyderabad,South,Low,610.0,Mass
6453,CUST16453,Pune,West,Low,612.0,Mass
6454,CUST16454,Kolkata,East,Medium,682.0,Affluent
6455,CUST16455,Hyderabad,South,Medium,679.0,Mass
6456,CUST16456,Pune,West,Medium,716.0,Premium
6457,CUST16457,Mumbai,West,Low,567.0,Premium
6458,CUST16458,Kolkata,East,Medium,733.0,Mass
6459,CUST16459,Delhi NCR,North,Low,670.0,Mass
6460,CUST16460,Hyderabad,South,Medium,768.0,Mass
6461,CUST16461,Bangalore,South,High,782.0,Mass
6462,CUST16462,Bangalore,South,Low,693.0,Affluent
6463,CUST16463,Kolkata,East,Low,557.0,Mass
6464,CUST16464,Delhi NCR,North,Low,700.0,Mass
6465,CUST16465,Kolkata,East,Low,694.0,Affluent
6466,CUST16466,Hyderabad,South,Low,555.0,Mass
6467,CUST16467,Kolkata,East,Medium,716.0,Mass
6468,CUST16468,Mumbai,West,High,738.0,Affluent
6469,CUST16469,Pune,West,Low,623.0,Mass
6470,CUST16470,Hyderabad,South,Low,634.0,Mass
6471,CUST16471,Pune,West,Low,616.0,Affluent
6472,CUST16472,Pune,West,Low,662.0,Mass
6473,CUST16473,Kolkata,East,High,733.0,Affluent
6474,CUST16474,Mumbai,West,Low,608.0,Mass
6475,CUST16475,Mumbai,West,High,778.0,Premium
6476,CUST16476,Kolkata,East,Low,661.0,Mass
6477,CUST16477,Pune,West,Medium,681.0,Affluent
6478,CUST16478,Bangalore,South,High,772.0,Mass
6479,CUST16479,Bangalore,South,Low,690.0,Affluent
6480,CUST16480,Kolkata,East,Medium,772.0,Affluent
6481,CUST16481,Mumbai,West,High,844.0,Affluent
6482,CUST16482,Hyderabad,South,Low,718.0,Mass
6483,CUST16483,Kolkata,East,High,722.0,Mass
6484,CUST16484,Hyderabad,South,Low,565.0,Mass
6485,CUST16485,Pune,West,Medium,674.0,Mass
6486,CUST16486,Mumbai,West,Medium,720.0,Mass
6487,CUST16487,Mumbai,West,High,795.0,Affluent
6488,CUST16488,Pune,West,Low,555.0,Mass
6489,CUST16489,Bangalore,South,Low,694.0,Mass
6490,CUST16490,Delhi NCR,North,Low,598.0,Mass
6491,CUST16491,Pune,West,Low,577.0,Mass
6492,CUST16492,Bangalore,South,High,759.0,Mass
6493,CUST16493,Bangalore,South,Medium,713.0,Mass
6494,CUST16494,Bangalore,South,Low,576.0,Affluent
6495,CUST16495,Delhi NCR,North,Medium,684.0,Mass
6496,CUST16496,Hyderabad,South,Low,633.0,Affluent
6497,CUST16497,Pune,West,Low,602.0,Mass
6498,CUST16498,Pune,West,Medium,778.0,Affluent
6499,CUST16499,Kolkata,East,Low,654.0,Mass
6500,CUST16500,Kolkata,East,Low,680.0,Affluent
6501,CUST16501,Pune,West,High,775.0,Mass
6502,CUST16502,Mumbai,West,Medium,759.0,Mass
6503,CUST16503,Bangalore,South,Medium,712.0,Mass
6504,CUST16504,Kolkata,East,Medium,715.0,Affluent
6505,CUST16505,Kolkata,East,Low,691.0,Mass
6506,CUST16506,Bangalore,South,Low,678.0,Affluent
6507,CUST16507,Bangalore,South,Low,565.0,Affluent
6508,CUST16508,Pune,West,High,779.0,Affluent
6509,CUST16509,Mumbai,West,Medium,679.0,Affluent
6510,CUST16510,Bangalore,South,Medium,658.0,Affluent
6511,CUST16511,Pune,West,High,828.0,Premium
6512,CUST16512,Mumbai,West,High,849.0,Premium
6513,CUST16513,Delhi NCR,North,Medium,667.0,Affluent
6514,CUST16514,Mumbai,West,Medium,674.0,Affluent
6515,CUST16515,Pune,West,Medium,664.0,Mass
6516,CUST16516,Mumbai,West,Low,550.0,Mass
6517,CUST16517,Kolkata,East,Medium,714.0,Mass
6518,CUST16518,Bangalore,South,Low,584.0,Affluent
6519,CUST16519,Bangalore,South,Medium,666.0,Mass
6520,CUST16520,Kolkata,East,Medium,672.0,Mass
6521,CUST16521,Mumbai,West,Medium,683.0,Mass
6522,CUST16522,Hyderabad,South,Low,713.0,Affluent
6523,CUST16523,Delhi NCR,North,Low,572.0,Mass
6524,CUST16524,Bangalore,South,High,722.0,Mass
6525,CUST16525,Mumbai,West,Low,688.0,Premium
6526,CUST16526,Pune,West,Medium,770.0,Premium
6527,CUST16527,Pune,West,Medium,677.0,Affluent
6528,CUST16528,Bangalore,South,Low,592.0,Affluent
6529,CUST16529,Delhi NCR,North,Low,659.0,Mass
6530,CUST16530,Kolkata,East,High,740.0,Affluent
6531,CUST16531,Bangalore,South,Medium,668.0,Mass
6532,CUST16532,Pune,West,Low,601.0,Premium
6533,CUST16533,Delhi NCR,North,Medium,668.0,Affluent
6534,CUST16534,Kolkata,East,Medium,660.0,Affluent
6535,CUST16535,Delhi NCR,North,Medium,713.0,Mass
6536,CUST16536,Mumbai,West,Low,631.0,Affluent
6537,CUST16537,Pune,West,High,801.0,Affluent
6538,CUST16538,Kolkata,East,Low,689.0,Mass
6539,CUST16539,Bangalore,South,Low,720.0,Premium
6540,CUST16540,Mumbai,West,Medium,660.0,Mass
6541,CUST16541,Pune,West,Low,660.0,Mass
6542,CUST16542,Hyderabad,South,Low,709.0,Mass
6543,CUST16543,Kolkata,East,Medium,779.0,Mass
6544,CUST16544,Delhi NCR,North,Low,562.0,Premium
6545,CUST16545,Hyderabad,South,Low,558.0,Affluent
6546,CUST16546,Bangalore,South,Medium,743.0,Affluent
6547,CUST16547,Bangalore,South,Medium,768.0,Affluent
6548,CUST16548,Mumbai,West,Low,662.0,Mass
6549,CUST16549,Hyderabad,South,Medium,754.0,Affluent
6550,CUST16550,Hyderabad,South,Medium,745.0,Mass
6551,CUST16551,Bangalore,South,Medium,774.0,Mass
6552,CUST16552,Mumbai,West,Low,604.0,Affluent
6553,CUST16553,Hyderabad,South,High,727.0,Mass
6554,CUST16554,Bangalore,South,Medium,679.0,Premium
6555,CUST16555,Hyderabad,South,High,831.0,Affluent
6556,CUST16556,Delhi NCR,North,Medium,748.0,Affluent
6557,CUST16557,Kolkata,East,Medium,772.0,Affluent
6558,CUST16558,Delhi NCR,North,Low,565.0,Mass
6559,CUST16559,Pune,West,High,803.0,Mass
6560,CUST16560,Pune,West,Medium,650.0,Mass
6561,CUST16561,Pune,West,Medium,753.0,Affluent
6562,CUST16562,Kolkata,East,Medium,779.0,Mass
6563,CUST16563,Kolkata,East,Medium,687.0,Affluent
6564,CUST16564,Mumbai,West,Medium,708.0,Affluent
6565,CUST16565,Delhi NCR,North,Medium,726.0,Premium
6566,CUST16566,Delhi NCR,North,Low,603.0,Affluent
6567,CUST16567,Bangalore,South,High,808.0,Mass
6568,CUST16568,Hyderabad,South,Low,553.0,Mass
6569,CUST16569,Bangalore,South,Low,556.0,Mass
6570,CUST16570,Bangalore,South,Medium,724.0,Affluent
6571,CUST16571,Mumbai,West,Medium,758.0,Mass
6572,CUST16572,Pune,West,Medium,748.0,Affluent
6573,CUST16573,Bangalore,South,High,733.0,Mass
6574,CUST16574,Mumbai,West,Low,554.0,Mass
6575,CUST16575,Bangalore,South,High,788.0,Affluent
6576,CUST16576,Delhi NCR,North,Low,560.0,Affluent
6577,CUST16577,Hyderabad,South,High,725.0,Affluent
6578,CUST16578,Bangalore,South,High,726.0,Affluent
6579,CUST16579,Pune,West,High,827.0,Affluent
6580,CUST16580,Kolkata,East,High,744.0,Affluent
6581,CUST16581,Pune,West,Medium,779.0,Mass
6582,CUST16582,Kolkata,East,Low,620.0,Affluent
6583,CUST16583,Delhi NCR,North,High,780.0,Mass
6584,CUST16584,Mumbai,West,High,833.0,Mass
6585,CUST16585,Hyderabad,South,Low,703.0,Mass
6586,CUST16586,Hyderabad,South,Medium,763.0,Premium
6587,CUST16587,Delhi NCR,North,Low,683.0,Mass
6588,CUST16588,Pune,West,High,735.0,Mass
6589,CUST16589,Mumbai,West,Medium,661.0,Affluent
6590,CUST16590,Kolkata,East,Low,619.0,Mass
6591,CUST16591,Kolkata,East,Low,649.0,Mass
6592,CUST16592,Bangalore,South,Low,699.0,Affluent
6593,CUST16593,Delhi NCR,North,High,736.0,Mass
6594,CUST16594,Pune,West,Medium,686.0,Affluent
6595,CUST16595,Hyderabad,South,Low,657.0,Mass
6596,CUST16596,Hyderabad,South,Low,679.0,Mass
6597,CUST16597,Delhi NCR,North,High,841.0,Affluent
6598,CUST16598,Delhi NCR,North,High,831.0,Premium
6599,CUST16599,Bangalore,South,Medium,716.0,Affluent
6600,CUST16600,Hyderabad,South,Low,720.0,Mass
6601,CUST16601,Bangalore,South,Medium,754.0,Affluent
6602,CUST16602,Delhi NCR,North,Low,608.0,Affluent
6603,CUST16603,Mumbai,West,High,781.0,Mass
6604,CUST16604,Hyderabad,South,High,820.0,Premium
6605,CUST16605,Kolkata,East,Low,714.0,Mass
6606,CUST16606,Pune,West,Medium,651.0,Affluent
6607,CUST16607,Bangalore,South,Medium,777.0,Premium
6608,CUST16608,Pune,West,Low,550.0,Premium
6609,CUST16609,Bangalore,South,High,727.0,Mass
6610,CUST16610,Mumbai,West,Low,566.0,Premium
6611,CUST16611,Kolkata,East,Low,567.0,Mass
6612,CUST16612,Hyderabad,South,Low,588.0,Affluent
6613,CUST16613,Kolkata,East,Medium,699.0,Mass
6614,CUST16614,Hyderabad,South,High,796.0,Affluent
6615,CUST16615,Bangalore,South,Low,568.0,Mass
6616,CUST16616,Kolkata,East,Medium,664.0,Mass
6617,CUST16617,Delhi NCR,North,High,771.0,Mass
6618,CUST16618,Hyderabad,South,Medium,666.0,Mass
6619,CUST16619,Bangalore,South,Low,649.0,Affluent
6620,CUST16620,Mumbai,West,High,740.0,Premium
6621,CUST16621,Delhi NCR,North,Low,590.0,Mass
6622,CUST16622,Mumbai,West,Low,710.0,Affluent
6623,CUST16623,Kolkata,East,Low,689.0,Affluent
6624,CUST16624,Hyderabad,South,Low,648.0,Mass
6625,CUST16625,Mumbai,West,Medium,779.0,Affluent
6626,CUST16626,Kolkata,East,Medium,741.0,Affluent
6627,CUST16627,Hyderabad,South,Low,668.0,Affluent
6628,CUST16628,Bangalore,South,Medium,725.0,Affluent
6629,CUST16629,Pune,West,Low,628.0,Mass
6630,CUST16630,Bangalore,South,Low,636.0,Mass
6631,CUST16631,Kolkata,East,High,769.0,Affluent
6632,CUST16632,Hyderabad,South,Low,570.0,Mass
6633,CUST16633,Delhi NCR,North,High,785.0,Premium
6634,CUST16634,Pune,West,Low,584.0,Mass
6635,CUST16635,Bangalore,South,Low,709.0,Premium
6636,CUST16636,Pune,West,Low,680.0,Mass
6637,CUST16637,Bangalore,South,High,786.0,Premium
6638,CUST16638,Mumbai,West,High,771.0,Affluent
6639,CUST16639,Delhi NCR,North,Low,660.0,Mass
6640,CUST16640,Mumbai,West,Low,717.0,Affluent
6641,CUST16641,Delhi NCR,North,Low,710.0,Mass
6642,CUST16642,Delhi NCR,North,Low,717.0,Mass
6643,CUST16643,Pune,West,Low,602.0,Mass
6644,CUST16644,Pune,West,High,840.0,Affluent
6645,CUST16645,Pune,West,Medium,696.0,Mass
6646,CUST16646,Pune,West,High,814.0,Premium
6647,CUST16647,Pune,West,Medium,688.0,Affluent
6648,CUST16648,Mumbai,West,High,727.0,Mass
6649,CUST16649,Kolkata,East,Medium,662.0,Affluent
6650,CUST16650,Kolkata,East,Medium,706.0,Mass
6651,CUST16651,Delhi NCR,North,Low,566.0,Affluent
6652,CUST16652,Delhi NCR,North,Medium,671.0,Affluent
6653,CUST16653,Pune,West,Medium,758.0,Mass
6654,CUST16654,Mumbai,West,Low,680.0,Affluent
6655,CUST16655,Delhi NCR,North,Medium,779.0,Mass
6656,CUST16656,Pune,West,Low,610.0,Mass
6657,CUST16657,Delhi NCR,North,Medium,757.0,Premium
6658,CUST16658,Delhi NCR,North,High,814.0,Mass
6659,CUST16659,Kolkata,East,Medium,765.0,Mass
6660,CUST16660,Hyderabad,South,Medium,761.0,Affluent
6661,CUST16661,Kolkata,East,Low,676.0,Mass
6662,CUST16662,Kolkata,East,Low,657.0,Mass
6663,CUST16663,Bangalore,South,Low,717.0,Premium
6664,CUST16664,Bangalore,South,High,817.0,Mass
6665,CUST16665,Bangalore,South,Medium,697.0,Mass
6666,CUST16666,Pune,West,Medium,687.0,Mass
6667,CUST16667,Kolkata,East,Low,645.0,Mass
6668,CUST16668,Bangalore,South,High,759.0,Affluent
6669,CUST16669,Pune,West,Low,559.0,Mass
6670,CUST16670,Mumbai,West,Low,697.0,Mass
6671,CUST16671,Kolkata,East,Medium,752.0,Affluent
6672,CUST16672,Delhi NCR,North,Medium,677.0,Affluent
6673,CUST16673,Bangalore,South,High,850.0,Mass
6674,CUST16674,Hyderabad,South,Medium,677.0,Mass
6675,CUST16675,Bangalore,South,Low,619.0,Mass
6676,CUST16676,Kolkata,East,High,790.0,Affluent
6677,CUST16677,Bangalore,South,Low,598.0,Mass
6678,CUST16678,Pune,West,Medium,698.0,Premium
6679,CUST16679,Delhi NCR,North,Low,564.0,Affluent
6680,CUST16680,Kolkata,East,Medium,771.0,Mass
6681,CUST16681,Bangalore,South,High,816.0,Affluent
6682,CUST16682,Hyderabad,South,High,794.0,Premium
6683,CUST16683,Bangalore,South,Medium,718.0,Mass
6684,CUST16684,Kolkata,East,Low,639.0,Affluent
6685,CUST16685,Hyderabad,South,Low,648.0,Mass
6686,CUST16686,Mumbai,West,Low,595.0,Affluent
6687,CUST16687,Delhi NCR,North,Medium,736.0,Affluent
6688,CUST16688,Kolkata,East,Medium,739.0,Mass
6689,CUST16689,Kolkata,East,Low,595.0,Mass
6690,CUST16690,Kolkata,East,Medium,655.0,Premium
6691,CUST16691,Kolkata,East,Medium,761.0,Mass
6692,CUST16692,Mumbai,West,High,793.0,Mass
6693,CUST16693,Kolkata,East,Medium,751.0,Affluent
6694,CUST16694,Pune,West,Medium,776.0,Mass
6695,CUST16695,Bangalore,South,Low,662.0,Affluent
6696,CUST16696,Hyderabad,South,Medium,704.0,Mass
6697,CUST16697,Hyderabad,South,Medium,659.0,Affluent
6698,CUST16698,Kolkata,East,Medium,709.0,Mass
6699,CUST16699,Pune,West,Medium,740.0,Mass
6700,CUST16700,Kolkata,East,Medium,769.0,Affluent
6701,CUST16701,Hyderabad,South,Low,614.0,Mass
6702,CUST16702,Delhi NCR,North,Low,695.0,Premium
6703,CUST16703,Pune,West,Medium,736.0,Mass
6704,CUST16704,Bangalore,South,Medium,701.0,Mass
6705,CUST16705,Delhi NCR,North,Low,624.0,Premium
6706,CUST16706,Delhi NCR,North,Medium,770.0,Premium
6707,CUST16707,Pune,West,Low,623.0,Affluent
6708,CUST16708,Kolkata,East,High,744.0,Affluent
6709,CUST16709,Kolkata,East,High,785.0,Mass
6710,CUST16710,Mumbai,West,Medium,681.0,Mass
6711,CUST16711,Pune,West,Low,683.0,Mass
6712,CUST16712,Bangalore,South,High,773.0,Mass
6713,CUST16713,Delhi NCR,North,Low,663.0,Mass
6714,CUST16714,Pune,West,High,806.0,Mass
6715,CUST16715,Hyderabad,South,Medium,722.0,Affluent
6716,CUST16716,Hyderabad,South,Low,624.0,Mass
6717,CUST16717,Delhi NCR,North,Low,573.0,Affluent
6718,CUST16718,Kolkata,East,Medium,694.0,Affluent
6719,CUST16719,Hyderabad,South,Low,627.0,Mass
6720,CUST16720,Mumbai,West,Low,573.0,Mass
6721,CUST16721,Bangalore,South,Medium,762.0,Affluent
6722,CUST16722,Pune,West,Low,569.0,Mass
6723,CUST16723,Kolkata,East,Medium,670.0,Mass
6724,CUST16724,Pune,West,Low,576.0,Premium
6725,CUST16725,Delhi NCR,North,Medium,693.0,Mass
6726,CUST16726,Pune,West,Medium,769.0,Affluent
6727,CUST16727,Hyderabad,South,Medium,717.0,Mass
6728,CUST16728,Hyderabad,South,Low,576.0,Mass
6729,CUST16729,Kolkata,East,Medium,752.0,Affluent
6730,CUST16730,Pune,West,Medium,721.0,Mass
6731,CUST16731,Hyderabad,South,High,793.0,Affluent
6732,CUST16732,Bangalore,South,Medium,764.0,Mass
6733,CUST16733,Delhi NCR,North,Medium,766.0,Premium
6734,CUST16734,Kolkata,East,High,726.0,Mass
6735,CUST16735,Hyderabad,South,Low,658.0,Mass
6736,CUST16736,Hyderabad,South,Medium,677.0,Affluent
6737,CUST16737,Bangalore,South,Low,590.0,Premium
6738,CUST16738,Delhi NCR,North,Medium,765.0,Mass
6739,CUST16739,Hyderabad,South,Medium,719.0,Premium
6740,CUST16740,Pune,West,Low,636.0,Affluent
6741,CUST16741,Kolkata,East,Medium,705.0,Mass
6742,CUST16742,Hyderabad,South,Low,644.0,Mass
6743,CUST16743,Kolkata,East,Medium,658.0,Premium
6744,CUST16744,Hyderabad,South,Low,667.0,Affluent
6745,CUST16745,Hyderabad,South,Low,616.0,Mass
6746,CUST16746,Pune,West,High,723.0,Mass
6747,CUST16747,Bangalore,South,Low,702.0,Affluent
6748,CUST16748,Kolkata,East,Medium,735.0,Affluent
6749,CUST16749,Hyderabad,South,Medium,753.0,Mass
6750,CUST16750,Pune,West,Medium,749.0,Affluent
6751,CUST16751,Pune,West,Medium,697.0,Mass
6752,CUST16752,Hyderabad,South,High,769.0,Affluent
6753,CUST16753,Hyderabad,South,Medium,776.0,Mass
6754,CUST16754,Kolkata,East,Medium,774.0,Mass
6755,CUST16755,Pune,West,Medium,696.0,Mass
6756,CUST16756,Mumbai,West,Medium,780.0,Premium
6757,CUST16757,Delhi NCR,North,High,738.0,Affluent
6758,CUST16758,Mumbai,West,Low,653.0,Affluent
6759,CUST16759,Delhi NCR,North,Low,598.0,Mass
6760,CUST16760,Mumbai,West,Medium,688.0,Affluent
6761,CUST16761,Pune,West,High,821.0,Mass
6762,CUST16762,Hyderabad,South,Low,632.0,Mass
6763,CUST16763,Hyderabad,South,Medium,695.0,Mass
6764,CUST16764,Delhi NCR,North,High,804.0,Premium
6765,CUST16765,Mumbai,West,Low,669.0,Affluent
6766,CUST16766,Pune,West,Medium,723.0,Mass
6767,CUST16767,Kolkata,East,High,722.0,Affluent
6768,CUST16768,Bangalore,South,Medium,723.0,Mass
6769,CUST16769,Delhi NCR,North,Low,695.0,Mass
6770,CUST16770,Pune,West,Low,606.0,Mass
6771,CUST16771,Pune,West,Medium,725.0,Premium
6772,CUST16772,Delhi NCR,North,High,848.0,Mass
6773,CUST16773,Pune,West,Medium,712.0,Affluent
6774,CUST16774,Pune,West,Medium,719.0,Premium
6775,CUST16775,Kolkata,East,Low,625.0,Mass
6776,CUST16776,Mumbai,West,Medium,753.0,Affluent
6777,CUST16777,Kolkata,East,Medium,707.0,Mass
6778,CUST16778,Kolkata,East,Medium,769.0,Mass
6779,CUST16779,Bangalore,South,High,758.0,Mass
6780,CUST16780,Mumbai,West,Medium,731.0,Mass
6781,CUST16781,Kolkata,East,Medium,662.0,Affluent
6782,CUST16782,Bangalore,South,Low,597.0,Mass
6783,CUST16783,Delhi NCR,North,Low,609.0,Affluent
6784,CUST16784,Delhi NCR,North,Medium,671.0,Premium
6785,CUST16785,Delhi NCR,North,Medium,698.0,Affluent
6786,CUST16786,Hyderabad,South,Medium,665.0,Affluent
6787,CUST16787,Hyderabad,South,Medium,754.0,Mass
6788,CUST16788,Bangalore,South,High,779.0,Mass
6789,CUST16789,Kolkata,East,High,813.0,Mass
6790,CUST16790,Mumbai,West,Medium,694.0,Mass
6791,CUST16791,Mumbai,West,Low,685.0,Affluent
6792,CUST16792,Delhi NCR,North,Medium,726.0,Affluent
6793,CUST16793,Bangalore,South,Medium,681.0,Affluent
6794,CUST16794,Delhi NCR,North,Low,575.0,Mass
6795,CUST16795,Mumbai,West,Medium,774.0,Mass
6796,CUST16796,Mumbai,West,Low,654.0,Mass
6797,CUST16797,Bangalore,South,Low,647.0,Affluent
6798,CUST16798,Bangalore,South,High,747.0,Mass
6799,CUST16799,Mumbai,West,Medium,723.0,Mass
6800,CUST16800,Mumbai,West,Low,592.0,Affluent
6801,CUST16801,Pune,West,Medium,669.0,Mass
6802,CUST16802,Mumbai,West,Low,590.0,Mass
6803,CUST16803,Pune,West,High,775.0,Affluent
6804,CUST16804,Kolkata,East,Medium,730.0,Affluent
6805,CUST16805,Kolkata,East,High,767.0,Mass
6806,CUST16806,Hyderabad,South,Low,585.0,Mass
6807,CUST16807,Mumbai,West,Medium,671.0,Affluent
6808,CUST16808,Hyderabad,South,High,741.0,Mass
6809,CUST16809,Kolkata,East,High,777.0,Mass
6810,CUST16810,Pune,West,Low,634.0,Mass
6811,CUST16811,Kolkata,East,Medium,695.0,Affluent
6812,CUST16812,Pune,West,Medium,713.0,Affluent
6813,CUST16813,Pune,West,Low,717.0,Mass
6814,CUST16814,Kolkata,East,Medium,681.0,Affluent
6815,CUST16815,Kolkata,East,High,742.0,Mass
6816,CUST16816,Hyderabad,South,Medium,677.0,Mass
6817,CUST16817,Kolkata,East,High,746.0,Affluent
6818,CUST16818,Mumbai,West,Low,603.0,Affluent
6819,CUST16819,Pune,West,Low,664.0,Mass
6820,CUST16820,Mumbai,West,Low,550.0,Mass
6821,CUST16821,Bangalore,South,Medium,685.0,Premium
6822,CUST16822,Mumbai,West,Medium,747.0,Affluent
6823,CUST16823,Delhi NCR,North,Medium,656.0,Mass
6824,CUST16824,Kolkata,East,Medium,776.0,Affluent
6825,CUST16825,Delhi NCR,North,Medium,702.0,Mass
6826,CUST16826,Kolkata,East,Medium,682.0,Mass
6827,CUST16827,Mumbai,West,Medium,746.0,Affluent
6828,CUST16828,Bangalore,South,Medium,674.0,Affluent
6829,CUST16829,Hyderabad,South,Medium,686.0,Affluent
6830,CUST16830,Hyderabad,South,High,799.0,Premium
6831,CUST16831,Bangalore,South,Medium,655.0,Mass
6832,CUST16832,Bangalore,South,High,802.0,Mass
6833,CUST16833,Delhi NCR,North,Low,629.0,Affluent
6834,CUST16834,Pune,West,Medium,767.0,Affluent
6835,CUST16835,Pune,West,Low,658.0,Mass
6836,CUST16836,Kolkata,East,Medium,761.0,Premium
6837,CUST16837,Mumbai,West,Medium,665.0,Premium
6838,CUST16838,Pune,West,Medium,686.0,Affluent
6839,CUST16839,Kolkata,East,Medium,718.0,Mass
6840,CUST16840,Mumbai,West,Low,659.0,Affluent
6841,CUST16841,Hyderabad,South,Medium,715.0,Mass
6842,CUST16842,Bangalore,South,Medium,760.0,Mass
6843,CUST16843,Pune,West,Medium,717.0,Mass
6844,CUST16844,Kolkata,East,Low,654.0,Affluent
6845,CUST16845,Mumbai,West,Low,706.0,Affluent
6846,CUST16846,Kolkata,East,Low,566.0,Mass
6847,CUST16847,Bangalore,South,High,807.0,Premium
6848,CUST16848,Pune,West,Medium,768.0,Mass
6849,CUST16849,Pune,West,Low,698.0,Mass
6850,CUST16850,Mumbai,West,Low,574.0,Mass
6851,CUST16851,Bangalore,South,High,811.0,Mass
6852,CUST16852,Delhi NCR,North,Low,603.0,Mass
6853,CUST16853,Mumbai,West,Medium,766.0,Mass
6854,CUST16854,Kolkata,East,Medium,680.0,Mass
6855,CUST16855,Mumbai,West,High,732.0,Mass
6856,CUST16856,Kolkata,East,Low,714.0,Mass
6857,CUST16857,Bangalore,South,Medium,652.0,Mass
6858,CUST16858,Delhi NCR,North,Low,687.0,Mass
6859,CUST16859,Bangalore,South,Medium,743.0,Affluent
6860,CUST16860,Mumbai,West,Medium,715.0,Mass
6861,CUST16861,Pune,West,Low,638.0,Affluent
6862,CUST16862,Mumbai,West,Low,712.0,Affluent
6863,CUST16863,Pune,West,Low,694.0,Affluent
6864,CUST16864,Pune,West,High,724.0,Mass
6865,CUST16865,Kolkata,East,Low,619.0,Mass
6866,CUST16866,Kolkata,East,Low,603.0,Affluent
6867,CUST16867,Mumbai,West,High,792.0,Affluent
6868,CUST16868,Kolkata,East,Low,583.0,Mass
6869,CUST16869,Delhi NCR,North,High,805.0,Mass
6870,CUST16870,Pune,West,Medium,725.0,Mass
6871,CUST16871,Delhi NCR,North,Medium,755.0,Premium
6872,CUST16872,Pune,West,Low,707.0,Affluent
6873,CUST16873,Bangalore,South,High,797.0,Mass
6874,CUST16874,Hyderabad,South,Medium,722.0,Affluent
6875,CUST16875,Mumbai,West,High,763.0,Mass
6876,CUST16876,Kolkata,East,Medium,736.0,Mass
6877,CUST16877,Pune,West,High,809.0,Affluent
6878,CUST16878,Mumbai,West,Low,679.0,Mass
6879,CUST16879,Kolkata,East,Medium,690.0,Mass
6880,CUST16880,Delhi NCR,North,High,831.0,Premium
6881,CUST16881,Hyderabad,South,Low,644.0,Affluent
6882,CUST16882,Hyderabad,South,Low,606.0,Affluent
6883,CUST16883,Mumbai,West,Low,599.0,Affluent
6884,CUST16884,Delhi NCR,North,Low,560.0,Affluent
6885,CUST16885,Mumbai,West,Low,553.0,Affluent
6886,CUST16886,Hyderabad,South,Medium,734.0,Affluent
6887,CUST16887,Pune,West,Medium,673.0,Mass
6888,CUST16888,Bangalore,South,High,833.0,Premium
6889,CUST16889,Delhi NCR,North,Low,587.0,Premium
6890,CUST16890,Pune,West,Medium,748.0,Affluent
6891,CUST16891,Delhi NCR,North,Low,667.0,Mass
6892,CUST16892,Bangalore,South,Medium,681.0,Affluent
6893,CUST16893,Hyderabad,South,High,820.0,Mass
6894,CUST16894,Bangalore,South,High,723.0,Mass
6895,CUST16895,Hyderabad,South,Low,637.0,Mass
6896,CUST16896,Kolkata,East,Low,571.0,Mass
6897,CUST16897,Mumbai,West,Medium,767.0,Affluent
6898,CUST16898,Kolkata,East,Low,597.0,Mass
6899,CUST16899,Bangalore,South,High,759.0,Affluent
6900,CUST16900,Delhi NCR,North,Low,703.0,Mass
6901,CUST16901,Delhi NCR,North,Medium,738.0,Mass
6902,CUST16902,Hyderabad,South,Low,677.0,Mass
6903,CUST16903,Kolkata,East,Medium,724.0,Mass
6904,CUST16904,Mumbai,West,Medium,713.0,Mass
6905,CUST16905,Hyderabad,South,Medium,663.0,Mass
6906,CUST16906,Hyderabad,South,High,842.0,Premium
6907,CUST16907,Hyderabad,South,Medium,704.0,Mass
6908,CUST16908,Bangalore,South,Medium,702.0,Mass
6909,CUST16909,Bangalore,South,High,745.0,Affluent
6910,CUST16910,Hyderabad,South,Medium,742.0,Affluent
6911,CUST16911,Bangalore,South,Medium,664.0,Affluent
6912,CUST16912,Pune,West,Medium,729.0,Mass
6913,CUST16913,Hyderabad,South,Low,676.0,Affluent
6914,CUST16914,Hyderabad,South,Low,644.0,Mass
6915,CUST16915,Hyderabad,South,High,726.0,Mass
6916,CUST16916,Delhi NCR,North,High,771.0,Affluent
6917,CUST16917,Pune,West,Low,687.0,Mass
6918,CUST16918,Hyderabad,South,Medium,675.0,Mass
6919,CUST16919,Kolkata,East,High,836.0,Mass
6920,CUST16920,Delhi NCR,North,Medium,736.0,Affluent
6921,CUST16921,Hyderabad,South,Medium,664.0,Mass
6922,CUST16922,Hyderabad,South,High,731.0,Affluent
6923,CUST16923,Hyderabad,South,High,846.0,Mass
6924,CUST16924,Delhi NCR,North,High,825.0,Affluent
6925,CUST16925,Bangalore,South,Medium,716.0,Mass
6926,CUST16926,Hyderabad,South,Medium,770.0,Mass
6927,CUST16927,Pune,West,Low,590.0,Mass
6928,CUST16928,Delhi NCR,North,Low,718.0,Premium
6929,CUST16929,Pune,West,High,785.0,Affluent
6930,CUST16930,Kolkata,East,Medium,736.0,Affluent
6931,CUST16931,Pune,West,Medium,717.0,Mass
6932,CUST16932,Kolkata,East,High,789.0,Mass
6933,CUST16933,Kolkata,East,Medium,674.0,Mass
6934,CUST16934,Bangalore,South,Medium,656.0,Affluent
6935,CUST16935,Kolkata,East,Medium,772.0,Premium
6936,CUST16936,Kolkata,East,High,782.0,Premium
6937,CUST16937,Delhi NCR,North,Medium,775.0,Affluent
6938,CUST16938,Mumbai,West,Low,579.0,Mass
6939,CUST16939,Bangalore,South,Low,673.0,Mass
6940,CUST16940,Mumbai,West,Low,715.0,Affluent
6941,CUST16941,Pune,West,Low,572.0,Affluent
6942,CUST16942,Kolkata,East,Medium,748.0,Mass
6943,CUST16943,Mumbai,West,Low,596.0,Mass
6944,CUST16944,Bangalore,South,High,813.0,Mass
6945,CUST16945,Hyderabad,South,Medium,660.0,Mass
6946,CUST16946,Delhi NCR,North,Low,700.0,Mass
6947,CUST16947,Hyderabad,South,High,774.0,Mass
6948,CUST16948,Kolkata,East,Medium,716.0,Affluent
6949,CUST16949,Mumbai,West,High,745.0,Affluent
6950,CUST16950,Hyderabad,South,Low,714.0,Mass
6951,CUST16951,Pune,West,Low,651.0,Affluent
6952,CUST16952,Delhi NCR,North,Low,599.0,Mass
6953,CUST16953,Kolkata,East,High,723.0,Mass
6954,CUST16954,Bangalore,South,Medium,651.0,Affluent
6955,CUST16955,Bangalore,South,High,787.0,Mass
6956,CUST16956,Pune,West,Medium,774.0,Affluent
6957,CUST16957,Bangalore,South,Medium,663.0,Premium
6958,CUST16958,Delhi NCR,North,Low,678.0,Mass
6959,CUST16959,Hyderabad,South,Low,703.0,Mass
6960,CUST16960,Kolkata,East,Medium,708.0,Mass
6961,CUST16961,Bangalore,South,Medium,717.0,Affluent
6962,CUST16962,Pune,West,Low,688.0,Affluent
6963,CUST16963,Pune,West,High,807.0,Affluent
6964,CUST16964,Pune,West,Medium,665.0,Affluent
6965,CUST16965,Mumbai,West,Medium,683.0,Affluent
6966,CUST16966,Hyderabad,South,Low,640.0,Mass
6967,CUST16967,Pune,West,Medium,725.0,Mass
6968,CUST16968,Bangalore,South,Medium,708.0,Mass
6969,CUST16969,Hyderabad,South,Low,585.0,Mass
6970,CUST16970,Kolkata,East,High,832.0,Mass
6971,CUST16971,Kolkata,East,Medium,672.0,Mass
6972,CUST16972,Hyderabad,South,Low,600.0,Affluent
6973,CUST16973,Kolkata,East,High,783.0,Mass
6974,CUST16974,Hyderabad,South,Medium,764.0,Affluent
6975,CUST16975,Mumbai,West,Medium,665.0,Affluent
6976,CUST16976,Mumbai,West,Low,612.0,Mass
6977,CUST16977,Bangalore,South,Low,659.0,Premium
6978,CUST16978,Delhi NCR,North,Medium,732.0,Mass
6979,CUST16979,Hyderabad,South,Low,617.0,Affluent
6980,CUST16980,Delhi NCR,North,Low,572.0,Premium
6981,CUST16981,Delhi NCR,North,Low,674.0,Premium
6982,CUST16982,Bangalore,South,Medium,706.0,Affluent
6983,CUST16983,Pune,West,Medium,779.0,Mass
6984,CUST16984,Delhi NCR,North,Medium,684.0,Mass
6985,CUST16985,Pune,West,Medium,686.0,Mass
6986,CUST16986,Bangalore,South,Low,633.0,Mass
6987,CUST16987,Delhi NCR,North,High,732.0,Affluent
6988,CUST16988,Hyderabad,South,Low,564.0,Mass
6989,CUST16989,Hyderabad,South,Low,697.0,Affluent
6990,CUST16990,Hyderabad,South,Low,669.0,Mass
6991,CUST16991,Bangalore,South,Low,632.0,Affluent
6992,CUST16992,Kolkata,East,Medium,776.0,Mass
6993,CUST16993,Mumbai,West,Medium,742.0,Affluent
6994,CUST16994,Pune,West,Medium,712.0,Mass
6995,CUST16995,Hyderabad,South,Low,570.0,Affluent
6996,CUST16996,Mumbai,West,Medium,712.0,Affluent
6997,CUST16997,Pune,West,Low,598.0,Mass
6998,CUST16998,Mumbai,West,Low,590.0,Mass
6999,CUST16999,Hyderabad,South,Medium,660.0,Mass
7000,CUST17000,Kolkata,East,Low,560.0,Mass
7001,CUST17001,Delhi NCR,North,Low,619.0,Mass
7002,CUST17002,Delhi NCR,North,Low,706.0,Mass
7003,CUST17003,Bangalore,South,Medium,720.0,Affluent
7004,CUST17004,Delhi NCR,North,Low,634.0,Premium
7005,CUST17005,Mumbai,West,Medium,707.0,Affluent
7006,CUST17006,Kolkata,East,Low,629.0,Affluent
7007,CUST17007,Delhi NCR,North,Medium,738.0,Mass
7008,CUST17008,Kolkata,East,Medium,717.0,Mass
7009,CUST17009,Hyderabad,South,Low,673.0,Premium
7010,CUST17010,Hyderabad,South,High,752.0,Mass
7011,CUST17011,Kolkata,East,Low,674.0,Premium
7012,CUST17012,Delhi NCR,North,Medium,779.0,Mass
7013,CUST17013,Hyderabad,South,Medium,760.0,Mass
7014,CUST17014,Bangalore,South,Low,554.0,Affluent
7015,CUST17015,Kolkata,East,Medium,765.0,Mass
7016,CUST17016,Mumbai,West,Low,636.0,Affluent
7017,CUST17017,Bangalore,South,Low,644.0,Mass
7018,CUST17018,Pune,West,Medium,715.0,Premium
7019,CUST17019,Delhi NCR,North,Low,609.0,Mass
7020,CUST17020,Kolkata,East,Low,666.0,Affluent
7021,CUST17021,Kolkata,East,Medium,780.0,Mass
7022,CUST17022,Kolkata,East,Medium,680.0,Mass
7023,CUST17023,Kolkata,East,Medium,662.0,Mass
7024,CUST17024,Kolkata,East,Low,644.0,Affluent
7025,CUST17025,Pune,West,High,778.0,Premium
7026,CUST17026,Pune,West,Medium,742.0,Mass
7027,CUST17027,Hyderabad,South,Medium,758.0,Affluent
7028,CUST17028,Mumbai,West,High,784.0,Affluent
7029,CUST17029,Delhi NCR,North,Medium,711.0,Mass
7030,CUST17030,Kolkata,East,High,805.0,Affluent
7031,CUST17031,Bangalore,South,Medium,726.0,Affluent
7032,CUST17032,Pune,West,Low,681.0,Affluent
7033,CUST17033,Pune,West,High,813.0,Premium
7034,CUST17034,Delhi NCR,North,High,784.0,Mass
7035,CUST17035,Hyderabad,South,Medium,749.0,Affluent
7036,CUST17036,Hyderabad,South,Medium,763.0,Mass
7037,CUST17037,Pune,West,Medium,665.0,Premium
7038,CUST17038,Bangalore,South,Medium,729.0,Affluent
7039,CUST17039,Bangalore,South,Low,593.0,Mass
7040,CUST17040,Bangalore,South,Medium,677.0,Premium
7041,CUST17041,Bangalore,South,Medium,716.0,Mass
7042,CUST17042,Bangalore,South,Medium,779.0,Mass
7043,CUST17043,Kolkata,East,Low,560.0,Affluent
7044,CUST17044,Bangalore,South,Medium,752.0,Mass
7045,CUST17045,Kolkata,East,Medium,666.0,Affluent
7046,CUST17046,Kolkata,East,High,818.0,Affluent
7047,CUST17047,Bangalore,South,Medium,676.0,Mass
7048,CUST17048,Pune,West,Medium,765.0,Mass
7049,CUST17049,Bangalore,South,High,750.0,Affluent
7050,CUST17050,Mumbai,West,Low,583.0,Mass
7051,CUST17051,Hyderabad,South,High,828.0,Affluent
7052,CUST17052,Delhi NCR,North,High,807.0,Mass
7053,CUST17053,Pune,West,Medium,756.0,Premium
7054,CUST17054,Bangalore,South,High,818.0,Mass
7055,CUST17055,Hyderabad,South,Low,659.0,Premium
7056,CUST17056,Mumbai,West,Low,574.0,Mass
7057,CUST17057,Mumbai,West,Medium,720.0,Affluent
7058,CUST17058,Bangalore,South,Medium,720.0,Mass
7059,CUST17059,Hyderabad,South,Medium,726.0,Premium
7060,CUST17060,Bangalore,South,Medium,739.0,Mass
7061,CUST17061,Mumbai,West,Medium,702.0,Mass
7062,CUST17062,Pune,West,Low,586.0,Affluent
7063,CUST17063,Kolkata,East,Medium,686.0,Mass
7064,CUST17064,Delhi NCR,North,Medium,757.0,Mass
7065,CUST17065,Mumbai,West,High,850.0,Mass
7066,CUST17066,Mumbai,West,Low,612.0,Affluent
7067,CUST17067,Delhi NCR,North,High,766.0,Affluent
7068,CUST17068,Delhi NCR,North,Low,675.0,Affluent
7069,CUST17069,Bangalore,South,High,745.0,Affluent
7070,CUST17070,Mumbai,West,Medium,749.0,Mass
7071,CUST17071,Pune,West,Medium,764.0,Affluent
7072,CUST17072,Mumbai,West,Medium,718.0,Mass
7073,CUST17073,Pune,West,High,839.0,Mass
7074,CUST17074,Mumbai,West,Low,630.0,Mass
7075,CUST17075,Kolkata,East,High,822.0,Mass
7076,CUST17076,Delhi NCR,North,Medium,780.0,Premium
7077,CUST17077,Hyderabad,South,High,736.0,Mass
7078,CUST17078,Kolkata,East,Low,621.0,Mass
7079,CUST17079,Pune,West,Medium,683.0,Mass
7080,CUST17080,Hyderabad,South,Medium,707.0,Affluent
7081,CUST17081,Bangalore,South,Medium,768.0,Affluent
7082,CUST17082,Bangalore,South,Medium,728.0,Mass
7083,CUST17083,Mumbai,West,High,850.0,Premium
7084,CUST17084,Bangalore,South,Medium,690.0,Mass
7085,CUST17085,Mumbai,West,Low,710.0,Affluent
7086,CUST17086,Bangalore,South,High,846.0,Mass
7087,CUST17087,Hyderabad,South,High,830.0,Affluent
7088,CUST17088,Hyderabad,South,Low,654.0,Affluent
7089,CUST17089,Hyderabad,South,Medium,737.0,Mass
7090,CUST17090,Pune,West,Low,583.0,Mass
7091,CUST17091,Pune,West,Low,601.0,Mass
7092,CUST17092,Pune,West,High,768.0,Mass
7093,CUST17093,Delhi NCR,North,High,733.0,Affluent
7094,CUST17094,Kolkata,East,Low,629.0,Affluent
7095,CUST17095,Bangalore,South,Medium,687.0,Premium
7096,CUST17096,Mumbai,West,Medium,769.0,Mass
7097,CUST17097,Delhi NCR,North,Low,696.0,Mass
7098,CUST17098,Delhi NCR,North,Low,679.0,Mass
7099,CUST17099,Hyderabad,South,High,790.0,Mass
7100,CUST17100,Pune,West,Medium,760.0,Affluent
7101,CUST17101,Mumbai,West,High,800.0,Mass
7102,CUST17102,Delhi NCR,North,Medium,657.0,Mass
7103,CUST17103,Mumbai,West,Low,590.0,Mass
7104,CUST17104,Bangalore,South,Medium,688.0,Affluent
7105,CUST17105,Mumbai,West,Medium,688.0,Affluent
7106,CUST17106,Bangalore,South,Medium,706.0,Mass
7107,CUST17107,Hyderabad,South,Medium,689.0,Mass
7108,CUST17108,Pune,West,High,827.0,Mass
7109,CUST17109,Bangalore,South,Low,714.0,Premium
7110,CUST17110,Pune,West,Medium,698.0,Mass
7111,CUST17111,Hyderabad,South,High,737.0,Mass
7112,CUST17112,Mumbai,West,Medium,745.0,Premium
7113,CUST17113,Pune,West,High,810.0,Mass
7114,CUST17114,Delhi NCR,North,High,753.0,Affluent
7115,CUST17115,Bangalore,South,Medium,715.0,Mass
7116,CUST17116,Pune,West,Low,576.0,Mass
7117,CUST17117,Hyderabad,South,Medium,739.0,Mass
7118,CUST17118,Pune,West,Medium,666.0,Affluent
7119,CUST17119,Pune,West,Medium,670.0,Affluent
7120,CUST17120,Kolkata,East,Medium,779.0,Affluent
7121,CUST17121,Mumbai,West,Low,580.0,Mass
7122,CUST17122,Kolkata,East,Medium,710.0,Mass
7123,CUST17123,Kolkata,East,Low,564.0,Mass
7124,CUST17124,Kolkata,East,Medium,743.0,Mass
7125,CUST17125,Hyderabad,South,Low,595.0,Affluent
7126,CUST17126,Mumbai,West,Low,554.0,Mass
7127,CUST17127,Bangalore,South,High,737.0,Affluent
7128,CUST17128,Kolkata,East,Medium,734.0,Mass
7129,CUST17129,Hyderabad,South,Medium,659.0,Affluent
7130,CUST17130,Mumbai,West,Low,551.0,Mass
7131,CUST17131,Kolkata,East,High,736.0,Premium
7132,CUST17132,Bangalore,South,Medium,671.0,Mass
7133,CUST17133,Mumbai,West,Low,712.0,Affluent
7134,CUST17134,Bangalore,South,Low,679.0,Mass
7135,CUST17135,Delhi NCR,North,Medium,685.0,Affluent
7136,CUST17136,Delhi NCR,North,Low,620.0,Affluent
7137,CUST17137,Hyderabad,South,Low,587.0,Mass
7138,CUST17138,Hyderabad,South,Medium,754.0,Affluent
7139,CUST17139,Pune,West,Medium,682.0,Premium
7140,CUST17140,Hyderabad,South,Low,609.0,Mass
7141,CUST17141,Hyderabad,South,Low,609.0,Premium
7142,CUST17142,Bangalore,South,Low,680.0,Mass
7143,CUST17143,Hyderabad,South,Medium,778.0,Mass
7144,CUST17144,Hyderabad,South,High,748.0,Premium
7145,CUST17145,Mumbai,West,Medium,750.0,Mass
7146,CUST17146,Pune,West,Medium,743.0,Mass
7147,CUST17147,Kolkata,East,Low,679.0,Affluent
7148,CUST17148,Delhi NCR,North,Medium,722.0,Mass
7149,CUST17149,Hyderabad,South,Medium,686.0,Mass
7150,CUST17150,Bangalore,South,Low,581.0,Affluent
7151,CUST17151,Kolkata,East,Medium,705.0,Mass
7152,CUST17152,Delhi NCR,North,Medium,688.0,Affluent
7153,CUST17153,Delhi NCR,North,Medium,690.0,Mass
7154,CUST17154,Pune,West,Medium,767.0,Affluent
7155,CUST17155,Bangalore,South,Low,685.0,Affluent
7156,CUST17156,Hyderabad,South,Low,623.0,Premium
7157,CUST17157,Bangalore,South,Low,626.0,Premium
7158,CUST17158,Hyderabad,South,Low,625.0,Mass
7159,CUST17159,Mumbai,West,High,730.0,Mass
7160,CUST17160,Hyderabad,South,Low,714.0,Affluent
7161,CUST17161,Bangalore,South,Medium,721.0,Premium
7162,CUST17162,Pune,West,Low,575.0,Affluent
7163,CUST17163,Hyderabad,South,High,827.0,Mass
7164,CUST17164,Hyderabad,South,Medium,747.0,Affluent
7165,CUST17165,Mumbai,West,Low,630.0,Affluent
7166,CUST17166,Bangalore,South,Low,585.0,Affluent
7167,CUST17167,Hyderabad,South,High,774.0,Mass
7168,CUST17168,Hyderabad,South,Low,697.0,Premium
7169,CUST17169,Bangalore,South,Low,629.0,Mass
7170,CUST17170,Bangalore,South,Medium,680.0,Mass
7171,CUST17171,Delhi NCR,North,High,800.0,Mass
7172,CUST17172,Mumbai,West,Low,611.0,Affluent
7173,CUST17173,Hyderabad,South,Medium,661.0,Premium
7174,CUST17174,Mumbai,West,Medium,738.0,Affluent
7175,CUST17175,Pune,West,High,799.0,Mass
7176,CUST17176,Pune,West,High,844.0,Mass
7177,CUST17177,Mumbai,West,Medium,710.0,Mass
7178,CUST17178,Kolkata,East,High,840.0,Affluent
7179,CUST17179,Mumbai,West,High,728.0,Affluent
7180,CUST17180,Mumbai,West,Low,618.0,Affluent
7181,CUST17181,Kolkata,East,Medium,683.0,Affluent
7182,CUST17182,Hyderabad,South,High,817.0,Premium
7183,CUST17183,Kolkata,East,Low,551.0,Mass
7184,CUST17184,Bangalore,South,Medium,712.0,Mass
7185,CUST17185,Mumbai,West,Medium,726.0,Mass
7186,CUST17186,Hyderabad,South,Medium,733.0,Premium
7187,CUST17187,Mumbai,West,Medium,733.0,Premium
7188,CUST17188,Mumbai,West,Low,553.0,Mass
7189,CUST17189,Hyderabad,South,Medium,734.0,Mass
7190,CUST17190,Hyderabad,South,Medium,768.0,Premium
7191,CUST17191,Mumbai,West,High,812.0,Mass
7192,CUST17192,Mumbai,West,Low,575.0,Affluent
7193,CUST17193,Hyderabad,South,High,813.0,Premium
7194,CUST17194,Delhi NCR,North,Medium,674.0,Mass
7195,CUST17195,Hyderabad,South,Medium,651.0,Affluent
7196,CUST17196,Kolkata,East,Medium,771.0,Mass
7197,CUST17197,Kolkata,East,Medium,669.0,Affluent
7198,CUST17198,Pune,West,Medium,724.0,Mass
7199,CUST17199,Bangalore,South,High,827.0,Affluent
7200,CUST17200,Bangalore,South,Low,714.0,Mass
7201,CUST17201,Kolkata,East,Medium,710.0,Mass
7202,CUST17202,Hyderabad,South,High,720.0,Affluent
7203,CUST17203,Mumbai,West,Medium,676.0,Mass
7204,CUST17204,Kolkata,East,Medium,685.0,Mass
7205,CUST17205,Kolkata,East,Medium,775.0,Affluent
7206,CUST17206,Pune,West,Low,700.0,Premium
7207,CUST17207,Pune,West,High,767.0,Mass
7208,CUST17208,Pune,West,Medium,762.0,Mass
7209,CUST17209,Bangalore,South,Medium,771.0,Mass
7210,CUST17210,Kolkata,East,Medium,747.0,Affluent
7211,CUST17211,Bangalore,South,High,770.0,Mass
7212,CUST17212,Mumbai,West,Low,602.0,Affluent
7213,CUST17213,Delhi NCR,North,Low,652.0,Mass
7214,CUST17214,Delhi NCR,North,Low,674.0,Affluent
7215,CUST17215,Delhi NCR,North,Medium,756.0,Mass
7216,CUST17216,Mumbai,West,Medium,671.0,Mass
7217,CUST17217,Pune,West,High,848.0,Mass
7218,CUST17218,Pune,West,Medium,753.0,Premium
7219,CUST17219,Delhi NCR,North,Medium,651.0,Mass
7220,CUST17220,Delhi NCR,North,Medium,689.0,Affluent
7221,CUST17221,Kolkata,East,Low,577.0,Mass
7222,CUST17222,Pune,West,High,830.0,Mass
7223,CUST17223,Bangalore,South,Medium,763.0,Mass
7224,CUST17224,Hyderabad,South,Low,715.0,Premium
7225,CUST17225,Delhi NCR,North,Low,658.0,Mass
7226,CUST17226,Delhi NCR,North,High,752.0,Mass
7227,CUST17227,Delhi NCR,North,Low,588.0,Affluent
7228,CUST17228,Bangalore,South,Low,567.0,Mass
7229,CUST17229,Pune,West,Low,597.0,Affluent
7230,CUST17230,Delhi NCR,North,High,735.0,Mass
7231,CUST17231,Mumbai,West,Medium,684.0,Mass
7232,CUST17232,Bangalore,South,Medium,756.0,Affluent
7233,CUST17233,Bangalore,South,High,744.0,Premium
7234,CUST17234,Mumbai,West,Low,713.0,Mass
7235,CUST17235,Bangalore,South,Low,562.0,Premium
7236,CUST17236,Pune,West,Low,700.0,Mass
7237,CUST17237,Kolkata,East,Low,668.0,Affluent
7238,CUST17238,Mumbai,West,Low,645.0,Mass
7239,CUST17239,Pune,West,Low,566.0,Premium
7240,CUST17240,Bangalore,South,Low,577.0,Affluent
7241,CUST17241,Delhi NCR,North,High,807.0,Affluent
7242,CUST17242,Mumbai,West,High,762.0,Mass
7243,CUST17243,Kolkata,East,Medium,734.0,Affluent
7244,CUST17244,Mumbai,West,High,839.0,Mass
7245,CUST17245,Mumbai,West,Low,674.0,Mass
7246,CUST17246,Delhi NCR,North,Medium,674.0,Mass
7247,CUST17247,Bangalore,South,Medium,677.0,Mass
7248,CUST17248,Kolkata,East,Low,578.0,Mass
7249,CUST17249,Bangalore,South,Low,687.0,Mass
7250,CUST17250,Kolkata,East,Medium,776.0,Mass
7251,CUST17251,Bangalore,South,Medium,739.0,Mass
7252,CUST17252,Kolkata,East,Low,688.0,Premium
7253,CUST17253,Pune,West,Low,566.0,Premium
7254,CUST17254,Delhi NCR,North,Medium,756.0,Affluent
7255,CUST17255,Pune,West,Low,671.0,Premium
7256,CUST17256,Kolkata,East,High,810.0,Affluent
7257,CUST17257,Delhi NCR,North,Medium,728.0,Affluent
7258,CUST17258,Hyderabad,South,Low,697.0,Affluent
7259,CUST17259,Mumbai,West,High,811.0,Mass
7260,CUST17260,Pune,West,Medium,746.0,Premium
7261,CUST17261,Bangalore,South,High,814.0,Premium
7262,CUST17262,Kolkata,East,High,738.0,Mass
7263,CUST17263,Mumbai,West,Medium,771.0,Mass
7264,CUST17264,Mumbai,West,Medium,765.0,Mass
7265,CUST17265,Bangalore,South,Medium,760.0,Premium
7266,CUST17266,Delhi NCR,North,High,734.0,Mass
7267,CUST17267,Pune,West,Low,622.0,Premium
7268,CUST17268,Delhi NCR,North,Medium,655.0,Mass
7269,CUST17269,Hyderabad,South,Low,639.0,Affluent
7270,CUST17270,Delhi NCR,North,Medium,778.0,Mass
7271,CUST17271,Mumbai,West,Low,669.0,Affluent
7272,CUST17272,Kolkata,East,Low,716.0,Affluent
7273,CUST17273,Kolkata,East,Low,659.0,Mass
7274,CUST17274,Kolkata,East,Low,631.0,Affluent
7275,CUST17275,Delhi NCR,North,Low,630.0,Mass
7276,CUST17276,Mumbai,West,Medium,675.0,Mass
7277,CUST17277,Bangalore,South,Low,701.0,Mass
7278,CUST17278,Bangalore,South,Low,593.0,Affluent
7279,CUST17279,Hyderabad,South,Low,605.0,Mass
7280,CUST17280,Kolkata,East,High,747.0,Mass
7281,CUST17281,Pune,West,High,779.0,Mass
7282,CUST17282,Delhi NCR,North,Low,707.0,Affluent
7283,CUST17283,Pune,West,Low,636.0,Mass
7284,CUST17284,Delhi NCR,North,Medium,690.0,Affluent
7285,CUST17285,Hyderabad,South,Medium,766.0,Premium
7286,CUST17286,Mumbai,West,Low,704.0,Mass
7287,CUST17287,Pune,West,Medium,750.0,Premium
7288,CUST17288,Mumbai,West,Low,579.0,Mass
7289,CUST17289,Delhi NCR,North,High,846.0,Premium
7290,CUST17290,Kolkata,East,Medium,770.0,Affluent
7291,CUST17291,Pune,West,Medium,692.0,Mass
7292,CUST17292,Kolkata,East,High,734.0,Mass
7293,CUST17293,Hyderabad,South,High,801.0,Mass
7294,CUST17294,Kolkata,East,Low,563.0,Affluent
7295,CUST17295,Kolkata,East,Medium,697.0,Affluent
7296,CUST17296,Pune,West,Low,619.0,Mass
7297,CUST17297,Hyderabad,South,Medium,650.0,Affluent
7298,CUST17298,Bangalore,South,High,826.0,Affluent
7299,CUST17299,Kolkata,East,Medium,696.0,Premium
7300,CUST17300,Bangalore,South,Medium,779.0,Affluent
7301,CUST17301,Kolkata,East,Medium,700.0,Mass
7302,CUST17302,Hyderabad,South,Medium,763.0,Mass
7303,CUST17303,Pune,West,Low,698.0,Affluent
7304,CUST17304,Mumbai,West,Low,580.0,Mass
7305,CUST17305,Hyderabad,South,High,746.0,Affluent
7306,CUST17306,Hyderabad,South,Medium,777.0,Mass
7307,CUST17307,Kolkata,East,Medium,658.0,Affluent
7308,CUST17308,Kolkata,East,High,777.0,Mass
7309,CUST17309,Delhi NCR,North,Medium,691.0,Mass
7310,CUST17310,Bangalore,South,Low,659.0,Affluent
7311,CUST17311,Bangalore,South,Medium,745.0,Mass
7312,CUST17312,Pune,West,Medium,702.0,Mass
7313,CUST17313,Mumbai,West,Low,625.0,Mass
7314,CUST17314,Pune,West,Low,638.0,Mass
7315,CUST17315,Hyderabad,South,Low,671.0,Mass
7316,CUST17316,Mumbai,West,Low,557.0,Affluent
7317,CUST17317,Mumbai,West,Medium,706.0,Mass
7318,CUST17318,Kolkata,East,Low,564.0,Mass
7319,CUST17319,Mumbai,West,Low,577.0,Mass
7320,CUST17320,Bangalore,South,High,764.0,Mass
7321,CUST17321,Mumbai,West,Medium,758.0,Premium
7322,CUST17322,Pune,West,Medium,776.0,Mass
7323,CUST17323,Bangalore,South,Medium,779.0,Mass
7324,CUST17324,Hyderabad,South,High,834.0,Affluent
7325,CUST17325,Delhi NCR,North,Low,661.0,Affluent
7326,CUST17326,Kolkata,East,Medium,764.0,Mass
7327,CUST17327,Pune,West,Medium,687.0,Mass
7328,CUST17328,Pune,West,Low,577.0,Affluent
7329,CUST17329,Mumbai,West,Low,712.0,Premium
7330,CUST17330,Kolkata,East,Low,600.0,Mass
7331,CUST17331,Mumbai,West,High,837.0,Mass
7332,CUST17332,Mumbai,West,High,770.0,Mass
7333,CUST17333,Pune,West,Medium,678.0,Mass
7334,CUST17334,Hyderabad,South,High,849.0,Mass
7335,CUST17335,Mumbai,West,Medium,711.0,Mass
7336,CUST17336,Hyderabad,South,High,827.0,Premium
7337,CUST17337,Mumbai,West,Medium,683.0,Mass
7338,CUST17338,Bangalore,South,Low,665.0,Mass
7339,CUST17339,Bangalore,South,Medium,679.0,Mass
7340,CUST17340,Pune,West,Medium,757.0,Mass
7341,CUST17341,Bangalore,South,High,770.0,Affluent
7342,CUST17342,Bangalore,South,High,773.0,Mass
7343,CUST17343,Bangalore,South,Low,683.0,Affluent
7344,CUST17344,Bangalore,South,Medium,671.0,Affluent
7345,CUST17345,Mumbai,West,Medium,775.0,Mass
7346,CUST17346,Bangalore,South,High,783.0,Mass
7347,CUST17347,Bangalore,South,Medium,699.0,Mass
7348,CUST17348,Pune,West,Medium,701.0,Mass
7349,CUST17349,Delhi NCR,North,Low,602.0,Mass
7350,CUST17350,Kolkata,East,Medium,724.0,Mass
7351,CUST17351,Delhi NCR,North,Medium,683.0,Mass
7352,CUST17352,Hyderabad,South,High,837.0,Mass
7353,CUST17353,Pune,West,Low,663.0,Mass
7354,CUST17354,Hyderabad,South,Low,606.0,Affluent
7355,CUST17355,Bangalore,South,High,817.0,Mass
7356,CUST17356,Mumbai,West,Low,709.0,Mass
7357,CUST17357,Kolkata,East,High,813.0,Mass
7358,CUST17358,Delhi NCR,North,Low,630.0,Mass
7359,CUST17359,Hyderabad,South,Low,649.0,Premium
7360,CUST17360,Bangalore,South,Low,579.0,Affluent
7361,CUST17361,Pune,West,Low,654.0,Mass
7362,CUST17362,Hyderabad,South,High,811.0,Affluent
7363,CUST17363,Hyderabad,South,Low,622.0,Mass
7364,CUST17364,Delhi NCR,North,Medium,671.0,Affluent
7365,CUST17365,Pune,West,Low,618.0,Affluent
7366,CUST17366,Kolkata,East,High,796.0,Mass
7367,CUST17367,Bangalore,South,Medium,690.0,Premium
7368,CUST17368,Mumbai,West,Medium,764.0,Mass
7369,CUST17369,Hyderabad,South,Medium,732.0,Mass
7370,CUST17370,Bangalore,South,Medium,684.0,Affluent
7371,CUST17371,Mumbai,West,Medium,666.0,Premium
7372,CUST17372,Pune,West,High,816.0,Mass
7373,CUST17373,Kolkata,East,High,732.0,Affluent
7374,CUST17374,Delhi NCR,North,Medium,765.0,Mass
7375,CUST17375,Hyderabad,South,Medium,654.0,Mass
7376,CUST17376,Hyderabad,South,High,739.0,Mass
7377,CUST17377,Delhi NCR,North,High,778.0,Mass
7378,CUST17378,Delhi NCR,North,Medium,723.0,Mass
7379,CUST17379,Kolkata,East,Low,693.0,Mass
7380,CUST17380,Delhi NCR,North,Medium,725.0,Mass
7381,CUST17381,Hyderabad,South,Low,634.0,Premium
7382,CUST17382,Hyderabad,South,Low,634.0,Premium
7383,CUST17383,Bangalore,South,Low,661.0,Affluent
7384,CUST17384,Kolkata,East,Low,666.0,Mass
7385,CUST17385,Pune,West,Medium,694.0,Mass
7386,CUST17386,Kolkata,East,Low,674.0,Mass
7387,CUST17387,Mumbai,West,Low,623.0,Mass
7388,CUST17388,Bangalore,South,Low,693.0,Affluent
7389,CUST17389,Delhi NCR,North,Medium,694.0,Mass
7390,CUST17390,Bangalore,South,Medium,729.0,Premium
7391,CUST17391,Delhi NCR,North,Medium,745.0,Affluent
7392,CUST17392,Bangalore,South,High,789.0,Affluent
7393,CUST17393,Hyderabad,South,High,729.0,Mass
7394,CUST17394,Hyderabad,South,Low,648.0,Premium
7395,CUST17395,Kolkata,East,Low,693.0,Mass
7396,CUST17396,Delhi NCR,North,Low,712.0,Mass
7397,CUST17397,Kolkata,East,Medium,773.0,Mass
7398,CUST17398,Bangalore,South,Low,695.0,Premium
7399,CUST17399,Kolkata,East,Medium,772.0,Mass
7400,CUST17400,Pune,West,High,733.0,Affluent
7401,CUST17401,Bangalore,South,Medium,679.0,Mass
7402,CUST17402,Kolkata,East,Medium,729.0,Affluent
7403,CUST17403,Kolkata,East,Low,625.0,Mass
7404,CUST17404,Pune,West,High,737.0,Affluent
7405,CUST17405,Kolkata,East,Medium,719.0,Affluent
7406,CUST17406,Hyderabad,South,Medium,758.0,Affluent
7407,CUST17407,Mumbai,West,Medium,717.0,Affluent
7408,CUST17408,Hyderabad,South,Low,651.0,Mass
7409,CUST17409,Delhi NCR,North,Medium,762.0,Mass
7410,CUST17410,Delhi NCR,North,Low,693.0,Mass
7411,CUST17411,Delhi NCR,North,Low,613.0,Mass
7412,CUST17412,Bangalore,South,Low,623.0,Mass
7413,CUST17413,Kolkata,East,Medium,655.0,Mass
7414,CUST17414,Mumbai,West,Medium,729.0,Premium
7415,CUST17415,Mumbai,West,Medium,766.0,Mass
7416,CUST17416,Bangalore,South,Low,720.0,Mass
7417,CUST17417,Delhi NCR,North,Low,623.0,Mass
7418,CUST17418,Mumbai,West,Low,674.0,Mass
7419,CUST17419,Mumbai,West,Low,642.0,Affluent
7420,CUST17420,Delhi NCR,North,Low,676.0,Affluent
7421,CUST17421,Kolkata,East,High,781.0,Affluent
7422,CUST17422,Kolkata,East,Low,589.0,Mass
7423,CUST17423,Delhi NCR,North,Medium,670.0,Mass
7424,CUST17424,Pune,West,Medium,661.0,Mass
7425,CUST17425,Mumbai,West,Medium,686.0,Mass
7426,CUST17426,Hyderabad,South,Low,711.0,Premium
7427,CUST17427,Bangalore,South,Low,719.0,Premium
7428,CUST17428,Hyderabad,South,Low,711.0,Premium
7429,CUST17429,Delhi NCR,North,Low,585.0,Mass
7430,CUST17430,Kolkata,East,Low,623.0,Premium
7431,CUST17431,Hyderabad,South,Low,658.0,Mass
7432,CUST17432,Bangalore,South,High,783.0,Mass
7433,CUST17433,Pune,West,Low,610.0,Mass
7434,CUST17434,Delhi NCR,North,Medium,705.0,Mass
7435,CUST17435,Delhi NCR,North,Low,634.0,Affluent
7436,CUST17436,Hyderabad,South,Low,640.0,Affluent
7437,CUST17437,Kolkata,East,Low,568.0,Affluent
7438,CUST17438,Hyderabad,South,Low,679.0,Affluent
7439,CUST17439,Pune,West,Low,571.0,Affluent
7440,CUST17440,Pune,West,Medium,686.0,Affluent
7441,CUST17441,Bangalore,South,Medium,686.0,Affluent
7442,CUST17442,Bangalore,South,Low,703.0,Affluent
7443,CUST17443,Hyderabad,South,High,846.0,Mass
7444,CUST17444,Bangalore,South,Low,680.0,Mass
7445,CUST17445,Delhi NCR,North,Low,606.0,Affluent
7446,CUST17446,Kolkata,East,Medium,659.0,Mass
7447,CUST17447,Mumbai,West,High,779.0,Affluent
7448,CUST17448,Hyderabad,South,Medium,671.0,Mass
7449,CUST17449,Bangalore,South,High,799.0,Mass
7450,CUST17450,Bangalore,South,Low,703.0,Mass
7451,CUST17451,Pune,West,Medium,687.0,Mass
7452,CUST17452,Hyderabad,South,Medium,709.0,Mass
7453,CUST17453,Delhi NCR,North,High,774.0,Mass
7454,CUST17454,Delhi NCR,North,Medium,764.0,Mass
7455,CUST17455,Pune,West,Medium,706.0,Affluent
7456,CUST17456,Hyderabad,South,Medium,700.0,Mass
7457,CUST17457,Mumbai,West,Low,649.0,Premium
7458,CUST17458,Bangalore,South,Low,657.0,Mass
7459,CUST17459,Bangalore,South,Low,707.0,Mass
7460,CUST17460,Hyderabad,South,Medium,763.0,Mass
7461,CUST17461,Mumbai,West,Low,672.0,Mass
7462,CUST17462,Mumbai,West,Low,716.0,Affluent
7463,CUST17463,Kolkata,East,Low,607.0,Mass
7464,CUST17464,Delhi NCR,North,Low,711.0,Mass
7465,CUST17465,Pune,West,Medium,681.0,Mass
7466,CUST17466,Delhi NCR,North,Low,578.0,Mass
7467,CUST17467,Mumbai,West,Medium,716.0,Mass
7468,CUST17468,Mumbai,West,Low,599.0,Mass
7469,CUST17469,Pune,West,Low,712.0,Premium
7470,CUST17470,Pune,West,Low,666.0,Mass
7471,CUST17471,Delhi NCR,North,High,764.0,Mass
7472,CUST17472,Delhi NCR,North,Medium,660.0,Affluent
7473,CUST17473,Hyderabad,South,Medium,755.0,Affluent
7474,CUST17474,Hyderabad,South,Low,554.0,Affluent
7475,CUST17475,Kolkata,East,Medium,722.0,Mass
7476,CUST17476,Kolkata,East,High,778.0,Mass
7477,CUST17477,Kolkata,East,Medium,765.0,Mass
7478,CUST17478,Bangalore,South,High,745.0,Mass
7479,CUST17479,Kolkata,East,Low,634.0,Mass
7480,CUST17480,Kolkata,East,Medium,654.0,Mass
7481,CUST17481,Delhi NCR,North,Medium,703.0,Mass
7482,CUST17482,Kolkata,East,High,782.0,Mass
7483,CUST17483,Delhi NCR,North,High,752.0,Mass
7484,CUST17484,Kolkata,East,Medium,778.0,Affluent
7485,CUST17485,Pune,West,Low,719.0,Affluent
7486,CUST17486,Delhi NCR,North,Low,612.0,Premium
7487,CUST17487,Pune,West,High,821.0,Mass
7488,CUST17488,Bangalore,South,Medium,710.0,Mass
7489,CUST17489,Kolkata,East,Medium,668.0,Mass
7490,CUST17490,Mumbai,West,Medium,729.0,Mass
7491,CUST17491,Pune,West,Medium,736.0,Premium
7492,CUST17492,Mumbai,West,High,784.0,Mass
7493,CUST17493,Hyderabad,South,Medium,687.0,Affluent
7494,CUST17494,Delhi NCR,North,Medium,770.0,Affluent
7495,CUST17495,Kolkata,East,Low,563.0,Mass
7496,CUST17496,Kolkata,East,Low,550.0,Mass
7497,CUST17497,Delhi NCR,North,Low,553.0,Mass
7498,CUST17498,Kolkata,East,Medium,728.0,Affluent
7499,CUST17499,Pune,West,Low,601.0,Mass
7500,CUST17500,Pune,West,High,782.0,Affluent
7501,CUST17501,Mumbai,West,High,813.0,Affluent
7502,CUST17502,Delhi NCR,North,Medium,706.0,Mass
7503,CUST17503,Mumbai,West,Medium,652.0,Affluent
7504,CUST17504,Bangalore,South,High,761.0,Affluent
7505,CUST17505,Kolkata,East,High,780.0,Affluent
7506,CUST17506,Pune,West,Medium,671.0,Mass
7507,CUST17507,Mumbai,West,Medium,775.0,Affluent
7508,CUST17508,Delhi NCR,North,Medium,702.0,Affluent
7509,CUST17509,Pune,West,Medium,674.0,Mass
7510,CUST17510,Mumbai,West,Low,575.0,Mass
7511,CUST17511,Mumbai,West,High,845.0,Premium
7512,CUST17512,Kolkata,East,Low,556.0,Mass
7513,CUST17513,Bangalore,South,High,728.0,Affluent
7514,CUST17514,Kolkata,East,Medium,767.0,Affluent
7515,CUST17515,Pune,West,Medium,711.0,Premium
7516,CUST17516,Mumbai,West,High,799.0,Mass
7517,CUST17517,Bangalore,South,Low,711.0,Mass
7518,CUST17518,Bangalore,South,Low,648.0,Premium
7519,CUST17519,Bangalore,South,Medium,771.0,Mass
7520,CUST17520,Mumbai,West,Low,595.0,Affluent
7521,CUST17521,Pune,West,Medium,746.0,Mass
7522,CUST17522,Delhi NCR,North,Low,667.0,Affluent
7523,CUST17523,Bangalore,South,Low,629.0,Affluent
7524,CUST17524,Bangalore,South,Medium,723.0,Mass
7525,CUST17525,Pune,West,Medium,756.0,Affluent
7526,CUST17526,Mumbai,West,Medium,670.0,Mass
7527,CUST17527,Hyderabad,South,Medium,748.0,Mass
7528,CUST17528,Delhi NCR,North,Medium,701.0,Premium
7529,CUST17529,Hyderabad,South,Low,718.0,Affluent
7530,CUST17530,Bangalore,South,Medium,711.0,Mass
7531,CUST17531,Hyderabad,South,Low,558.0,Mass
7532,CUST17532,Mumbai,West,High,746.0,Affluent
7533,CUST17533,Mumbai,West,Low,663.0,Mass
7534,CUST17534,Kolkata,East,Medium,703.0,Mass
7535,CUST17535,Delhi NCR,North,Medium,736.0,Affluent
7536,CUST17536,Kolkata,East,Medium,686.0,Mass
7537,CUST17537,Pune,West,Low,583.0,Affluent
7538,CUST17538,Delhi NCR,North,Medium,681.0,Mass
7539,CUST17539,Bangalore,South,Medium,686.0,Premium
7540,CUST17540,Delhi NCR,North,High,819.0,Mass
7541,CUST17541,Bangalore,South,Medium,653.0,Mass
7542,CUST17542,Pune,West,Medium,688.0,Mass
7543,CUST17543,Bangalore,South,High,780.0,Mass
7544,CUST17544,Bangalore,South,Low,629.0,Mass
7545,CUST17545,Delhi NCR,North,High,771.0,Mass
7546,CUST17546,Pune,West,High,745.0,Mass
7547,CUST17547,Hyderabad,South,Medium,760.0,Mass
7548,CUST17548,Kolkata,East,Low,650.0,Premium
7549,CUST17549,Pune,West,High,794.0,Mass
7550,CUST17550,Pune,West,Medium,676.0,Mass
7551,CUST17551,Hyderabad,South,High,829.0,Mass
7552,CUST17552,Mumbai,West,Low,646.0,Mass
7553,CUST17553,Pune,West,High,836.0,Mass
7554,CUST17554,Hyderabad,South,Medium,690.0,Affluent
7555,CUST17555,Hyderabad,South,Low,713.0,Affluent
7556,CUST17556,Mumbai,West,Low,671.0,Premium
7557,CUST17557,Hyderabad,South,Medium,721.0,Mass
7558,CUST17558,Pune,West,Medium,724.0,Mass
7559,CUST17559,Bangalore,South,Medium,725.0,Mass
7560,CUST17560,Hyderabad,South,Medium,660.0,Premium
7561,CUST17561,Mumbai,West,Low,648.0,Mass
7562,CUST17562,Kolkata,East,Low,590.0,Premium
7563,CUST17563,Pune,West,Medium,710.0,Mass
7564,CUST17564,Hyderabad,South,Low,561.0,Mass
7565,CUST17565,Bangalore,South,Medium,730.0,Mass
7566,CUST17566,Delhi NCR,North,Low,565.0,Mass
7567,CUST17567,Bangalore,South,High,754.0,Affluent
7568,CUST17568,Hyderabad,South,Medium,699.0,Mass
7569,CUST17569,Mumbai,West,High,732.0,Mass
7570,CUST17570,Delhi NCR,North,Low,562.0,Mass
7571,CUST17571,Hyderabad,South,Medium,657.0,Affluent
7572,CUST17572,Pune,West,Low,642.0,Premium
7573,CUST17573,Delhi NCR,North,Low,629.0,Mass
7574,CUST17574,Mumbai,West,High,814.0,Affluent
7575,CUST17575,Bangalore,South,Low,591.0,Affluent
7576,CUST17576,Hyderabad,South,Low,648.0,Mass
7577,CUST17577,Delhi NCR,North,Low,622.0,Mass
7578,CUST17578,Bangalore,South,Medium,749.0,Mass
7579,CUST17579,Hyderabad,South,High,830.0,Mass
7580,CUST17580,Delhi NCR,North,Medium,658.0,Affluent
7581,CUST17581,Pune,West,High,827.0,Affluent
7582,CUST17582,Bangalore,South,Low,583.0,Mass
7583,CUST17583,Hyderabad,South,Low,671.0,Affluent
7584,CUST17584,Delhi NCR,North,Medium,666.0,Mass
7585,CUST17585,Bangalore,South,Low,692.0,Mass
7586,CUST17586,Hyderabad,South,Medium,776.0,Affluent
7587,CUST17587,Mumbai,West,Medium,737.0,Mass
7588,CUST17588,Bangalore,South,High,772.0,Mass
7589,CUST17589,Bangalore,South,Medium,702.0,Mass
7590,CUST17590,Kolkata,East,High,769.0,Mass
7591,CUST17591,Bangalore,South,High,769.0,Premium
7592,CUST17592,Pune,West,Low,650.0,Mass
7593,CUST17593,Delhi NCR,North,Low,655.0,Mass
7594,CUST17594,Mumbai,West,Low,711.0,Affluent
7595,CUST17595,Hyderabad,South,Low,610.0,Mass
7596,CUST17596,Hyderabad,South,Medium,711.0,Mass
7597,CUST17597,Mumbai,West,Medium,763.0,Affluent
7598,CUST17598,Hyderabad,South,Low,553.0,Affluent
7599,CUST17599,Bangalore,South,High,725.0,Affluent
7600,CUST17600,Mumbai,West,Low,610.0,Mass
7601,CUST17601,Pune,West,Low,696.0,Mass
7602,CUST17602,Delhi NCR,North,High,737.0,Mass
7603,CUST17603,Pune,West,Medium,661.0,Mass
7604,CUST17604,Delhi NCR,North,Medium,688.0,Mass
7605,CUST17605,Hyderabad,South,Medium,733.0,Mass
7606,CUST17606,Bangalore,South,High,797.0,Mass
7607,CUST17607,Mumbai,West,Medium,738.0,Mass
7608,CUST17608,Pune,West,High,729.0,Mass
7609,CUST17609,Hyderabad,South,Low,609.0,Mass
7610,CUST17610,Bangalore,South,Low,647.0,Affluent
7611,CUST17611,Mumbai,West,High,751.0,Mass
7612,CUST17612,Delhi NCR,North,High,783.0,Affluent
7613,CUST17613,Hyderabad,South,Low,594.0,Mass
7614,CUST17614,Kolkata,East,Low,598.0,Affluent
7615,CUST17615,Delhi NCR,North,Medium,721.0,Mass
7616,CUST17616,Bangalore,South,High,744.0,Affluent
7617,CUST17617,Hyderabad,South,Low,656.0,Premium
7618,CUST17618,Mumbai,West,Medium,779.0,Affluent
7619,CUST17619,Hyderabad,South,Medium,677.0,Mass
7620,CUST17620,Bangalore,South,Medium,654.0,Mass
7621,CUST17621,Pune,West,Medium,714.0,Affluent
7622,CUST17622,Kolkata,East,Low,706.0,Affluent
7623,CUST17623,Pune,West,Low,688.0,Mass
7624,CUST17624,Mumbai,West,Low,565.0,Mass
7625,CUST17625,Hyderabad,South,Low,685.0,Affluent
7626,CUST17626,Pune,West,Low,690.0,Mass
7627,CUST17627,Kolkata,East,High,799.0,Mass
7628,CUST17628,Hyderabad,South,Low,639.0,Mass
7629,CUST17629,Kolkata,East,Low,554.0,Mass
7630,CUST17630,Pune,West,Medium,678.0,Mass
7631,CUST17631,Pune,West,Medium,764.0,Mass
7632,CUST17632,Pune,West,Medium,763.0,Affluent
7633,CUST17633,Mumbai,West,Medium,754.0,Affluent
7634,CUST17634,Pune,West,Low,651.0,Mass
7635,CUST17635,Mumbai,West,Low,584.0,Mass
7636,CUST17636,Bangalore,South,Medium,666.0,Mass
7637,CUST17637,Delhi NCR,North,High,754.0,Mass
7638,CUST17638,Kolkata,East,Medium,747.0,Mass
7639,CUST17639,Mumbai,West,Medium,720.0,Affluent
7640,CUST17640,Delhi NCR,North,High,794.0,Affluent
7641,CUST17641,Hyderabad,South,Low,683.0,Mass
7642,CUST17642,Bangalore,South,High,738.0,Mass
7643,CUST17643,Kolkata,East,Low,555.0,Affluent
7644,CUST17644,Pune,West,Low,609.0,Affluent
7645,CUST17645,Bangalore,South,Medium,660.0,Premium
7646,CUST17646,Pune,West,Medium,765.0,Mass
7647,CUST17647,Delhi NCR,North,Medium,718.0,Mass
7648,CUST17648,Mumbai,West,Low,596.0,Mass
7649,CUST17649,Kolkata,East,Low,683.0,Premium
7650,CUST17650,Kolkata,East,High,737.0,Mass
7651,CUST17651,Kolkata,East,High,763.0,Premium
7652,CUST17652,Hyderabad,South,Medium,703.0,Affluent
7653,CUST17653,Mumbai,West,Medium,727.0,Premium
7654,CUST17654,Kolkata,East,Low,681.0,Mass
7655,CUST17655,Mumbai,West,Medium,736.0,Mass
7656,CUST17656,Delhi NCR,North,Low,610.0,Mass
7657,CUST17657,Kolkata,East,High,762.0,Mass
7658,CUST17658,Kolkata,East,Low,629.0,Premium
7659,CUST17659,Delhi NCR,North,High,812.0,Mass
7660,CUST17660,Bangalore,South,Medium,765.0,Affluent
7661,CUST17661,Pune,West,Medium,715.0,Affluent
7662,CUST17662,Kolkata,East,Medium,780.0,Affluent
7663,CUST17663,Pune,West,High,764.0,Mass
7664,CUST17664,Mumbai,West,Low,608.0,Mass
7665,CUST17665,Kolkata,East,Low,612.0,Affluent
7666,CUST17666,Pune,West,Low,638.0,Mass
7667,CUST17667,Pune,West,Low,702.0,Mass
7668,CUST17668,Pune,West,Medium,767.0,Mass
7669,CUST17669,Pune,West,Medium,701.0,Mass
7670,CUST17670,Mumbai,West,Low,570.0,Mass
7671,CUST17671,Bangalore,South,High,826.0,Mass
7672,CUST17672,Bangalore,South,Low,551.0,Mass
7673,CUST17673,Kolkata,East,Low,575.0,Affluent
7674,CUST17674,Kolkata,East,Medium,757.0,Mass
7675,CUST17675,Pune,West,High,770.0,Affluent
7676,CUST17676,Delhi NCR,North,Medium,719.0,Mass
7677,CUST17677,Mumbai,West,Low,680.0,Mass
7678,CUST17678,Mumbai,West,Low,558.0,Mass
7679,CUST17679,Hyderabad,South,Low,682.0,Mass
7680,CUST17680,Mumbai,West,High,813.0,Mass
7681,CUST17681,Pune,West,Medium,766.0,Affluent
7682,CUST17682,Hyderabad,South,Low,692.0,Mass
7683,CUST17683,Kolkata,East,High,809.0,Mass
7684,CUST17684,Pune,West,Low,642.0,Mass
7685,CUST17685,Bangalore,South,Low,555.0,Premium
7686,CUST17686,Mumbai,West,Medium,776.0,Mass
7687,CUST17687,Mumbai,West,Medium,767.0,Mass
7688,CUST17688,Hyderabad,South,Low,694.0,Affluent
7689,CUST17689,Bangalore,South,Low,573.0,Mass
7690,CUST17690,Pune,West,Medium,674.0,Affluent
7691,CUST17691,Mumbai,West,Medium,678.0,Mass
7692,CUST17692,Bangalore,South,Medium,679.0,Premium
7693,CUST17693,Kolkata,East,Low,611.0,Mass
7694,CUST17694,Mumbai,West,High,790.0,Affluent
7695,CUST17695,Kolkata,East,Low,618.0,Premium
7696,CUST17696,Hyderabad,South,Medium,769.0,Mass
7697,CUST17697,Hyderabad,South,Medium,755.0,Mass
7698,CUST17698,Mumbai,West,Low,559.0,Mass
7699,CUST17699,Pune,West,Low,696.0,Affluent
7700,CUST17700,Delhi NCR,North,Low,671.0,Affluent
7701,CUST17701,Delhi NCR,North,Medium,761.0,Premium
7702,CUST17702,Hyderabad,South,Low,671.0,Affluent
7703,CUST17703,Mumbai,West,Medium,734.0,Premium
7704,CUST17704,Hyderabad,South,Low,617.0,Mass
7705,CUST17705,Mumbai,West,Medium,730.0,Mass
7706,CUST17706,Mumbai,West,Medium,708.0,Premium
7707,CUST17707,Pune,West,Medium,693.0,Affluent
7708,CUST17708,Bangalore,South,High,727.0,Affluent
7709,CUST17709,Hyderabad,South,High,776.0,Mass
7710,CUST17710,Mumbai,West,Low,642.0,Mass
7711,CUST17711,Mumbai,West,Medium,677.0,Mass
7712,CUST17712,Delhi NCR,North,Medium,696.0,Mass
7713,CUST17713,Pune,West,High,830.0,Mass
7714,CUST17714,Mumbai,West,Low,550.0,Mass
7715,CUST17715,Delhi NCR,North,High,726.0,Premium
7716,CUST17716,Hyderabad,South,Medium,664.0,Affluent
7717,CUST17717,Kolkata,East,Low,614.0,Mass
7718,CUST17718,Pune,West,Low,608.0,Affluent
7719,CUST17719,Kolkata,East,Medium,746.0,Mass
7720,CUST17720,Delhi NCR,North,Medium,713.0,Mass
7721,CUST17721,Bangalore,South,Medium,679.0,Affluent
7722,CUST17722,Kolkata,East,Medium,699.0,Mass
7723,CUST17723,Pune,West,Medium,763.0,Mass
7724,CUST17724,Delhi NCR,North,Low,638.0,Mass
7725,CUST17725,Hyderabad,South,High,737.0,Affluent
7726,CUST17726,Bangalore,South,Low,553.0,Mass
7727,CUST17727,Pune,West,Medium,707.0,Mass
7728,CUST17728,Delhi NCR,North,Medium,755.0,Mass
7729,CUST17729,Mumbai,West,Low,627.0,Affluent
7730,CUST17730,Hyderabad,South,Low,640.0,Affluent
7731,CUST17731,Bangalore,South,Medium,667.0,Affluent
7732,CUST17732,Mumbai,West,High,825.0,Premium
7733,CUST17733,Hyderabad,South,High,833.0,Affluent
7734,CUST17734,Bangalore,South,High,801.0,Mass
7735,CUST17735,Hyderabad,South,High,736.0,Mass
7736,CUST17736,Delhi NCR,North,High,745.0,Mass
7737,CUST17737,Pune,West,Medium,776.0,Mass
7738,CUST17738,Kolkata,East,Low,552.0,Mass
7739,CUST17739,Mumbai,West,Medium,735.0,Affluent
7740,CUST17740,Kolkata,East,Medium,756.0,Affluent
7741,CUST17741,Kolkata,East,High,763.0,Mass
7742,CUST17742,Hyderabad,South,High,804.0,Mass
7743,CUST17743,Delhi NCR,North,High,758.0,Mass
7744,CUST17744,Bangalore,South,Low,598.0,Affluent
7745,CUST17745,Mumbai,West,High,738.0,Affluent
7746,CUST17746,Delhi NCR,North,Low,698.0,Premium
7747,CUST17747,Bangalore,South,Low,630.0,Mass
7748,CUST17748,Mumbai,West,Low,613.0,Mass
7749,CUST17749,Kolkata,East,Low,583.0,Mass
7750,CUST17750,Pune,West,Medium,727.0,Mass
7751,CUST17751,Mumbai,West,Low,616.0,Affluent
7752,CUST17752,Kolkata,East,Medium,694.0,Mass
7753,CUST17753,Kolkata,East,Low,644.0,Mass
7754,CUST17754,Mumbai,West,Low,659.0,Mass
7755,CUST17755,Pune,West,High,765.0,Mass
7756,CUST17756,Bangalore,South,Medium,756.0,Mass
7757,CUST17757,Kolkata,East,High,796.0,Mass
7758,CUST17758,Pune,West,Medium,765.0,Mass
7759,CUST17759,Hyderabad,South,Medium,770.0,Affluent
7760,CUST17760,Bangalore,South,Medium,703.0,Mass
7761,CUST17761,Mumbai,West,Medium,680.0,Mass
7762,CUST17762,Pune,West,High,764.0,Affluent
7763,CUST17763,Mumbai,West,Medium,684.0,Affluent
7764,CUST17764,Hyderabad,South,Medium,664.0,Mass
7765,CUST17765,Hyderabad,South,Medium,750.0,Affluent
7766,CUST17766,Bangalore,South,Low,613.0,Mass
7767,CUST17767,Bangalore,South,Low,649.0,Mass
7768,CUST17768,Delhi NCR,North,Medium,767.0,Mass
7769,CUST17769,Delhi NCR,North,Low,605.0,Mass
7770,CUST17770,Bangalore,South,Low,630.0,Affluent
7771,CUST17771,Kolkata,East,Low,654.0,Mass
7772,CUST17772,Bangalore,South,Low,602.0,Mass
7773,CUST17773,Delhi NCR,North,High,815.0,Mass
7774,CUST17774,Hyderabad,South,Low,597.0,Mass
7775,CUST17775,Delhi NCR,North,High,757.0,Premium
7776,CUST17776,Kolkata,East,Medium,760.0,Affluent
7777,CUST17777,Mumbai,West,High,818.0,Premium
7778,CUST17778,Pune,West,High,796.0,Mass
7779,CUST17779,Mumbai,West,Medium,661.0,Mass
7780,CUST17780,Pune,West,Low,709.0,Mass
7781,CUST17781,Kolkata,East,Medium,774.0,Affluent
7782,CUST17782,Kolkata,East,High,785.0,Mass
7783,CUST17783,Kolkata,East,Low,590.0,Premium
7784,CUST17784,Hyderabad,South,Medium,741.0,Mass
7785,CUST17785,Pune,West,High,723.0,Mass
7786,CUST17786,Hyderabad,South,Medium,758.0,Premium
7787,CUST17787,Mumbai,West,High,767.0,Affluent
7788,CUST17788,Mumbai,West,Low,651.0,Affluent
7789,CUST17789,Delhi NCR,North,Medium,699.0,Affluent
7790,CUST17790,Hyderabad,South,Low,574.0,Mass
7791,CUST17791,Pune,West,High,836.0,Affluent
7792,CUST17792,Kolkata,East,Medium,676.0,Affluent
7793,CUST17793,Mumbai,West,Low,657.0,Mass
7794,CUST17794,Hyderabad,South,Low,703.0,Affluent
7795,CUST17795,Pune,West,Medium,762.0,Affluent
7796,CUST17796,Kolkata,East,High,832.0,Mass
7797,CUST17797,Kolkata,East,Low,647.0,Mass
7798,CUST17798,Hyderabad,South,Low,660.0,Mass
7799,CUST17799,Kolkata,East,Low,643.0,Affluent
7800,CUST17800,Kolkata,East,Medium,705.0,Mass
7801,CUST17801,Delhi NCR,North,High,755.0,Premium
7802,CUST17802,Hyderabad,South,Low,585.0,Affluent
7803,CUST17803,Mumbai,West,High,833.0,Mass
7804,CUST17804,Pune,West,High,823.0,Affluent
7805,CUST17805,Delhi NCR,North,Medium,759.0,Mass
7806,CUST17806,Hyderabad,South,Low,695.0,Mass
7807,CUST17807,Kolkata,East,Low,586.0,Affluent
7808,CUST17808,Hyderabad,South,Medium,673.0,Mass
7809,CUST17809,Hyderabad,South,Medium,732.0,Mass
7810,CUST17810,Bangalore,South,Medium,678.0,Premium
7811,CUST17811,Delhi NCR,North,Low,646.0,Mass
7812,CUST17812,Kolkata,East,High,840.0,Affluent
7813,CUST17813,Mumbai,West,Low,678.0,Mass
7814,CUST17814,Hyderabad,South,Medium,743.0,Premium
7815,CUST17815,Kolkata,East,Medium,682.0,Premium
7816,CUST17816,Hyderabad,South,Medium,687.0,Mass
7817,CUST17817,Pune,West,Low,605.0,Mass
7818,CUST17818,Pune,West,High,739.0,Affluent
7819,CUST17819,Kolkata,East,Medium,704.0,Affluent
7820,CUST17820,Hyderabad,South,Medium,718.0,Premium
7821,CUST17821,Delhi NCR,North,Low,584.0,Mass
7822,CUST17822,Pune,West,High,721.0,Mass
7823,CUST17823,Kolkata,East,Medium,688.0,Affluent
7824,CUST17824,Hyderabad,South,Medium,739.0,Mass
7825,CUST17825,Delhi NCR,North,Medium,704.0,Affluent
7826,CUST17826,Hyderabad,South,Medium,769.0,Affluent
7827,CUST17827,Delhi NCR,North,High,798.0,Mass
7828,CUST17828,Delhi NCR,North,Medium,765.0,Mass
7829,CUST17829,Hyderabad,South,Low,584.0,Mass
7830,CUST17830,Delhi NCR,North,Low,707.0,Mass
7831,CUST17831,Pune,West,Low,667.0,Mass
7832,CUST17832,Mumbai,West,Medium,753.0,Affluent
7833,CUST17833,Delhi NCR,North,Medium,761.0,Mass
7834,CUST17834,Bangalore,South,Medium,728.0,Affluent
7835,CUST17835,Kolkata,East,Medium,748.0,Affluent
7836,CUST17836,Bangalore,South,High,740.0,Mass
7837,CUST17837,Pune,West,Low,561.0,Mass
7838,CUST17838,Pune,West,Low,676.0,Affluent
7839,CUST17839,Delhi NCR,North,Medium,701.0,Mass
7840,CUST17840,Pune,West,Low,703.0,Mass
7841,CUST17841,Kolkata,East,Low,683.0,Affluent
7842,CUST17842,Mumbai,West,Medium,759.0,Mass
7843,CUST17843,Pune,West,Low,643.0,Mass
7844,CUST17844,Pune,West,Low,652.0,Mass
7845,CUST17845,Delhi NCR,North,Medium,693.0,Mass
7846,CUST17846,Delhi NCR,North,Medium,725.0,Mass
7847,CUST17847,Delhi NCR,North,Low,657.0,Mass
7848,CUST17848,Mumbai,West,High,790.0,Mass
7849,CUST17849,Hyderabad,South,High,792.0,Premium
7850,CUST17850,Mumbai,West,Low,602.0,Affluent
7851,CUST17851,Hyderabad,South,High,786.0,Mass
7852,CUST17852,Pune,West,Low,563.0,Mass
7853,CUST17853,Delhi NCR,North,Low,713.0,Mass
7854,CUST17854,Mumbai,West,Low,628.0,Mass
7855,CUST17855,Mumbai,West,Medium,728.0,Mass
7856,CUST17856,Mumbai,West,Low,706.0,Mass
7857,CUST17857,Bangalore,South,Medium,655.0,Mass
7858,CUST17858,Pune,West,Medium,675.0,Affluent
7859,CUST17859,Bangalore,South,Medium,744.0,Affluent
7860,CUST17860,Mumbai,West,Medium,756.0,Mass
7861,CUST17861,Bangalore,South,Low,613.0,Mass
7862,CUST17862,Kolkata,East,Low,580.0,Mass
7863,CUST17863,Kolkata,East,Low,620.0,Mass
7864,CUST17864,Pune,West,High,770.0,Affluent
7865,CUST17865,Hyderabad,South,Low,570.0,Affluent
7866,CUST17866,Kolkata,East,High,829.0,Affluent
7867,CUST17867,Mumbai,West,Low,585.0,Mass
7868,CUST17868,Delhi NCR,North,Medium,734.0,Premium
7869,CUST17869,Pune,West,Medium,690.0,Affluent
7870,CUST17870,Hyderabad,South,Low,621.0,Mass
7871,CUST17871,Pune,West,Medium,768.0,Mass
7872,CUST17872,Kolkata,East,High,797.0,Mass
7873,CUST17873,Kolkata,East,Medium,749.0,Mass
7874,CUST17874,Bangalore,South,High,817.0,Affluent
7875,CUST17875,Mumbai,West,Low,718.0,Affluent
7876,CUST17876,Mumbai,West,Medium,706.0,Affluent
7877,CUST17877,Pune,West,Low,642.0,Mass
7878,CUST17878,Hyderabad,South,Low,594.0,Mass
7879,CUST17879,Pune,West,Medium,653.0,Mass
7880,CUST17880,Pune,West,Low,671.0,Mass
7881,CUST17881,Mumbai,West,Medium,666.0,Mass
7882,CUST17882,Delhi NCR,North,High,729.0,Mass
7883,CUST17883,Kolkata,East,Low,585.0,Premium
7884,CUST17884,Pune,West,Medium,709.0,Affluent
7885,CUST17885,Bangalore,South,Medium,773.0,Mass
7886,CUST17886,Mumbai,West,Low,700.0,Mass
7887,CUST17887,Delhi NCR,North,High,766.0,Mass
7888,CUST17888,Pune,West,Low,717.0,Mass
7889,CUST17889,Kolkata,East,High,805.0,Mass
7890,CUST17890,Delhi NCR,North,Medium,723.0,Affluent
7891,CUST17891,Mumbai,West,Low,653.0,Mass
7892,CUST17892,Pune,West,Low,658.0,Affluent
7893,CUST17893,Kolkata,East,High,731.0,Mass
7894,CUST17894,Kolkata,East,Low,690.0,Mass
7895,CUST17895,Bangalore,South,Medium,669.0,Mass
7896,CUST17896,Pune,West,Low,573.0,Mass
7897,CUST17897,Bangalore,South,Low,573.0,Affluent
7898,CUST17898,Bangalore,South,Low,588.0,Affluent
7899,CUST17899,Hyderabad,South,High,743.0,Affluent
7900,CUST17900,Pune,West,Low,629.0,Affluent
7901,CUST17901,Bangalore,South,Low,670.0,Mass
7902,CUST17902,Hyderabad,South,Low,680.0,Mass
7903,CUST17903,Mumbai,West,High,726.0,Affluent
7904,CUST17904,Pune,West,Medium,732.0,Premium
7905,CUST17905,Delhi NCR,North,Low,577.0,Mass
7906,CUST17906,Pune,West,Medium,725.0,Premium
7907,CUST17907,Pune,West,Medium,674.0,Mass
7908,CUST17908,Delhi NCR,North,Medium,677.0,Affluent
7909,CUST17909,Mumbai,West,Low,627.0,Mass
7910,CUST17910,Bangalore,South,Medium,708.0,Mass
7911,CUST17911,Hyderabad,South,Medium,731.0,Mass
7912,CUST17912,Bangalore,South,Low,694.0,Mass
7913,CUST17913,Pune,West,High,834.0,Premium
7914,CUST17914,Bangalore,South,High,825.0,Premium
7915,CUST17915,Bangalore,South,High,729.0,Affluent
7916,CUST17916,Mumbai,West,Low,624.0,Mass
7917,CUST17917,Bangalore,South,High,757.0,Mass
7918,CUST17918,Kolkata,East,Medium,672.0,Affluent
7919,CUST17919,Pune,West,Low,702.0,Mass
7920,CUST17920,Hyderabad,South,Low,694.0,Affluent
7921,CUST17921,Pune,West,Low,713.0,Affluent
7922,CUST17922,Hyderabad,South,Low,633.0,Mass
7923,CUST17923,Mumbai,West,Low,602.0,Affluent
7924,CUST17924,Hyderabad,South,Low,696.0,Affluent
7925,CUST17925,Pune,West,Low,552.0,Affluent
7926,CUST17926,Kolkata,East,Medium,748.0,Affluent
7927,CUST17927,Mumbai,West,Low,669.0,Affluent
7928,CUST17928,Pune,West,Low,642.0,Premium
7929,CUST17929,Bangalore,South,Medium,685.0,Mass
7930,CUST17930,Pune,West,Low,677.0,Affluent
7931,CUST17931,Hyderabad,South,Low,707.0,Mass
7932,CUST17932,Mumbai,West,Medium,766.0,Affluent
7933,CUST17933,Kolkata,East,Medium,651.0,Affluent
7934,CUST17934,Kolkata,East,Low,690.0,Affluent
7935,CUST17935,Mumbai,West,Medium,665.0,Mass
7936,CUST17936,Bangalore,South,Low,582.0,Affluent
7937,CUST17937,Hyderabad,South,High,754.0,Affluent
7938,CUST17938,Pune,West,Medium,664.0,Affluent
7939,CUST17939,Delhi NCR,North,Low,556.0,Affluent
7940,CUST17940,Kolkata,East,Medium,708.0,Mass
7941,CUST17941,Mumbai,West,High,825.0,Mass
7942,CUST17942,Hyderabad,South,High,827.0,Mass
7943,CUST17943,Kolkata,East,Medium,764.0,Premium
7944,CUST17944,Pune,West,Low,572.0,Premium
7945,CUST17945,Mumbai,West,Medium,666.0,Premium
7946,CUST17946,Mumbai,West,Medium,761.0,Mass
7947,CUST17947,Hyderabad,South,Low,684.0,Mass
7948,CUST17948,Bangalore,South,Low,711.0,Mass
7949,CUST17949,Hyderabad,South,Low,601.0,Mass
7950,CUST17950,Bangalore,South,Medium,669.0,Mass
7951,CUST17951,Pune,West,Low,710.0,Mass
7952,CUST17952,Bangalore,South,High,730.0,Premium
7953,CUST17953,Bangalore,South,High,776.0,Mass
7954,CUST17954,Pune,West,Medium,721.0,Affluent
7955,CUST17955,Delhi NCR,North,Medium,745.0,Mass
7956,CUST17956,Mumbai,West,Medium,736.0,Mass
7957,CUST17957,Delhi NCR,North,Medium,697.0,Affluent
7958,CUST17958,Kolkata,East,Low,699.0,Mass
7959,CUST17959,Pune,West,Medium,714.0,Premium
7960,CUST17960,Pune,West,Low,643.0,Mass
7961,CUST17961,Delhi NCR,North,Low,575.0,Mass
7962,CUST17962,Pune,West,Low,660.0,Premium
7963,CUST17963,Bangalore,South,Low,556.0,Mass
7964,CUST17964,Bangalore,South,Low,653.0,Affluent
7965,CUST17965,Kolkata,East,Medium,780.0,Mass
7966,CUST17966,Delhi NCR,North,Low,595.0,Affluent
7967,CUST17967,Hyderabad,South,Low,613.0,Mass
7968,CUST17968,Kolkata,East,Low,712.0,Mass
7969,CUST17969,Delhi NCR,North,High,738.0,Mass
7970,CUST17970,Mumbai,West,Medium,740.0,Mass
7971,CUST17971,Pune,West,Low,611.0,Premium
7972,CUST17972,Mumbai,West,Medium,690.0,Affluent
7973,CUST17973,Mumbai,West,Low,698.0,Mass
7974,CUST17974,Pune,West,Low,703.0,Mass
7975,CUST17975,Delhi NCR,North,Medium,776.0,Mass
7976,CUST17976,Mumbai,West,Medium,744.0,Affluent
7977,CUST17977,Bangalore,South,Low,611.0,Mass
7978,CUST17978,Pune,West,High,829.0,Mass
7979,CUST17979,Delhi NCR,North,Low,586.0,Mass
7980,CUST17980,Delhi NCR,North,Low,641.0,Affluent
7981,CUST17981,Hyderabad,South,Medium,713.0,Mass
7982,CUST17982,Hyderabad,South,High,821.0,Mass
7983,CUST17983,Bangalore,South,High,825.0,Mass
7984,CUST17984,Delhi NCR,North,Medium,761.0,Mass
7985,CUST17985,Mumbai,West,High,736.0,Mass
7986,CUST17986,Kolkata,East,High,753.0,Mass
7987,CUST17987,Pune,West,Low,629.0,Premium
7988,CUST17988,Bangalore,South,High,755.0,Mass
7989,CUST17989,Hyderabad,South,Medium,715.0,Mass
7990,CUST17990,Hyderabad,South,Low,644.0,Mass
7991,CUST17991,Kolkata,East,Low,568.0,Mass
7992,CUST17992,Kolkata,East,Low,670.0,Affluent
7993,CUST17993,Bangalore,South,Low,625.0,Affluent
7994,CUST17994,Pune,West,Medium,774.0,Mass
7995,CUST17995,Kolkata,East,High,849.0,Premium
7996,CUST17996,Bangalore,South,Low,592.0,Mass
7997,CUST17997,Kolkata,East,Medium,761.0,Premium
7998,CUST17998,Hyderabad,South,High,723.0,Affluent
7999,CUST17999,Pune,West,High,727.0,Affluent
8000,CUST18000,Pune,West,Medium,707.0,Mass
8001,CUST18001,Pune,West,Medium,660.0,Affluent
8002,CUST18002,Mumbai,West,Medium,744.0,Mass
8003,CUST18003,Pune,West,Low,715.0,Affluent
8004,CUST18004,Hyderabad,South,High,730.0,Mass
8005,CUST18005,Mumbai,West,Low,613.0,Mass
8006,CUST18006,Pune,West,Low,591.0,Premium
8007,CUST18007,Delhi NCR,North,Low,626.0,Affluent
8008,CUST18008,Kolkata,East,High,833.0,Mass
8009,CUST18009,Delhi NCR,North,Low,712.0,Mass
8010,CUST18010,Pune,West,Low,606.0,Mass
8011,CUST18011,Kolkata,East,Medium,773.0,Mass
8012,CUST18012,Hyderabad,South,Medium,732.0,Premium
8013,CUST18013,Delhi NCR,North,Medium,731.0,Mass
8014,CUST18014,Delhi NCR,North,Medium,725.0,Mass
8015,CUST18015,Delhi NCR,North,Low,663.0,Mass
8016,CUST18016,Mumbai,West,Low,611.0,Mass
8017,CUST18017,Bangalore,South,Low,623.0,Mass
8018,CUST18018,Pune,West,Medium,660.0,Mass
8019,CUST18019,Bangalore,South,Low,642.0,Mass
8020,CUST18020,Bangalore,South,Low,696.0,Mass
8021,CUST18021,Kolkata,East,Low,712.0,Premium
8022,CUST18022,Kolkata,East,Medium,706.0,Premium
8023,CUST18023,Bangalore,South,Medium,714.0,Affluent
8024,CUST18024,Bangalore,South,Medium,735.0,Mass
8025,CUST18025,Delhi NCR,North,Medium,676.0,Affluent
8026,CUST18026,Mumbai,West,Medium,667.0,Affluent
8027,CUST18027,Delhi NCR,North,High,773.0,Affluent
8028,CUST18028,Delhi NCR,North,Medium,697.0,Premium
8029,CUST18029,Mumbai,West,High,745.0,Affluent
8030,CUST18030,Pune,West,High,811.0,Mass
8031,CUST18031,Mumbai,West,Medium,702.0,Mass
8032,CUST18032,Pune,West,Low,713.0,Mass
8033,CUST18033,Pune,West,Medium,713.0,Affluent
8034,CUST18034,Delhi NCR,North,High,803.0,Mass
8035,CUST18035,Delhi NCR,North,Medium,664.0,Mass
8036,CUST18036,Hyderabad,South,Low,706.0,Affluent
8037,CUST18037,Kolkata,East,Medium,772.0,Affluent
8038,CUST18038,Mumbai,West,High,794.0,Mass
8039,CUST18039,Mumbai,West,Low,692.0,Mass
8040,CUST18040,Mumbai,West,Low,654.0,Premium
8041,CUST18041,Hyderabad,South,Low,569.0,Premium
8042,CUST18042,Bangalore,South,High,816.0,Affluent
8043,CUST18043,Delhi NCR,North,Low,611.0,Affluent
8044,CUST18044,Kolkata,East,High,829.0,Mass
8045,CUST18045,Kolkata,East,Low,629.0,Mass
8046,CUST18046,Hyderabad,South,High,756.0,Affluent
8047,CUST18047,Mumbai,West,Low,684.0,Mass
8048,CUST18048,Bangalore,South,Low,588.0,Premium
8049,CUST18049,Bangalore,South,Medium,697.0,Mass
8050,CUST18050,Pune,West,Medium,773.0,Affluent
8051,CUST18051,Hyderabad,South,Low,643.0,Affluent
8052,CUST18052,Delhi NCR,North,Low,704.0,Mass
8053,CUST18053,Kolkata,East,Medium,765.0,Mass
8054,CUST18054,Delhi NCR,North,Low,552.0,Mass
8055,CUST18055,Mumbai,West,Low,690.0,Mass
8056,CUST18056,Bangalore,South,Low,682.0,Mass
8057,CUST18057,Kolkata,East,Low,582.0,Mass
8058,CUST18058,Pune,West,Low,707.0,Mass
8059,CUST18059,Delhi NCR,North,High,805.0,Mass
8060,CUST18060,Kolkata,East,Medium,773.0,Affluent
8061,CUST18061,Delhi NCR,North,Low,609.0,Premium
8062,CUST18062,Kolkata,East,Low,653.0,Mass
8063,CUST18063,Hyderabad,South,Medium,698.0,Mass
8064,CUST18064,Hyderabad,South,High,833.0,Affluent
8065,CUST18065,Kolkata,East,High,756.0,Premium
8066,CUST18066,Kolkata,East,High,833.0,Mass
8067,CUST18067,Mumbai,West,Medium,714.0,Mass
8068,CUST18068,Pune,West,Medium,658.0,Mass
8069,CUST18069,Mumbai,West,Low,673.0,Premium
8070,CUST18070,Kolkata,East,Low,713.0,Mass
8071,CUST18071,Kolkata,East,Low,668.0,Affluent
8072,CUST18072,Mumbai,West,High,732.0,Mass
8073,CUST18073,Hyderabad,South,Low,644.0,Mass
8074,CUST18074,Pune,West,Low,568.0,Mass
8075,CUST18075,Bangalore,South,Medium,775.0,Mass
8076,CUST18076,Hyderabad,South,High,790.0,Mass
8077,CUST18077,Mumbai,West,Medium,651.0,Mass
8078,CUST18078,Kolkata,East,Medium,665.0,Mass
8079,CUST18079,Kolkata,East,Medium,762.0,Mass
8080,CUST18080,Kolkata,East,Low,684.0,Mass
8081,CUST18081,Mumbai,West,Medium,740.0,Mass
8082,CUST18082,Delhi NCR,North,High,778.0,Affluent
8083,CUST18083,Kolkata,East,High,809.0,Affluent
8084,CUST18084,Bangalore,South,Low,557.0,Mass
8085,CUST18085,Delhi NCR,North,Low,669.0,Mass
8086,CUST18086,Delhi NCR,North,High,824.0,Mass
8087,CUST18087,Mumbai,West,Medium,771.0,Mass
8088,CUST18088,Mumbai,West,High,783.0,Premium
8089,CUST18089,Delhi NCR,North,High,806.0,Mass
8090,CUST18090,Kolkata,East,Medium,703.0,Affluent
8091,CUST18091,Mumbai,West,Low,582.0,Affluent
8092,CUST18092,Kolkata,East,High,829.0,Mass
8093,CUST18093,Hyderabad,South,High,818.0,Mass
8094,CUST18094,Mumbai,West,Low,685.0,Affluent
8095,CUST18095,Kolkata,East,Low,690.0,Mass
8096,CUST18096,Pune,West,Medium,762.0,Premium
8097,CUST18097,Pune,West,High,730.0,Mass
8098,CUST18098,Pune,West,Medium,768.0,Affluent
8099,CUST18099,Mumbai,West,Medium,653.0,Mass
8100,CUST18100,Pune,West,Medium,738.0,Affluent
8101,CUST18101,Mumbai,West,High,751.0,Mass
8102,CUST18102,Bangalore,South,Low,601.0,Mass
8103,CUST18103,Mumbai,West,Medium,749.0,Mass
8104,CUST18104,Pune,West,Low,625.0,Premium
8105,CUST18105,Hyderabad,South,High,836.0,Mass
8106,CUST18106,Kolkata,East,Medium,765.0,Mass
8107,CUST18107,Hyderabad,South,High,751.0,Mass
8108,CUST18108,Hyderabad,South,Medium,731.0,Affluent
8109,CUST18109,Kolkata,East,High,753.0,Mass
8110,CUST18110,Delhi NCR,North,High,757.0,Mass
8111,CUST18111,Hyderabad,South,Low,622.0,Affluent
8112,CUST18112,Pune,West,Low,642.0,Premium
8113,CUST18113,Hyderabad,South,High,772.0,Mass
8114,CUST18114,Kolkata,East,High,748.0,Affluent
8115,CUST18115,Hyderabad,South,Medium,658.0,Mass
8116,CUST18116,Delhi NCR,North,Medium,728.0,Premium
8117,CUST18117,Pune,West,Medium,715.0,Mass
8118,CUST18118,Mumbai,West,Medium,672.0,Premium
8119,CUST18119,Delhi NCR,North,Low,643.0,Mass
8120,CUST18120,Delhi NCR,North,High,722.0,Mass
8121,CUST18121,Delhi NCR,North,Low,713.0,Affluent
8122,CUST18122,Mumbai,West,High,728.0,Premium
8123,CUST18123,Kolkata,East,Low,718.0,Affluent
8124,CUST18124,Delhi NCR,North,Medium,650.0,Affluent
8125,CUST18125,Delhi NCR,North,Low,609.0,Mass
8126,CUST18126,Pune,West,Medium,754.0,Affluent
8127,CUST18127,Bangalore,South,Low,653.0,Affluent
8128,CUST18128,Mumbai,West,Low,715.0,Premium
8129,CUST18129,Hyderabad,South,Medium,681.0,Mass
8130,CUST18130,Pune,West,Low,580.0,Mass
8131,CUST18131,Pune,West,Medium,700.0,Mass
8132,CUST18132,Mumbai,West,Medium,697.0,Affluent
8133,CUST18133,Pune,West,Medium,711.0,Mass
8134,CUST18134,Pune,West,Low,555.0,Mass
8135,CUST18135,Delhi NCR,North,Medium,662.0,Mass
8136,CUST18136,Kolkata,East,High,734.0,Affluent
8137,CUST18137,Delhi NCR,North,Medium,769.0,Mass
8138,CUST18138,Hyderabad,South,Medium,713.0,Mass
8139,CUST18139,Delhi NCR,North,Low,645.0,Mass
8140,CUST18140,Bangalore,South,Low,602.0,Mass
8141,CUST18141,Pune,West,Medium,777.0,Affluent
8142,CUST18142,Kolkata,East,Low,578.0,Mass
8143,CUST18143,Pune,West,Low,656.0,Mass
8144,CUST18144,Bangalore,South,Medium,655.0,Mass
8145,CUST18145,Hyderabad,South,Medium,715.0,Mass
8146,CUST18146,Mumbai,West,Medium,664.0,Affluent
8147,CUST18147,Pune,West,Low,571.0,Mass
8148,CUST18148,Mumbai,West,Low,617.0,Mass
8149,CUST18149,Mumbai,West,High,819.0,Affluent
8150,CUST18150,Bangalore,South,Low,597.0,Premium
8151,CUST18151,Mumbai,West,Low,566.0,Mass
8152,CUST18152,Pune,West,Low,641.0,Mass
8153,CUST18153,Mumbai,West,Low,628.0,Premium
8154,CUST18154,Hyderabad,South,Low,550.0,Affluent
8155,CUST18155,Kolkata,East,Low,670.0,Affluent
8156,CUST18156,Kolkata,East,High,766.0,Affluent
8157,CUST18157,Pune,West,Low,612.0,Affluent
8158,CUST18158,Pune,West,Low,556.0,Mass
8159,CUST18159,Kolkata,East,Medium,702.0,Affluent
8160,CUST18160,Bangalore,South,High,736.0,Mass
8161,CUST18161,Hyderabad,South,Low,631.0,Mass
8162,CUST18162,Kolkata,East,Medium,690.0,Mass
8163,CUST18163,Mumbai,West,Low,639.0,Premium
8164,CUST18164,Delhi NCR,North,Low,613.0,Mass
8165,CUST18165,Mumbai,West,High,751.0,Mass
8166,CUST18166,Delhi NCR,North,Low,573.0,Mass
8167,CUST18167,Kolkata,East,Medium,667.0,Mass
8168,CUST18168,Mumbai,West,Medium,666.0,Mass
8169,CUST18169,Pune,West,Low,701.0,Mass
8170,CUST18170,Pune,West,Medium,680.0,Mass
8171,CUST18171,Mumbai,West,Medium,749.0,Mass
8172,CUST18172,Hyderabad,South,Low,702.0,Mass
8173,CUST18173,Hyderabad,South,Medium,722.0,Mass
8174,CUST18174,Kolkata,East,Medium,709.0,Mass
8175,CUST18175,Pune,West,Medium,727.0,Mass
8176,CUST18176,Kolkata,East,Low,629.0,Mass
8177,CUST18177,Kolkata,East,Low,626.0,Mass
8178,CUST18178,Hyderabad,South,Low,631.0,Mass
8179,CUST18179,Bangalore,South,Medium,746.0,Mass
8180,CUST18180,Bangalore,South,Low,617.0,Mass
8181,CUST18181,Hyderabad,South,Medium,675.0,Mass
8182,CUST18182,Bangalore,South,High,827.0,Mass
8183,CUST18183,Mumbai,West,Medium,690.0,Mass
8184,CUST18184,Hyderabad,South,Low,703.0,Mass
8185,CUST18185,Delhi NCR,North,Medium,722.0,Mass
8186,CUST18186,Kolkata,East,Low,638.0,Mass
8187,CUST18187,Delhi NCR,North,Low,688.0,Affluent
8188,CUST18188,Mumbai,West,Low,707.0,Affluent
8189,CUST18189,Hyderabad,South,Low,710.0,Mass
8190,CUST18190,Delhi NCR,North,Low,637.0,Mass
8191,CUST18191,Pune,West,Low,699.0,Mass
8192,CUST18192,Kolkata,East,High,822.0,Affluent
8193,CUST18193,Hyderabad,South,High,735.0,Mass
8194,CUST18194,Delhi NCR,North,Low,664.0,Mass
8195,CUST18195,Delhi NCR,North,High,850.0,Mass
8196,CUST18196,Bangalore,South,Medium,659.0,Mass
8197,CUST18197,Hyderabad,South,Low,608.0,Affluent
8198,CUST18198,Mumbai,West,Medium,740.0,Premium
8199,CUST18199,Pune,West,Medium,750.0,Mass
8200,CUST18200,Kolkata,East,High,831.0,Affluent
8201,CUST18201,Pune,West,Medium,771.0,Affluent
8202,CUST18202,Mumbai,West,Low,623.0,Mass
8203,CUST18203,Delhi NCR,North,High,846.0,Mass
8204,CUST18204,Mumbai,West,Medium,744.0,Premium
8205,CUST18205,Bangalore,South,Medium,690.0,Affluent
8206,CUST18206,Mumbai,West,High,802.0,Affluent
8207,CUST18207,Pune,West,Low,684.0,Affluent
8208,CUST18208,Pune,West,Medium,760.0,Mass
8209,CUST18209,Bangalore,South,Low,612.0,Premium
8210,CUST18210,Kolkata,East,Low,670.0,Mass
8211,CUST18211,Hyderabad,South,Medium,691.0,Affluent
8212,CUST18212,Kolkata,East,Low,614.0,Affluent
8213,CUST18213,Pune,West,Low,606.0,Mass
8214,CUST18214,Pune,West,Low,588.0,Affluent
8215,CUST18215,Pune,West,Medium,763.0,Mass
8216,CUST18216,Delhi NCR,North,High,733.0,Mass
8217,CUST18217,Hyderabad,South,Medium,688.0,Affluent
8218,CUST18218,Hyderabad,South,Low,621.0,Premium
8219,CUST18219,Hyderabad,South,High,829.0,Affluent
8220,CUST18220,Hyderabad,South,Low,566.0,Mass
8221,CUST18221,Hyderabad,South,Low,641.0,Mass
8222,CUST18222,Delhi NCR,North,Medium,743.0,Mass
8223,CUST18223,Bangalore,South,Medium,736.0,Mass
8224,CUST18224,Hyderabad,South,Medium,681.0,Affluent
8225,CUST18225,Mumbai,West,Low,551.0,Affluent
8226,CUST18226,Mumbai,West,High,802.0,Mass
8227,CUST18227,Pune,West,Low,562.0,Premium
8228,CUST18228,Pune,West,Medium,721.0,Mass
8229,CUST18229,Delhi NCR,North,Medium,767.0,Mass
8230,CUST18230,Delhi NCR,North,High,722.0,Mass
8231,CUST18231,Hyderabad,South,Medium,704.0,Mass
8232,CUST18232,Delhi NCR,North,Low,595.0,Affluent
8233,CUST18233,Bangalore,South,Low,614.0,Mass
8234,CUST18234,Kolkata,East,High,758.0,Mass
8235,CUST18235,Kolkata,East,Medium,770.0,Mass
8236,CUST18236,Mumbai,West,Low,684.0,Mass
8237,CUST18237,Mumbai,West,Medium,760.0,Premium
8238,CUST18238,Kolkata,East,High,774.0,Affluent
8239,CUST18239,Kolkata,East,Medium,737.0,Affluent
8240,CUST18240,Bangalore,South,Low,677.0,Affluent
8241,CUST18241,Pune,West,Medium,722.0,Mass
8242,CUST18242,Mumbai,West,High,787.0,Affluent
8243,CUST18243,Mumbai,West,High,838.0,Mass
8244,CUST18244,Mumbai,West,Low,573.0,Affluent
8245,CUST18245,Kolkata,East,Low,716.0,Mass
8246,CUST18246,Hyderabad,South,Low,599.0,Mass
8247,CUST18247,Bangalore,South,Low,563.0,Premium
8248,CUST18248,Kolkata,East,Medium,713.0,Mass
8249,CUST18249,Bangalore,South,Low,695.0,Affluent
8250,CUST18250,Pune,West,Medium,710.0,Affluent
8251,CUST18251,Delhi NCR,North,High,844.0,Mass
8252,CUST18252,Delhi NCR,North,Medium,665.0,Mass
8253,CUST18253,Bangalore,South,High,806.0,Mass
8254,CUST18254,Kolkata,East,Medium,653.0,Mass
8255,CUST18255,Bangalore,South,High,809.0,Mass
8256,CUST18256,Bangalore,South,Medium,727.0,Mass
8257,CUST18257,Delhi NCR,North,High,838.0,Affluent
8258,CUST18258,Delhi NCR,North,Low,650.0,Mass
8259,CUST18259,Bangalore,South,Medium,772.0,Mass
8260,CUST18260,Mumbai,West,Low,710.0,Mass
8261,CUST18261,Mumbai,West,High,747.0,Premium
8262,CUST18262,Kolkata,East,Low,711.0,Mass
8263,CUST18263,Bangalore,South,Medium,766.0,Mass
8264,CUST18264,Hyderabad,South,Medium,711.0,Mass
8265,CUST18265,Kolkata,East,Low,664.0,Mass
8266,CUST18266,Mumbai,West,Low,600.0,Affluent
8267,CUST18267,Hyderabad,South,Medium,719.0,Mass
8268,CUST18268,Kolkata,East,Low,676.0,Affluent
8269,CUST18269,Kolkata,East,Medium,734.0,Mass
8270,CUST18270,Hyderabad,South,Medium,764.0,Affluent
8271,CUST18271,Delhi NCR,North,Low,594.0,Mass
8272,CUST18272,Hyderabad,South,Medium,758.0,Premium
8273,CUST18273,Delhi NCR,North,High,801.0,Mass
8274,CUST18274,Bangalore,South,Medium,652.0,Mass
8275,CUST18275,Delhi NCR,North,Low,579.0,Mass
8276,CUST18276,Delhi NCR,North,High,829.0,Mass
8277,CUST18277,Kolkata,East,Medium,753.0,Affluent
8278,CUST18278,Hyderabad,South,High,723.0,Affluent
8279,CUST18279,Kolkata,East,Medium,732.0,Mass
8280,CUST18280,Hyderabad,South,Low,655.0,Mass
8281,CUST18281,Kolkata,East,Low,719.0,Mass
8282,CUST18282,Pune,West,Low,603.0,Affluent
8283,CUST18283,Pune,West,Low,719.0,Premium
8284,CUST18284,Mumbai,West,Medium,739.0,Premium
8285,CUST18285,Delhi NCR,North,Medium,743.0,Mass
8286,CUST18286,Delhi NCR,North,Low,695.0,Affluent
8287,CUST18287,Delhi NCR,North,High,774.0,Affluent
8288,CUST18288,Mumbai,West,Medium,662.0,Mass
8289,CUST18289,Hyderabad,South,Medium,709.0,Mass
8290,CUST18290,Bangalore,South,Low,607.0,Mass
8291,CUST18291,Kolkata,East,Medium,693.0,Affluent
8292,CUST18292,Hyderabad,South,Medium,732.0,Mass
8293,CUST18293,Delhi NCR,North,Medium,683.0,Affluent
8294,CUST18294,Bangalore,South,Medium,670.0,Mass
8295,CUST18295,Hyderabad,South,High,766.0,Affluent
8296,CUST18296,Hyderabad,South,Low,585.0,Mass
8297,CUST18297,Hyderabad,South,Low,591.0,Affluent
8298,CUST18298,Pune,West,Low,685.0,Mass
8299,CUST18299,Hyderabad,South,Low,578.0,Premium
8300,CUST18300,Hyderabad,South,Medium,698.0,Mass
8301,CUST18301,Bangalore,South,Medium,779.0,Affluent
8302,CUST18302,Mumbai,West,Low,626.0,Mass
8303,CUST18303,Pune,West,High,800.0,Mass
8304,CUST18304,Hyderabad,South,High,813.0,Mass
8305,CUST18305,Bangalore,South,Low,601.0,Affluent
8306,CUST18306,Pune,West,Medium,751.0,Mass
8307,CUST18307,Mumbai,West,Low,555.0,Mass
8308,CUST18308,Mumbai,West,Low,674.0,Mass
8309,CUST18309,Kolkata,East,Medium,737.0,Mass
8310,CUST18310,Delhi NCR,North,Low,709.0,Affluent
8311,CUST18311,Mumbai,West,Low,628.0,Affluent
8312,CUST18312,Hyderabad,South,Low,653.0,Premium
8313,CUST18313,Bangalore,South,Medium,695.0,Mass
8314,CUST18314,Pune,West,High,828.0,Mass
8315,CUST18315,Kolkata,East,Medium,691.0,Affluent
8316,CUST18316,Delhi NCR,North,Low,555.0,Mass
8317,CUST18317,Pune,West,Low,621.0,Mass
8318,CUST18318,Hyderabad,South,High,760.0,Mass
8319,CUST18319,Kolkata,East,High,848.0,Premium
8320,CUST18320,Bangalore,South,Low,653.0,Mass
8321,CUST18321,Hyderabad,South,Low,693.0,Mass
8322,CUST18322,Kolkata,East,Low,555.0,Affluent
8323,CUST18323,Kolkata,East,Low,690.0,Affluent
8324,CUST18324,Pune,West,High,757.0,Mass
8325,CUST18325,Mumbai,West,High,818.0,Mass
8326,CUST18326,Kolkata,East,Low,628.0,Affluent
8327,CUST18327,Delhi NCR,North,Low,579.0,Mass
8328,CUST18328,Pune,West,High,845.0,Mass
8329,CUST18329,Hyderabad,South,Medium,704.0,Premium
8330,CUST18330,Pune,West,Low,670.0,Mass
8331,CUST18331,Kolkata,East,Medium,694.0,Mass
8332,CUST18332,Hyderabad,South,Medium,699.0,Mass
8333,CUST18333,Bangalore,South,Medium,714.0,Mass
8334,CUST18334,Kolkata,East,Low,652.0,Mass
8335,CUST18335,Kolkata,East,Medium,740.0,Mass
8336,CUST18336,Mumbai,West,Low,621.0,Mass
8337,CUST18337,Hyderabad,South,High,739.0,Mass
8338,CUST18338,Hyderabad,South,High,751.0,Affluent
8339,CUST18339,Bangalore,South,Medium,729.0,Mass
8340,CUST18340,Pune,West,Low,656.0,Premium
8341,CUST18341,Kolkata,East,Low,554.0,Mass
8342,CUST18342,Delhi NCR,North,Medium,681.0,Premium
8343,CUST18343,Pune,West,Medium,728.0,Affluent
8344,CUST18344,Hyderabad,South,Medium,735.0,Premium
8345,CUST18345,Bangalore,South,High,729.0,Mass
8346,CUST18346,Kolkata,East,Medium,652.0,Mass
8347,CUST18347,Delhi NCR,North,High,772.0,Mass
8348,CUST18348,Mumbai,West,Low,554.0,Mass
8349,CUST18349,Kolkata,East,Medium,754.0,Mass
8350,CUST18350,Mumbai,West,Medium,690.0,Mass
8351,CUST18351,Mumbai,West,High,779.0,Mass
8352,CUST18352,Kolkata,East,Low,575.0,Mass
8353,CUST18353,Bangalore,South,Medium,725.0,Mass
8354,CUST18354,Delhi NCR,North,High,844.0,Affluent
8355,CUST18355,Hyderabad,South,High,809.0,Mass
8356,CUST18356,Delhi NCR,North,High,807.0,Mass
8357,CUST18357,Bangalore,South,Medium,693.0,Premium
8358,CUST18358,Pune,West,Medium,733.0,Mass
8359,CUST18359,Hyderabad,South,Low,685.0,Mass
8360,CUST18360,Delhi NCR,North,Low,638.0,Mass
8361,CUST18361,Pune,West,High,727.0,Mass
8362,CUST18362,Hyderabad,South,Medium,714.0,Mass
8363,CUST18363,Delhi NCR,North,Low,583.0,Mass
8364,CUST18364,Pune,West,Medium,685.0,Mass
8365,CUST18365,Delhi NCR,North,Low,665.0,Mass
8366,CUST18366,Pune,West,Low,712.0,Mass
8367,CUST18367,Pune,West,Medium,771.0,Mass
8368,CUST18368,Mumbai,West,Medium,761.0,Premium
8369,CUST18369,Mumbai,West,Low,565.0,Mass
8370,CUST18370,Hyderabad,South,High,793.0,Mass
8371,CUST18371,Mumbai,West,High,818.0,Affluent
8372,CUST18372,Kolkata,East,High,841.0,Affluent
8373,CUST18373,Pune,West,Medium,685.0,Mass
8374,CUST18374,Delhi NCR,North,Medium,773.0,Mass
8375,CUST18375,Hyderabad,South,Low,625.0,Mass
8376,CUST18376,Delhi NCR,North,Low,719.0,Mass
8377,CUST18377,Hyderabad,South,Low,720.0,Mass
8378,CUST18378,Mumbai,West,High,777.0,Mass
8379,CUST18379,Hyderabad,South,Medium,725.0,Mass
8380,CUST18380,Delhi NCR,North,Medium,663.0,Mass
8381,CUST18381,Pune,West,Medium,672.0,Affluent
8382,CUST18382,Kolkata,East,High,746.0,Mass
8383,CUST18383,Hyderabad,South,Low,583.0,Mass
8384,CUST18384,Pune,West,Medium,700.0,Mass
8385,CUST18385,Hyderabad,South,High,784.0,Affluent
8386,CUST18386,Mumbai,West,High,771.0,Mass
8387,CUST18387,Delhi NCR,North,High,816.0,Affluent
8388,CUST18388,Bangalore,South,High,752.0,Mass
8389,CUST18389,Hyderabad,South,Medium,709.0,Mass
8390,CUST18390,Pune,West,Medium,759.0,Affluent
8391,CUST18391,Pune,West,Low,612.0,Mass
8392,CUST18392,Hyderabad,South,Medium,758.0,Mass
8393,CUST18393,Kolkata,East,Medium,706.0,Mass
8394,CUST18394,Mumbai,West,Medium,671.0,Mass
8395,CUST18395,Kolkata,East,Low,552.0,Mass
8396,CUST18396,Bangalore,South,Medium,723.0,Affluent
8397,CUST18397,Kolkata,East,Medium,706.0,Mass
8398,CUST18398,Kolkata,East,Low,574.0,Affluent
8399,CUST18399,Hyderabad,South,High,725.0,Mass
8400,CUST18400,Hyderabad,South,Medium,744.0,Mass
8401,CUST18401,Delhi NCR,North,Low,651.0,Mass
8402,CUST18402,Delhi NCR,North,Low,663.0,Affluent
8403,CUST18403,Hyderabad,South,Low,562.0,Premium
8404,CUST18404,Pune,West,High,824.0,Mass
8405,CUST18405,Kolkata,East,Low,643.0,Affluent
8406,CUST18406,Kolkata,East,Medium,675.0,Mass
8407,CUST18407,Kolkata,East,Medium,741.0,Mass
8408,CUST18408,Hyderabad,South,Low,687.0,Mass
8409,CUST18409,Hyderabad,South,Low,602.0,Mass
8410,CUST18410,Pune,West,Low,601.0,Mass
8411,CUST18411,Bangalore,South,Low,699.0,Affluent
8412,CUST18412,Delhi NCR,North,Medium,728.0,Affluent
8413,CUST18413,Bangalore,South,Low,614.0,Mass
8414,CUST18414,Mumbai,West,High,798.0,Affluent
8415,CUST18415,Bangalore,South,Medium,749.0,Premium
8416,CUST18416,Mumbai,West,Low,666.0,Mass
8417,CUST18417,Hyderabad,South,Medium,749.0,Mass
8418,CUST18418,Hyderabad,South,Low,653.0,Affluent
8419,CUST18419,Pune,West,Medium,775.0,Mass
8420,CUST18420,Delhi NCR,North,Low,667.0,Affluent
8421,CUST18421,Mumbai,West,Low,681.0,Mass
8422,CUST18422,Mumbai,West,Medium,659.0,Mass
8423,CUST18423,Delhi NCR,North,Medium,684.0,Mass
8424,CUST18424,Delhi NCR,North,Low,625.0,Affluent
8425,CUST18425,Delhi NCR,North,Low,664.0,Mass
8426,CUST18426,Hyderabad,South,Low,660.0,Mass
8427,CUST18427,Hyderabad,South,Medium,670.0,Mass
8428,CUST18428,Pune,West,Low,625.0,Mass
8429,CUST18429,Pune,West,Low,663.0,Premium
8430,CUST18430,Pune,West,Low,651.0,Mass
8431,CUST18431,Pune,West,Medium,713.0,Mass
8432,CUST18432,Hyderabad,South,Medium,680.0,Premium
8433,CUST18433,Delhi NCR,North,High,786.0,Mass
8434,CUST18434,Bangalore,South,High,824.0,Mass
8435,CUST18435,Hyderabad,South,High,784.0,Affluent
8436,CUST18436,Mumbai,West,Low,557.0,Mass
8437,CUST18437,Hyderabad,South,Medium,692.0,Premium
8438,CUST18438,Bangalore,South,High,751.0,Affluent
8439,CUST18439,Mumbai,West,Low,637.0,Mass
8440,CUST18440,Delhi NCR,North,Medium,681.0,Mass
8441,CUST18441,Pune,West,Low,690.0,Mass
8442,CUST18442,Mumbai,West,Medium,773.0,Mass
8443,CUST18443,Hyderabad,South,High,770.0,Mass
8444,CUST18444,Kolkata,East,Low,563.0,Mass
8445,CUST18445,Delhi NCR,North,Medium,748.0,Mass
8446,CUST18446,Pune,West,High,818.0,Affluent
8447,CUST18447,Delhi NCR,North,High,787.0,Affluent
8448,CUST18448,Mumbai,West,Low,558.0,Affluent
8449,CUST18449,Delhi NCR,North,Medium,730.0,Affluent
8450,CUST18450,Mumbai,West,Low,554.0,Mass
8451,CUST18451,Mumbai,West,Low,648.0,Mass
8452,CUST18452,Hyderabad,South,High,826.0,Mass
8453,CUST18453,Kolkata,East,Low,666.0,Affluent
8454,CUST18454,Pune,West,High,838.0,Premium
8455,CUST18455,Hyderabad,South,Low,686.0,Mass
8456,CUST18456,Pune,West,Low,672.0,Premium
8457,CUST18457,Delhi NCR,North,Medium,650.0,Mass
8458,CUST18458,Kolkata,East,Low,641.0,Affluent
8459,CUST18459,Delhi NCR,North,Low,720.0,Mass
8460,CUST18460,Hyderabad,South,Medium,746.0,Mass
8461,CUST18461,Pune,West,Medium,749.0,Affluent
8462,CUST18462,Hyderabad,South,Low,682.0,Mass
8463,CUST18463,Delhi NCR,North,Medium,661.0,Mass
8464,CUST18464,Hyderabad,South,High,832.0,Affluent
8465,CUST18465,Hyderabad,South,Low,560.0,Mass
8466,CUST18466,Hyderabad,South,Medium,744.0,Mass
8467,CUST18467,Delhi NCR,North,Low,570.0,Mass
8468,CUST18468,Bangalore,South,High,843.0,Mass
8469,CUST18469,Bangalore,South,Medium,653.0,Affluent
8470,CUST18470,Delhi NCR,North,Medium,700.0,Mass
8471,CUST18471,Bangalore,South,Low,589.0,Mass
8472,CUST18472,Mumbai,West,High,811.0,Mass
8473,CUST18473,Bangalore,South,Low,677.0,Affluent
8474,CUST18474,Pune,West,Low,640.0,Mass
8475,CUST18475,Pune,West,Medium,675.0,Mass
8476,CUST18476,Delhi NCR,North,Medium,767.0,Mass
8477,CUST18477,Mumbai,West,Low,580.0,Mass
8478,CUST18478,Hyderabad,South,Low,559.0,Mass
8479,CUST18479,Mumbai,West,Low,576.0,Mass
8480,CUST18480,Bangalore,South,Low,712.0,Affluent
8481,CUST18481,Delhi NCR,North,High,725.0,Mass
8482,CUST18482,Mumbai,West,High,729.0,Mass
8483,CUST18483,Kolkata,East,Medium,723.0,Mass
8484,CUST18484,Mumbai,West,Medium,729.0,Mass
8485,CUST18485,Mumbai,West,High,832.0,Mass
8486,CUST18486,Bangalore,South,Low,642.0,Mass
8487,CUST18487,Hyderabad,South,Medium,666.0,Mass
8488,CUST18488,Kolkata,East,Low,656.0,Mass
8489,CUST18489,Pune,West,Medium,700.0,Affluent
8490,CUST18490,Kolkata,East,Medium,746.0,Mass
8491,CUST18491,Delhi NCR,North,Medium,738.0,Mass
8492,CUST18492,Mumbai,West,Medium,752.0,Affluent
8493,CUST18493,Delhi NCR,North,Low,595.0,Affluent
8494,CUST18494,Hyderabad,South,Medium,743.0,Affluent
8495,CUST18495,Hyderabad,South,Medium,748.0,Affluent
8496,CUST18496,Pune,West,Medium,742.0,Mass
8497,CUST18497,Hyderabad,South,Medium,732.0,Affluent
8498,CUST18498,Pune,West,Medium,754.0,Affluent
8499,CUST18499,Hyderabad,South,Low,647.0,Mass
8500,CUST18500,Delhi NCR,North,High,797.0,Affluent
8501,CUST18501,Kolkata,East,Medium,746.0,Premium
8502,CUST18502,Pune,West,Low,683.0,Affluent
8503,CUST18503,Mumbai,West,Low,579.0,Mass
8504,CUST18504,Pune,West,Low,585.0,Mass
8505,CUST18505,Pune,West,Medium,727.0,Mass
8506,CUST18506,Mumbai,West,Medium,662.0,Mass
8507,CUST18507,Bangalore,South,Medium,732.0,Mass
8508,CUST18508,Pune,West,Medium,655.0,Mass
8509,CUST18509,Pune,West,Medium,746.0,Mass
8510,CUST18510,Delhi NCR,North,Medium,696.0,Mass
8511,CUST18511,Hyderabad,South,Low,661.0,Affluent
8512,CUST18512,Pune,West,Medium,687.0,Mass
8513,CUST18513,Bangalore,South,High,740.0,Premium
8514,CUST18514,Pune,West,Medium,692.0,Affluent
8515,CUST18515,Hyderabad,South,High,735.0,Mass
8516,CUST18516,Kolkata,East,Medium,665.0,Premium
8517,CUST18517,Hyderabad,South,Medium,696.0,Affluent
8518,CUST18518,Delhi NCR,North,Low,675.0,Mass
8519,CUST18519,Pune,West,High,807.0,Mass
8520,CUST18520,Pune,West,Low,562.0,Premium
8521,CUST18521,Mumbai,West,Medium,772.0,Premium
8522,CUST18522,Delhi NCR,North,Low,593.0,Mass
8523,CUST18523,Mumbai,West,High,838.0,Mass
8524,CUST18524,Delhi NCR,North,Low,567.0,Mass
8525,CUST18525,Hyderabad,South,Low,574.0,Affluent
8526,CUST18526,Kolkata,East,Medium,682.0,Mass
8527,CUST18527,Pune,West,Medium,721.0,Mass
8528,CUST18528,Mumbai,West,Medium,751.0,Mass
8529,CUST18529,Delhi NCR,North,Low,597.0,Mass
8530,CUST18530,Delhi NCR,North,Medium,759.0,Mass
8531,CUST18531,Delhi NCR,North,Low,701.0,Mass
8532,CUST18532,Pune,West,Medium,746.0,Affluent
8533,CUST18533,Delhi NCR,North,Medium,764.0,Affluent
8534,CUST18534,Bangalore,South,Low,602.0,Mass
8535,CUST18535,Delhi NCR,North,Medium,671.0,Affluent
8536,CUST18536,Delhi NCR,North,Low,556.0,Affluent
8537,CUST18537,Mumbai,West,Low,670.0,Mass
8538,CUST18538,Mumbai,West,Medium,754.0,Affluent
8539,CUST18539,Mumbai,West,Medium,700.0,Premium
8540,CUST18540,Mumbai,West,Low,612.0,Mass
8541,CUST18541,Pune,West,High,760.0,Mass
8542,CUST18542,Delhi NCR,North,Medium,673.0,Mass
8543,CUST18543,Kolkata,East,Medium,721.0,Mass
8544,CUST18544,Pune,West,Medium,763.0,Mass
8545,CUST18545,Bangalore,South,High,806.0,Affluent
8546,CUST18546,Delhi NCR,North,Low,637.0,Mass
8547,CUST18547,Kolkata,East,Medium,655.0,Mass
8548,CUST18548,Hyderabad,South,Medium,686.0,Mass
8549,CUST18549,Delhi NCR,North,High,835.0,Affluent
8550,CUST18550,Pune,West,Medium,654.0,Mass
8551,CUST18551,Delhi NCR,North,Low,650.0,Mass
8552,CUST18552,Bangalore,South,Low,552.0,Mass
8553,CUST18553,Pune,West,Low,608.0,Affluent
8554,CUST18554,Delhi NCR,North,Medium,707.0,Mass
8555,CUST18555,Delhi NCR,North,Medium,758.0,Affluent
8556,CUST18556,Bangalore,South,Low,580.0,Affluent
8557,CUST18557,Delhi NCR,North,High,798.0,Mass
8558,CUST18558,Pune,West,Medium,749.0,Affluent
8559,CUST18559,Bangalore,South,Low,565.0,Affluent
8560,CUST18560,Delhi NCR,North,High,734.0,Affluent
8561,CUST18561,Hyderabad,South,Medium,667.0,Premium
8562,CUST18562,Pune,West,High,824.0,Mass
8563,CUST18563,Kolkata,East,Medium,657.0,Mass
8564,CUST18564,Hyderabad,South,Low,578.0,Mass
8565,CUST18565,Pune,West,High,840.0,Affluent
8566,CUST18566,Delhi NCR,North,High,774.0,Mass
8567,CUST18567,Bangalore,South,High,832.0,Premium
8568,CUST18568,Hyderabad,South,Low,636.0,Affluent
8569,CUST18569,Pune,West,Low,690.0,Mass
8570,CUST18570,Kolkata,East,Medium,763.0,Affluent
8571,CUST18571,Delhi NCR,North,High,752.0,Mass
8572,CUST18572,Mumbai,West,Medium,780.0,Premium
8573,CUST18573,Kolkata,East,Medium,751.0,Mass
8574,CUST18574,Kolkata,East,Medium,701.0,Affluent
8575,CUST18575,Pune,West,Medium,745.0,Premium
8576,CUST18576,Delhi NCR,North,High,727.0,Mass
8577,CUST18577,Bangalore,South,Medium,766.0,Mass
8578,CUST18578,Delhi NCR,North,High,763.0,Affluent
8579,CUST18579,Hyderabad,South,Medium,740.0,Premium
8580,CUST18580,Delhi NCR,North,Medium,651.0,Premium
8581,CUST18581,Bangalore,South,Low,559.0,Premium
8582,CUST18582,Delhi NCR,North,Low,554.0,Mass
8583,CUST18583,Bangalore,South,Medium,655.0,Premium
8584,CUST18584,Pune,West,Low,555.0,Mass
8585,CUST18585,Mumbai,West,High,807.0,Affluent
8586,CUST18586,Mumbai,West,Low,692.0,Affluent
8587,CUST18587,Pune,West,Medium,757.0,Mass
8588,CUST18588,Delhi NCR,North,Medium,766.0,Mass
8589,CUST18589,Bangalore,South,High,812.0,Affluent
8590,CUST18590,Kolkata,East,Low,635.0,Affluent
8591,CUST18591,Bangalore,South,Low,590.0,Affluent
8592,CUST18592,Delhi NCR,North,Medium,714.0,Mass
8593,CUST18593,Hyderabad,South,High,803.0,Mass
8594,CUST18594,Kolkata,East,Medium,730.0,Affluent
8595,CUST18595,Kolkata,East,High,799.0,Mass
8596,CUST18596,Hyderabad,South,High,795.0,Mass
8597,CUST18597,Hyderabad,South,Medium,704.0,Mass
8598,CUST18598,Pune,West,Low,602.0,Mass
8599,CUST18599,Delhi NCR,North,Medium,780.0,Affluent
8600,CUST18600,Kolkata,East,High,843.0,Affluent
8601,CUST18601,Kolkata,East,High,746.0,Affluent
8602,CUST18602,Pune,West,High,830.0,Mass
8603,CUST18603,Delhi NCR,North,Medium,685.0,Mass
8604,CUST18604,Kolkata,East,Low,591.0,Affluent
8605,CUST18605,Delhi NCR,North,Low,719.0,Mass
8606,CUST18606,Pune,West,Low,639.0,Premium
8607,CUST18607,Delhi NCR,North,Low,697.0,Affluent
8608,CUST18608,Pune,West,High,794.0,Affluent
8609,CUST18609,Delhi NCR,North,Medium,661.0,Mass
8610,CUST18610,Kolkata,East,Medium,730.0,Mass
8611,CUST18611,Delhi NCR,North,Low,550.0,Mass
8612,CUST18612,Kolkata,East,Medium,779.0,Mass
8613,CUST18613,Pune,West,Low,661.0,Mass
8614,CUST18614,Mumbai,West,Low,716.0,Mass
8615,CUST18615,Delhi NCR,North,High,742.0,Mass
8616,CUST18616,Hyderabad,South,Medium,753.0,Mass
8617,CUST18617,Kolkata,East,Medium,685.0,Mass
8618,CUST18618,Delhi NCR,North,High,778.0,Affluent
8619,CUST18619,Kolkata,East,High,797.0,Premium
8620,CUST18620,Bangalore,South,Low,695.0,Mass
8621,CUST18621,Pune,West,Medium,744.0,Mass
8622,CUST18622,Pune,West,Medium,671.0,Mass
8623,CUST18623,Hyderabad,South,Medium,715.0,Mass
8624,CUST18624,Pune,West,Medium,668.0,Affluent
8625,CUST18625,Bangalore,South,High,751.0,Mass
8626,CUST18626,Bangalore,South,Low,720.0,Mass
8627,CUST18627,Pune,West,High,775.0,Affluent
8628,CUST18628,Mumbai,West,High,744.0,Mass
8629,CUST18629,Pune,West,Medium,771.0,Affluent
8630,CUST18630,Mumbai,West,Low,642.0,Mass
8631,CUST18631,Hyderabad,South,High,734.0,Mass
8632,CUST18632,Hyderabad,South,Low,647.0,Mass
8633,CUST18633,Kolkata,East,Medium,757.0,Mass
8634,CUST18634,Bangalore,South,High,734.0,Affluent
8635,CUST18635,Pune,West,High,733.0,Mass
8636,CUST18636,Bangalore,South,Medium,723.0,Premium
8637,CUST18637,Bangalore,South,Low,584.0,Affluent
8638,CUST18638,Kolkata,East,High,755.0,Premium
8639,CUST18639,Kolkata,East,Low,687.0,Mass
8640,CUST18640,Kolkata,East,Medium,758.0,Mass
8641,CUST18641,Hyderabad,South,High,841.0,Mass
8642,CUST18642,Delhi NCR,North,Medium,713.0,Mass
8643,CUST18643,Delhi NCR,North,Low,676.0,Affluent
8644,CUST18644,Bangalore,South,Medium,677.0,Mass
8645,CUST18645,Delhi NCR,North,Low,698.0,Mass
8646,CUST18646,Kolkata,East,Medium,743.0,Mass
8647,CUST18647,Kolkata,East,Low,690.0,Premium
8648,CUST18648,Kolkata,East,Low,651.0,Mass
8649,CUST18649,Kolkata,East,Low,638.0,Affluent
8650,CUST18650,Hyderabad,South,Medium,684.0,Affluent
8651,CUST18651,Kolkata,East,Medium,766.0,Mass
8652,CUST18652,Hyderabad,South,Medium,734.0,Mass
8653,CUST18653,Hyderabad,South,Medium,668.0,Mass
8654,CUST18654,Delhi NCR,North,Low,657.0,Affluent
8655,CUST18655,Delhi NCR,North,Medium,688.0,Affluent
8656,CUST18656,Mumbai,West,Low,553.0,Mass
8657,CUST18657,Hyderabad,South,Low,701.0,Mass
8658,CUST18658,Bangalore,South,High,766.0,Mass
8659,CUST18659,Hyderabad,South,Low,720.0,Mass
8660,CUST18660,Hyderabad,South,Low,686.0,Mass
8661,CUST18661,Hyderabad,South,Low,623.0,Mass
8662,CUST18662,Kolkata,East,Medium,701.0,Mass
8663,CUST18663,Pune,West,Low,603.0,Affluent
8664,CUST18664,Kolkata,East,Medium,657.0,Affluent
8665,CUST18665,Mumbai,West,Low,579.0,Mass
8666,CUST18666,Bangalore,South,High,837.0,Affluent
8667,CUST18667,Hyderabad,South,Medium,716.0,Mass
8668,CUST18668,Pune,West,Low,707.0,Affluent
8669,CUST18669,Hyderabad,South,Low,707.0,Mass
8670,CUST18670,Hyderabad,South,Medium,780.0,Mass
8671,CUST18671,Bangalore,South,Low,647.0,Affluent
8672,CUST18672,Bangalore,South,High,783.0,Mass
8673,CUST18673,Bangalore,South,Low,594.0,Mass
8674,CUST18674,Delhi NCR,North,High,844.0,Mass
8675,CUST18675,Delhi NCR,North,Medium,766.0,Mass
8676,CUST18676,Delhi NCR,North,Low,636.0,Mass
8677,CUST18677,Pune,West,Low,573.0,Affluent
8678,CUST18678,Hyderabad,South,Medium,715.0,Mass
8679,CUST18679,Kolkata,East,Medium,721.0,Affluent
8680,CUST18680,Bangalore,South,Medium,675.0,Mass
8681,CUST18681,Kolkata,East,High,787.0,Mass
8682,CUST18682,Hyderabad,South,Low,656.0,Affluent
8683,CUST18683,Kolkata,East,Medium,651.0,Premium
8684,CUST18684,Pune,West,Low,717.0,Mass
8685,CUST18685,Delhi NCR,North,Low,654.0,Mass
8686,CUST18686,Pune,West,Low,616.0,Premium
8687,CUST18687,Mumbai,West,Medium,687.0,Mass
8688,CUST18688,Kolkata,East,High,760.0,Mass
8689,CUST18689,Pune,West,Medium,755.0,Mass
8690,CUST18690,Delhi NCR,North,Low,653.0,Affluent
8691,CUST18691,Kolkata,East,Medium,726.0,Mass
8692,CUST18692,Mumbai,West,Medium,714.0,Affluent
8693,CUST18693,Kolkata,East,High,738.0,Premium
8694,CUST18694,Hyderabad,South,High,722.0,Mass
8695,CUST18695,Bangalore,South,Low,573.0,Affluent
8696,CUST18696,Delhi NCR,North,High,748.0,Mass
8697,CUST18697,Hyderabad,South,Medium,693.0,Mass
8698,CUST18698,Pune,West,Medium,717.0,Affluent
8699,CUST18699,Delhi NCR,North,Medium,770.0,Affluent
8700,CUST18700,Delhi NCR,North,Low,678.0,Mass
8701,CUST18701,Mumbai,West,Low,633.0,Affluent
8702,CUST18702,Mumbai,West,Medium,744.0,Mass
8703,CUST18703,Delhi NCR,North,Low,662.0,Affluent
8704,CUST18704,Mumbai,West,Low,617.0,Affluent
8705,CUST18705,Kolkata,East,Medium,769.0,Affluent
8706,CUST18706,Bangalore,South,Low,673.0,Mass
8707,CUST18707,Pune,West,Medium,696.0,Premium
8708,CUST18708,Kolkata,East,Medium,780.0,Mass
8709,CUST18709,Pune,West,Medium,666.0,Mass
8710,CUST18710,Pune,West,High,729.0,Mass
8711,CUST18711,Kolkata,East,Low,689.0,Premium
8712,CUST18712,Mumbai,West,Medium,701.0,Mass
8713,CUST18713,Bangalore,South,Medium,741.0,Mass
8714,CUST18714,Pune,West,Medium,713.0,Affluent
8715,CUST18715,Delhi NCR,North,Low,609.0,Affluent
8716,CUST18716,Bangalore,South,Medium,737.0,Affluent
8717,CUST18717,Bangalore,South,Medium,754.0,Affluent
8718,CUST18718,Hyderabad,South,Medium,703.0,Mass
8719,CUST18719,Kolkata,East,Medium,709.0,Affluent
8720,CUST18720,Pune,West,Medium,675.0,Affluent
8721,CUST18721,Kolkata,East,Medium,751.0,Affluent
8722,CUST18722,Pune,West,Low,683.0,Mass
8723,CUST18723,Pune,West,High,782.0,Mass
8724,CUST18724,Bangalore,South,Low,682.0,Mass
8725,CUST18725,Pune,West,High,850.0,Affluent
8726,CUST18726,Delhi NCR,North,Low,652.0,Mass
8727,CUST18727,Pune,West,High,840.0,Mass
8728,CUST18728,Hyderabad,South,Medium,729.0,Mass
8729,CUST18729,Delhi NCR,North,Medium,665.0,Mass
8730,CUST18730,Hyderabad,South,High,755.0,Mass
8731,CUST18731,Delhi NCR,North,Medium,663.0,Mass
8732,CUST18732,Pune,West,Medium,709.0,Affluent
8733,CUST18733,Hyderabad,South,Medium,654.0,Mass
8734,CUST18734,Mumbai,West,High,796.0,Mass
8735,CUST18735,Hyderabad,South,Low,700.0,Mass
8736,CUST18736,Mumbai,West,Medium,756.0,Affluent
8737,CUST18737,Pune,West,Medium,716.0,Mass
8738,CUST18738,Pune,West,Low,697.0,Affluent
8739,CUST18739,Bangalore,South,High,826.0,Premium
8740,CUST18740,Pune,West,Medium,680.0,Affluent
8741,CUST18741,Kolkata,East,Low,679.0,Premium
8742,CUST18742,Mumbai,West,High,774.0,Mass
8743,CUST18743,Mumbai,West,Low,592.0,Affluent
8744,CUST18744,Mumbai,West,Medium,653.0,Affluent
8745,CUST18745,Kolkata,East,High,799.0,Mass
8746,CUST18746,Kolkata,East,Low,690.0,Premium
8747,CUST18747,Pune,West,High,779.0,Mass
8748,CUST18748,Bangalore,South,Medium,707.0,Mass
8749,CUST18749,Mumbai,West,Medium,754.0,Mass
8750,CUST18750,Bangalore,South,Medium,698.0,Mass
8751,CUST18751,Kolkata,East,Low,636.0,Mass
8752,CUST18752,Kolkata,East,Low,599.0,Mass
8753,CUST18753,Delhi NCR,North,Medium,723.0,Affluent
8754,CUST18754,Pune,West,Low,660.0,Mass
8755,CUST18755,Mumbai,West,Low,575.0,Mass
8756,CUST18756,Bangalore,South,Low,703.0,Mass
8757,CUST18757,Kolkata,East,High,760.0,Mass
8758,CUST18758,Mumbai,West,Medium,761.0,Mass
8759,CUST18759,Delhi NCR,North,High,778.0,Mass
8760,CUST18760,Pune,West,Medium,755.0,Affluent
8761,CUST18761,Hyderabad,South,Low,656.0,Mass
8762,CUST18762,Mumbai,West,Medium,765.0,Mass
8763,CUST18763,Bangalore,South,Low,650.0,Affluent
8764,CUST18764,Pune,West,Medium,748.0,Affluent
8765,CUST18765,Hyderabad,South,High,721.0,Mass
8766,CUST18766,Mumbai,West,Low,626.0,Mass
8767,CUST18767,Hyderabad,South,Medium,759.0,Affluent
8768,CUST18768,Hyderabad,South,Medium,743.0,Affluent
8769,CUST18769,Delhi NCR,North,Low,663.0,Mass
8770,CUST18770,Mumbai,West,Low,563.0,Premium
8771,CUST18771,Kolkata,East,High,817.0,Affluent
8772,CUST18772,Bangalore,South,Medium,738.0,Affluent
8773,CUST18773,Hyderabad,South,Low,666.0,Affluent
8774,CUST18774,Mumbai,West,Medium,668.0,Mass
8775,CUST18775,Pune,West,High,781.0,Affluent
8776,CUST18776,Hyderabad,South,Low,631.0,Premium
8777,CUST18777,Pune,West,Medium,752.0,Mass
8778,CUST18778,Pune,West,Low,666.0,Premium
8779,CUST18779,Bangalore,South,Low,697.0,Affluent
8780,CUST18780,Hyderabad,South,Low,587.0,Affluent
8781,CUST18781,Delhi NCR,North,High,722.0,Mass
8782,CUST18782,Hyderabad,South,Medium,727.0,Mass
8783,CUST18783,Kolkata,East,Low,601.0,Mass
8784,CUST18784,Mumbai,West,Medium,701.0,Mass
8785,CUST18785,Pune,West,Medium,760.0,Affluent
8786,CUST18786,Kolkata,East,High,828.0,Mass
8787,CUST18787,Delhi NCR,North,High,744.0,Mass
8788,CUST18788,Delhi NCR,North,Low,661.0,Affluent
8789,CUST18789,Bangalore,South,Medium,776.0,Mass
8790,CUST18790,Kolkata,East,Low,615.0,Affluent
8791,CUST18791,Pune,West,Low,668.0,Mass
8792,CUST18792,Hyderabad,South,Low,610.0,Affluent
8793,CUST18793,Kolkata,East,Low,675.0,Mass
8794,CUST18794,Mumbai,West,Medium,754.0,Mass
8795,CUST18795,Mumbai,West,Medium,773.0,Mass
8796,CUST18796,Mumbai,West,High,791.0,Mass
8797,CUST18797,Mumbai,West,Medium,757.0,Mass
8798,CUST18798,Mumbai,West,Low,697.0,Affluent
8799,CUST18799,Kolkata,East,Low,606.0,Mass
8800,CUST18800,Hyderabad,South,High,757.0,Affluent
8801,CUST18801,Kolkata,East,Low,592.0,Affluent
8802,CUST18802,Kolkata,East,Medium,651.0,Affluent
8803,CUST18803,Mumbai,West,Low,588.0,Mass
8804,CUST18804,Pune,West,High,831.0,Premium
8805,CUST18805,Hyderabad,South,High,828.0,Mass
8806,CUST18806,Hyderabad,South,Medium,760.0,Mass
8807,CUST18807,Bangalore,South,Low,667.0,Affluent
8808,CUST18808,Mumbai,West,Low,594.0,Affluent
8809,CUST18809,Hyderabad,South,Low,571.0,Premium
8810,CUST18810,Bangalore,South,Low,707.0,Mass
8811,CUST18811,Hyderabad,South,Medium,737.0,Affluent
8812,CUST18812,Delhi NCR,North,Low,599.0,Premium
8813,CUST18813,Delhi NCR,North,High,729.0,Affluent
8814,CUST18814,Mumbai,West,Low,675.0,Premium
8815,CUST18815,Mumbai,West,Low,712.0,Mass
8816,CUST18816,Kolkata,East,Medium,697.0,Mass
8817,CUST18817,Hyderabad,South,Low,593.0,Mass
8818,CUST18818,Bangalore,South,Medium,710.0,Affluent
8819,CUST18819,Hyderabad,South,Low,664.0,Affluent
8820,CUST18820,Bangalore,South,Low,651.0,Mass
8821,CUST18821,Hyderabad,South,Medium,713.0,Premium
8822,CUST18822,Kolkata,East,High,741.0,Mass
8823,CUST18823,Kolkata,East,High,849.0,Mass
8824,CUST18824,Bangalore,South,Medium,775.0,Premium
8825,CUST18825,Hyderabad,South,Low,665.0,Mass
8826,CUST18826,Kolkata,East,Low,563.0,Mass
8827,CUST18827,Mumbai,West,High,816.0,Mass
8828,CUST18828,Hyderabad,South,Low,707.0,Mass
8829,CUST18829,Pune,West,Low,580.0,Mass
8830,CUST18830,Pune,West,Low,580.0,Mass
8831,CUST18831,Hyderabad,South,Low,578.0,Mass
8832,CUST18832,Hyderabad,South,Low,578.0,Mass
8833,CUST18833,Hyderabad,South,Low,662.0,Affluent
8834,CUST18834,Hyderabad,South,Low,623.0,Mass
8835,CUST18835,Delhi NCR,North,Medium,720.0,Mass
8836,CUST18836,Bangalore,South,Low,689.0,Affluent
8837,CUST18837,Bangalore,South,Low,712.0,Mass
8838,CUST18838,Pune,West,High,791.0,Mass
8839,CUST18839,Bangalore,South,Medium,701.0,Mass
8840,CUST18840,Kolkata,East,High,754.0,Mass
8841,CUST18841,Pune,West,Low,682.0,Mass
8842,CUST18842,Delhi NCR,North,High,770.0,Affluent
8843,CUST18843,Hyderabad,South,Medium,696.0,Affluent
8844,CUST18844,Bangalore,South,Medium,747.0,Affluent
8845,CUST18845,Kolkata,East,Medium,652.0,Affluent
8846,CUST18846,Hyderabad,South,Medium,671.0,Mass
8847,CUST18847,Hyderabad,South,Low,652.0,Mass
8848,CUST18848,Bangalore,South,Low,557.0,Mass
8849,CUST18849,Delhi NCR,North,Low,576.0,Mass
8850,CUST18850,Kolkata,East,Medium,663.0,Affluent
8851,CUST18851,Hyderabad,South,Low,658.0,Mass
8852,CUST18852,Pune,West,High,767.0,Mass
8853,CUST18853,Pune,West,Low,554.0,Premium
8854,CUST18854,Mumbai,West,Medium,704.0,Mass
8855,CUST18855,Kolkata,East,Low,658.0,Mass
8856,CUST18856,Delhi NCR,North,Medium,709.0,Affluent
8857,CUST18857,Hyderabad,South,Medium,712.0,Affluent
8858,CUST18858,Hyderabad,South,Medium,653.0,Premium
8859,CUST18859,Kolkata,East,Medium,777.0,Affluent
8860,CUST18860,Pune,West,Medium,666.0,Mass
8861,CUST18861,Kolkata,East,Low,551.0,Mass
8862,CUST18862,Pune,West,Medium,678.0,Affluent
8863,CUST18863,Hyderabad,South,Low,560.0,Mass
8864,CUST18864,Mumbai,West,Low,576.0,Mass
8865,CUST18865,Bangalore,South,Low,720.0,Mass
8866,CUST18866,Mumbai,West,Low,680.0,Mass
8867,CUST18867,Hyderabad,South,High,735.0,Mass
8868,CUST18868,Delhi NCR,North,Low,639.0,Affluent
8869,CUST18869,Bangalore,South,High,747.0,Mass
8870,CUST18870,Pune,West,Medium,653.0,Premium
8871,CUST18871,Mumbai,West,Medium,717.0,Premium
8872,CUST18872,Delhi NCR,North,Low,719.0,Mass
8873,CUST18873,Bangalore,South,High,770.0,Mass
8874,CUST18874,Bangalore,South,Medium,703.0,Affluent
8875,CUST18875,Delhi NCR,North,Medium,694.0,Mass
8876,CUST18876,Pune,West,Low,586.0,Affluent
8877,CUST18877,Bangalore,South,Medium,701.0,Affluent
8878,CUST18878,Delhi NCR,North,Medium,668.0,Mass
8879,CUST18879,Delhi NCR,North,Low,658.0,Premium
8880,CUST18880,Pune,West,Medium,773.0,Affluent
8881,CUST18881,Pune,West,Low,717.0,Mass
8882,CUST18882,Delhi NCR,North,Low,681.0,Affluent
8883,CUST18883,Mumbai,West,Low,663.0,Mass
8884,CUST18884,Pune,West,Medium,774.0,Mass
8885,CUST18885,Hyderabad,South,High,798.0,Mass
8886,CUST18886,Bangalore,South,Low,624.0,Premium
8887,CUST18887,Pune,West,Medium,739.0,Affluent
8888,CUST18888,Pune,West,Medium,706.0,Mass
8889,CUST18889,Hyderabad,South,Low,568.0,Mass
8890,CUST18890,Kolkata,East,Medium,700.0,Affluent
8891,CUST18891,Delhi NCR,North,Medium,671.0,Mass
8892,CUST18892,Delhi NCR,North,Low,633.0,Mass
8893,CUST18893,Mumbai,West,Medium,706.0,Mass
8894,CUST18894,Delhi NCR,North,High,744.0,Premium
8895,CUST18895,Mumbai,West,Low,719.0,Affluent
8896,CUST18896,Hyderabad,South,Medium,723.0,Affluent
8897,CUST18897,Bangalore,South,Medium,710.0,Mass
8898,CUST18898,Hyderabad,South,High,781.0,Mass
8899,CUST18899,Mumbai,West,Low,582.0,Affluent
8900,CUST18900,Hyderabad,South,Medium,762.0,Mass
8901,CUST18901,Delhi NCR,North,Low,707.0,Mass
8902,CUST18902,Kolkata,East,Low,584.0,Affluent
8903,CUST18903,Pune,West,Medium,697.0,Mass
8904,CUST18904,Kolkata,East,Low,700.0,Mass
8905,CUST18905,Pune,West,Medium,667.0,Mass
8906,CUST18906,Mumbai,West,Medium,717.0,Mass
8907,CUST18907,Mumbai,West,Medium,755.0,Affluent
8908,CUST18908,Bangalore,South,Medium,741.0,Affluent
8909,CUST18909,Pune,West,Low,640.0,Affluent
8910,CUST18910,Kolkata,East,High,743.0,Premium
8911,CUST18911,Hyderabad,South,Low,559.0,Affluent
8912,CUST18912,Delhi NCR,North,Low,693.0,Mass
8913,CUST18913,Bangalore,South,Low,577.0,Affluent
8914,CUST18914,Delhi NCR,North,Medium,705.0,Affluent
8915,CUST18915,Delhi NCR,North,Low,608.0,Mass
8916,CUST18916,Mumbai,West,High,794.0,Affluent
8917,CUST18917,Pune,West,High,816.0,Affluent
8918,CUST18918,Mumbai,West,Low,702.0,Affluent
8919,CUST18919,Delhi NCR,North,Medium,778.0,Mass
8920,CUST18920,Hyderabad,South,Medium,656.0,Mass
8921,CUST18921,Hyderabad,South,Low,594.0,Mass
8922,CUST18922,Bangalore,South,Low,571.0,Mass
8923,CUST18923,Kolkata,East,High,761.0,Mass
8924,CUST18924,Delhi NCR,North,High,788.0,Affluent
8925,CUST18925,Delhi NCR,North,Medium,709.0,Mass
8926,CUST18926,Hyderabad,South,High,778.0,Mass
8927,CUST18927,Bangalore,South,Medium,774.0,Mass
8928,CUST18928,Hyderabad,South,Low,700.0,Mass
8929,CUST18929,Hyderabad,South,Low,712.0,Mass
8930,CUST18930,Delhi NCR,North,Low,612.0,Mass
8931,CUST18931,Kolkata,East,Medium,716.0,Mass
8932,CUST18932,Kolkata,East,Medium,674.0,Mass
8933,CUST18933,Bangalore,South,Low,677.0,Mass
8934,CUST18934,Bangalore,South,Medium,729.0,Affluent
8935,CUST18935,Mumbai,West,Medium,726.0,Mass
8936,CUST18936,Mumbai,West,Low,693.0,Mass
8937,CUST18937,Hyderabad,South,Medium,744.0,Mass
8938,CUST18938,Delhi NCR,North,Medium,768.0,Mass
8939,CUST18939,Mumbai,West,Medium,697.0,Mass
8940,CUST18940,Kolkata,East,High,849.0,Mass
8941,CUST18941,Bangalore,South,Medium,652.0,Mass
8942,CUST18942,Delhi NCR,North,Medium,688.0,Affluent
8943,CUST18943,Mumbai,West,Low,623.0,Mass
8944,CUST18944,Pune,West,Low,691.0,Mass
8945,CUST18945,Pune,West,Low,644.0,Mass
8946,CUST18946,Bangalore,South,Medium,772.0,Mass
8947,CUST18947,Mumbai,West,Low,580.0,Affluent
8948,CUST18948,Kolkata,East,Medium,743.0,Mass
8949,CUST18949,Pune,West,Low,690.0,Affluent
8950,CUST18950,Kolkata,East,Medium,709.0,Mass
8951,CUST18951,Pune,West,High,722.0,Affluent
8952,CUST18952,Delhi NCR,North,Medium,661.0,Mass
8953,CUST18953,Hyderabad,South,Medium,749.0,Mass
8954,CUST18954,Delhi NCR,North,Medium,687.0,Premium
8955,CUST18955,Delhi NCR,North,Low,597.0,Mass
8956,CUST18956,Hyderabad,South,Low,643.0,Mass
8957,CUST18957,Pune,West,Medium,708.0,Mass
8958,CUST18958,Bangalore,South,Medium,772.0,Affluent
8959,CUST18959,Delhi NCR,North,Medium,725.0,Premium
8960,CUST18960,Hyderabad,South,High,839.0,Affluent
8961,CUST18961,Mumbai,West,High,787.0,Mass
8962,CUST18962,Bangalore,South,Low,630.0,Mass
8963,CUST18963,Delhi NCR,North,Medium,778.0,Mass
8964,CUST18964,Bangalore,South,High,720.0,Mass
8965,CUST18965,Hyderabad,South,Medium,651.0,Mass
8966,CUST18966,Kolkata,East,Medium,748.0,Affluent
8967,CUST18967,Mumbai,West,Low,713.0,Mass
8968,CUST18968,Mumbai,West,Low,664.0,Premium
8969,CUST18969,Mumbai,West,Low,625.0,Mass
8970,CUST18970,Kolkata,East,Low,599.0,Affluent
8971,CUST18971,Delhi NCR,North,High,850.0,Affluent
8972,CUST18972,Hyderabad,South,Medium,780.0,Affluent
8973,CUST18973,Mumbai,West,Low,575.0,Mass
8974,CUST18974,Bangalore,South,Medium,729.0,Mass
8975,CUST18975,Hyderabad,South,Medium,717.0,Affluent
8976,CUST18976,Mumbai,West,Medium,694.0,Mass
8977,CUST18977,Delhi NCR,North,Medium,665.0,Premium
8978,CUST18978,Hyderabad,South,Medium,696.0,Mass
8979,CUST18979,Pune,West,Low,709.0,Affluent
8980,CUST18980,Bangalore,South,High,825.0,Affluent
8981,CUST18981,Hyderabad,South,Medium,704.0,Affluent
8982,CUST18982,Pune,West,Medium,760.0,Mass
8983,CUST18983,Pune,West,Medium,724.0,Affluent
8984,CUST18984,Pune,West,High,835.0,Mass
8985,CUST18985,Kolkata,East,Medium,739.0,Affluent
8986,CUST18986,Bangalore,South,Medium,678.0,Mass
8987,CUST18987,Mumbai,West,Medium,773.0,Affluent
8988,CUST18988,Pune,West,Low,579.0,Affluent
8989,CUST18989,Kolkata,East,Medium,760.0,Mass
8990,CUST18990,Delhi NCR,North,Low,666.0,Affluent
8991,CUST18991,Bangalore,South,High,825.0,Mass
8992,CUST18992,Hyderabad,South,Medium,748.0,Mass
8993,CUST18993,Pune,West,Medium,666.0,Mass
8994,CUST18994,Bangalore,South,High,776.0,Affluent
8995,CUST18995,Hyderabad,South,Low,650.0,Mass
8996,CUST18996,Delhi NCR,North,Low,595.0,Premium
8997,CUST18997,Pune,West,Medium,657.0,Premium
8998,CUST18998,Hyderabad,South,Low,632.0,Premium
8999,CUST18999,Pune,West,Medium,721.0,Mass
9000,CUST19000,Mumbai,West,Medium,686.0,Premium
9001,CUST19001,Bangalore,South,Low,577.0,Premium
9002,CUST19002,Pune,West,Low,568.0,Affluent
9003,CUST19003,Bangalore,South,Medium,693.0,Mass
9004,CUST19004,Mumbai,West,High,807.0,Mass
9005,CUST19005,Bangalore,South,High,750.0,Mass
9006,CUST19006,Bangalore,South,Low,587.0,Mass
9007,CUST19007,Bangalore,South,Low,647.0,Mass
9008,CUST19008,Pune,West,Medium,682.0,Affluent
9009,CUST19009,Mumbai,West,Low,614.0,Mass
9010,CUST19010,Pune,West,Medium,727.0,Mass
9011,CUST19011,Kolkata,East,Medium,685.0,Affluent
9012,CUST19012,Pune,West,High,792.0,Mass
9013,CUST19013,Delhi NCR,North,Medium,684.0,Mass
9014,CUST19014,Hyderabad,South,Low,673.0,Mass
9015,CUST19015,Pune,West,Medium,772.0,Mass
9016,CUST19016,Hyderabad,South,Low,706.0,Mass
9017,CUST19017,Mumbai,West,Medium,661.0,Affluent
9018,CUST19018,Delhi NCR,North,Medium,694.0,Mass
9019,CUST19019,Delhi NCR,North,Low,667.0,Mass
9020,CUST19020,Pune,West,Medium,688.0,Premium
9021,CUST19021,Pune,West,Medium,676.0,Premium
9022,CUST19022,Hyderabad,South,Low,623.0,Mass
9023,CUST19023,Bangalore,South,High,726.0,Mass
9024,CUST19024,Mumbai,West,Low,580.0,Mass
9025,CUST19025,Hyderabad,South,Low,687.0,Mass
9026,CUST19026,Bangalore,South,High,728.0,Mass
9027,CUST19027,Pune,West,High,743.0,Mass
9028,CUST19028,Bangalore,South,Low,705.0,Mass
9029,CUST19029,Kolkata,East,High,826.0,Mass
9030,CUST19030,Pune,West,Low,652.0,Affluent
9031,CUST19031,Pune,West,High,781.0,Mass
9032,CUST19032,Hyderabad,South,Medium,719.0,Premium
9033,CUST19033,Pune,West,Low,715.0,Affluent
9034,CUST19034,Mumbai,West,Low,697.0,Mass
9035,CUST19035,Hyderabad,South,Low,590.0,Affluent
9036,CUST19036,Kolkata,East,Low,711.0,Mass
9037,CUST19037,Pune,West,Medium,693.0,Affluent
9038,CUST19038,Kolkata,East,Medium,770.0,Mass
9039,CUST19039,Mumbai,West,High,771.0,Mass
9040,CUST19040,Pune,West,Medium,723.0,Mass
9041,CUST19041,Delhi NCR,North,High,750.0,Mass
9042,CUST19042,Mumbai,West,Medium,775.0,Affluent
9043,CUST19043,Pune,West,Low,623.0,Affluent
9044,CUST19044,Bangalore,South,Low,685.0,Affluent
9045,CUST19045,Delhi NCR,North,High,725.0,Mass
9046,CUST19046,Bangalore,South,High,742.0,Mass
9047,CUST19047,Mumbai,West,Low,607.0,Affluent
9048,CUST19048,Hyderabad,South,Medium,668.0,Mass
9049,CUST19049,Kolkata,East,Low,707.0,Mass
9050,CUST19050,Hyderabad,South,Low,659.0,Mass
9051,CUST19051,Bangalore,South,Low,603.0,Mass
9052,CUST19052,Mumbai,West,Medium,762.0,Mass
9053,CUST19053,Hyderabad,South,High,794.0,Affluent
9054,CUST19054,Mumbai,West,Low,650.0,Affluent
9055,CUST19055,Mumbai,West,Low,692.0,Mass
9056,CUST19056,Hyderabad,South,Low,621.0,Premium
9057,CUST19057,Mumbai,West,High,806.0,Mass
9058,CUST19058,Mumbai,West,Medium,724.0,Mass
9059,CUST19059,Mumbai,West,Low,689.0,Affluent
9060,CUST19060,Delhi NCR,North,Low,612.0,Affluent
9061,CUST19061,Pune,West,Low,608.0,Mass
9062,CUST19062,Hyderabad,South,Low,565.0,Mass
9063,CUST19063,Hyderabad,South,Medium,661.0,Mass
9064,CUST19064,Bangalore,South,High,742.0,Mass
9065,CUST19065,Mumbai,West,Low,550.0,Mass
9066,CUST19066,Bangalore,South,High,810.0,Affluent
9067,CUST19067,Mumbai,West,Medium,715.0,Mass
9068,CUST19068,Mumbai,West,Medium,779.0,Mass
9069,CUST19069,Hyderabad,South,Low,702.0,Affluent
9070,CUST19070,Mumbai,West,Medium,707.0,Affluent
9071,CUST19071,Kolkata,East,Low,703.0,Mass
9072,CUST19072,Delhi NCR,North,Low,579.0,Affluent
9073,CUST19073,Bangalore,South,Medium,685.0,Mass
9074,CUST19074,Mumbai,West,Medium,655.0,Mass
9075,CUST19075,Kolkata,East,High,850.0,Premium
9076,CUST19076,Kolkata,East,Low,707.0,Affluent
9077,CUST19077,Kolkata,East,High,818.0,Mass
9078,CUST19078,Bangalore,South,High,827.0,Affluent
9079,CUST19079,Pune,West,Low,559.0,Affluent
9080,CUST19080,Delhi NCR,North,High,759.0,Mass
9081,CUST19081,Delhi NCR,North,Medium,692.0,Mass
9082,CUST19082,Delhi NCR,North,Low,631.0,Mass
9083,CUST19083,Bangalore,South,Medium,769.0,Premium
9084,CUST19084,Pune,West,Low,713.0,Affluent
9085,CUST19085,Bangalore,South,Low,689.0,Mass
9086,CUST19086,Pune,West,High,731.0,Mass
9087,CUST19087,Hyderabad,South,Medium,762.0,Mass
9088,CUST19088,Hyderabad,South,Medium,769.0,Premium
9089,CUST19089,Kolkata,East,High,751.0,Mass
9090,CUST19090,Delhi NCR,North,High,785.0,Mass
9091,CUST19091,Kolkata,East,Low,550.0,Mass
9092,CUST19092,Mumbai,West,Low,583.0,Mass
9093,CUST19093,Kolkata,East,Low,688.0,Mass
9094,CUST19094,Hyderabad,South,Low,700.0,Mass
9095,CUST19095,Delhi NCR,North,Medium,654.0,Affluent
9096,CUST19096,Hyderabad,South,Medium,776.0,Mass
9097,CUST19097,Bangalore,South,Low,569.0,Mass
9098,CUST19098,Pune,West,High,785.0,Affluent
9099,CUST19099,Delhi NCR,North,High,742.0,Mass
9100,CUST19100,Bangalore,South,High,721.0,Mass
9101,CUST19101,Mumbai,West,Medium,703.0,Affluent
9102,CUST19102,Bangalore,South,Medium,732.0,Mass
9103,CUST19103,Pune,West,High,767.0,Mass
9104,CUST19104,Bangalore,South,Low,566.0,Mass
9105,CUST19105,Pune,West,Medium,705.0,Mass
9106,CUST19106,Hyderabad,South,Low,683.0,Mass
9107,CUST19107,Pune,West,High,811.0,Mass
9108,CUST19108,Hyderabad,South,Medium,680.0,Mass
9109,CUST19109,Pune,West,Low,720.0,Mass
9110,CUST19110,Delhi NCR,North,Medium,716.0,Mass
9111,CUST19111,Pune,West,Medium,698.0,Affluent
9112,CUST19112,Pune,West,Medium,697.0,Mass
9113,CUST19113,Bangalore,South,Medium,716.0,Mass
9114,CUST19114,Pune,West,High,721.0,Affluent
9115,CUST19115,Mumbai,West,Medium,730.0,Mass
9116,CUST19116,Pune,West,High,740.0,Mass
9117,CUST19117,Pune,West,Medium,710.0,Affluent
9118,CUST19118,Pune,West,Low,628.0,Affluent
9119,CUST19119,Bangalore,South,Medium,709.0,Mass
9120,CUST19120,Bangalore,South,Medium,740.0,Mass
9121,CUST19121,Pune,West,Low,692.0,Premium
9122,CUST19122,Hyderabad,South,Medium,706.0,Mass
9123,CUST19123,Pune,West,Medium,778.0,Affluent
9124,CUST19124,Delhi NCR,North,Low,589.0,Mass
9125,CUST19125,Kolkata,East,Low,584.0,Affluent
9126,CUST19126,Mumbai,West,Medium,767.0,Mass
9127,CUST19127,Delhi NCR,North,Low,601.0,Mass
9128,CUST19128,Delhi NCR,North,Medium,768.0,Affluent
9129,CUST19129,Mumbai,West,Medium,671.0,Mass
9130,CUST19130,Bangalore,South,Medium,703.0,Mass
9131,CUST19131,Mumbai,West,Low,633.0,Mass
9132,CUST19132,Kolkata,East,Medium,733.0,Mass
9133,CUST19133,Hyderabad,South,Low,705.0,Affluent
9134,CUST19134,Hyderabad,South,Low,652.0,Affluent
9135,CUST19135,Mumbai,West,Medium,684.0,Mass
9136,CUST19136,Pune,West,Low,645.0,Affluent
9137,CUST19137,Kolkata,East,Medium,710.0,Mass
9138,CUST19138,Bangalore,South,Low,642.0,Mass
9139,CUST19139,Kolkata,East,High,751.0,Mass
9140,CUST19140,Hyderabad,South,High,840.0,Premium
9141,CUST19141,Mumbai,West,Low,708.0,Affluent
9142,CUST19142,Kolkata,East,High,772.0,Mass
9143,CUST19143,Hyderabad,South,Low,562.0,Mass
9144,CUST19144,Mumbai,West,Low,670.0,Affluent
9145,CUST19145,Hyderabad,South,High,743.0,Mass
9146,CUST19146,Mumbai,West,Medium,776.0,Mass
9147,CUST19147,Kolkata,East,Medium,688.0,Mass
9148,CUST19148,Kolkata,East,Low,624.0,Affluent
9149,CUST19149,Mumbai,West,Medium,692.0,Mass
9150,CUST19150,Bangalore,South,High,836.0,Premium
9151,CUST19151,Kolkata,East,Low,600.0,Affluent
9152,CUST19152,Mumbai,West,High,760.0,Mass
9153,CUST19153,Mumbai,West,High,782.0,Mass
9154,CUST19154,Pune,West,Low,643.0,Mass
9155,CUST19155,Pune,West,Low,614.0,Affluent
9156,CUST19156,Mumbai,West,High,791.0,Mass
9157,CUST19157,Pune,West,Medium,665.0,Affluent
9158,CUST19158,Pune,West,Medium,708.0,Mass
9159,CUST19159,Delhi NCR,North,Medium,747.0,Affluent
9160,CUST19160,Bangalore,South,Medium,655.0,Mass
9161,CUST19161,Delhi NCR,North,Medium,667.0,Affluent
9162,CUST19162,Pune,West,Low,687.0,Mass
9163,CUST19163,Mumbai,West,Medium,702.0,Affluent
9164,CUST19164,Delhi NCR,North,High,725.0,Mass
9165,CUST19165,Hyderabad,South,High,763.0,Mass
9166,CUST19166,Pune,West,Low,703.0,Mass
9167,CUST19167,Mumbai,West,Medium,780.0,Affluent
9168,CUST19168,Pune,West,Medium,726.0,Mass
9169,CUST19169,Hyderabad,South,Medium,752.0,Mass
9170,CUST19170,Delhi NCR,North,Low,561.0,Affluent
9171,CUST19171,Mumbai,West,High,805.0,Affluent
9172,CUST19172,Kolkata,East,Low,689.0,Affluent
9173,CUST19173,Pune,West,Medium,695.0,Premium
9174,CUST19174,Delhi NCR,North,High,776.0,Affluent
9175,CUST19175,Hyderabad,South,High,791.0,Affluent
9176,CUST19176,Hyderabad,South,Low,711.0,Premium
9177,CUST19177,Mumbai,West,Medium,741.0,Mass
9178,CUST19178,Hyderabad,South,Medium,682.0,Affluent
9179,CUST19179,Hyderabad,South,Low,692.0,Affluent
9180,CUST19180,Delhi NCR,North,High,760.0,Affluent
9181,CUST19181,Pune,West,High,760.0,Mass
9182,CUST19182,Delhi NCR,North,High,834.0,Mass
9183,CUST19183,Mumbai,West,Low,624.0,Premium
9184,CUST19184,Pune,West,Low,651.0,Mass
9185,CUST19185,Kolkata,East,High,845.0,Mass
9186,CUST19186,Mumbai,West,Low,688.0,Mass
9187,CUST19187,Pune,West,Low,632.0,Mass
9188,CUST19188,Delhi NCR,North,Low,585.0,Affluent
9189,CUST19189,Pune,West,Medium,712.0,Mass
9190,CUST19190,Kolkata,East,Medium,675.0,Mass
9191,CUST19191,Pune,West,Medium,730.0,Mass
9192,CUST19192,Kolkata,East,Low,655.0,Mass
9193,CUST19193,Delhi NCR,North,Low,583.0,Affluent
9194,CUST19194,Pune,West,Medium,778.0,Affluent
9195,CUST19195,Pune,West,High,760.0,Mass
9196,CUST19196,Bangalore,South,Low,702.0,Affluent
9197,CUST19197,Delhi NCR,North,Low,606.0,Premium
9198,CUST19198,Mumbai,West,Low,690.0,Affluent
9199,CUST19199,Delhi NCR,North,Medium,704.0,Mass
9200,CUST19200,Kolkata,East,Low,692.0,Affluent
9201,CUST19201,Mumbai,West,Low,681.0,Mass
9202,CUST19202,Bangalore,South,High,801.0,Mass
9203,CUST19203,Delhi NCR,North,High,757.0,Premium
9204,CUST19204,Hyderabad,South,Low,603.0,Premium
9205,CUST19205,Kolkata,East,Low,655.0,Mass
9206,CUST19206,Delhi NCR,North,Low,561.0,Mass
9207,CUST19207,Pune,West,Low,631.0,Affluent
9208,CUST19208,Mumbai,West,Low,711.0,Affluent
9209,CUST19209,Kolkata,East,Medium,726.0,Affluent
9210,CUST19210,Delhi NCR,North,Medium,754.0,Affluent
9211,CUST19211,Bangalore,South,Medium,775.0,Mass
9212,CUST19212,Mumbai,West,Medium,736.0,Mass
9213,CUST19213,Hyderabad,South,Low,634.0,Mass
9214,CUST19214,Delhi NCR,North,Medium,678.0,Mass
9215,CUST19215,Hyderabad,South,Medium,741.0,Mass
9216,CUST19216,Hyderabad,South,Low,627.0,Mass
9217,CUST19217,Mumbai,West,Medium,714.0,Affluent
9218,CUST19218,Bangalore,South,Low,661.0,Mass
9219,CUST19219,Bangalore,South,Low,684.0,Affluent
9220,CUST19220,Pune,West,High,796.0,Affluent
9221,CUST19221,Mumbai,West,Medium,749.0,Mass
9222,CUST19222,Hyderabad,South,Medium,677.0,Premium
9223,CUST19223,Kolkata,East,High,734.0,Mass
9224,CUST19224,Mumbai,West,Medium,653.0,Affluent
9225,CUST19225,Mumbai,West,Medium,689.0,Mass
9226,CUST19226,Mumbai,West,High,814.0,Mass
9227,CUST19227,Hyderabad,South,High,801.0,Mass
9228,CUST19228,Delhi NCR,North,Low,600.0,Affluent
9229,CUST19229,Bangalore,South,Medium,715.0,Premium
9230,CUST19230,Pune,West,Low,640.0,Premium
9231,CUST19231,Mumbai,West,Medium,728.0,Premium
9232,CUST19232,Hyderabad,South,Medium,674.0,Affluent
9233,CUST19233,Bangalore,South,Medium,769.0,Affluent
9234,CUST19234,Hyderabad,South,High,750.0,Premium
9235,CUST19235,Bangalore,South,Low,678.0,Premium
9236,CUST19236,Mumbai,West,Medium,690.0,Mass
9237,CUST19237,Mumbai,West,Low,670.0,Affluent
9238,CUST19238,Pune,West,Low,552.0,Mass
9239,CUST19239,Mumbai,West,Low,611.0,Mass
9240,CUST19240,Delhi NCR,North,Low,577.0,Affluent
9241,CUST19241,Bangalore,South,Low,617.0,Premium
9242,CUST19242,Mumbai,West,Medium,733.0,Mass
9243,CUST19243,Delhi NCR,North,Medium,773.0,Mass
9244,CUST19244,Mumbai,West,Medium,760.0,Mass
9245,CUST19245,Mumbai,West,Medium,734.0,Mass
9246,CUST19246,Mumbai,West,Medium,703.0,Mass
9247,CUST19247,Delhi NCR,North,High,783.0,Premium
9248,CUST19248,Kolkata,East,Low,559.0,Mass
9249,CUST19249,Bangalore,South,Medium,663.0,Mass
9250,CUST19250,Pune,West,Medium,742.0,Mass
9251,CUST19251,Pune,West,Medium,755.0,Mass
9252,CUST19252,Pune,West,Low,659.0,Mass
9253,CUST19253,Bangalore,South,Medium,656.0,Mass
9254,CUST19254,Mumbai,West,Medium,778.0,Affluent
9255,CUST19255,Mumbai,West,Low,605.0,Premium
9256,CUST19256,Kolkata,East,Medium,720.0,Mass
9257,CUST19257,Delhi NCR,North,Low,622.0,Affluent
9258,CUST19258,Mumbai,West,Medium,776.0,Mass
9259,CUST19259,Bangalore,South,Low,719.0,Mass
9260,CUST19260,Hyderabad,South,Medium,690.0,Mass
9261,CUST19261,Delhi NCR,North,Medium,667.0,Mass
9262,CUST19262,Delhi NCR,North,Medium,667.0,Affluent
9263,CUST19263,Kolkata,East,High,727.0,Mass
9264,CUST19264,Mumbai,West,Medium,697.0,Affluent
9265,CUST19265,Hyderabad,South,Medium,679.0,Premium
9266,CUST19266,Hyderabad,South,Medium,734.0,Mass
9267,CUST19267,Pune,West,Medium,761.0,Affluent
9268,CUST19268,Mumbai,West,Low,675.0,Affluent
9269,CUST19269,Pune,West,Medium,716.0,Mass
9270,CUST19270,Bangalore,South,Low,642.0,Affluent
9271,CUST19271,Hyderabad,South,Low,673.0,Premium
9272,CUST19272,Bangalore,South,High,767.0,Affluent
9273,CUST19273,Bangalore,South,High,757.0,Mass
9274,CUST19274,Kolkata,East,Medium,653.0,Mass
9275,CUST19275,Mumbai,West,High,813.0,Affluent
9276,CUST19276,Bangalore,South,Medium,731.0,Affluent
9277,CUST19277,Hyderabad,South,High,819.0,Mass
9278,CUST19278,Bangalore,South,Low,627.0,Mass
9279,CUST19279,Pune,West,High,747.0,Mass
9280,CUST19280,Mumbai,West,Low,645.0,Premium
9281,CUST19281,Delhi NCR,North,Medium,717.0,Mass
9282,CUST19282,Bangalore,South,Medium,704.0,Mass
9283,CUST19283,Mumbai,West,Medium,710.0,Mass
9284,CUST19284,Kolkata,East,High,745.0,Mass
9285,CUST19285,Delhi NCR,North,Medium,697.0,Mass
9286,CUST19286,Kolkata,East,Medium,707.0,Mass
9287,CUST19287,Delhi NCR,North,Medium,658.0,Premium
9288,CUST19288,Kolkata,East,Low,705.0,Mass
9289,CUST19289,Mumbai,West,Medium,687.0,Mass
9290,CUST19290,Delhi NCR,North,Medium,760.0,Premium
9291,CUST19291,Mumbai,West,Low,588.0,Mass
9292,CUST19292,Bangalore,South,Medium,771.0,Mass
9293,CUST19293,Pune,West,Low,611.0,Mass
9294,CUST19294,Mumbai,West,Medium,672.0,Mass
9295,CUST19295,Pune,West,Medium,773.0,Mass
9296,CUST19296,Bangalore,South,Medium,657.0,Mass
9297,CUST19297,Kolkata,East,Medium,673.0,Mass
9298,CUST19298,Bangalore,South,High,778.0,Mass
9299,CUST19299,Hyderabad,South,Low,717.0,Affluent
9300,CUST19300,Bangalore,South,Medium,677.0,Premium
9301,CUST19301,Kolkata,East,Medium,730.0,Mass
9302,CUST19302,Delhi NCR,North,Medium,691.0,Mass
9303,CUST19303,Kolkata,East,Low,649.0,Affluent
9304,CUST19304,Kolkata,East,Low,653.0,Mass
9305,CUST19305,Mumbai,West,Medium,740.0,Premium
9306,CUST19306,Pune,West,Medium,688.0,Affluent
9307,CUST19307,Hyderabad,South,Medium,662.0,Mass
9308,CUST19308,Pune,West,Low,580.0,Affluent
9309,CUST19309,Hyderabad,South,Low,570.0,Mass
9310,CUST19310,Mumbai,West,High,845.0,Premium
9311,CUST19311,Mumbai,West,Low,677.0,Mass
9312,CUST19312,Kolkata,East,Medium,770.0,Premium
9313,CUST19313,Delhi NCR,North,Medium,745.0,Mass
9314,CUST19314,Delhi NCR,North,Low,550.0,Affluent
9315,CUST19315,Delhi NCR,North,Low,694.0,Premium
9316,CUST19316,Hyderabad,South,Medium,670.0,Mass
9317,CUST19317,Hyderabad,South,Medium,758.0,Premium
9318,CUST19318,Delhi NCR,North,Medium,666.0,Mass
9319,CUST19319,Mumbai,West,High,748.0,Mass
9320,CUST19320,Kolkata,East,Low,661.0,Premium
9321,CUST19321,Hyderabad,South,High,736.0,Premium
9322,CUST19322,Pune,West,Medium,663.0,Premium
9323,CUST19323,Hyderabad,South,Low,690.0,Mass
9324,CUST19324,Pune,West,High,793.0,Affluent
9325,CUST19325,Pune,West,High,754.0,Mass
9326,CUST19326,Bangalore,South,Low,707.0,Premium
9327,CUST19327,Pune,West,Medium,740.0,Mass
9328,CUST19328,Delhi NCR,North,Medium,724.0,Mass
9329,CUST19329,Bangalore,South,Low,595.0,Mass
9330,CUST19330,Hyderabad,South,High,833.0,Mass
9331,CUST19331,Delhi NCR,North,High,764.0,Mass
9332,CUST19332,Bangalore,South,High,839.0,Mass
9333,CUST19333,Kolkata,East,High,742.0,Premium
9334,CUST19334,Mumbai,West,Low,577.0,Premium
9335,CUST19335,Kolkata,East,Medium,750.0,Mass
9336,CUST19336,Delhi NCR,North,Low,684.0,Premium
9337,CUST19337,Pune,West,Low,701.0,Affluent
9338,CUST19338,Hyderabad,South,High,793.0,Mass
9339,CUST19339,Bangalore,South,Medium,696.0,Mass
9340,CUST19340,Hyderabad,South,High,765.0,Mass
9341,CUST19341,Bangalore,South,Low,597.0,Mass
9342,CUST19342,Kolkata,East,High,722.0,Affluent
9343,CUST19343,Mumbai,West,Low,603.0,Mass
9344,CUST19344,Hyderabad,South,Low,595.0,Premium
9345,CUST19345,Bangalore,South,Medium,680.0,Affluent
9346,CUST19346,Kolkata,East,Low,615.0,Mass
9347,CUST19347,Mumbai,West,Medium,778.0,Mass
9348,CUST19348,Hyderabad,South,Low,638.0,Mass
9349,CUST19349,Pune,West,Medium,693.0,Mass
9350,CUST19350,Mumbai,West,Medium,682.0,Mass
9351,CUST19351,Hyderabad,South,Low,611.0,Affluent
9352,CUST19352,Pune,West,Low,657.0,Mass
9353,CUST19353,Mumbai,West,Low,706.0,Affluent
9354,CUST19354,Delhi NCR,North,Medium,689.0,Affluent
9355,CUST19355,Kolkata,East,Medium,722.0,Affluent
9356,CUST19356,Kolkata,East,Low,599.0,Affluent
9357,CUST19357,Delhi NCR,North,Medium,711.0,Mass
9358,CUST19358,Bangalore,South,High,815.0,Affluent
9359,CUST19359,Kolkata,East,Medium,704.0,Affluent
9360,CUST19360,Pune,West,Medium,665.0,Mass
9361,CUST19361,Hyderabad,South,Low,650.0,Premium
9362,CUST19362,Pune,West,High,751.0,Mass
9363,CUST19363,Bangalore,South,Low,599.0,Mass
9364,CUST19364,Kolkata,East,Medium,729.0,Affluent
9365,CUST19365,Hyderabad,South,Medium,679.0,Premium
9366,CUST19366,Pune,West,Low,585.0,Mass
9367,CUST19367,Bangalore,South,High,815.0,Mass
9368,CUST19368,Kolkata,East,High,771.0,Mass
9369,CUST19369,Delhi NCR,North,Medium,673.0,Mass
9370,CUST19370,Hyderabad,South,High,812.0,Mass
9371,CUST19371,Delhi NCR,North,Medium,719.0,Affluent
9372,CUST19372,Kolkata,East,Medium,719.0,Mass
9373,CUST19373,Pune,West,Medium,770.0,Premium
9374,CUST19374,Kolkata,East,High,726.0,Mass
9375,CUST19375,Kolkata,East,High,837.0,Mass
9376,CUST19376,Pune,West,High,726.0,Mass
9377,CUST19377,Pune,West,Low,615.0,Mass
9378,CUST19378,Mumbai,West,Medium,675.0,Affluent
9379,CUST19379,Hyderabad,South,Low,684.0,Mass
9380,CUST19380,Bangalore,South,Medium,719.0,Mass
9381,CUST19381,Bangalore,South,Low,624.0,Mass
9382,CUST19382,Delhi NCR,North,Medium,673.0,Affluent
9383,CUST19383,Mumbai,West,Medium,693.0,Mass
9384,CUST19384,Pune,West,High,784.0,Affluent
9385,CUST19385,Pune,West,Medium,684.0,Affluent
9386,CUST19386,Mumbai,West,Medium,685.0,Premium
9387,CUST19387,Mumbai,West,High,799.0,Affluent
9388,CUST19388,Hyderabad,South,Low,577.0,Mass
9389,CUST19389,Pune,West,Medium,714.0,Mass
9390,CUST19390,Delhi NCR,North,Medium,661.0,Mass
9391,CUST19391,Mumbai,West,Medium,746.0,Mass
9392,CUST19392,Kolkata,East,Medium,734.0,Affluent
9393,CUST19393,Delhi NCR,North,High,751.0,Mass
9394,CUST19394,Kolkata,East,Medium,754.0,Mass
9395,CUST19395,Pune,West,Low,616.0,Mass
9396,CUST19396,Pune,West,High,824.0,Premium
9397,CUST19397,Bangalore,South,Medium,664.0,Mass
9398,CUST19398,Bangalore,South,Low,569.0,Mass
9399,CUST19399,Kolkata,East,Low,651.0,Mass
9400,CUST19400,Hyderabad,South,Low,687.0,Premium
9401,CUST19401,Bangalore,South,Low,656.0,Affluent
9402,CUST19402,Mumbai,West,Medium,656.0,Affluent
9403,CUST19403,Hyderabad,South,Low,657.0,Premium
9404,CUST19404,Mumbai,West,Low,667.0,Mass
9405,CUST19405,Pune,West,Low,670.0,Affluent
9406,CUST19406,Hyderabad,South,Medium,719.0,Affluent
9407,CUST19407,Bangalore,South,High,758.0,Mass
9408,CUST19408,Bangalore,South,Medium,709.0,Premium
9409,CUST19409,Delhi NCR,North,Low,647.0,Affluent
9410,CUST19410,Kolkata,East,Low,565.0,Mass
9411,CUST19411,Mumbai,West,Low,720.0,Premium
9412,CUST19412,Kolkata,East,Medium,742.0,Mass
9413,CUST19413,Delhi NCR,North,Low,720.0,Affluent
9414,CUST19414,Bangalore,South,Medium,757.0,Affluent
9415,CUST19415,Delhi NCR,North,Medium,717.0,Affluent
9416,CUST19416,Delhi NCR,North,High,751.0,Mass
9417,CUST19417,Delhi NCR,North,Medium,710.0,Mass
9418,CUST19418,Pune,West,High,838.0,Mass
9419,CUST19419,Bangalore,South,Low,656.0,Affluent
9420,CUST19420,Kolkata,East,Low,702.0,Mass
9421,CUST19421,Mumbai,West,Low,598.0,Affluent
9422,CUST19422,Kolkata,East,Low,705.0,Mass
9423,CUST19423,Delhi NCR,North,Low,651.0,Mass
9424,CUST19424,Mumbai,West,Low,678.0,Mass
9425,CUST19425,Bangalore,South,Medium,767.0,Affluent
9426,CUST19426,Delhi NCR,North,Medium,680.0,Mass
9427,CUST19427,Delhi NCR,North,High,750.0,Mass
9428,CUST19428,Bangalore,South,Medium,760.0,Mass
9429,CUST19429,Pune,West,Low,608.0,Mass
9430,CUST19430,Kolkata,East,Medium,651.0,Affluent
9431,CUST19431,Kolkata,East,Low,558.0,Mass
9432,CUST19432,Hyderabad,South,Low,613.0,Affluent
9433,CUST19433,Kolkata,East,Medium,663.0,Affluent
9434,CUST19434,Mumbai,West,Medium,716.0,Mass
9435,CUST19435,Kolkata,East,Medium,651.0,Mass
9436,CUST19436,Hyderabad,South,Low,596.0,Mass
9437,CUST19437,Delhi NCR,North,High,836.0,Mass
9438,CUST19438,Bangalore,South,Low,693.0,Mass
9439,CUST19439,Hyderabad,South,Low,657.0,Mass
9440,CUST19440,Pune,West,High,782.0,Mass
9441,CUST19441,Delhi NCR,North,Low,550.0,Mass
9442,CUST19442,Mumbai,West,Medium,671.0,Affluent
9443,CUST19443,Bangalore,South,Medium,732.0,Affluent
9444,CUST19444,Pune,West,Low,586.0,Premium
9445,CUST19445,Bangalore,South,Medium,652.0,Mass
9446,CUST19446,Pune,West,Low,551.0,Affluent
9447,CUST19447,Bangalore,South,Low,622.0,Mass
9448,CUST19448,Mumbai,West,Low,669.0,Mass
9449,CUST19449,Pune,West,High,732.0,Mass
9450,CUST19450,Hyderabad,South,Medium,717.0,Premium
9451,CUST19451,Mumbai,West,Low,570.0,Affluent
9452,CUST19452,Delhi NCR,North,Low,597.0,Mass
9453,CUST19453,Delhi NCR,North,Medium,765.0,Mass
9454,CUST19454,Kolkata,East,Low,606.0,Mass
9455,CUST19455,Mumbai,West,Medium,685.0,Mass
9456,CUST19456,Kolkata,East,High,736.0,Mass
9457,CUST19457,Pune,West,Medium,673.0,Mass
9458,CUST19458,Bangalore,South,Low,613.0,Mass
9459,CUST19459,Delhi NCR,North,Low,589.0,Affluent
9460,CUST19460,Pune,West,Low,586.0,Mass
9461,CUST19461,Delhi NCR,North,Medium,727.0,Premium
9462,CUST19462,Hyderabad,South,Low,684.0,Mass
9463,CUST19463,Hyderabad,South,High,846.0,Mass
9464,CUST19464,Mumbai,West,Medium,668.0,Mass
9465,CUST19465,Delhi NCR,North,Medium,739.0,Mass
9466,CUST19466,Pune,West,High,837.0,Mass
9467,CUST19467,Kolkata,East,High,846.0,Premium
9468,CUST19468,Kolkata,East,Medium,767.0,Mass
9469,CUST19469,Kolkata,East,High,840.0,Premium
9470,CUST19470,Kolkata,East,Medium,705.0,Mass
9471,CUST19471,Hyderabad,South,Medium,734.0,Mass
9472,CUST19472,Hyderabad,South,Low,602.0,Mass
9473,CUST19473,Bangalore,South,Low,688.0,Mass
9474,CUST19474,Mumbai,West,Low,656.0,Affluent
9475,CUST19475,Kolkata,East,Medium,708.0,Mass
9476,CUST19476,Delhi NCR,North,Low,600.0,Mass
9477,CUST19477,Pune,West,High,754.0,Premium
9478,CUST19478,Delhi NCR,North,Medium,684.0,Affluent
9479,CUST19479,Pune,West,Low,578.0,Mass
9480,CUST19480,Mumbai,West,High,821.0,Mass
9481,CUST19481,Delhi NCR,North,High,805.0,Mass
9482,CUST19482,Pune,West,High,721.0,Premium
9483,CUST19483,Delhi NCR,North,Medium,668.0,Premium
9484,CUST19484,Hyderabad,South,Low,618.0,Mass
9485,CUST19485,Mumbai,West,Low,669.0,Affluent
9486,CUST19486,Pune,West,Medium,655.0,Mass
9487,CUST19487,Hyderabad,South,Medium,778.0,Mass
9488,CUST19488,Kolkata,East,Low,681.0,Mass
9489,CUST19489,Delhi NCR,North,Low,578.0,Premium
9490,CUST19490,Delhi NCR,North,Low,614.0,Mass
9491,CUST19491,Bangalore,South,Low,555.0,Mass
9492,CUST19492,Mumbai,West,Medium,757.0,Mass
9493,CUST19493,Pune,West,Low,637.0,Affluent
9494,CUST19494,Mumbai,West,Medium,776.0,Mass
9495,CUST19495,Pune,West,High,742.0,Mass
9496,CUST19496,Mumbai,West,Medium,669.0,Mass
9497,CUST19497,Bangalore,South,Low,606.0,Mass
9498,CUST19498,Mumbai,West,Low,584.0,Mass
9499,CUST19499,Pune,West,Medium,690.0,Mass
9500,CUST19500,Delhi NCR,North,Low,652.0,Affluent
9501,CUST19501,Delhi NCR,North,Low,592.0,Affluent
9502,CUST19502,Hyderabad,South,Low,663.0,Mass
9503,CUST19503,Mumbai,West,High,779.0,Affluent
9504,CUST19504,Kolkata,East,Low,592.0,Mass
9505,CUST19505,Hyderabad,South,Medium,763.0,Premium
9506,CUST19506,Pune,West,High,841.0,Mass
9507,CUST19507,Pune,West,Low,552.0,Mass
9508,CUST19508,Delhi NCR,North,Low,560.0,Mass
9509,CUST19509,Mumbai,West,High,810.0,Mass
9510,CUST19510,Pune,West,Low,618.0,Mass
9511,CUST19511,Pune,West,High,817.0,Premium
9512,CUST19512,Pune,West,High,736.0,Mass
9513,CUST19513,Hyderabad,South,Low,630.0,Affluent
9514,CUST19514,Delhi NCR,North,Low,583.0,Mass
9515,CUST19515,Delhi NCR,North,Medium,735.0,Mass
9516,CUST19516,Hyderabad,South,Low,700.0,Mass
9517,CUST19517,Delhi NCR,North,Low,644.0,Mass
9518,CUST19518,Kolkata,East,Low,596.0,Premium
9519,CUST19519,Bangalore,South,High,762.0,Mass
9520,CUST19520,Delhi NCR,North,High,799.0,Mass
9521,CUST19521,Delhi NCR,North,Low,644.0,Premium
9522,CUST19522,Hyderabad,South,Medium,661.0,Mass
9523,CUST19523,Hyderabad,South,Medium,663.0,Mass
9524,CUST19524,Pune,West,Low,554.0,Affluent
9525,CUST19525,Hyderabad,South,High,797.0,Affluent
9526,CUST19526,Bangalore,South,Medium,734.0,Mass
9527,CUST19527,Hyderabad,South,Low,588.0,Affluent
9528,CUST19528,Pune,West,Low,585.0,Mass
9529,CUST19529,Kolkata,East,Medium,721.0,Premium
9530,CUST19530,Kolkata,East,High,788.0,Mass
9531,CUST19531,Bangalore,South,Low,560.0,Affluent
9532,CUST19532,Hyderabad,South,Low,593.0,Affluent
9533,CUST19533,Kolkata,East,Medium,655.0,Mass
9534,CUST19534,Delhi NCR,North,Medium,720.0,Premium
9535,CUST19535,Bangalore,South,Low,566.0,Mass
9536,CUST19536,Mumbai,West,High,843.0,Mass
9537,CUST19537,Hyderabad,South,Medium,760.0,Mass
9538,CUST19538,Bangalore,South,High,797.0,Affluent
9539,CUST19539,Bangalore,South,Low,579.0,Affluent
9540,CUST19540,Hyderabad,South,Medium,693.0,Affluent
9541,CUST19541,Pune,West,Medium,766.0,Mass
9542,CUST19542,Kolkata,East,Low,631.0,Mass
9543,CUST19543,Kolkata,East,Medium,742.0,Affluent
9544,CUST19544,Hyderabad,South,Low,720.0,Affluent
9545,CUST19545,Delhi NCR,North,Medium,753.0,Mass
9546,CUST19546,Mumbai,West,Low,701.0,Premium
9547,CUST19547,Bangalore,South,Medium,731.0,Mass
9548,CUST19548,Kolkata,East,Low,569.0,Mass
9549,CUST19549,Pune,West,Low,642.0,Mass
9550,CUST19550,Mumbai,West,Low,675.0,Premium
9551,CUST19551,Delhi NCR,North,Medium,718.0,Mass
9552,CUST19552,Kolkata,East,High,757.0,Affluent
9553,CUST19553,Mumbai,West,High,846.0,Mass
9554,CUST19554,Pune,West,Medium,748.0,Mass
9555,CUST19555,Pune,West,Low,610.0,Mass
9556,CUST19556,Delhi NCR,North,Medium,745.0,Affluent
9557,CUST19557,Pune,West,Low,644.0,Affluent
9558,CUST19558,Pune,West,High,760.0,Mass
9559,CUST19559,Delhi NCR,North,High,754.0,Mass
9560,CUST19560,Hyderabad,South,High,811.0,Mass
9561,CUST19561,Bangalore,South,Low,685.0,Affluent
9562,CUST19562,Kolkata,East,Medium,665.0,Mass
9563,CUST19563,Kolkata,East,Medium,684.0,Affluent
9564,CUST19564,Bangalore,South,Low,598.0,Mass
9565,CUST19565,Pune,West,Medium,659.0,Affluent
9566,CUST19566,Pune,West,Medium,719.0,Affluent
9567,CUST19567,Bangalore,South,Medium,686.0,Affluent
9568,CUST19568,Hyderabad,South,Medium,655.0,Mass
9569,CUST19569,Delhi NCR,North,Medium,724.0,Affluent
9570,CUST19570,Kolkata,East,Low,570.0,Affluent
9571,CUST19571,Bangalore,South,Low,715.0,Mass
9572,CUST19572,Kolkata,East,Medium,689.0,Mass
9573,CUST19573,Mumbai,West,Low,578.0,Mass
9574,CUST19574,Kolkata,East,Low,617.0,Mass
9575,CUST19575,Mumbai,West,High,749.0,Affluent
9576,CUST19576,Hyderabad,South,Medium,772.0,Affluent
9577,CUST19577,Bangalore,South,Low,685.0,Mass
9578,CUST19578,Mumbai,West,High,834.0,Affluent
9579,CUST19579,Pune,West,Medium,745.0,Affluent
9580,CUST19580,Mumbai,West,Low,574.0,Mass
9581,CUST19581,Kolkata,East,Medium,737.0,Mass
9582,CUST19582,Kolkata,East,Medium,727.0,Mass
9583,CUST19583,Mumbai,West,Low,612.0,Mass
9584,CUST19584,Kolkata,East,Medium,656.0,Mass
9585,CUST19585,Kolkata,East,Low,711.0,Premium
9586,CUST19586,Delhi NCR,North,High,811.0,Mass
9587,CUST19587,Delhi NCR,North,Low,704.0,Mass
9588,CUST19588,Pune,West,Low,596.0,Mass
9589,CUST19589,Mumbai,West,Medium,733.0,Premium
9590,CUST19590,Hyderabad,South,Low,625.0,Affluent
9591,CUST19591,Delhi NCR,North,Low,586.0,Mass
9592,CUST19592,Bangalore,South,Medium,756.0,Affluent
9593,CUST19593,Hyderabad,South,High,742.0,Mass
9594,CUST19594,Mumbai,West,Low,575.0,Affluent
9595,CUST19595,Pune,West,Medium,651.0,Affluent
9596,CUST19596,Delhi NCR,North,Low,720.0,Mass
9597,CUST19597,Delhi NCR,North,Low,607.0,Affluent
9598,CUST19598,Delhi NCR,North,Medium,716.0,Affluent
9599,CUST19599,Bangalore,South,Low,635.0,Mass
9600,CUST19600,Hyderabad,South,Low,671.0,Mass
9601,CUST19601,Pune,West,Low,594.0,Mass
9602,CUST19602,Mumbai,West,High,850.0,Mass
9603,CUST19603,Delhi NCR,North,Low,647.0,Mass
9604,CUST19604,Delhi NCR,North,Low,708.0,Premium
9605,CUST19605,Pune,West,Medium,717.0,Mass
9606,CUST19606,Delhi NCR,North,Medium,662.0,Affluent
9607,CUST19607,Kolkata,East,High,733.0,Mass
9608,CUST19608,Hyderabad,South,Medium,670.0,Mass
9609,CUST19609,Mumbai,West,Low,711.0,Mass
9610,CUST19610,Mumbai,West,Medium,665.0,Mass
9611,CUST19611,Kolkata,East,High,814.0,Mass
9612,CUST19612,Delhi NCR,North,Medium,742.0,Mass
9613,CUST19613,Pune,West,Medium,701.0,Affluent
9614,CUST19614,Pune,West,High,763.0,Mass
9615,CUST19615,Kolkata,East,Low,619.0,Mass
9616,CUST19616,Delhi NCR,North,Medium,734.0,Affluent
9617,CUST19617,Mumbai,West,Medium,693.0,Mass
9618,CUST19618,Pune,West,Medium,653.0,Mass
9619,CUST19619,Mumbai,West,Medium,754.0,Mass
9620,CUST19620,Mumbai,West,High,836.0,Mass
9621,CUST19621,Kolkata,East,Medium,697.0,Premium
9622,CUST19622,Bangalore,South,Medium,752.0,Affluent
9623,CUST19623,Pune,West,Low,683.0,Affluent
9624,CUST19624,Kolkata,East,Medium,755.0,Affluent
9625,CUST19625,Kolkata,East,Low,657.0,Mass
9626,CUST19626,Hyderabad,South,Medium,663.0,Affluent
9627,CUST19627,Mumbai,West,Low,621.0,Mass
9628,CUST19628,Delhi NCR,North,Medium,728.0,Affluent
9629,CUST19629,Delhi NCR,North,Medium,673.0,Mass
9630,CUST19630,Kolkata,East,High,813.0,Mass
9631,CUST19631,Mumbai,West,High,736.0,Mass
9632,CUST19632,Hyderabad,South,Medium,762.0,Mass
9633,CUST19633,Delhi NCR,North,Medium,678.0,Affluent
9634,CUST19634,Delhi NCR,North,Medium,750.0,Affluent
9635,CUST19635,Hyderabad,South,Low,700.0,Premium
9636,CUST19636,Hyderabad,South,Low,562.0,Mass
9637,CUST19637,Mumbai,West,Medium,665.0,Mass
9638,CUST19638,Bangalore,South,High,773.0,Mass
9639,CUST19639,Bangalore,South,High,842.0,Mass
9640,CUST19640,Hyderabad,South,Low,674.0,Affluent
9641,CUST19641,Mumbai,West,Low,672.0,Mass
9642,CUST19642,Kolkata,East,Low,555.0,Mass
9643,CUST19643,Bangalore,South,Medium,688.0,Mass
9644,CUST19644,Mumbai,West,Medium,758.0,Premium
9645,CUST19645,Hyderabad,South,Medium,757.0,Mass
9646,CUST19646,Delhi NCR,North,Low,618.0,Mass
9647,CUST19647,Delhi NCR,North,Low,588.0,Affluent
9648,CUST19648,Delhi NCR,North,Low,633.0,Mass
9649,CUST19649,Delhi NCR,North,Medium,700.0,Mass
9650,CUST19650,Mumbai,West,Medium,653.0,Affluent
9651,CUST19651,Pune,West,High,730.0,Mass
9652,CUST19652,Kolkata,East,Medium,687.0,Mass
9653,CUST19653,Mumbai,West,Medium,745.0,Affluent
9654,CUST19654,Kolkata,East,High,766.0,Mass
9655,CUST19655,Bangalore,South,Low,683.0,Affluent
9656,CUST19656,Bangalore,South,Medium,777.0,Affluent
9657,CUST19657,Bangalore,South,Medium,717.0,Mass
9658,CUST19658,Mumbai,West,Medium,687.0,Affluent
9659,CUST19659,Bangalore,South,Medium,777.0,Mass
9660,CUST19660,Bangalore,South,Low,585.0,Affluent
9661,CUST19661,Kolkata,East,Low,584.0,Mass
9662,CUST19662,Delhi NCR,North,Medium,702.0,Affluent
9663,CUST19663,Kolkata,East,High,746.0,Affluent
9664,CUST19664,Hyderabad,South,Medium,659.0,Mass
9665,CUST19665,Hyderabad,South,Low,710.0,Mass
9666,CUST19666,Kolkata,East,Low,566.0,Mass
9667,CUST19667,Delhi NCR,North,Medium,753.0,Mass
9668,CUST19668,Pune,West,Low,557.0,Mass
9669,CUST19669,Bangalore,South,Medium,652.0,Mass
9670,CUST19670,Kolkata,East,Medium,725.0,Mass
9671,CUST19671,Hyderabad,South,Low,677.0,Mass
9672,CUST19672,Hyderabad,South,Low,690.0,Affluent
9673,CUST19673,Kolkata,East,Low,669.0,Affluent
9674,CUST19674,Hyderabad,South,Low,702.0,Mass
9675,CUST19675,Pune,West,Medium,730.0,Affluent
9676,CUST19676,Pune,West,High,769.0,Mass
9677,CUST19677,Delhi NCR,North,Medium,713.0,Affluent
9678,CUST19678,Delhi NCR,North,High,724.0,Mass
9679,CUST19679,Hyderabad,South,Medium,724.0,Mass
9680,CUST19680,Bangalore,South,Low,708.0,Affluent
9681,CUST19681,Mumbai,West,Low,677.0,Premium
9682,CUST19682,Pune,West,Low,671.0,Premium
9683,CUST19683,Kolkata,East,Low,646.0,Affluent
9684,CUST19684,Bangalore,South,Medium,754.0,Mass
9685,CUST19685,Hyderabad,South,Medium,746.0,Affluent
9686,CUST19686,Kolkata,East,Medium,778.0,Mass
9687,CUST19687,Bangalore,South,Medium,772.0,Mass
9688,CUST19688,Mumbai,West,Medium,702.0,Mass
9689,CUST19689,Hyderabad,South,Low,607.0,Premium
9690,CUST19690,Pune,West,Medium,732.0,Affluent
9691,CUST19691,Bangalore,South,Low,636.0,Mass
9692,CUST19692,Mumbai,West,Low,621.0,Affluent
9693,CUST19693,Delhi NCR,North,High,827.0,Affluent
9694,CUST19694,Mumbai,West,High,798.0,Mass
9695,CUST19695,Mumbai,West,Low,593.0,Affluent
9696,CUST19696,Delhi NCR,North,High,736.0,Affluent
9697,CUST19697,Bangalore,South,Medium,652.0,Mass
9698,CUST19698,Mumbai,West,Medium,738.0,Mass
9699,CUST19699,Mumbai,West,Medium,693.0,Affluent
9700,CUST19700,Pune,West,Medium,731.0,Mass
9701,CUST19701,Kolkata,East,Medium,677.0,Premium
9702,CUST19702,Mumbai,West,Medium,707.0,Mass
9703,CUST19703,Bangalore,South,Low,586.0,Mass
9704,CUST19704,Hyderabad,South,Low,641.0,Affluent
9705,CUST19705,Bangalore,South,Medium,690.0,Affluent
9706,CUST19706,Bangalore,South,Medium,730.0,Mass
9707,CUST19707,Kolkata,East,High,847.0,Mass
9708,CUST19708,Delhi NCR,North,Low,580.0,Mass
9709,CUST19709,Pune,West,Low,585.0,Mass
9710,CUST19710,Hyderabad,South,Medium,761.0,Affluent
9711,CUST19711,Hyderabad,South,Medium,681.0,Mass
9712,CUST19712,Kolkata,East,Low,669.0,Mass
9713,CUST19713,Hyderabad,South,Low,638.0,Mass
9714,CUST19714,Bangalore,South,Medium,726.0,Mass
9715,CUST19715,Pune,West,Low,702.0,Affluent
9716,CUST19716,Delhi NCR,North,High,833.0,Premium
9717,CUST19717,Mumbai,West,Low,641.0,Mass
9718,CUST19718,Delhi NCR,North,Low,705.0,Mass
9719,CUST19719,Delhi NCR,North,High,762.0,Mass
9720,CUST19720,Kolkata,East,Medium,701.0,Mass
9721,CUST19721,Pune,West,Medium,769.0,Affluent
9722,CUST19722,Bangalore,South,Medium,766.0,Mass
9723,CUST19723,Pune,West,Low,575.0,Mass
9724,CUST19724,Delhi NCR,North,Low,633.0,Affluent
9725,CUST19725,Kolkata,East,Medium,655.0,Mass
9726,CUST19726,Hyderabad,South,Low,684.0,Mass
9727,CUST19727,Kolkata,East,High,839.0,Mass
9728,CUST19728,Pune,West,Medium,663.0,Mass
9729,CUST19729,Hyderabad,South,Medium,713.0,Premium
9730,CUST19730,Kolkata,East,Low,597.0,Mass
9731,CUST19731,Delhi NCR,North,High,824.0,Mass
9732,CUST19732,Pune,West,Low,632.0,Affluent
9733,CUST19733,Mumbai,West,Low,589.0,Mass
9734,CUST19734,Pune,West,High,788.0,Mass
9735,CUST19735,Hyderabad,South,Low,644.0,Affluent
9736,CUST19736,Pune,West,Low,553.0,Mass
9737,CUST19737,Mumbai,West,High,720.0,Affluent
9738,CUST19738,Bangalore,South,Low,621.0,Affluent
9739,CUST19739,Hyderabad,South,Medium,666.0,Mass
9740,CUST19740,Delhi NCR,North,Low,595.0,Affluent
9741,CUST19741,Kolkata,East,Medium,775.0,Mass
9742,CUST19742,Hyderabad,South,High,831.0,Mass
9743,CUST19743,Bangalore,South,Low,604.0,Mass
9744,CUST19744,Kolkata,East,High,735.0,Affluent
9745,CUST19745,Kolkata,East,Low,677.0,Mass
9746,CUST19746,Pune,West,Medium,674.0,Mass
9747,CUST19747,Hyderabad,South,Medium,721.0,Mass
9748,CUST19748,Kolkata,East,Medium,736.0,Mass
9749,CUST19749,Mumbai,West,Medium,654.0,Mass
9750,CUST19750,Kolkata,East,Low,602.0,Mass
9751,CUST19751,Bangalore,South,Medium,737.0,Mass
9752,CUST19752,Pune,West,High,732.0,Mass
9753,CUST19753,Hyderabad,South,Medium,764.0,Mass
9754,CUST19754,Pune,West,Medium,717.0,Mass
9755,CUST19755,Bangalore,South,Low,667.0,Mass
9756,CUST19756,Pune,West,Low,589.0,Mass
9757,CUST19757,Hyderabad,South,Low,571.0,Affluent
9758,CUST19758,Delhi NCR,North,Medium,665.0,Mass
9759,CUST19759,Kolkata,East,High,734.0,Mass
9760,CUST19760,Mumbai,West,Medium,775.0,Affluent
9761,CUST19761,Pune,West,Low,626.0,Mass
9762,CUST19762,Mumbai,West,High,826.0,Mass
9763,CUST19763,Mumbai,West,Low,658.0,Mass
9764,CUST19764,Pune,West,High,807.0,Mass
9765,CUST19765,Pune,West,Medium,715.0,Mass
9766,CUST19766,Delhi NCR,North,Medium,725.0,Mass
9767,CUST19767,Kolkata,East,Medium,657.0,Mass
9768,CUST19768,Delhi NCR,North,Medium,699.0,Mass
9769,CUST19769,Hyderabad,South,Low,589.0,Mass
9770,CUST19770,Mumbai,West,Low,623.0,Affluent
9771,CUST19771,Kolkata,East,Low,640.0,Mass
9772,CUST19772,Mumbai,West,Low,650.0,Affluent
9773,CUST19773,Mumbai,West,Medium,754.0,Affluent
9774,CUST19774,Hyderabad,South,Low,718.0,Mass
9775,CUST19775,Bangalore,South,High,813.0,Mass
9776,CUST19776,Pune,West,Low,569.0,Mass
9777,CUST19777,Delhi NCR,North,Medium,738.0,Mass
9778,CUST19778,Mumbai,West,Low,624.0,Mass
9779,CUST19779,Hyderabad,South,Low,687.0,Mass
9780,CUST19780,Pune,West,Medium,732.0,Mass
9781,CUST19781,Bangalore,South,Medium,754.0,Affluent
9782,CUST19782,Delhi NCR,North,Low,609.0,Premium
9783,CUST19783,Pune,West,Medium,780.0,Mass
9784,CUST19784,Hyderabad,South,High,724.0,Mass
9785,CUST19785,Pune,West,Low,672.0,Affluent
9786,CUST19786,Hyderabad,South,Medium,716.0,Mass
9787,CUST19787,Delhi NCR,North,Low,571.0,Mass
9788,CUST19788,Hyderabad,South,Low,642.0,Affluent
9789,CUST19789,Bangalore,South,Low,680.0,Mass
9790,CUST19790,Bangalore,South,Low,699.0,Mass
9791,CUST19791,Kolkata,East,Medium,673.0,Mass
9792,CUST19792,Mumbai,West,High,816.0,Mass
9793,CUST19793,Delhi NCR,North,High,730.0,Mass
9794,CUST19794,Mumbai,West,Medium,657.0,Affluent
9795,CUST19795,Hyderabad,South,Medium,719.0,Mass
9796,CUST19796,Kolkata,East,Medium,650.0,Mass
9797,CUST19797,Delhi NCR,North,Medium,650.0,Mass
9798,CUST19798,Hyderabad,South,Medium,666.0,Affluent
9799,CUST19799,Kolkata,East,High,844.0,Mass
9800,CUST19800,Mumbai,West,Low,645.0,Mass
9801,CUST19801,Kolkata,East,High,848.0,Affluent
9802,CUST19802,Pune,West,Low,614.0,Mass
9803,CUST19803,Bangalore,South,High,792.0,Affluent
9804,CUST19804,Pune,West,High,840.0,Mass
9805,CUST19805,Bangalore,South,Low,675.0,Mass
9806,CUST19806,Kolkata,East,High,722.0,Mass
9807,CUST19807,Bangalore,South,High,790.0,Mass
9808,CUST19808,Bangalore,South,Low,600.0,Mass
9809,CUST19809,Delhi NCR,North,Low,559.0,Mass
9810,CUST19810,Mumbai,West,High,818.0,Mass
9811,CUST19811,Pune,West,Medium,751.0,Mass
9812,CUST19812,Hyderabad,South,High,827.0,Mass
9813,CUST19813,Mumbai,West,Low,599.0,Affluent
9814,CUST19814,Hyderabad,South,Low,633.0,Mass
9815,CUST19815,Hyderabad,South,Low,689.0,Mass
9816,CUST19816,Delhi NCR,North,Low,603.0,Mass
9817,CUST19817,Mumbai,West,High,785.0,Premium
9818,CUST19818,Bangalore,South,High,819.0,Affluent
9819,CUST19819,Kolkata,East,Low,601.0,Mass
9820,CUST19820,Bangalore,South,Low,675.0,Premium
9821,CUST19821,Mumbai,West,High,734.0,Mass
9822,CUST19822,Mumbai,West,High,742.0,Mass
9823,CUST19823,Mumbai,West,High,820.0,Affluent
9824,CUST19824,Bangalore,South,Low,556.0,Mass
9825,CUST19825,Mumbai,West,Low,627.0,Mass
9826,CUST19826,Mumbai,West,Low,666.0,Mass
9827,CUST19827,Mumbai,West,High,740.0,Affluent
9828,CUST19828,Pune,West,High,782.0,Mass
9829,CUST19829,Bangalore,South,Medium,698.0,Affluent
9830,CUST19830,Hyderabad,South,Low,616.0,Mass
9831,CUST19831,Kolkata,East,Medium,688.0,Affluent
9832,CUST19832,Delhi NCR,North,Medium,660.0,Mass
9833,CUST19833,Hyderabad,South,Medium,779.0,Affluent
9834,CUST19834,Bangalore,South,Medium,671.0,Premium
9835,CUST19835,Pune,West,Medium,688.0,Mass
9836,CUST19836,Mumbai,West,Medium,759.0,Mass
9837,CUST19837,Mumbai,West,High,780.0,Mass
9838,CUST19838,Bangalore,South,Medium,760.0,Affluent
9839,CUST19839,Delhi NCR,North,Medium,671.0,Mass
9840,CUST19840,Pune,West,Low,715.0,Mass
9841,CUST19841,Mumbai,West,Low,636.0,Mass
9842,CUST19842,Mumbai,West,Low,709.0,Premium
9843,CUST19843,Mumbai,West,High,823.0,Mass
9844,CUST19844,Mumbai,West,High,785.0,Mass
9845,CUST19845,Mumbai,West,Medium,655.0,Mass
9846,CUST19846,Delhi NCR,North,Low,555.0,Affluent
9847,CUST19847,Mumbai,West,Medium,698.0,Mass
9848,CUST19848,Hyderabad,South,High,792.0,Affluent
9849,CUST19849,Hyderabad,South,Low,638.0,Affluent
9850,CUST19850,Mumbai,West,Medium,761.0,Mass
9851,CUST19851,Delhi NCR,North,Low,696.0,Mass
9852,CUST19852,Pune,West,Low,605.0,Affluent
9853,CUST19853,Pune,West,Medium,653.0,Mass
9854,CUST19854,Mumbai,West,Low,694.0,Affluent
9855,CUST19855,Hyderabad,South,Low,700.0,Mass
9856,CUST19856,Delhi NCR,North,Low,576.0,Mass
9857,CUST19857,Hyderabad,South,Low,556.0,Mass
9858,CUST19858,Delhi NCR,North,Low,666.0,Mass
9859,CUST19859,Bangalore,South,High,771.0,Mass
9860,CUST19860,Pune,West,Low,562.0,Mass
9861,CUST19861,Mumbai,West,Medium,696.0,Mass
9862,CUST19862,Hyderabad,South,Medium,756.0,Affluent
9863,CUST19863,Mumbai,West,Low,708.0,Mass
9864,CUST19864,Kolkata,East,High,822.0,Affluent
9865,CUST19865,Kolkata,East,High,771.0,Mass
9866,CUST19866,Bangalore,South,Medium,712.0,Mass
9867,CUST19867,Delhi NCR,North,Low,696.0,Mass
9868,CUST19868,Delhi NCR,North,Low,583.0,Mass
9869,CUST19869,Delhi NCR,North,Low,699.0,Mass
9870,CUST19870,Kolkata,East,Low,672.0,Mass
9871,CUST19871,Kolkata,East,Medium,749.0,Premium
9872,CUST19872,Pune,West,Medium,737.0,Premium
9873,CUST19873,Delhi NCR,North,High,757.0,Affluent
9874,CUST19874,Kolkata,East,Low,708.0,Affluent
9875,CUST19875,Hyderabad,South,Medium,669.0,Mass
9876,CUST19876,Hyderabad,South,High,767.0,Affluent
9877,CUST19877,Kolkata,East,Medium,673.0,Mass
9878,CUST19878,Pune,West,Low,593.0,Mass
9879,CUST19879,Bangalore,South,Low,604.0,Mass
9880,CUST19880,Bangalore,South,Medium,680.0,Mass
9881,CUST19881,Delhi NCR,North,Low,596.0,Mass
9882,CUST19882,Kolkata,East,Medium,674.0,Affluent
9883,CUST19883,Bangalore,South,Low,669.0,Affluent
9884,CUST19884,Mumbai,West,Medium,722.0,Mass
9885,CUST19885,Delhi NCR,North,Low,632.0,Mass
9886,CUST19886,Kolkata,East,Medium,725.0,Affluent
9887,CUST19887,Delhi NCR,North,Low,624.0,Affluent
9888,CUST19888,Pune,West,Low,594.0,Affluent
9889,CUST19889,Mumbai,West,High,748.0,Mass
9890,CUST19890,Mumbai,West,Low,690.0,Affluent
9891,CUST19891,Kolkata,East,Medium,719.0,Affluent
9892,CUST19892,Pune,West,Medium,671.0,Affluent
9893,CUST19893,Hyderabad,South,Medium,712.0,Mass
9894,CUST19894,Delhi NCR,North,Medium,675.0,Mass
9895,CUST19895,Pune,West,High,815.0,Mass
9896,CUST19896,Mumbai,West,Low,623.0,Premium
9897,CUST19897,Pune,West,Low,701.0,Mass
9898,CUST19898,Bangalore,South,Low,551.0,Mass
9899,CUST19899,Kolkata,East,Low,620.0,Mass
9900,CUST19900,Bangalore,South,Low,675.0,Mass
9901,CUST19901,Kolkata,East,Medium,774.0,Mass
9902,CUST19902,Mumbai,West,Medium,652.0,Mass
9903,CUST19903,Mumbai,West,Low,701.0,Mass
9904,CUST19904,Hyderabad,South,Medium,692.0,Mass
9905,CUST19905,Hyderabad,South,High,778.0,Affluent
9906,CUST19906,Hyderabad,South,Low,643.0,Affluent
9907,CUST19907,Hyderabad,South,Medium,723.0,Mass
9908,CUST19908,Delhi NCR,North,Low,678.0,Mass
9909,CUST19909,Bangalore,South,Low,557.0,Premium
9910,CUST19910,Pune,West,Medium,745.0,Mass
9911,CUST19911,Bangalore,South,Low,552.0,Affluent
9912,CUST19912,Delhi NCR,North,High,800.0,Affluent
9913,CUST19913,Pune,West,High,778.0,Mass
9914,CUST19914,Delhi NCR,North,Medium,676.0,Affluent
9915,CUST19915,Mumbai,West,Medium,710.0,Affluent
9916,CUST19916,Bangalore,South,Low,679.0,Premium
9917,CUST19917,Delhi NCR,North,Low,571.0,Affluent
9918,CUST19918,Bangalore,South,Low,688.0,Mass
9919,CUST19919,Mumbai,West,Medium,737.0,Mass
9920,CUST19920,Mumbai,West,Low,703.0,Affluent
9921,CUST19921,Pune,West,High,744.0,Mass
9922,CUST19922,Pune,West,Low,690.0,Mass
9923,CUST19923,Pune,West,Low,583.0,Affluent
9924,CUST19924,Pune,West,High,820.0,Affluent
9925,CUST19925,Mumbai,West,Medium,672.0,Mass
9926,CUST19926,Hyderabad,South,Medium,654.0,Mass
9927,CUST19927,Hyderabad,South,Low,635.0,Affluent
9928,CUST19928,Delhi NCR,North,Low,708.0,Affluent
9929,CUST19929,Bangalore,South,Medium,763.0,Affluent
9930,CUST19930,Hyderabad,South,High,816.0,Mass
9931,CUST19931,Mumbai,West,Low,623.0,Mass
9932,CUST19932,Mumbai,West,Medium,768.0,Mass
9933,CUST19933,Mumbai,West,Medium,682.0,Mass
9934,CUST19934,Kolkata,East,Low,656.0,Affluent
9935,CUST19935,Delhi NCR,North,Medium,678.0,Mass
9936,CUST19936,Pune,West,High,830.0,Premium
9937,CUST19937,Hyderabad,South,Medium,706.0,Affluent
9938,CUST19938,Mumbai,West,Low,669.0,Mass
9939,CUST19939,Bangalore,South,Medium,666.0,Mass
9940,CUST19940,Kolkata,East,High,782.0,Affluent
9941,CUST19941,Delhi NCR,North,Medium,703.0,Affluent
9942,CUST19942,Delhi NCR,North,Low,717.0,Premium
9943,CUST19943,Bangalore,South,Low,668.0,Mass
9944,CUST19944,Bangalore,South,High,745.0,Premium
9945,CUST19945,Hyderabad,South,Low,709.0,Affluent
9946,CUST19946,Kolkata,East,Low,556.0,Premium
9947,CUST19947,Bangalore,South,Medium,735.0,Mass
9948,CUST19948,Pune,West,Medium,699.0,Mass
9949,CUST19949,Delhi NCR,North,High,838.0,Affluent
9950,CUST19950,Bangalore,South,Medium,702.0,Premium
9951,CUST19951,Pune,West,Medium,661.0,Mass
9952,CUST19952,Delhi NCR,North,Medium,750.0,Mass
9953,CUST19953,Mumbai,West,High,825.0,Affluent
9954,CUST19954,Kolkata,East,Low,579.0,Mass
9955,CUST19955,Mumbai,West,Low,677.0,Mass
9956,CUST19956,Pune,West,Low,686.0,Mass
9957,CUST19957,Kolkata,East,Medium,735.0,Affluent
9958,CUST19958,Pune,West,Medium,713.0,Mass
9959,CUST19959,Mumbai,West,Medium,766.0,Mass
9960,CUST19960,Kolkata,East,High,801.0,Mass
9961,CUST19961,Kolkata,East,Low,554.0,Mass
9962,CUST19962,Kolkata,East,High,752.0,Mass
9963,CUST19963,Mumbai,West,Medium,749.0,Mass
9964,CUST19964,Mumbai,West,Low,609.0,Affluent
9965,CUST19965,Hyderabad,South,High,742.0,Premium
9966,CUST19966,Pune,West,Medium,663.0,Mass
9967,CUST19967,Pune,West,Medium,763.0,Mass
9968,CUST19968,Delhi NCR,North,Low,645.0,Mass
9969,CUST19969,Hyderabad,South,Medium,771.0,Mass
9970,CUST19970,Bangalore,South,Medium,650.0,Mass
9971,CUST19971,Kolkata,East,Low,596.0,Affluent
9972,CUST19972,Kolkata,East,Medium,682.0,Premium
9973,CUST19973,Hyderabad,South,Low,551.0,Affluent
9974,CUST19974,Hyderabad,South,Low,590.0,Mass
9975,CUST19975,Pune,West,Medium,761.0,Affluent
9976,CUST19976,Hyderabad,South,Low,628.0,Mass
9977,CUST19977,Mumbai,West,High,838.0,Premium
9978,CUST19978,Kolkata,East,Medium,661.0,Mass
9979,CUST19979,Bangalore,South,Low,680.0,Mass
9980,CUST19980,Pune,West,Medium,751.0,Mass
9981,CUST19981,Hyderabad,South,Medium,681.0,Affluent
9982,CUST19982,Kolkata,East,Low,710.0,Premium
9983,CUST19983,Bangalore,South,Medium,693.0,Mass
9984,CUST19984,Hyderabad,South,Medium,694.0,Mass
9985,CUST19985,Kolkata,East,High,844.0,Mass
9986,CUST19986,Hyderabad,South,Medium,736.0,Mass
9987,CUST19987,Mumbai,West,Low,705.0,Premium
9988,CUST19988,Kolkata,East,Medium,701.0,Mass
9989,CUST19989,Mumbai,West,Medium,738.0,Mass
9990,CUST19990,Delhi NCR,North,Low,610.0,Mass
9991,CUST19991,Mumbai,West,High,783.0,Premium
9992,CUST19992,Mumbai,West,Low,647.0,Mass
9993,CUST19993,Bangalore,South,Low,609.0,Mass
9994,CUST19994,Pune,West,Medium,777.0,Mass
9995,CUST19995,Mumbai,West,Medium,694.0,Mass
9996,CUST19996,Bangalore,South,High,829.0,Mass
9997,CUST19997,Kolkata,East,Medium,755.0,Mass
9998,CUST19998,Hyderabad,South,Medium,675.0,Affluent
9999,CUST19999,Hyderabad,South,Medium,682.0,Affluent
