Loan_ID,Customer_ID,Loan_Type,Loan_Amount,EMI_Amount,Start_Date,Tenure_Months
LN20000,CUST10000,credit card,300430,25035.83,2023-04-10,12
LN20001,CUST10001,credit card,27237,2269.75,2023-04-14,12
LN20002,CUST10002,credit card,230581,19215.08,2024-06-10,12
LN20003,CUST10003,credit card,23901,1991.75,2024-01-24,12
LN20004,CUST10004,credit card,220493,18374.42,2024-10-09,12
LN20005,CUST10005,credit card,139445,7746.94,2024-03-07,18
LN20006,CUST10006,credit card,162349,13529.08,2024-06-15,12
LN20007,CUST10007,credit card,128850,7158.33,2024-09-27,18
LN20008,CUST10008,credit card,68170,5680.83,2024-10-05,12
LN20009,CUST10009,credit card,94302,7858.5,2023-12-11,12
LN20010,CUST10010,credit card,15441,1286.75,2024-10-27,12
LN20011,CUST10011,credit card,71334,5944.5,2023-07-20,12
LN20012,CUST10012,credit card,66368,11061.33,2024-08-25,6
LN20013,CUST10013,credit card,268854,5601.12,2024-03-03,48
LN20014,CUST10014,credit card,283884,11828.5,2024-03-19,24
LN20015,CUST10015,credit card,61378,3409.89,2023-11-10,18
LN20016,CUST10016,credit card,150578,3137.04,2024-12-01,48
LN20017,CUST10017,credit card,159533,8862.94,2024-11-12,18
LN20018,CUST10018,credit card,72132,6011.0,2024-02-20,12
LN20019,CUST10019,credit card,177260,29543.33,2024-02-23,6
LN20020,CUST10020,credit card,284142,11839.25,2024-11-23,24
LN20021,CUST10021,Personal Loan,339824,,2024-11-30,24
LN20022,CUST10022,Personal Loan,133529,,2024-09-27,12
LN20023,CUST10023,Credit Card,137608,,2023-03-07,12
LN20024,CUST10024,Credit Card,102551,,2023-05-15,12
LN20025,CUST10025,Credit Card,69747,,2023-05-14,12
LN20026,CUST10026,Consumer Durable,124338,,2024-09-18,6
LN20027,CUST10027,Credit Card,30724,,2023-03-22,12
LN20028,CUST10028,Consumer Durable,52456,,2024-03-19,6
LN20029,CUST10029,Personal Loan,182333,,2023-10-21,24
LN20030,CUST10030,Credit Card,49767,,2024-05-10,12
LN20031,CUST10031,Personal Loan,441908,,2023-06-08,48
LN20032,CUST10032,Consumer Durable,83898,,2023-09-09,18
LN20033,CUST10033,Consumer Durable,79430,,2023-12-19,12
LN20034,CUST10034,Personal Loan,163236,,2024-09-05,24
LN20035,CUST10035,Personal Loan,402993,,2024-09-03,24
LN20036,CUST10036,Credit Card,106264,,2024-11-22,12
LN20037,CUST10037,Personal Loan,208274,,2023-07-08,48
LN20038,CUST10038,Personal Loan,168366,,2024-01-31,24
LN20039,CUST10039,Personal Loan,107451,,2024-08-04,48
LN20040,CUST10040,Credit Card,147215,,2024-01-14,12
LN20041,CUST10041,Credit Card,113480,9456.67,2023-08-22,12
LN20042,CUST10042,Consumer Durable,19045,1058.06,2023-08-15,18
LN20043,CUST10043,Consumer Durable,69070,3837.22,2023-10-22,18
LN20044,CUST10044,Consumer Durable,55323,4610.25,2023-09-21,12
LN20045,CUST10045,Credit Card,56325,4693.75,2023-10-08,12
LN20046,CUST10046,Personal Loan,474000,39500.0,2023-12-14,12
LN20047,CUST10047,Credit Card,66206,5517.17,2024-01-03,12
LN20048,CUST10048,Credit Card,66033,5502.75,2024-11-07,12
LN20049,CUST10049,Credit Card,95090,7924.17,2023-05-12,12
LN20050,CUST10050,Credit Card,17244,1437.0,2024-04-20,12
LN20051,CUST10051,Consumer Durable,103312,17218.67,2023-11-25,6
LN20052,CUST10052,Personal Loan,410116,8544.08,2023-02-18,48
LN20053,CUST10053,Consumer Durable,165360,9186.67,2023-06-23,18
LN20054,CUST10054,Consumer Durable,77988,4332.67,2023-01-13,18
LN20055,CUST10055,Credit Card,136747,11395.58,2023-07-19,12
LN20056,CUST10056,Credit Card,80369,6697.42,2024-03-01,12
LN20057,CUST10057,Consumer Durable,138789,11565.75,2024-01-04,12
LN20058,CUST10058,Credit Card,116364,9697.0,2023-02-06,12
LN20059,CUST10059,Personal Loan,322261,6713.77,2024-11-17,48
LN20060,CUST10060,Credit Card,56224,4685.33,2024-11-25,12
LN20061,CUST10061,Consumer Durable,121682,10140.17,2023-03-16,12
LN20062,CUST10062,Credit Card,10874,906.17,2024-10-29,12
LN20063,CUST10063,Credit Card,143232,11936.0,2024-08-31,12
LN20064,CUST10064,Personal Loan,232836,19403.0,2024-08-15,12
LN20065,CUST10065,Consumer Durable,72599,4033.28,2024-04-21,18
LN20066,CUST10066,Personal Loan,105950,2943.06,2024-04-03,36
LN20067,CUST10067,Credit Card,117954,9829.5,2024-10-16,12
LN20068,CUST10068,Credit Card,145332,12111.0,2023-10-26,12
LN20069,CUST10069,Credit Card,77931,6494.25,2024-11-17,12
LN20070,CUST10070,Consumer Durable,61044,5087.0,2024-04-24,12
LN20071,CUST10071,Personal Loan,421727,17571.96,2023-03-26,24
LN20072,CUST10072,Credit Card,80679,6723.25,2023-11-16,12
LN20073,CUST10073,Consumer Durable,68540,3807.78,2024-04-28,18
LN20074,CUST10074,Credit Card,138729,11560.75,2023-12-12,12
LN20075,CUST10075,Consumer Durable,181261,30210.17,2024-02-04,6
LN20076,CUST10076,Personal Loan,236338,6564.94,2024-04-18,36
LN20077,CUST10077,Consumer Durable,42078,7013.0,2024-08-17,6
LN20078,CUST10078,Consumer Durable,69406,11567.67,2024-07-03,6
LN20079,CUST10079,Consumer Durable,162774,9043.0,2024-07-11,18
LN20080,CUST10080,Consumer Durable,41032,3419.33,2024-08-24,12
LN20081,CUST10081,Credit Card,56382,4698.5,2024-09-11,12
LN20082,CUST10082,Personal Loan,194782,4057.96,2023-04-14,48
LN20083,CUST10083,Consumer Durable,118436,19739.33,2023-10-21,6
LN20084,CUST10084,Personal Loan,287094,5981.12,2024-06-17,48
LN20085,CUST10085,Consumer Durable,91124,15187.33,2023-12-08,6
LN20086,CUST10086,Personal Loan,285105,23758.75,2023-01-31,12
LN20087,CUST10087,Personal Loan,268846,5600.96,2023-06-11,48
LN20088,CUST10088,Credit Card,144544,12045.33,2023-12-17,12
LN20089,CUST10089,Credit Card,15788,1315.67,2024-06-06,12
LN20090,CUST10090,Credit Card,90817,7568.08,2023-03-06,12
LN20091,CUST10091,Personal Loan,108930,2269.38,2024-05-21,48
LN20092,CUST10092,Personal Loan,486932,20288.83,2023-05-15,24
LN20093,CUST10093,Personal Loan,273779,5703.73,2023-12-16,48
LN20094,CUST10094,Credit Card,147233,12269.42,2024-04-23,12
LN20095,CUST10095,Consumer Durable,121372,6742.89,2023-10-06,18
LN20096,CUST10096,Consumer Durable,120827,10068.92,2024-07-08,12
LN20097,CUST10097,Personal Loan,388702,10797.28,2024-09-21,36
LN20098,CUST10098,Credit Card,114251,9520.92,2024-07-29,12
LN20099,CUST10099,Credit Card,51180,4265.0,2024-04-10,12
LN20100,CUST10100,Personal Loan,473354,13148.72,2024-01-29,36
LN20101,CUST10101,Personal Loan,132852,3690.33,2023-11-02,36
LN20102,CUST10102,Credit Card,19673,1639.42,2024-04-07,12
LN20103,CUST10103,Consumer Durable,194475,16206.25,2024-08-01,12
LN20104,CUST10104,Consumer Durable,198640,11035.56,2023-08-28,18
LN20105,CUST10105,Credit Card,43813,3651.08,2023-11-24,12
LN20106,CUST10106,Credit Card,149636,12469.67,2024-08-26,12
LN20107,CUST10107,Personal Loan,261488,5447.67,2024-11-18,48
LN20108,CUST10108,Personal Loan,224530,6236.94,2024-06-13,36
LN20109,CUST10109,Personal Loan,486831,40569.25,2023-09-20,12
LN20110,CUST10110,Personal Loan,72708,1514.75,2024-01-31,48
LN20111,CUST10111,Consumer Durable,73729,6144.08,2023-04-06,12
LN20112,CUST10112,Credit Card,81765,6813.75,2023-05-27,12
LN20113,CUST10113,Credit Card,138535,11544.58,2024-08-16,12
LN20114,CUST10114,Consumer Durable,59159,4929.92,2023-04-16,12
LN20115,CUST10115,Consumer Durable,159810,8878.33,2024-02-27,18
LN20116,CUST10116,Consumer Durable,62813,5234.42,2024-07-22,12
LN20117,CUST10117,Credit Card,56449,4704.08,2024-08-23,12
LN20118,CUST10118,Personal Loan,483792,13438.67,2024-07-06,36
LN20119,CUST10119,Personal Loan,201580,4199.58,2023-11-07,48
LN20120,CUST10120,Credit Card,130687,10890.58,2023-09-10,12
LN20121,CUST10121,Credit Card,77298,6441.5,2023-10-18,12
LN20122,CUST10122,Personal Loan,491765,10245.1,2023-12-27,48
LN20123,CUST10123,Personal Loan,156909,13075.75,2023-02-03,12
LN20124,CUST10124,Personal Loan,464676,38723.0,2023-04-25,12
LN20125,CUST10125,Personal Loan,57571,1199.4,2023-04-27,48
LN20126,CUST10126,Credit Card,67383,5615.25,2023-03-23,12
LN20127,CUST10127,Personal Loan,87896,7324.67,2023-07-21,12
LN20128,CUST10128,Credit Card,119163,9930.25,2024-04-13,12
LN20129,CUST10129,Credit Card,133632,11136.0,2023-03-06,12
LN20130,CUST10130,Personal Loan,425985,17749.38,2023-08-19,24
LN20131,CUST10131,Consumer Durable,49799,8299.83,2023-09-23,6
LN20132,CUST10132,Personal Loan,343919,7164.98,2023-01-10,48
LN20133,CUST10133,Personal Loan,350002,7291.71,2024-11-02,48
LN20134,CUST10134,Credit Card,74995,6249.58,2023-08-28,12
LN20135,CUST10135,Personal Loan,258983,5395.48,2023-05-26,48
LN20136,CUST10136,Personal Loan,244470,10186.25,2024-01-11,24
LN20137,CUST10137,Credit Card,50161,4180.08,2023-05-11,12
LN20138,CUST10138,Consumer Durable,166485,13873.75,2023-12-08,12
LN20139,CUST10139,Personal Loan,227294,9470.58,2024-10-29,24
LN20140,CUST10140,Consumer Durable,142389,23731.5,2024-06-08,6
LN20141,CUST10141,Personal Loan,270512,22542.67,2023-12-27,12
LN20142,CUST10142,Consumer Durable,42814,3567.83,2024-07-27,12
LN20143,CUST10143,Credit Card,118622,9885.17,2023-04-27,12
LN20144,CUST10144,Consumer Durable,48308,2683.78,2023-12-26,18
LN20145,CUST10145,Consumer Durable,112335,6240.83,2023-03-01,18
LN20146,CUST10146,Personal Loan,346232,9617.56,2023-02-08,36
LN20147,CUST10147,Credit Card,49754,4146.17,2024-10-07,12
LN20148,CUST10148,Consumer Durable,174427,9690.39,2024-06-23,18
LN20149,CUST10149,Personal Loan,457524,12709.0,2023-02-04,36
LN20150,CUST10150,Credit Card,49539,4128.25,2024-01-16,12
LN20151,CUST10151,Consumer Durable,43026,3585.5,2024-09-12,12
LN20152,CUST10152,Credit Card,79563,6630.25,2024-02-23,12
LN20153,CUST10153,Personal Loan,448020,12445.0,2024-08-10,36
LN20154,CUST10154,Credit Card,92064,7672.0,2023-08-24,12
LN20155,CUST10155,Credit Card,73657,6138.08,2024-04-13,12
LN20156,CUST10156,Credit Card,96902,8075.17,2023-05-09,12
LN20157,CUST10157,Credit Card,58892,4907.67,2024-10-29,12
LN20158,CUST10158,Credit Card,122960,10246.67,2023-01-14,12
LN20159,CUST10159,Consumer Durable,149282,12440.17,2024-05-15,12
LN20160,CUST10160,Consumer Durable,187743,31290.5,2024-05-12,6
LN20161,CUST10161,Consumer Durable,37696,6282.67,2024-04-19,6
LN20162,CUST10162,Credit Card,64587,5382.25,2023-07-29,12
LN20163,CUST10163,Credit Card,109265,9105.42,2023-04-14,12
LN20164,CUST10164,Consumer Durable,187060,10392.22,2023-03-08,18
LN20165,CUST10165,Credit Card,27344,2278.67,2023-12-11,12
LN20166,CUST10166,Consumer Durable,92225,7685.42,2023-05-29,12
LN20167,CUST10167,Consumer Durable,84493,14082.17,2023-07-04,6
LN20168,CUST10168,Consumer Durable,98955,5497.5,2024-01-07,18
LN20169,CUST10169,Credit Card,64848,5404.0,2023-01-21,12
LN20170,CUST10170,Personal Loan,87816,3659.0,2024-02-16,24
LN20171,CUST10171,Personal Loan,279566,5824.29,2023-01-29,48
LN20172,CUST10172,Personal Loan,227286,6313.5,2024-01-12,36
LN20173,CUST10173,Credit Card,30217,2518.08,2024-02-23,12
LN20174,CUST10174,Personal Loan,350793,29232.75,2023-03-26,12
LN20175,CUST10175,Credit Card,82710,6892.5,2024-09-16,12
LN20176,CUST10176,Consumer Durable,69794,3877.44,2023-06-29,18
LN20177,CUST10177,Personal Loan,132989,2770.6,2023-04-07,48
LN20178,CUST10178,Credit Card,101122,8426.83,2023-12-29,12
LN20179,CUST10179,Credit Card,136536,11378.0,2023-04-26,12
LN20180,CUST10180,Credit Card,99951,8329.25,2024-07-02,12
LN20181,CUST10181,Credit Card,125273,10439.42,2023-02-20,12
LN20182,CUST10182,Personal Loan,353293,7360.27,2024-06-23,48
LN20183,CUST10183,Consumer Durable,42410,7068.33,2023-02-02,6
LN20184,CUST10184,Consumer Durable,21857,1214.28,2024-09-07,18
LN20185,CUST10185,Personal Loan,450717,12519.92,2023-07-25,36
LN20186,CUST10186,Personal Loan,311407,25950.58,2024-01-27,12
LN20187,CUST10187,Personal Loan,483644,10075.92,2024-07-09,48
LN20188,CUST10188,Credit Card,58365,4863.75,2024-07-22,12
LN20189,CUST10189,Consumer Durable,60401,3355.61,2023-04-10,18
LN20190,CUST10190,Credit Card,85444,7120.33,2024-05-11,12
LN20191,CUST10191,Credit Card,72113,6009.42,2023-08-16,12
LN20192,CUST10192,Credit Card,126076,10506.33,2024-03-16,12
LN20193,CUST10193,Personal Loan,107846,2246.79,2024-08-23,48
LN20194,CUST10194,Consumer Durable,124591,20765.17,2024-02-22,6
LN20195,CUST10195,Consumer Durable,130888,10907.33,2024-01-21,12
LN20196,CUST10196,Credit Card,37607,3133.92,2024-01-01,12
LN20197,CUST10197,Credit Card,37884,3157.0,2024-06-15,12
LN20198,CUST10198,Credit Card,41426,3452.17,2024-07-29,12
LN20199,CUST10199,Personal Loan,73875,6156.25,2024-03-28,12
LN20200,CUST10200,Consumer Durable,149605,24934.17,2024-05-12,6
LN20201,CUST10201,Credit Card,138419,11534.92,2023-12-01,12
LN20202,CUST10202,Credit Card,92425,7702.08,2024-08-27,12
LN20203,CUST10203,Credit Card,32309,2692.42,2024-11-23,12
LN20204,CUST10204,Consumer Durable,27538,4589.67,2023-06-22,6
LN20205,CUST10205,Credit Card,74478,6206.5,2023-11-02,12
LN20206,CUST10206,Consumer Durable,126427,10535.58,2023-11-06,12
LN20207,CUST10207,Consumer Durable,196260,10903.33,2023-12-01,18
LN20208,CUST10208,Personal Loan,335060,9307.22,2023-03-31,36
LN20209,CUST10209,Personal Loan,250999,10458.29,2024-03-07,24
LN20210,CUST10210,Personal Loan,90717,3779.88,2024-05-18,24
LN20211,CUST10211,Consumer Durable,118175,6565.28,2023-07-27,18
LN20212,CUST10212,Personal Loan,100723,2098.4,2024-05-05,48
LN20213,CUST10213,Personal Loan,477111,13253.08,2023-12-17,36
LN20214,CUST10214,Credit Card,120519,10043.25,2023-08-26,12
LN20215,CUST10215,Credit Card,64620,5385.0,2023-09-20,12
LN20216,CUST10216,Credit Card,79655,6637.92,2023-09-14,12
LN20217,CUST10217,Personal Loan,418451,17435.46,2023-07-30,24
LN20218,CUST10218,Personal Loan,269017,5604.52,2023-02-11,48
LN20219,CUST10219,Personal Loan,251769,20980.75,2023-07-26,12
LN20220,CUST10220,Credit Card,113619,9468.25,2023-03-11,12
LN20221,CUST10221,Personal Loan,167453,4651.47,2023-07-06,36
LN20222,CUST10222,Personal Loan,378426,15767.75,2023-03-25,24
LN20223,CUST10223,Consumer Durable,17782,1481.83,2023-06-26,12
LN20224,CUST10224,Consumer Durable,137716,22952.67,2023-04-30,6
LN20225,CUST10225,Personal Loan,180769,7532.04,2024-06-10,24
LN20226,CUST10226,Consumer Durable,94842,5269.0,2023-01-24,18
LN20227,CUST10227,Personal Loan,299286,12470.25,2024-02-15,24
LN20228,CUST10228,Personal Loan,52944,4412.0,2024-07-13,12
LN20229,CUST10229,Personal Loan,110454,2301.12,2023-05-28,48
LN20230,CUST10230,Personal Loan,264126,22010.5,2024-11-19,12
LN20231,CUST10231,Consumer Durable,160138,26689.67,2024-08-17,6
LN20232,CUST10232,Credit Card,106230,8852.5,2023-04-21,12
LN20233,CUST10233,Consumer Durable,129651,10804.25,2024-02-02,12
LN20234,CUST10234,Credit Card,137772,11481.0,2023-11-04,12
LN20235,CUST10235,Consumer Durable,181666,15138.83,2023-04-24,12
LN20236,CUST10236,Personal Loan,192023,5333.97,2024-09-30,36
LN20237,CUST10237,Consumer Durable,51052,4254.33,2024-10-10,12
LN20238,CUST10238,Personal Loan,120327,5013.62,2024-04-14,24
LN20239,CUST10239,Credit Card,120362,10030.17,2024-11-26,12
LN20240,CUST10240,Consumer Durable,159039,26506.5,2023-06-18,6
LN20241,CUST10241,Consumer Durable,121406,6744.78,2024-07-18,18
LN20242,CUST10242,Credit Card,55058,4588.17,2023-05-05,12
LN20243,CUST10243,Consumer Durable,165867,9214.83,2023-10-15,18
LN20244,CUST10244,Credit Card,40844,3403.67,2023-03-07,12
LN20245,CUST10245,Personal Loan,253977,7054.92,2023-01-10,36
LN20246,CUST10246,Consumer Durable,199845,11102.5,2023-07-03,18
LN20247,CUST10247,Credit Card,130088,10840.67,2023-06-22,12
LN20248,CUST10248,Consumer Durable,118904,6605.78,2024-03-08,18
LN20249,CUST10249,Credit Card,133840,11153.33,2023-10-21,12
LN20250,CUST10250,Credit Card,120026,10002.17,2023-11-25,12
LN20251,CUST10251,Consumer Durable,147308,8183.78,2024-07-31,18
LN20252,CUST10252,Credit Card,10718,893.17,2023-09-12,12
LN20253,CUST10253,Consumer Durable,186062,31010.33,2023-12-22,6
LN20254,CUST10254,Credit Card,62788,5232.33,2023-09-16,12
LN20255,CUST10255,Consumer Durable,72064,6005.33,2024-10-01,12
LN20256,CUST10256,Consumer Durable,112812,18802.0,2023-08-25,6
LN20257,CUST10257,Personal Loan,272733,5681.94,2023-04-06,48
LN20258,CUST10258,Credit Card,83768,6980.67,2024-01-14,12
LN20259,CUST10259,Personal Loan,170762,7115.08,2023-12-12,24
LN20260,CUST10260,Credit Card,31598,2633.17,2024-05-19,12
LN20261,CUST10261,Credit Card,48768,4064.0,2024-02-27,12
LN20262,CUST10262,Credit Card,35426,2952.17,2024-02-06,12
LN20263,CUST10263,Credit Card,109936,9161.33,2023-07-04,12
LN20264,CUST10264,Personal Loan,477291,39774.25,2023-12-15,12
LN20265,CUST10265,Consumer Durable,125044,20840.67,2023-12-29,6
LN20266,CUST10266,Consumer Durable,168914,9384.11,2024-11-12,18
LN20267,CUST10267,Personal Loan,386290,16095.42,2024-05-19,24
LN20268,CUST10268,Credit Card,48439,4036.58,2023-08-15,12
LN20269,CUST10269,Consumer Durable,30082,1671.22,2023-08-27,18
LN20270,CUST10270,Consumer Durable,187329,10407.17,2023-08-01,18
LN20271,CUST10271,Personal Loan,99379,8281.58,2023-05-30,12
LN20272,CUST10272,Credit Card,76046,6337.17,2023-07-23,12
LN20273,CUST10273,Personal Loan,303681,8435.58,2024-06-29,36
LN20274,CUST10274,Personal Loan,425893,11830.36,2023-05-28,36
LN20275,CUST10275,Personal Loan,134095,11174.58,2023-04-27,12
LN20276,CUST10276,Consumer Durable,155089,8616.06,2023-10-03,18
LN20277,CUST10277,Personal Loan,52402,2183.42,2024-01-04,24
LN20278,CUST10278,Personal Loan,66493,1385.27,2023-10-01,48
LN20279,CUST10279,Personal Loan,440621,12239.47,2024-03-21,36
LN20280,CUST10280,Credit Card,42747,3562.25,2024-05-31,12
LN20281,CUST10281,Credit Card,148235,12352.92,2023-09-20,12
LN20282,CUST10282,Personal Loan,493605,13711.25,2024-02-12,36
LN20283,CUST10283,Personal Loan,283294,5901.96,2023-08-30,48
LN20284,CUST10284,Consumer Durable,159971,26661.83,2023-12-30,6
LN20285,CUST10285,Personal Loan,339207,9422.42,2023-01-06,36
LN20286,CUST10286,Consumer Durable,121922,10160.17,2024-02-09,12
LN20287,CUST10287,Consumer Durable,114368,9530.67,2023-04-27,12
LN20288,CUST10288,Consumer Durable,178358,29726.33,2023-05-09,6
LN20289,CUST10289,Consumer Durable,196806,16400.5,2024-03-28,12
LN20290,CUST10290,Personal Loan,164979,6874.12,2023-08-13,24
LN20291,CUST10291,Consumer Durable,154548,12879.0,2024-04-03,12
LN20292,CUST10292,Credit Card,71354,5946.17,2024-08-26,12
LN20293,CUST10293,Consumer Durable,150246,25041.0,2024-02-07,6
LN20294,CUST10294,Consumer Durable,50100,8350.0,2023-08-08,6
LN20295,CUST10295,Personal Loan,240708,6686.33,2023-03-18,36
LN20296,CUST10296,Credit Card,11329,944.08,2024-08-06,12
LN20297,CUST10297,Personal Loan,239903,9995.96,2023-03-09,24
LN20298,CUST10298,Credit Card,86229,7185.75,2024-09-09,12
LN20299,CUST10299,Consumer Durable,65768,3653.78,2024-04-19,18
LN20300,CUST10300,Consumer Durable,30680,1704.44,2024-01-02,18
LN20301,CUST10301,Personal Loan,296129,24677.42,2024-10-30,12
LN20302,CUST10302,Personal Loan,327958,9109.94,2023-03-12,36
LN20303,CUST10303,Credit Card,139543,11628.58,2023-07-08,12
LN20304,CUST10304,Personal Loan,99316,2069.08,2024-09-22,48
LN20305,CUST10305,Personal Loan,342279,28523.25,2024-11-18,12
LN20306,CUST10306,Personal Loan,138212,11517.67,2023-01-25,12
LN20307,CUST10307,Personal Loan,230777,19231.42,2024-06-18,12
LN20308,CUST10308,Credit Card,145838,12153.17,2023-06-15,12
LN20309,CUST10309,Consumer Durable,74800,6233.33,2024-09-08,12
LN20310,CUST10310,Personal Loan,339573,9432.58,2024-07-27,36
LN20311,CUST10311,Credit Card,122772,10231.0,2024-04-16,12
LN20312,CUST10312,Consumer Durable,86219,14369.83,2024-05-08,6
LN20313,CUST10313,Personal Loan,92220,1921.25,2024-10-17,48
LN20314,CUST10314,Consumer Durable,147938,24656.33,2023-12-17,6
LN20315,CUST10315,Personal Loan,292181,8116.14,2023-08-15,36
LN20316,CUST10316,Personal Loan,55146,4595.5,2023-11-17,12
LN20317,CUST10317,Consumer Durable,73193,4066.28,2024-04-27,18
LN20318,CUST10318,Personal Loan,190327,15860.58,2023-05-02,12
LN20319,CUST10319,Consumer Durable,66789,3710.5,2023-08-27,18
LN20320,CUST10320,Credit Card,131244,10937.0,2023-10-17,12
LN20321,CUST10321,Consumer Durable,123156,10263.0,2023-08-02,12
LN20322,CUST10322,Credit Card,106781,8898.42,2023-06-13,12
LN20323,CUST10323,Consumer Durable,27396,1522.0,2023-12-18,18
LN20324,CUST10324,Consumer Durable,79405,4411.39,2023-02-08,18
LN20325,CUST10325,Credit Card,22075,1839.58,2023-10-02,12
LN20326,CUST10326,Consumer Durable,102694,5705.22,2023-01-13,18
LN20327,CUST10327,Credit Card,128953,10746.08,2023-01-30,12
LN20328,CUST10328,Consumer Durable,56813,3156.28,2024-07-08,18
LN20329,CUST10329,Consumer Durable,70262,11710.33,2023-11-22,6
LN20330,CUST10330,Consumer Durable,175162,14596.83,2024-01-04,12
LN20331,CUST10331,Credit Card,103460,8621.67,2024-10-04,12
LN20332,CUST10332,Personal Loan,118994,9916.17,2023-06-24,12
LN20333,CUST10333,Consumer Durable,120273,6681.83,2024-08-19,18
LN20334,CUST10334,Consumer Durable,55243,3069.06,2023-02-10,18
LN20335,CUST10335,Personal Loan,239493,6652.58,2023-06-15,36
LN20336,CUST10336,Personal Loan,60033,2501.38,2023-03-29,24
LN20337,CUST10337,Credit Card,15827,1318.92,2024-05-22,12
LN20338,CUST10338,Consumer Durable,24098,4016.33,2023-12-17,6
LN20339,CUST10339,Credit Card,31976,2664.67,2024-02-18,12
LN20340,CUST10340,Consumer Durable,81219,4512.17,2023-05-02,18
LN20341,CUST10341,Personal Loan,91365,2537.92,2024-05-30,36
LN20342,CUST10342,Consumer Durable,24554,4092.33,2023-05-13,6
LN20343,CUST10343,Consumer Durable,53568,8928.0,2023-10-19,6
LN20344,CUST10344,Personal Loan,304709,6348.1,2024-07-12,48
LN20345,CUST10345,Personal Loan,68337,1898.25,2024-03-11,36
LN20346,CUST10346,Consumer Durable,81146,4508.11,2023-05-29,18
LN20347,CUST10347,Credit Card,38378,3198.17,2024-01-28,12
LN20348,CUST10348,Consumer Durable,71093,3949.61,2023-04-14,18
LN20349,CUST10349,Personal Loan,337220,9367.22,2024-02-11,36
LN20350,CUST10350,Credit Card,110185,9182.08,2024-11-26,12
LN20351,CUST10351,Credit Card,57862,4821.83,2023-07-17,12
LN20352,CUST10352,Personal Loan,212329,5898.03,2023-09-15,36
LN20353,CUST10353,Credit Card,76872,6406.0,2023-03-30,12
LN20354,CUST10354,Consumer Durable,174127,29021.17,2023-08-01,6
LN20355,CUST10355,Credit Card,87398,7283.17,2024-01-14,12
LN20356,CUST10356,Consumer Durable,95331,15888.5,2023-07-11,6
LN20357,CUST10357,Credit Card,47091,3924.25,2024-02-15,12
LN20358,CUST10358,Personal Loan,337412,14058.83,2023-05-26,24
LN20359,CUST10359,Consumer Durable,95755,5319.72,2024-07-19,18
LN20360,CUST10360,Consumer Durable,67721,5643.42,2024-08-02,12
LN20361,CUST10361,Consumer Durable,185554,10308.56,2024-01-18,18
LN20362,CUST10362,Personal Loan,81636,6803.0,2024-04-11,12
LN20363,CUST10363,Credit Card,27330,2277.5,2023-05-07,12
LN20364,CUST10364,Credit Card,123473,10289.42,2024-04-03,12
LN20365,CUST10365,Personal Loan,257701,7158.36,2024-04-26,36
LN20366,CUST10366,Consumer Durable,64720,5393.33,2023-07-01,12
LN20367,CUST10367,Consumer Durable,42329,2351.61,2024-05-03,18
LN20368,CUST10368,Consumer Durable,142132,7896.22,2023-09-12,18
LN20369,CUST10369,Credit Card,104430,8702.5,2023-01-10,12
LN20370,CUST10370,Consumer Durable,87458,4858.78,2024-09-02,18
LN20371,CUST10371,Personal Loan,248822,6911.72,2024-03-18,36
LN20372,CUST10372,Credit Card,116483,9706.92,2023-02-09,12
LN20373,CUST10373,Personal Loan,301329,8370.25,2023-01-06,36
LN20374,CUST10374,Consumer Durable,114779,9564.92,2024-03-09,12
LN20375,CUST10375,Personal Loan,130391,5432.96,2023-10-03,24
LN20376,CUST10376,Credit Card,43164,3597.0,2024-08-10,12
LN20377,CUST10377,Consumer Durable,194535,16211.25,2024-09-01,12
LN20378,CUST10378,Personal Loan,223624,18635.33,2023-09-26,12
LN20379,CUST10379,Personal Loan,63784,5315.33,2024-05-23,12
LN20380,CUST10380,Consumer Durable,132263,7347.94,2024-07-17,18
LN20381,CUST10381,Consumer Durable,124034,6890.78,2023-01-04,18
LN20382,CUST10382,Personal Loan,370138,15422.42,2024-09-14,24
LN20383,CUST10383,Personal Loan,379116,7898.25,2023-05-06,48
LN20384,CUST10384,Credit Card,121887,10157.25,2023-04-18,12
LN20385,CUST10385,Personal Loan,268766,7465.72,2024-08-30,36
LN20386,CUST10386,Credit Card,89688,7474.0,2023-10-05,12
LN20387,CUST10387,Personal Loan,274313,11429.71,2023-07-26,24
LN20388,CUST10388,Consumer Durable,152147,25357.83,2023-05-18,6
LN20389,CUST10389,Consumer Durable,193636,10757.56,2023-02-25,18
LN20390,CUST10390,Credit Card,46858,3904.83,2023-04-11,12
LN20391,CUST10391,Credit Card,24739,2061.58,2024-06-20,12
LN20392,CUST10392,Personal Loan,102825,2142.19,2023-11-15,48
LN20393,CUST10393,Consumer Durable,69481,3860.06,2023-08-11,18
LN20394,CUST10394,Credit Card,33408,2784.0,2023-06-08,12
LN20395,CUST10395,Consumer Durable,150319,25053.17,2023-08-13,6
LN20396,CUST10396,Personal Loan,291270,8090.83,2024-10-03,36
LN20397,CUST10397,Consumer Durable,151572,25262.0,2024-05-22,6
LN20398,CUST10398,Personal Loan,439701,36641.75,2023-10-18,12
LN20399,CUST10399,Credit Card,67437,5619.75,2024-05-05,12
LN20400,CUST10400,Credit Card,130195,10849.58,2023-12-22,12
LN20401,CUST10401,Personal Loan,188648,7860.33,2023-11-26,24
LN20402,CUST10402,Credit Card,117715,9809.58,2023-01-08,12
LN20403,CUST10403,Credit Card,78408,6534.0,2023-02-26,12
LN20404,CUST10404,Personal Loan,245169,20430.75,2023-07-29,12
LN20405,CUST10405,Credit Card,74571,6214.25,2024-09-03,12
LN20406,CUST10406,Credit Card,59857,4988.08,2023-07-18,12
LN20407,CUST10407,Consumer Durable,190870,15905.83,2023-05-02,12
LN20408,CUST10408,Consumer Durable,94012,5222.89,2023-11-25,18
LN20409,CUST10409,Credit Card,66326,5527.17,2024-05-16,12
LN20410,CUST10410,Consumer Durable,29967,2497.25,2023-10-16,12
LN20411,CUST10411,Credit Card,27673,2306.08,2023-12-19,12
LN20412,CUST10412,Consumer Durable,177599,9866.61,2024-02-14,18
LN20413,CUST10413,Consumer Durable,101583,5643.5,2024-03-31,18
LN20414,CUST10414,Personal Loan,494854,41237.83,2024-04-19,12
LN20415,CUST10415,Consumer Durable,162902,9050.11,2024-01-07,18
LN20416,CUST10416,Personal Loan,204905,4268.85,2024-03-09,48
LN20417,CUST10417,Personal Loan,102801,4283.38,2023-07-02,24
LN20418,CUST10418,Consumer Durable,116476,9706.33,2023-12-15,12
LN20419,CUST10419,Personal Loan,276608,23050.67,2024-02-26,12
LN20420,CUST10420,Credit Card,25311,2109.25,2023-04-01,12
LN20421,CUST10421,Consumer Durable,172549,9586.06,2023-07-17,18
LN20422,CUST10422,Personal Loan,415182,8649.62,2023-08-30,48
LN20423,CUST10423,Credit Card,14108,1175.67,2023-07-14,12
LN20424,CUST10424,Personal Loan,195133,8130.54,2023-03-08,24
LN20425,CUST10425,Personal Loan,122694,5112.25,2024-01-27,24
LN20426,CUST10426,Consumer Durable,181789,10099.39,2024-09-05,18
LN20427,CUST10427,Personal Loan,328929,13705.38,2024-10-06,24
LN20428,CUST10428,Credit Card,137441,11453.42,2023-12-29,12
LN20429,CUST10429,Credit Card,13561,1130.08,2024-10-30,12
LN20430,CUST10430,Credit Card,11743,978.58,2023-07-17,12
LN20431,CUST10431,Consumer Durable,53175,8862.5,2024-08-03,6
LN20432,CUST10432,Consumer Durable,38465,3205.42,2023-06-13,12
LN20433,CUST10433,Personal Loan,223987,6221.86,2024-01-21,36
LN20434,CUST10434,Credit Card,109573,9131.08,2023-02-07,12
LN20435,CUST10435,Consumer Durable,168575,28095.83,2023-08-30,6
LN20436,CUST10436,Consumer Durable,96964,8080.33,2023-07-16,12
LN20437,CUST10437,Personal Loan,333513,13896.38,2023-07-04,24
LN20438,CUST10438,Consumer Durable,115057,9588.08,2023-09-28,12
LN20439,CUST10439,Consumer Durable,187055,31175.83,2023-09-25,6
LN20440,CUST10440,Personal Loan,340008,14167.0,2024-08-04,24
LN20441,CUST10441,Consumer Durable,84137,7011.42,2024-03-16,12
LN20442,CUST10442,Consumer Durable,102954,5719.67,2023-01-25,18
LN20443,CUST10443,Consumer Durable,89715,14952.5,2024-07-06,6
LN20444,CUST10444,Credit Card,68908,5742.33,2024-01-29,12
LN20445,CUST10445,Consumer Durable,27193,2266.08,2023-11-06,12
LN20446,CUST10446,Personal Loan,338195,28182.92,2024-09-02,12
LN20447,CUST10447,Personal Loan,476430,19851.25,2024-03-25,24
LN20448,CUST10448,Credit Card,64682,5390.17,2024-01-05,12
LN20449,CUST10449,Personal Loan,335677,13986.54,2023-10-27,24
LN20450,CUST10450,Personal Loan,54497,2270.71,2023-01-26,24
LN20451,CUST10451,Consumer Durable,80080,13346.67,2023-03-04,6
LN20452,CUST10452,Credit Card,22987,1915.58,2024-09-09,12
LN20453,CUST10453,Consumer Durable,171209,9511.61,2023-12-17,18
LN20454,CUST10454,Credit Card,45166,3763.83,2023-12-08,12
LN20455,CUST10455,Consumer Durable,178120,14843.33,2023-09-29,12
LN20456,CUST10456,Credit Card,98302,8191.83,2023-11-29,12
LN20457,CUST10457,Personal Loan,98522,8210.17,2024-01-14,12
LN20458,CUST10458,Credit Card,31538,2628.17,2024-05-27,12
LN20459,CUST10459,Consumer Durable,108431,18071.83,2023-11-13,6
LN20460,CUST10460,Credit Card,86317,7193.08,2024-07-29,12
LN20461,CUST10461,Credit Card,16545,1378.75,2023-01-27,12
LN20462,CUST10462,Credit Card,43258,3604.83,2024-05-02,12
LN20463,CUST10463,Consumer Durable,87091,4838.39,2023-12-25,18
LN20464,CUST10464,Consumer Durable,34348,2862.33,2024-08-16,12
LN20465,CUST10465,Credit Card,12746,1062.17,2024-10-22,12
LN20466,CUST10466,Consumer Durable,95796,15966.0,2023-03-16,6
LN20467,CUST10467,Personal Loan,444963,12360.08,2023-10-12,36
LN20468,CUST10468,Consumer Durable,29266,1625.89,2024-05-02,18
LN20469,CUST10469,Credit Card,17818,1484.83,2023-12-06,12
LN20470,CUST10470,Personal Loan,128677,3574.36,2024-03-27,36
LN20471,CUST10471,Personal Loan,237765,19813.75,2023-09-03,12
LN20472,CUST10472,Personal Loan,450845,37570.42,2023-01-17,12
LN20473,CUST10473,Consumer Durable,70212,3900.67,2024-04-22,18
LN20474,CUST10474,Credit Card,56267,4688.92,2024-08-11,12
LN20475,CUST10475,Consumer Durable,91040,7586.67,2023-12-07,12
LN20476,CUST10476,Consumer Durable,53862,4488.5,2023-11-28,12
LN20477,CUST10477,Personal Loan,126586,2637.21,2023-06-11,48
LN20478,CUST10478,Personal Loan,437735,9119.48,2023-03-08,48
LN20479,CUST10479,Personal Loan,292990,8138.61,2023-05-02,36
LN20480,CUST10480,Consumer Durable,167703,9316.83,2024-11-27,18
LN20481,CUST10481,Personal Loan,276183,7671.75,2024-06-01,36
LN20482,CUST10482,Consumer Durable,90144,15024.0,2024-03-09,6
LN20483,CUST10483,Personal Loan,215891,4497.73,2024-05-06,48
LN20484,CUST10484,Consumer Durable,112981,9415.08,2023-03-18,12
LN20485,CUST10485,Credit Card,30843,2570.25,2023-02-14,12
LN20486,CUST10486,Consumer Durable,18415,3069.17,2023-02-07,6
LN20487,CUST10487,Personal Loan,123281,3424.47,2024-07-22,36
LN20488,CUST10488,Credit Card,72971,6080.92,2023-01-25,12
LN20489,CUST10489,Credit Card,82368,6864.0,2024-07-02,12
LN20490,CUST10490,Personal Loan,300026,6250.54,2024-01-28,48
LN20491,CUST10491,Consumer Durable,44763,7460.5,2023-09-04,6
LN20492,CUST10492,Personal Loan,495602,13766.72,2024-05-04,36
LN20493,CUST10493,Personal Loan,286558,11939.92,2023-11-23,24
LN20494,CUST10494,Credit Card,95051,7920.92,2024-07-02,12
LN20495,CUST10495,Credit Card,18721,1560.08,2024-06-14,12
LN20496,CUST10496,Consumer Durable,159844,26640.67,2023-05-29,6
LN20497,CUST10497,Personal Loan,225857,18821.42,2024-02-21,12
LN20498,CUST10498,Credit Card,23269,1939.08,2024-08-27,12
LN20499,CUST10499,Personal Loan,237394,4945.71,2024-03-30,48
LN20500,CUST10500,Personal Loan,209772,4370.25,2023-11-23,48
LN20501,CUST10501,Consumer Durable,172240,28706.67,2024-02-12,6
LN20502,CUST10502,Personal Loan,434498,9052.04,2023-06-16,48
LN20503,CUST10503,Personal Loan,386776,8057.83,2023-03-23,48
LN20504,CUST10504,Consumer Durable,73366,12227.67,2023-11-19,6
LN20505,CUST10505,Personal Loan,325718,27143.17,2024-08-06,12
LN20506,CUST10506,Consumer Durable,137924,11493.67,2024-08-26,12
LN20507,CUST10507,Personal Loan,280344,7787.33,2024-09-07,36
LN20508,CUST10508,Credit Card,12268,1022.33,2024-01-31,12
LN20509,CUST10509,Credit Card,56014,4667.83,2024-03-26,12
LN20510,CUST10510,Consumer Durable,129105,21517.5,2023-06-07,6
LN20511,CUST10511,Credit Card,54212,4517.67,2023-05-31,12
LN20512,CUST10512,Consumer Durable,17492,2915.33,2024-09-08,6
LN20513,CUST10513,Personal Loan,98397,8199.75,2023-04-13,12
LN20514,CUST10514,Consumer Durable,113850,18975.0,2023-11-13,6
LN20515,CUST10515,Consumer Durable,37522,6253.67,2024-04-28,6
LN20516,CUST10516,Credit Card,77731,6477.58,2023-11-19,12
LN20517,CUST10517,Consumer Durable,58435,4869.58,2024-02-14,12
LN20518,CUST10518,Consumer Durable,67940,11323.33,2024-09-17,6
LN20519,CUST10519,Credit Card,107365,8947.08,2023-02-10,12
LN20520,CUST10520,Personal Loan,207795,17316.25,2023-04-20,12
LN20521,CUST10521,Personal Loan,277907,7719.64,2023-12-26,36
LN20522,CUST10522,Consumer Durable,40144,3345.33,2024-10-08,12
LN20523,CUST10523,Consumer Durable,177358,14779.83,2024-06-16,12
LN20524,CUST10524,Personal Loan,117084,3252.33,2023-05-06,36
LN20525,CUST10525,Credit Card,15098,1258.17,2024-03-09,12
LN20526,CUST10526,Personal Loan,460117,19171.54,2023-07-28,24
LN20527,CUST10527,Consumer Durable,36688,3057.33,2023-06-05,12
LN20528,CUST10528,Credit Card,33383,2781.92,2023-08-30,12
LN20529,CUST10529,Personal Loan,175234,3650.71,2024-03-30,48
LN20530,CUST10530,Personal Loan,460189,38349.08,2023-06-15,12
LN20531,CUST10531,Credit Card,101254,8437.83,2023-01-25,12
LN20532,CUST10532,Personal Loan,287173,7977.03,2023-10-29,36
LN20533,CUST10533,Personal Loan,268979,11207.46,2023-04-21,24
LN20534,CUST10534,Personal Loan,466021,19417.54,2023-12-02,24
LN20535,CUST10535,Credit Card,97367,8113.92,2023-04-09,12
LN20536,CUST10536,Personal Loan,351219,7317.06,2023-06-24,48
LN20537,CUST10537,Credit Card,66252,5521.0,2023-04-12,12
LN20538,CUST10538,Credit Card,55144,4595.33,2024-03-29,12
LN20539,CUST10539,Personal Loan,57543,1198.81,2024-01-11,48
LN20540,CUST10540,Consumer Durable,107070,17845.0,2024-09-30,6
LN20541,CUST10541,Credit Card,139808,11650.67,2023-08-03,12
LN20542,CUST10542,Consumer Durable,122235,20372.5,2024-03-10,6
LN20543,CUST10543,Personal Loan,420137,35011.42,2023-06-12,12
LN20544,CUST10544,Credit Card,34698,2891.5,2023-07-24,12
LN20545,CUST10545,Consumer Durable,119477,9956.42,2024-11-02,12
LN20546,CUST10546,Consumer Durable,53250,4437.5,2023-07-05,12
LN20547,CUST10547,Consumer Durable,158162,26360.33,2023-04-25,6
LN20548,CUST10548,Consumer Durable,160187,13348.92,2023-02-02,12
LN20549,CUST10549,Consumer Durable,90023,7501.92,2023-02-28,12
LN20550,CUST10550,Consumer Durable,66249,5520.75,2023-10-27,12
LN20551,CUST10551,Personal Loan,169645,4712.36,2024-05-04,36
LN20552,CUST10552,Credit Card,67355,5612.92,2023-07-18,12
LN20553,CUST10553,Consumer Durable,93996,7833.0,2023-12-26,12
LN20554,CUST10554,Consumer Durable,171461,9525.61,2023-11-02,18
LN20555,CUST10555,Consumer Durable,171444,28574.0,2023-08-01,6
LN20556,CUST10556,Personal Loan,85165,1774.27,2024-09-09,48
LN20557,CUST10557,Credit Card,106047,8837.25,2023-01-26,12
LN20558,CUST10558,Personal Loan,342993,14291.38,2024-11-07,24
LN20559,CUST10559,Personal Loan,216180,9007.5,2024-05-23,24
LN20560,CUST10560,Personal Loan,54622,4551.83,2024-07-08,12
LN20561,CUST10561,Credit Card,131526,10960.5,2024-02-18,12
LN20562,CUST10562,Consumer Durable,95922,15987.0,2024-02-28,6
LN20563,CUST10563,Consumer Durable,87436,4857.56,2024-11-17,18
LN20564,CUST10564,Consumer Durable,150660,8370.0,2023-07-09,18
LN20565,CUST10565,Credit Card,100974,8414.5,2023-05-04,12
LN20566,CUST10566,Consumer Durable,43009,2389.39,2023-03-21,18
LN20567,CUST10567,Personal Loan,261625,21802.08,2023-04-27,12
LN20568,CUST10568,Personal Loan,406050,11279.17,2024-08-09,36
LN20569,CUST10569,Personal Loan,74644,1555.08,2024-06-05,48
LN20570,CUST10570,Personal Loan,415290,34607.5,2023-04-22,12
LN20571,CUST10571,Credit Card,55839,4653.25,2024-09-01,12
LN20572,CUST10572,Consumer Durable,151018,12584.83,2024-04-11,12
LN20573,CUST10573,Credit Card,82173,6847.75,2023-11-07,12
LN20574,CUST10574,Consumer Durable,70990,11831.67,2024-04-18,6
LN20575,CUST10575,Credit Card,104153,8679.42,2024-06-27,12
LN20576,CUST10576,Consumer Durable,96344,5352.44,2024-05-29,18
LN20577,CUST10577,Credit Card,59123,4926.92,2023-08-12,12
LN20578,CUST10578,Personal Loan,175413,3654.44,2023-01-19,48
LN20579,CUST10579,Credit Card,57761,4813.42,2024-01-17,12
LN20580,CUST10580,Personal Loan,442516,12292.11,2024-07-04,36
LN20581,CUST10581,Credit Card,19461,1621.75,2024-09-07,12
LN20582,CUST10582,Credit Card,146551,12212.58,2024-03-28,12
LN20583,CUST10583,Personal Loan,405313,16888.04,2023-08-08,24
LN20584,CUST10584,Credit Card,142753,11896.08,2024-08-03,12
LN20585,CUST10585,Personal Loan,201607,16800.58,2024-09-26,12
LN20586,CUST10586,Personal Loan,429676,8951.58,2023-12-20,48
LN20587,CUST10587,Personal Loan,89313,3721.38,2023-01-26,24
LN20588,CUST10588,Credit Card,104491,8707.58,2023-08-10,12
LN20589,CUST10589,Personal Loan,229761,4786.69,2024-10-18,48
LN20590,CUST10590,Personal Loan,149712,6238.0,2024-08-17,24
LN20591,CUST10591,Consumer Durable,19562,3260.33,2023-10-02,6
LN20592,CUST10592,Credit Card,77191,6432.58,2023-12-11,12
LN20593,CUST10593,Credit Card,134938,11244.83,2024-07-19,12
LN20594,CUST10594,Consumer Durable,144731,12060.92,2023-10-27,12
LN20595,CUST10595,Credit Card,88137,7344.75,2023-01-12,12
LN20596,CUST10596,Personal Loan,394787,32898.92,2023-09-08,12
LN20597,CUST10597,Credit Card,55963,4663.58,2024-03-24,12
LN20598,CUST10598,Credit Card,109378,9114.83,2023-08-11,12
LN20599,CUST10599,Consumer Durable,132933,11077.75,2024-09-20,12
LN20600,CUST10600,Consumer Durable,155816,12984.67,2023-09-08,12
LN20601,CUST10601,Personal Loan,409710,34142.5,2024-03-01,12
LN20602,CUST10602,Consumer Durable,166399,13866.58,2024-04-05,12
LN20603,CUST10603,Consumer Durable,25654,1425.22,2024-12-01,18
LN20604,CUST10604,Credit Card,12932,1077.67,2023-11-20,12
LN20605,CUST10605,Consumer Durable,185272,15439.33,2024-04-18,12
LN20606,CUST10606,Personal Loan,289164,8032.33,2024-11-14,36
LN20607,CUST10607,Consumer Durable,102204,5678.0,2023-04-29,18
LN20608,CUST10608,Personal Loan,67058,2794.08,2023-04-02,24
LN20609,CUST10609,Personal Loan,355791,29649.25,2023-10-12,12
LN20610,CUST10610,Consumer Durable,33813,2817.75,2024-10-23,12
LN20611,CUST10611,Consumer Durable,146046,12170.5,2024-10-03,12
LN20612,CUST10612,Consumer Durable,131128,10927.33,2024-08-22,12
LN20613,CUST10613,Personal Loan,128197,5341.54,2023-02-12,24
LN20614,CUST10614,Personal Loan,386239,10728.86,2023-09-22,36
LN20615,CUST10615,Personal Loan,250218,5212.88,2023-10-04,48
LN20616,CUST10616,Credit Card,131372,10947.67,2023-09-24,12
LN20617,CUST10617,Consumer Durable,114886,9573.83,2024-04-29,12
LN20618,CUST10618,Personal Loan,488784,40732.0,2023-11-26,12
LN20619,CUST10619,Credit Card,83423,6951.92,2024-06-06,12
LN20620,CUST10620,Credit Card,45184,3765.33,2024-06-27,12
LN20621,CUST10621,Consumer Durable,61305,5108.75,2024-11-13,12
LN20622,CUST10622,Credit Card,136516,11376.33,2023-08-20,12
LN20623,CUST10623,Consumer Durable,133236,11103.0,2024-02-22,12
LN20624,CUST10624,Credit Card,81509,6792.42,2024-05-22,12
LN20625,CUST10625,Consumer Durable,102030,17005.0,2024-05-28,6
LN20626,CUST10626,Consumer Durable,50247,4187.25,2024-01-22,12
LN20627,CUST10627,Personal Loan,107615,2241.98,2023-12-08,48
LN20628,CUST10628,Consumer Durable,138588,23098.0,2023-02-22,6
LN20629,CUST10629,Consumer Durable,155741,25956.83,2023-04-10,6
LN20630,CUST10630,Personal Loan,337480,14061.67,2023-07-06,24
LN20631,CUST10631,Credit Card,54867,4572.25,2023-07-10,12
LN20632,CUST10632,Personal Loan,86765,1807.6,2023-12-09,48
LN20633,CUST10633,Credit Card,39515,3292.92,2023-08-20,12
LN20634,CUST10634,Credit Card,54868,4572.33,2024-05-22,12
LN20635,CUST10635,Credit Card,126035,10502.92,2024-11-07,12
LN20636,CUST10636,Credit Card,88283,7356.92,2023-04-04,12
LN20637,CUST10637,Credit Card,12107,1008.92,2024-05-06,12
LN20638,CUST10638,Personal Loan,364217,7587.85,2023-08-10,48
LN20639,CUST10639,Consumer Durable,133242,11103.5,2023-10-13,12
LN20640,CUST10640,Personal Loan,306387,12766.12,2024-11-21,24
LN20641,CUST10641,Consumer Durable,170469,28411.5,2024-02-06,6
LN20642,CUST10642,Credit Card,131388,10949.0,2023-03-07,12
LN20643,CUST10643,Personal Loan,384354,10676.5,2023-02-12,36
LN20644,CUST10644,Consumer Durable,111600,18600.0,2023-05-28,6
LN20645,CUST10645,Credit Card,83131,6927.58,2024-12-01,12
LN20646,CUST10646,Personal Loan,473702,9868.79,2023-07-11,48
LN20647,CUST10647,Personal Loan,329764,6870.08,2024-08-08,48
LN20648,CUST10648,Credit Card,147362,12280.17,2024-02-23,12
LN20649,CUST10649,Personal Loan,230883,9620.12,2023-01-30,24
LN20650,CUST10650,Credit Card,90980,7581.67,2023-06-22,12
LN20651,CUST10651,Personal Loan,462754,19281.42,2023-05-01,24
LN20652,CUST10652,Consumer Durable,28535,1585.28,2023-04-23,18
LN20653,CUST10653,Consumer Durable,45357,3779.75,2024-03-10,12
LN20654,CUST10654,Consumer Durable,22639,1257.72,2024-03-20,18
LN20655,CUST10655,Consumer Durable,96340,5352.22,2024-06-17,18
LN20656,CUST10656,Credit Card,12789,1065.75,2023-09-05,12
LN20657,CUST10657,Consumer Durable,191230,31871.67,2023-06-04,6
LN20658,CUST10658,Personal Loan,151711,4214.19,2024-08-08,36
LN20659,CUST10659,Credit Card,53994,4499.5,2024-04-06,12
LN20660,CUST10660,Consumer Durable,18357,1019.83,2023-09-13,18
LN20661,CUST10661,Credit Card,137592,11466.0,2023-02-12,12
LN20662,CUST10662,Consumer Durable,17295,1441.25,2023-07-07,12
LN20663,CUST10663,Consumer Durable,156578,13048.17,2023-02-17,12
LN20664,CUST10664,Personal Loan,68031,2834.62,2023-09-23,24
LN20665,CUST10665,Consumer Durable,80494,6707.83,2023-07-07,12
LN20666,CUST10666,Personal Loan,434474,18103.08,2023-02-14,24
LN20667,CUST10667,Credit Card,110624,9218.67,2024-05-27,12
LN20668,CUST10668,Consumer Durable,51864,8644.0,2024-10-12,6
LN20669,CUST10669,Consumer Durable,47473,7912.17,2023-07-06,6
LN20670,CUST10670,Personal Loan,84411,7034.25,2023-08-29,12
LN20671,CUST10671,Consumer Durable,157852,26308.67,2024-05-27,6
LN20672,CUST10672,Consumer Durable,116532,6474.0,2023-03-10,18
LN20673,CUST10673,Consumer Durable,66553,5546.08,2023-10-18,12
LN20674,CUST10674,Consumer Durable,46842,7807.0,2023-07-17,6
LN20675,CUST10675,Consumer Durable,114804,9567.0,2023-02-18,12
LN20676,CUST10676,Consumer Durable,49029,8171.5,2023-03-03,6
LN20677,CUST10677,Consumer Durable,56082,4673.5,2024-05-11,12
LN20678,CUST10678,Consumer Durable,37985,6330.83,2023-02-18,6
LN20679,CUST10679,Consumer Durable,57654,4804.5,2023-06-28,12
LN20680,CUST10680,Consumer Durable,76569,12761.5,2023-05-10,6
LN20681,CUST10681,Credit Card,139340,11611.67,2023-11-30,12
LN20682,CUST10682,Consumer Durable,77221,6435.08,2023-05-22,12
LN20683,CUST10683,Credit Card,148929,12410.75,2024-12-01,12
LN20684,CUST10684,Credit Card,141454,11787.83,2023-10-01,12
LN20685,CUST10685,Consumer Durable,110626,9218.83,2023-05-07,12
LN20686,CUST10686,Personal Loan,343187,7149.73,2023-10-30,48
LN20687,CUST10687,Consumer Durable,174111,29018.5,2024-04-27,6
LN20688,CUST10688,Credit Card,21362,1780.17,2024-03-22,12
LN20689,CUST10689,Credit Card,59867,4988.92,2023-11-21,12
LN20690,CUST10690,Credit Card,77835,6486.25,2023-06-27,12
LN20691,CUST10691,Personal Loan,451466,37622.17,2023-04-27,12
LN20692,CUST10692,Credit Card,63710,5309.17,2024-07-12,12
LN20693,CUST10693,Consumer Durable,174285,29047.5,2023-04-04,6
LN20694,CUST10694,Credit Card,118671,9889.25,2023-05-08,12
LN20695,CUST10695,Personal Loan,355772,29647.67,2024-08-12,12
LN20696,CUST10696,Consumer Durable,68197,3788.72,2023-04-30,18
LN20697,CUST10697,Personal Loan,204384,8516.0,2024-11-04,24
LN20698,CUST10698,Personal Loan,111789,3105.25,2023-08-06,36
LN20699,CUST10699,Personal Loan,275233,22936.08,2023-01-03,12
LN20700,CUST10700,Consumer Durable,85249,4736.06,2023-07-25,18
LN20701,CUST10701,Personal Loan,178179,14848.25,2024-11-15,12
LN20702,CUST10702,Personal Loan,76919,6409.92,2023-11-05,12
LN20703,CUST10703,Consumer Durable,137264,22877.33,2023-12-26,6
LN20704,CUST10704,Credit Card,84006,7000.5,2024-01-28,12
LN20705,CUST10705,Personal Loan,246521,5135.85,2024-11-11,48
LN20706,CUST10706,Credit Card,14382,1198.5,2023-05-04,12
LN20707,CUST10707,Consumer Durable,97616,16269.33,2024-05-18,6
LN20708,CUST10708,Consumer Durable,47648,3970.67,2023-08-06,12
LN20709,CUST10709,Credit Card,114391,9532.58,2023-06-03,12
LN20710,CUST10710,Consumer Durable,57850,4820.83,2023-03-10,12
LN20711,CUST10711,Credit Card,81779,6814.92,2023-01-20,12
LN20712,CUST10712,Consumer Durable,78088,6507.33,2024-03-19,12
LN20713,CUST10713,Personal Loan,72561,6046.75,2023-10-18,12
LN20714,CUST10714,Consumer Durable,182861,15238.42,2023-04-15,12
LN20715,CUST10715,Credit Card,78845,6570.42,2024-09-18,12
LN20716,CUST10716,Consumer Durable,190060,15838.33,2024-03-01,12
LN20717,CUST10717,Credit Card,79747,6645.58,2024-03-17,12
LN20718,CUST10718,Consumer Durable,87402,7283.5,2024-10-30,12
LN20719,CUST10719,Consumer Durable,176762,29460.33,2024-02-19,6
LN20720,CUST10720,Personal Loan,245785,20482.08,2023-10-26,12
LN20721,CUST10721,Credit Card,66893,5574.42,2023-01-29,12
LN20722,CUST10722,Consumer Durable,34758,1931.0,2023-10-17,18
LN20723,CUST10723,Consumer Durable,155110,8617.22,2023-06-13,18
LN20724,CUST10724,Credit Card,49268,4105.67,2023-03-09,12
LN20725,CUST10725,Personal Loan,437270,36439.17,2024-05-19,12
LN20726,CUST10726,Personal Loan,119947,4997.79,2024-03-02,24
LN20727,CUST10727,Personal Loan,431861,11996.14,2024-02-02,36
LN20728,CUST10728,Personal Loan,168082,3501.71,2023-09-30,48
LN20729,CUST10729,Credit Card,78849,6570.75,2024-09-27,12
LN20730,CUST10730,Credit Card,14709,1225.75,2024-07-31,12
LN20731,CUST10731,Personal Loan,201662,8402.58,2023-04-14,24
LN20732,CUST10732,Credit Card,31090,2590.83,2024-07-16,12
LN20733,CUST10733,Credit Card,77870,6489.17,2023-12-07,12
LN20734,CUST10734,Consumer Durable,182950,10163.89,2023-03-30,18
LN20735,CUST10735,Consumer Durable,118521,19753.5,2024-01-19,6
LN20736,CUST10736,Personal Loan,65303,1813.97,2023-03-07,36
LN20737,CUST10737,Personal Loan,127488,2656.0,2024-04-30,48
LN20738,CUST10738,Credit Card,34937,2911.42,2023-11-07,12
LN20739,CUST10739,Credit Card,10325,860.42,2023-06-18,12
LN20740,CUST10740,Personal Loan,111047,9253.92,2024-11-27,12
LN20741,CUST10741,Personal Loan,317377,26448.08,2023-05-02,12
LN20742,CUST10742,Personal Loan,356378,14849.08,2023-04-28,24
LN20743,CUST10743,Credit Card,48984,4082.0,2023-02-02,12
LN20744,CUST10744,Personal Loan,57418,4784.83,2024-08-01,12
LN20745,CUST10745,Credit Card,100763,8396.92,2024-03-09,12
LN20746,CUST10746,Consumer Durable,148972,12414.33,2023-09-26,12
LN20747,CUST10747,Credit Card,148525,12377.08,2023-07-23,12
LN20748,CUST10748,Credit Card,82370,6864.17,2024-04-28,12
LN20749,CUST10749,Consumer Durable,172206,14350.5,2023-05-05,12
LN20750,CUST10750,Personal Loan,301509,6281.44,2024-10-19,48
LN20751,CUST10751,Credit Card,132446,11037.17,2023-07-05,12
LN20752,CUST10752,Credit Card,27056,2254.67,2023-02-02,12
LN20753,CUST10753,Consumer Durable,126523,10543.58,2024-06-11,12
LN20754,CUST10754,Consumer Durable,104559,17426.5,2024-03-30,6
LN20755,CUST10755,Credit Card,59400,4950.0,2024-02-14,12
LN20756,CUST10756,Personal Loan,253947,7054.08,2024-02-17,36
LN20757,CUST10757,Personal Loan,146222,12185.17,2024-04-29,12
LN20758,CUST10758,Consumer Durable,122151,6786.17,2023-07-31,18
LN20759,CUST10759,Consumer Durable,138621,11551.75,2023-09-24,12
LN20760,CUST10760,Credit Card,87532,7294.33,2023-05-31,12
LN20761,CUST10761,Consumer Durable,22128,1229.33,2024-08-14,18
LN20762,CUST10762,Consumer Durable,139462,23243.67,2023-08-15,6
LN20763,CUST10763,Consumer Durable,123954,6886.33,2023-11-20,18
LN20764,CUST10764,Consumer Durable,133714,7428.56,2023-10-10,18
LN20765,CUST10765,Credit Card,132467,11038.92,2024-06-30,12
LN20766,CUST10766,Credit Card,36866,3072.17,2023-09-06,12
LN20767,CUST10767,Credit Card,18205,1517.08,2024-07-09,12
LN20768,CUST10768,Consumer Durable,56364,9394.0,2023-11-08,6
LN20769,CUST10769,Personal Loan,63771,5314.25,2023-05-21,12
LN20770,CUST10770,Personal Loan,90930,3788.75,2024-03-20,24
LN20771,CUST10771,Consumer Durable,192566,32094.33,2023-03-01,6
LN20772,CUST10772,Credit Card,128644,10720.33,2024-06-03,12
LN20773,CUST10773,Consumer Durable,76463,4247.94,2024-11-21,18
LN20774,CUST10774,Consumer Durable,112519,18753.17,2023-06-06,6
LN20775,CUST10775,Credit Card,89341,7445.08,2024-11-07,12
LN20776,CUST10776,Personal Loan,349624,9711.78,2023-01-13,36
LN20777,CUST10777,Consumer Durable,142923,23820.5,2023-03-01,6
LN20778,CUST10778,Credit Card,138591,11549.25,2024-02-02,12
LN20779,CUST10779,Consumer Durable,181527,15127.25,2024-08-10,12
LN20780,CUST10780,Personal Loan,342525,14271.88,2023-12-26,24
LN20781,CUST10781,Personal Loan,276945,5769.69,2023-02-16,48
LN20782,CUST10782,Consumer Durable,127319,10609.92,2024-02-17,12
LN20783,CUST10783,Credit Card,49658,4138.17,2024-02-13,12
LN20784,CUST10784,Consumer Durable,30975,5162.5,2024-05-21,6
LN20785,CUST10785,Consumer Durable,169732,14144.33,2023-04-14,12
LN20786,CUST10786,Credit Card,77827,6485.58,2023-12-04,12
LN20787,CUST10787,Credit Card,65737,5478.08,2024-08-01,12
LN20788,CUST10788,Personal Loan,411380,11427.22,2024-01-10,36
LN20789,CUST10789,Consumer Durable,166307,27717.83,2023-10-17,6
LN20790,CUST10790,Personal Loan,163678,3409.96,2023-10-11,48
LN20791,CUST10791,Personal Loan,494745,13742.92,2024-10-19,36
LN20792,CUST10792,Credit Card,49578,4131.5,2024-06-26,12
LN20793,CUST10793,Personal Loan,142006,5916.92,2024-02-24,24
LN20794,CUST10794,Credit Card,130831,10902.58,2024-06-18,12
LN20795,CUST10795,Credit Card,90716,7559.67,2024-06-24,12
LN20796,CUST10796,Credit Card,108738,9061.5,2023-07-15,12
LN20797,CUST10797,Personal Loan,451027,12528.53,2023-05-31,36
LN20798,CUST10798,Consumer Durable,87535,7294.58,2023-11-07,12
LN20799,CUST10799,Consumer Durable,78240,4346.67,2024-07-03,18
LN20800,CUST10800,Consumer Durable,55894,4657.83,2024-08-13,12
LN20801,CUST10801,Credit Card,60673,5056.08,2023-03-10,12
LN20802,CUST10802,Personal Loan,108239,4509.96,2023-08-19,24
LN20803,CUST10803,Credit Card,65718,5476.5,2024-01-11,12
LN20804,CUST10804,Credit Card,58345,4862.08,2023-09-20,12
LN20805,CUST10805,Consumer Durable,106841,8903.42,2024-10-01,12
LN20806,CUST10806,Personal Loan,261801,7272.25,2024-03-02,36
LN20807,CUST10807,Consumer Durable,83970,6997.5,2024-07-13,12
LN20808,CUST10808,Personal Loan,166859,3476.23,2023-04-24,48
LN20809,CUST10809,Personal Loan,103753,8646.08,2024-03-03,12
LN20810,CUST10810,Consumer Durable,39745,6624.17,2023-12-14,6
LN20811,CUST10811,Consumer Durable,159399,26566.5,2024-03-17,6
LN20812,CUST10812,Credit Card,100944,8412.0,2024-09-30,12
LN20813,CUST10813,Consumer Durable,38396,2133.11,2023-10-29,18
LN20814,CUST10814,Credit Card,19753,1646.08,2024-05-18,12
LN20815,CUST10815,Personal Loan,74684,2074.56,2023-11-19,36
LN20816,CUST10816,Credit Card,77917,6493.08,2023-03-02,12
LN20817,CUST10817,Consumer Durable,190880,15906.67,2023-10-06,12
LN20818,CUST10818,Personal Loan,453181,12588.36,2024-07-02,36
LN20819,CUST10819,Credit Card,130592,10882.67,2024-09-19,12
LN20820,CUST10820,Personal Loan,342630,14276.25,2024-09-24,24
LN20821,CUST10821,Credit Card,75338,6278.17,2024-10-30,12
LN20822,CUST10822,Consumer Durable,81209,13534.83,2024-02-13,6
LN20823,CUST10823,Personal Loan,492312,10256.5,2024-01-24,48
LN20824,CUST10824,Personal Loan,131770,2745.21,2024-05-24,48
LN20825,CUST10825,Consumer Durable,167035,9279.72,2023-03-14,18
LN20826,CUST10826,Personal Loan,384775,8016.15,2024-03-02,48
LN20827,CUST10827,Personal Loan,314452,13102.17,2024-12-01,24
LN20828,CUST10828,Personal Loan,98262,2047.12,2024-10-15,48
LN20829,CUST10829,Credit Card,38123,3176.92,2023-01-25,12
LN20830,CUST10830,Consumer Durable,182640,15220.0,2023-07-22,12
LN20831,CUST10831,Personal Loan,457602,19066.75,2024-02-23,24
LN20832,CUST10832,Personal Loan,314423,6550.48,2023-07-03,48
LN20833,CUST10833,Personal Loan,268621,5596.27,2024-07-09,48
LN20834,CUST10834,Consumer Durable,140299,23383.17,2024-08-02,6
LN20835,CUST10835,Personal Loan,113585,9465.42,2024-07-19,12
LN20836,CUST10836,Personal Loan,495311,10318.98,2024-10-27,48
LN20837,CUST10837,Personal Loan,472743,9848.81,2023-02-04,48
LN20838,CUST10838,Personal Loan,241677,10069.88,2023-11-04,24
LN20839,CUST10839,Consumer Durable,191469,10637.17,2023-07-20,18
LN20840,CUST10840,Consumer Durable,66749,5562.42,2023-02-18,12
LN20841,CUST10841,Consumer Durable,15258,2543.0,2024-05-28,6
LN20842,CUST10842,Personal Loan,97771,2715.86,2024-06-26,36
LN20843,CUST10843,Consumer Durable,125826,20971.0,2024-11-17,6
LN20844,CUST10844,Credit Card,36715,3059.58,2023-03-03,12
LN20845,CUST10845,Personal Loan,170500,7104.17,2023-04-08,24
LN20846,CUST10846,Consumer Durable,107961,8996.75,2024-04-29,12
LN20847,CUST10847,Consumer Durable,66651,11108.5,2024-04-29,6
LN20848,CUST10848,Consumer Durable,26383,1465.72,2024-10-08,18
LN20849,CUST10849,Credit Card,24138,2011.5,2024-04-08,12
LN20850,CUST10850,Personal Loan,197091,5474.75,2024-10-11,36
LN20851,CUST10851,Consumer Durable,50369,8394.83,2023-08-02,6
LN20852,CUST10852,Personal Loan,296487,24707.25,2023-08-01,12
LN20853,CUST10853,Consumer Durable,22052,1225.11,2024-01-08,18
LN20854,CUST10854,Personal Loan,420451,35037.58,2024-11-30,12
LN20855,CUST10855,Credit Card,37138,3094.83,2024-11-27,12
LN20856,CUST10856,Personal Loan,111859,3107.19,2024-09-14,36
LN20857,CUST10857,Credit Card,93994,7832.83,2024-09-20,12
LN20858,CUST10858,Personal Loan,354351,9843.08,2024-08-02,36
LN20859,CUST10859,Credit Card,25316,2109.67,2023-08-08,12
LN20860,CUST10860,Credit Card,51931,4327.58,2023-05-06,12
LN20861,CUST10861,Consumer Durable,183816,10212.0,2023-10-07,18
LN20862,CUST10862,Personal Loan,322174,13423.92,2024-09-16,24
LN20863,CUST10863,Credit Card,84635,7052.92,2024-03-06,12
LN20864,CUST10864,Personal Loan,254514,7069.83,2023-04-30,36
LN20865,CUST10865,Consumer Durable,78078,13013.0,2024-04-03,6
LN20866,CUST10866,Consumer Durable,102635,8552.92,2023-06-14,12
LN20867,CUST10867,Personal Loan,239256,6646.0,2023-02-27,36
LN20868,CUST10868,Consumer Durable,59554,4962.83,2024-04-07,12
LN20869,CUST10869,Personal Loan,148331,3090.23,2024-09-18,48
LN20870,CUST10870,Consumer Durable,190728,15894.0,2023-03-09,12
LN20871,CUST10871,Consumer Durable,147569,12297.42,2024-09-13,12
LN20872,CUST10872,Credit Card,29056,2421.33,2023-08-05,12
LN20873,CUST10873,Credit Card,34443,2870.25,2023-08-16,12
LN20874,CUST10874,Personal Loan,278506,11604.42,2023-08-10,24
LN20875,CUST10875,Credit Card,141957,11829.75,2023-07-24,12
LN20876,CUST10876,Consumer Durable,178013,29668.83,2024-08-29,6
LN20877,CUST10877,Consumer Durable,115188,6399.33,2023-08-27,18
LN20878,CUST10878,Personal Loan,451590,12544.17,2023-09-29,36
LN20879,CUST10879,Consumer Durable,113524,18920.67,2024-01-15,6
LN20880,CUST10880,Credit Card,109059,9088.25,2023-08-09,12
LN20881,CUST10881,Credit Card,25106,2092.17,2023-06-21,12
LN20882,CUST10882,Credit Card,140881,11740.08,2023-02-11,12
LN20883,CUST10883,Personal Loan,220318,9179.92,2024-05-27,24
LN20884,CUST10884,Personal Loan,233178,9715.75,2024-06-28,24
LN20885,CUST10885,Consumer Durable,134843,11236.92,2023-04-18,12
LN20886,CUST10886,Consumer Durable,87672,7306.0,2023-10-27,12
LN20887,CUST10887,Credit Card,30996,2583.0,2023-06-29,12
LN20888,CUST10888,Credit Card,97248,8104.0,2023-01-08,12
LN20889,CUST10889,Credit Card,17219,1434.92,2024-10-08,12
LN20890,CUST10890,Personal Loan,481092,10022.75,2023-02-28,48
LN20891,CUST10891,Consumer Durable,64969,5414.08,2023-04-28,12
LN20892,CUST10892,Personal Loan,149912,12492.67,2023-03-20,12
LN20893,CUST10893,Credit Card,120831,10069.25,2024-01-04,12
LN20894,CUST10894,Personal Loan,114895,4787.29,2024-06-25,24
LN20895,CUST10895,Consumer Durable,27629,1534.94,2024-04-15,18
LN20896,CUST10896,Consumer Durable,198742,16561.83,2023-06-14,12
LN20897,CUST10897,Personal Loan,131803,10983.58,2023-05-28,12
LN20898,CUST10898,Personal Loan,295931,6165.23,2023-10-08,48
LN20899,CUST10899,Personal Loan,229740,19145.0,2023-06-29,12
LN20900,CUST10900,Credit Card,48586,4048.83,2024-03-12,12
LN20901,CUST10901,Credit Card,74350,6195.83,2024-08-05,12
LN20902,CUST10902,Personal Loan,408133,11337.03,2023-04-24,36
LN20903,CUST10903,Personal Loan,388629,32385.75,2023-07-01,12
LN20904,CUST10904,Personal Loan,414143,11503.97,2024-02-09,36
LN20905,CUST10905,Personal Loan,295779,8216.08,2024-02-18,36
LN20906,CUST10906,Consumer Durable,175477,9748.72,2024-03-15,18
LN20907,CUST10907,Credit Card,33999,2833.25,2024-03-05,12
LN20908,CUST10908,Personal Loan,157732,4381.44,2024-03-13,36
LN20909,CUST10909,Consumer Durable,123777,10314.75,2023-03-29,12
LN20910,CUST10910,Consumer Durable,103362,8613.5,2024-02-12,12
LN20911,CUST10911,Personal Loan,136499,3791.64,2023-05-05,36
LN20912,CUST10912,Credit Card,34830,2902.5,2023-06-21,12
LN20913,CUST10913,Consumer Durable,55919,4659.92,2024-01-08,12
LN20914,CUST10914,Credit Card,107351,8945.92,2024-03-29,12
LN20915,CUST10915,Personal Loan,479976,39998.0,2024-09-27,12
LN20916,CUST10916,Consumer Durable,107205,5955.83,2024-04-13,18
LN20917,CUST10917,Consumer Durable,170401,28400.17,2023-03-25,6
LN20918,CUST10918,Personal Loan,153077,4252.14,2024-10-15,36
LN20919,CUST10919,Personal Loan,260017,5417.02,2024-05-30,48
LN20920,CUST10920,Consumer Durable,119137,9928.08,2024-11-11,12
LN20921,CUST10921,Personal Loan,151201,4200.03,2024-09-23,36
LN20922,CUST10922,Personal Loan,155645,4323.47,2024-02-19,36
LN20923,CUST10923,Credit Card,133952,11162.67,2024-05-11,12
LN20924,CUST10924,Personal Loan,208720,8696.67,2024-04-21,24
LN20925,CUST10925,Consumer Durable,142661,23776.83,2023-02-18,6
LN20926,CUST10926,Credit Card,27071,2255.92,2023-11-23,12
LN20927,CUST10927,Credit Card,81113,6759.42,2023-05-10,12
LN20928,CUST10928,Credit Card,111981,9331.75,2024-09-09,12
LN20929,CUST10929,Personal Loan,186334,5175.94,2023-12-24,36
LN20930,CUST10930,Consumer Durable,67856,5654.67,2023-03-28,12
LN20931,CUST10931,Personal Loan,215107,17925.58,2023-07-18,12
LN20932,CUST10932,Consumer Durable,36598,6099.67,2023-04-15,6
LN20933,CUST10933,Credit Card,100578,8381.5,2023-04-25,12
LN20934,CUST10934,Credit Card,71927,5993.92,2023-11-15,12
LN20935,CUST10935,Personal Loan,380344,10565.11,2023-12-19,36
LN20936,CUST10936,Credit Card,41344,3445.33,2023-05-12,12
LN20937,CUST10937,Personal Loan,454805,12633.47,2023-06-19,36
LN20938,CUST10938,Personal Loan,471669,9826.44,2023-10-08,48
LN20939,CUST10939,Personal Loan,333322,13888.42,2023-05-01,24
LN20940,CUST10940,Credit Card,97263,8105.25,2023-03-11,12
LN20941,CUST10941,Credit Card,15659,1304.92,2023-12-17,12
LN20942,CUST10942,Personal Loan,286149,7948.58,2023-04-01,36
LN20943,CUST10943,Consumer Durable,109761,18293.5,2024-04-17,6
LN20944,CUST10944,Personal Loan,167767,4660.19,2023-10-26,36
LN20945,CUST10945,Personal Loan,335561,6990.85,2023-12-02,48
LN20946,CUST10946,Consumer Durable,146757,24459.5,2024-08-06,6
LN20947,CUST10947,Consumer Durable,79583,4421.28,2023-01-20,18
LN20948,CUST10948,Consumer Durable,196563,16380.25,2023-06-03,12
LN20949,CUST10949,Consumer Durable,23617,1968.08,2023-03-23,12
LN20950,CUST10950,Personal Loan,179277,14939.75,2023-10-05,12
LN20951,CUST10951,Personal Loan,115156,9596.33,2024-01-28,12
LN20952,CUST10952,Credit Card,67869,5655.75,2024-09-30,12
LN20953,CUST10953,Personal Loan,170885,14240.42,2023-11-29,12
LN20954,CUST10954,Consumer Durable,101229,5623.83,2024-02-20,18
LN20955,CUST10955,Personal Loan,385030,16042.92,2024-07-05,24
LN20956,CUST10956,Credit Card,85715,7142.92,2023-12-26,12
LN20957,CUST10957,Credit Card,19982,1665.17,2023-11-17,12
LN20958,CUST10958,Credit Card,148732,12394.33,2024-11-08,12
LN20959,CUST10959,Consumer Durable,180478,30079.67,2023-12-27,6
LN20960,CUST10960,Personal Loan,276545,5761.35,2023-12-18,48
LN20961,CUST10961,Personal Loan,75370,2093.61,2023-12-30,36
LN20962,CUST10962,Credit Card,31956,2663.0,2024-01-24,12
LN20963,CUST10963,Credit Card,82900,6908.33,2024-07-22,12
LN20964,CUST10964,Credit Card,65401,5450.08,2024-11-30,12
LN20965,CUST10965,Credit Card,67230,5602.5,2023-05-19,12
LN20966,CUST10966,Consumer Durable,92765,5153.61,2023-07-05,18
LN20967,CUST10967,Consumer Durable,79857,4436.5,2024-06-14,18
LN20968,CUST10968,Consumer Durable,172176,28696.0,2024-01-02,6
LN20969,CUST10969,Personal Loan,439886,36657.17,2023-01-11,12
LN20970,CUST10970,Personal Loan,208319,4339.98,2023-08-07,48
LN20971,CUST10971,Credit Card,132424,11035.33,2023-03-22,12
LN20972,CUST10972,Consumer Durable,86659,7221.58,2024-10-29,12
LN20973,CUST10973,Credit Card,143328,11944.0,2024-10-06,12
LN20974,CUST10974,Consumer Durable,119184,19864.0,2023-06-13,6
LN20975,CUST10975,Personal Loan,273671,5701.48,2024-05-05,48
LN20976,CUST10976,Personal Loan,239424,19952.0,2023-10-08,12
LN20977,CUST10977,Personal Loan,268976,11207.33,2024-02-10,24
LN20978,CUST10978,Consumer Durable,48470,8078.33,2023-06-15,6
LN20979,CUST10979,Consumer Durable,98588,8215.67,2023-07-12,12
LN20980,CUST10980,Consumer Durable,149941,24990.17,2023-03-08,6
LN20981,CUST10981,Consumer Durable,107094,17849.0,2023-02-12,6
LN20982,CUST10982,Credit Card,133559,11129.92,2024-01-28,12
LN20983,CUST10983,Personal Loan,103159,4298.29,2023-01-27,24
LN20984,CUST10984,Credit Card,57875,4822.92,2024-01-25,12
LN20985,CUST10985,Personal Loan,491082,13641.17,2024-04-11,36
LN20986,CUST10986,Personal Loan,284690,7908.06,2024-02-06,36
LN20987,CUST10987,Consumer Durable,197316,16443.0,2024-02-24,12
LN20988,CUST10988,Consumer Durable,120681,20113.5,2024-01-02,6
LN20989,CUST10989,Personal Loan,424333,17680.54,2023-03-06,24
LN20990,CUST10990,Consumer Durable,183954,30659.0,2023-05-30,6
LN20991,CUST10991,Credit Card,10509,875.75,2023-11-18,12
LN20992,CUST10992,Consumer Durable,194984,32497.33,2024-03-08,6
LN20993,CUST10993,Personal Loan,406860,11301.67,2023-09-04,36
LN20994,CUST10994,Personal Loan,291940,24328.33,2024-09-01,12
LN20995,CUST10995,Credit Card,61294,5107.83,2023-05-09,12
LN20996,CUST10996,Consumer Durable,46790,2599.44,2023-01-25,18
LN20997,CUST10997,Credit Card,112645,9387.08,2024-02-26,12
LN20998,CUST10998,Consumer Durable,28717,4786.17,2024-06-02,6
LN20999,CUST10999,Consumer Durable,187404,15617.0,2024-08-17,12
LN21000,CUST11000,Personal Loan,126509,5271.21,2023-05-06,24
LN21001,CUST11001,Credit Card,106554,8879.5,2023-04-09,12
LN21002,CUST11002,Consumer Durable,135912,11326.0,2024-01-01,12
LN21003,CUST11003,Consumer Durable,116553,9712.75,2024-04-29,12
LN21004,CUST11004,Consumer Durable,22561,3760.17,2023-09-02,6
LN21005,CUST11005,Personal Loan,258332,10763.83,2024-07-07,24
LN21006,CUST11006,Personal Loan,403529,16813.71,2024-09-29,24
LN21007,CUST11007,Consumer Durable,187100,31183.33,2023-04-20,6
LN21008,CUST11008,Consumer Durable,60748,10124.67,2023-12-12,6
LN21009,CUST11009,Consumer Durable,193970,16164.17,2023-05-20,12
LN21010,CUST11010,Personal Loan,334486,27873.83,2023-03-12,12
LN21011,CUST11011,Consumer Durable,135993,7555.17,2024-05-01,18
LN21012,CUST11012,Credit Card,15966,1330.5,2024-05-17,12
LN21013,CUST11013,Credit Card,15040,1253.33,2024-06-03,12
LN21014,CUST11014,Credit Card,136947,11412.25,2023-08-30,12
LN21015,CUST11015,Credit Card,146553,12212.75,2024-11-14,12
LN21016,CUST11016,Personal Loan,419474,11652.06,2024-10-17,36
LN21017,CUST11017,Credit Card,38357,3196.42,2024-03-21,12
LN21018,CUST11018,Credit Card,44803,3733.58,2024-08-27,12
LN21019,CUST11019,Consumer Durable,146958,8164.33,2023-03-11,18
LN21020,CUST11020,Personal Loan,431136,11976.0,2023-02-09,36
LN21021,CUST11021,Credit Card,69584,5798.67,2023-12-27,12
LN21022,CUST11022,Credit Card,57594,4799.5,2023-05-10,12
LN21023,CUST11023,Credit Card,127690,10640.83,2023-10-22,12
LN21024,CUST11024,Personal Loan,154776,3224.5,2024-03-31,48
LN21025,CUST11025,Credit Card,142795,11899.58,2024-11-03,12
LN21026,CUST11026,Personal Loan,235923,6553.42,2023-06-22,36
LN21027,CUST11027,Personal Loan,390133,10837.03,2023-04-09,36
LN21028,CUST11028,Consumer Durable,134242,7457.89,2024-05-25,18
LN21029,CUST11029,Credit Card,132447,11037.25,2024-03-04,12
LN21030,CUST11030,Personal Loan,108034,9002.83,2024-10-31,12
LN21031,CUST11031,Personal Loan,313512,8708.67,2023-06-03,36
LN21032,CUST11032,Consumer Durable,32996,1833.11,2023-10-21,18
LN21033,CUST11033,Credit Card,92826,7735.5,2024-09-07,12
LN21034,CUST11034,Credit Card,11468,955.67,2023-05-26,12
LN21035,CUST11035,Consumer Durable,32276,1793.11,2024-01-24,18
LN21036,CUST11036,Personal Loan,194599,8108.29,2024-04-27,24
LN21037,CUST11037,Personal Loan,352474,29372.83,2023-07-06,12
LN21038,CUST11038,Credit Card,111130,9260.83,2024-08-30,12
LN21039,CUST11039,Consumer Durable,111490,18581.67,2023-11-18,6
LN21040,CUST11040,Consumer Durable,126673,21112.17,2024-11-22,6
LN21041,CUST11041,Personal Loan,309036,6438.25,2023-04-29,48
LN21042,CUST11042,Credit Card,139157,11596.42,2023-11-13,12
LN21043,CUST11043,Personal Loan,443152,12309.78,2024-06-15,36
LN21044,CUST11044,Personal Loan,102176,2838.22,2024-04-16,36
LN21045,CUST11045,Consumer Durable,37077,2059.83,2024-01-02,18
LN21046,CUST11046,Consumer Durable,50915,4242.92,2023-03-02,12
LN21047,CUST11047,Credit Card,91858,7654.83,2023-09-16,12
LN21048,CUST11048,Consumer Durable,23986,3997.67,2023-08-18,6
LN21049,CUST11049,Consumer Durable,175664,29277.33,2023-02-12,6
LN21050,CUST11050,Credit Card,84970,7080.83,2023-09-24,12
LN21051,CUST11051,Credit Card,127096,10591.33,2024-09-23,12
LN21052,CUST11052,Credit Card,124320,10360.0,2023-03-25,12
LN21053,CUST11053,Credit Card,138969,11580.75,2024-10-08,12
LN21054,CUST11054,Credit Card,33316,2776.33,2024-11-06,12
LN21055,CUST11055,Credit Card,123451,10287.58,2024-08-13,12
LN21056,CUST11056,Consumer Durable,15273,2545.5,2023-09-12,6
LN21057,CUST11057,Personal Loan,55091,1530.31,2023-06-21,36
LN21058,CUST11058,Personal Loan,303105,8419.58,2024-10-11,36
LN21059,CUST11059,Consumer Durable,69335,3851.94,2023-06-07,18
LN21060,CUST11060,Personal Loan,55961,1165.85,2024-10-16,48
LN21061,CUST11061,Credit Card,128231,10685.92,2023-10-21,12
LN21062,CUST11062,Consumer Durable,188171,31361.83,2023-03-15,6
LN21063,CUST11063,Consumer Durable,50113,4176.08,2024-05-20,12
LN21064,CUST11064,Consumer Durable,24136,4022.67,2024-01-31,6
LN21065,CUST11065,Credit Card,15632,1302.67,2024-11-03,12
LN21066,CUST11066,Consumer Durable,42269,3522.42,2023-11-14,12
LN21067,CUST11067,Consumer Durable,160165,13347.08,2023-08-01,12
LN21068,CUST11068,Consumer Durable,130490,7249.44,2023-12-13,18
LN21069,CUST11069,Personal Loan,365322,30443.5,2024-02-09,12
LN21070,CUST11070,Credit Card,44995,3749.58,2023-09-17,12
LN21071,CUST11071,Consumer Durable,45479,2526.61,2024-03-05,18
LN21072,CUST11072,Credit Card,149307,12442.25,2023-11-10,12
LN21073,CUST11073,Consumer Durable,55154,3064.11,2023-05-30,18
LN21074,CUST11074,Personal Loan,345068,28755.67,2023-06-27,12
LN21075,CUST11075,Personal Loan,148678,4129.94,2024-02-20,36
LN21076,CUST11076,Personal Loan,493805,41150.42,2024-09-28,12
LN21077,CUST11077,Credit Card,103713,8642.75,2024-11-11,12
LN21078,CUST11078,Credit Card,137324,11443.67,2024-08-30,12
LN21079,CUST11079,Personal Loan,255932,10663.83,2024-06-04,24
LN21080,CUST11080,Consumer Durable,26128,1451.56,2024-02-17,18
LN21081,CUST11081,Consumer Durable,34632,2886.0,2023-08-24,12
LN21082,CUST11082,Personal Loan,496382,41365.17,2023-04-30,12
LN21083,CUST11083,Consumer Durable,150027,8334.83,2023-07-20,18
LN21084,CUST11084,Personal Loan,142891,3969.19,2024-10-20,36
LN21085,CUST11085,Consumer Durable,185103,30850.5,2023-08-17,6
LN21086,CUST11086,Credit Card,146830,12235.83,2023-07-31,12
LN21087,CUST11087,Personal Loan,127080,5295.0,2024-11-14,24
LN21088,CUST11088,Consumer Durable,192365,10686.94,2024-06-22,18
LN21089,CUST11089,Personal Loan,409307,17054.46,2023-01-13,24
LN21090,CUST11090,Credit Card,78587,6548.92,2023-02-02,12
LN21091,CUST11091,Consumer Durable,69063,5755.25,2023-11-10,12
LN21092,CUST11092,Credit Card,85451,7120.92,2023-09-20,12
LN21093,CUST11093,Consumer Durable,129383,7187.94,2024-09-16,18
LN21094,CUST11094,Consumer Durable,125793,6988.5,2023-08-19,18
LN21095,CUST11095,Consumer Durable,59959,3331.06,2023-05-28,18
LN21096,CUST11096,Credit Card,139019,11584.92,2023-05-04,12
LN21097,CUST11097,Consumer Durable,65478,3637.67,2023-09-25,18
LN21098,CUST11098,Consumer Durable,160326,26721.0,2023-11-14,6
LN21099,CUST11099,Consumer Durable,92663,7721.92,2023-06-29,12
LN21100,CUST11100,Personal Loan,188364,7848.5,2023-06-01,24
LN21101,CUST11101,Consumer Durable,71322,3962.33,2024-08-27,18
LN21102,CUST11102,Personal Loan,267125,5565.1,2023-03-04,48
LN21103,CUST11103,Personal Loan,152387,3174.73,2024-08-07,48
LN21104,CUST11104,Personal Loan,182294,7595.58,2024-01-24,24
LN21105,CUST11105,Personal Loan,222330,18527.5,2024-01-11,12
LN21106,CUST11106,Credit Card,53453,4454.42,2023-12-04,12
LN21107,CUST11107,Personal Loan,463778,9662.04,2024-05-28,48
LN21108,CUST11108,Credit Card,77680,6473.33,2024-04-09,12
LN21109,CUST11109,Consumer Durable,80501,13416.83,2023-09-14,6
LN21110,CUST11110,Credit Card,53800,4483.33,2023-12-23,12
LN21111,CUST11111,Credit Card,24119,2009.92,2024-03-15,12
LN21112,CUST11112,Credit Card,120004,10000.33,2023-09-07,12
LN21113,CUST11113,Personal Loan,66293,5524.42,2023-08-10,12
LN21114,CUST11114,Credit Card,86880,7240.0,2023-12-29,12
LN21115,CUST11115,Personal Loan,459371,38280.92,2024-10-01,12
LN21116,CUST11116,Consumer Durable,41265,3438.75,2024-05-18,12
LN21117,CUST11117,Consumer Durable,28065,1559.17,2023-03-23,18
LN21118,CUST11118,Credit Card,143316,11943.0,2024-10-08,12
LN21119,CUST11119,Consumer Durable,71708,3983.78,2023-05-24,18
LN21120,CUST11120,Consumer Durable,23352,1297.33,2023-06-23,18
LN21121,CUST11121,Personal Loan,440151,9169.81,2023-03-25,48
LN21122,CUST11122,Credit Card,54247,4520.58,2023-11-08,12
LN21123,CUST11123,Credit Card,50163,4180.25,2023-05-19,12
LN21124,CUST11124,Personal Loan,117305,4887.71,2024-01-13,24
LN21125,CUST11125,Consumer Durable,178158,29693.0,2024-04-03,6
LN21126,CUST11126,Consumer Durable,32357,2696.42,2023-02-06,12
LN21127,CUST11127,Personal Loan,231014,9625.58,2023-07-15,24
LN21128,CUST11128,Personal Loan,438169,36514.08,2024-01-07,12
LN21129,CUST11129,Credit Card,114697,9558.08,2023-08-28,12
LN21130,CUST11130,Consumer Durable,29734,4955.67,2023-07-13,6
LN21131,CUST11131,Consumer Durable,198782,16565.17,2024-11-06,12
LN21132,CUST11132,Personal Loan,357709,14904.54,2024-08-14,24
LN21133,CUST11133,Personal Loan,87246,7270.5,2023-12-07,12
LN21134,CUST11134,Consumer Durable,129160,7175.56,2024-11-03,18
LN21135,CUST11135,Credit Card,22859,1904.92,2024-03-19,12
LN21136,CUST11136,Personal Loan,214559,8939.96,2024-08-05,24
LN21137,CUST11137,Personal Loan,316012,6583.58,2024-03-26,48
LN21138,CUST11138,Personal Loan,188662,7860.92,2023-05-25,24
LN21139,CUST11139,Personal Loan,163457,3405.35,2024-05-20,48
LN21140,CUST11140,Personal Loan,180528,7522.0,2024-08-10,24
LN21141,CUST11141,Credit Card,33277,2773.08,2024-05-02,12
LN21142,CUST11142,Personal Loan,424026,8833.88,2024-11-14,48
LN21143,CUST11143,Credit Card,125754,10479.5,2024-04-15,12
LN21144,CUST11144,Credit Card,106360,8863.33,2024-05-26,12
LN21145,CUST11145,Credit Card,10329,860.75,2023-11-16,12
LN21146,CUST11146,Consumer Durable,189604,31600.67,2023-06-22,6
LN21147,CUST11147,Personal Loan,240579,5012.06,2023-07-15,48
LN21148,CUST11148,Personal Loan,424035,17668.12,2024-03-31,24
LN21149,CUST11149,Personal Loan,402125,33510.42,2023-06-29,12
LN21150,CUST11150,Consumer Durable,121388,10115.67,2023-06-03,12
LN21151,CUST11151,Credit Card,20371,1697.58,2024-05-09,12
LN21152,CUST11152,Personal Loan,247071,10294.62,2023-04-29,24
LN21153,CUST11153,Personal Loan,384691,8014.4,2024-05-28,48
LN21154,CUST11154,Personal Loan,394064,10946.22,2023-11-15,36
LN21155,CUST11155,Credit Card,84995,7082.92,2024-11-04,12
LN21156,CUST11156,Credit Card,79648,6637.33,2024-11-10,12
LN21157,CUST11157,Credit Card,47443,3953.58,2024-10-30,12
LN21158,CUST11158,Consumer Durable,186510,10361.67,2023-07-17,18
LN21159,CUST11159,Credit Card,122621,10218.42,2023-11-10,12
LN21160,CUST11160,Credit Card,69518,5793.17,2023-04-20,12
LN21161,CUST11161,Consumer Durable,169918,14159.83,2023-05-02,12
LN21162,CUST11162,Personal Loan,233188,19432.33,2024-02-07,12
LN21163,CUST11163,Credit Card,121567,10130.58,2023-12-23,12
LN21164,CUST11164,Personal Loan,208681,5796.69,2023-09-26,36
LN21165,CUST11165,Personal Loan,355538,14814.08,2023-08-02,24
LN21166,CUST11166,Personal Loan,111514,4646.42,2023-06-18,24
LN21167,CUST11167,Consumer Durable,190065,10559.17,2024-05-16,18
LN21168,CUST11168,Personal Loan,312912,13038.0,2023-02-07,24
LN21169,CUST11169,Consumer Durable,26989,2249.08,2023-03-24,12
LN21170,CUST11170,Credit Card,48891,4074.25,2023-10-30,12
LN21171,CUST11171,Credit Card,129712,10809.33,2024-02-06,12
LN21172,CUST11172,Personal Loan,290104,6043.83,2023-01-23,48
LN21173,CUST11173,Consumer Durable,82081,6840.08,2024-06-29,12
LN21174,CUST11174,Credit Card,107020,8918.33,2024-09-29,12
LN21175,CUST11175,Consumer Durable,61539,5128.25,2024-10-08,12
LN21176,CUST11176,Credit Card,111251,9270.92,2023-02-25,12
LN21177,CUST11177,Personal Loan,261017,21751.42,2024-08-25,12
LN21178,CUST11178,Personal Loan,53946,1498.5,2024-06-23,36
LN21179,CUST11179,Personal Loan,95700,3987.5,2023-07-28,24
LN21180,CUST11180,Credit Card,134373,11197.75,2023-01-05,12
LN21181,CUST11181,Consumer Durable,89142,7428.5,2023-10-12,12
LN21182,CUST11182,Consumer Durable,78511,6542.58,2024-08-04,12
LN21183,CUST11183,Personal Loan,316857,6601.19,2023-09-19,48
LN21184,CUST11184,Consumer Durable,132659,11054.92,2024-04-20,12
LN21185,CUST11185,Credit Card,55291,4607.58,2024-03-21,12
LN21186,CUST11186,Consumer Durable,133265,22210.83,2024-10-18,6
LN21187,CUST11187,Personal Loan,143959,11996.58,2024-06-22,12
LN21188,CUST11188,Consumer Durable,158319,8795.5,2023-09-24,18
LN21189,CUST11189,Personal Loan,490110,13614.17,2024-05-03,36
LN21190,CUST11190,Personal Loan,430630,17942.92,2023-11-11,24
LN21191,CUST11191,Personal Loan,209885,17490.42,2023-03-12,12
LN21192,CUST11192,Personal Loan,461231,12811.97,2024-07-16,36
LN21193,CUST11193,Consumer Durable,157291,8738.39,2023-07-01,18
LN21194,CUST11194,Consumer Durable,159489,13290.75,2023-05-25,12
LN21195,CUST11195,Credit Card,14611,1217.58,2024-02-21,12
LN21196,CUST11196,Consumer Durable,105740,8811.67,2024-11-08,12
LN21197,CUST11197,Credit Card,137840,11486.67,2024-02-22,12
LN21198,CUST11198,Consumer Durable,91462,5081.22,2023-01-27,18
LN21199,CUST11199,Consumer Durable,72469,4026.06,2023-01-16,18
LN21200,CUST11200,Personal Loan,405345,16889.38,2024-03-19,24
LN21201,CUST11201,Credit Card,13989,1165.75,2023-04-24,12
LN21202,CUST11202,Consumer Durable,147456,24576.0,2023-09-26,6
LN21203,CUST11203,Credit Card,25505,2125.42,2024-09-21,12
LN21204,CUST11204,Personal Loan,134909,3747.47,2023-03-13,36
LN21205,CUST11205,Credit Card,105474,8789.5,2024-10-28,12
LN21206,CUST11206,Consumer Durable,22591,3765.17,2023-02-28,6
LN21207,CUST11207,Consumer Durable,22972,1276.22,2024-01-11,18
LN21208,CUST11208,Credit Card,57562,4796.83,2023-09-17,12
LN21209,CUST11209,Personal Loan,109465,9122.08,2024-04-13,12
LN21210,CUST11210,Personal Loan,105248,2923.56,2023-04-24,36
LN21211,CUST11211,Personal Loan,391434,8154.88,2024-06-02,48
LN21212,CUST11212,Personal Loan,441225,9192.19,2023-06-15,48
LN21213,CUST11213,Consumer Durable,41307,6884.5,2024-09-14,6
LN21214,CUST11214,Personal Loan,457004,9520.92,2023-07-04,48
LN21215,CUST11215,Personal Loan,179738,7489.08,2024-05-03,24
LN21216,CUST11216,Personal Loan,76462,1592.96,2023-09-03,48
LN21217,CUST11217,Credit Card,82473,6872.75,2023-09-07,12
LN21218,CUST11218,Credit Card,49234,4102.83,2024-08-04,12
LN21219,CUST11219,Consumer Durable,26179,4363.17,2024-08-21,6
LN21220,CUST11220,Credit Card,40518,3376.5,2023-04-10,12
LN21221,CUST11221,Consumer Durable,37274,6212.33,2024-08-11,6
LN21222,CUST11222,Credit Card,120659,10054.92,2023-09-17,12
LN21223,CUST11223,Personal Loan,479858,9997.04,2023-05-13,48
LN21224,CUST11224,Personal Loan,391562,10876.72,2023-04-22,36
LN21225,CUST11225,Credit Card,106438,8869.83,2023-08-23,12
LN21226,CUST11226,Personal Loan,495304,41275.33,2024-11-23,12
LN21227,CUST11227,Credit Card,85193,7099.42,2023-03-30,12
LN21228,CUST11228,Consumer Durable,81396,6783.0,2024-02-23,12
LN21229,CUST11229,Consumer Durable,157347,26224.5,2023-07-21,6
LN21230,CUST11230,Personal Loan,103871,8655.92,2023-02-16,12
LN21231,CUST11231,Consumer Durable,73686,12281.0,2024-06-25,6
LN21232,CUST11232,Credit Card,24475,2039.58,2023-08-30,12
LN21233,CUST11233,Credit Card,63377,5281.42,2024-10-14,12
LN21234,CUST11234,Credit Card,17299,1441.58,2023-08-11,12
LN21235,CUST11235,Consumer Durable,123008,20501.33,2024-03-16,6
LN21236,CUST11236,Personal Loan,124246,5176.92,2023-12-13,24
LN21237,CUST11237,Consumer Durable,79405,6617.08,2024-02-07,12
LN21238,CUST11238,Personal Loan,350510,14604.58,2024-08-07,24
LN21239,CUST11239,Consumer Durable,191092,10616.22,2024-07-16,18
LN21240,CUST11240,Credit Card,79852,6654.33,2023-01-10,12
LN21241,CUST11241,Consumer Durable,154379,25729.83,2023-05-12,6
LN21242,CUST11242,Consumer Durable,26826,1490.33,2023-12-03,18
LN21243,CUST11243,Consumer Durable,61098,5091.5,2023-10-30,12
LN21244,CUST11244,Credit Card,121054,10087.83,2024-06-24,12
LN21245,CUST11245,Credit Card,130499,10874.92,2024-08-31,12
LN21246,CUST11246,Consumer Durable,39596,2199.78,2024-05-08,18
LN21247,CUST11247,Personal Loan,293345,24445.42,2023-07-02,12
LN21248,CUST11248,Consumer Durable,134052,22342.0,2023-09-16,6
LN21249,CUST11249,Personal Loan,459237,9567.44,2024-01-12,48
LN21250,CUST11250,Credit Card,47775,3981.25,2023-06-06,12
LN21251,CUST11251,Credit Card,124297,10358.08,2024-04-30,12
LN21252,CUST11252,Personal Loan,210259,8760.79,2023-03-24,24
LN21253,CUST11253,Credit Card,50791,4232.58,2024-01-30,12
LN21254,CUST11254,Credit Card,140057,11671.42,2023-10-19,12
LN21255,CUST11255,Consumer Durable,152905,8494.72,2024-03-25,18
LN21256,CUST11256,Personal Loan,449100,37425.0,2024-11-09,12
LN21257,CUST11257,Personal Loan,214179,4462.06,2024-03-27,48
LN21258,CUST11258,Personal Loan,59968,1665.78,2024-07-15,36
LN21259,CUST11259,Personal Loan,190592,7941.33,2023-02-16,24
LN21260,CUST11260,Credit Card,106134,8844.5,2024-11-28,12
LN21261,CUST11261,Consumer Durable,36183,2010.17,2024-02-05,18
LN21262,CUST11262,Personal Loan,314650,13110.42,2024-01-18,24
LN21263,CUST11263,Credit Card,62585,5215.42,2024-02-09,12
LN21264,CUST11264,Credit Card,135886,11323.83,2024-01-13,12
LN21265,CUST11265,Personal Loan,52639,1096.65,2024-01-13,48
LN21266,CUST11266,Credit Card,44867,3738.92,2024-02-10,12
LN21267,CUST11267,Consumer Durable,59415,9902.5,2024-02-01,6
LN21268,CUST11268,Consumer Durable,96440,16073.33,2023-01-27,6
LN21269,CUST11269,Consumer Durable,52560,8760.0,2024-10-24,6
LN21270,CUST11270,Personal Loan,169956,3540.75,2023-02-26,48
LN21271,CUST11271,Credit Card,134783,11231.92,2024-11-15,12
LN21272,CUST11272,Consumer Durable,134100,7450.0,2024-12-01,18
LN21273,CUST11273,Personal Loan,300968,25080.67,2023-05-15,12
LN21274,CUST11274,Personal Loan,309652,12902.17,2024-10-01,24
LN21275,CUST11275,Credit Card,61384,5115.33,2023-09-26,12
LN21276,CUST11276,Personal Loan,458310,19096.25,2023-05-27,24
LN21277,CUST11277,Consumer Durable,21373,1781.08,2024-04-23,12
LN21278,CUST11278,Credit Card,67846,5653.83,2024-09-17,12
LN21279,CUST11279,Credit Card,82932,6911.0,2024-01-17,12
LN21280,CUST11280,Credit Card,49123,4093.58,2024-07-26,12
LN21281,CUST11281,Personal Loan,253451,21120.92,2024-06-03,12
LN21282,CUST11282,Credit Card,134245,11187.08,2024-08-21,12
LN21283,CUST11283,Credit Card,139505,11625.42,2024-09-30,12
LN21284,CUST11284,Personal Loan,307474,12811.42,2023-12-19,24
LN21285,CUST11285,Consumer Durable,163221,9067.83,2023-10-18,18
LN21286,CUST11286,Consumer Durable,159569,13297.42,2023-01-04,12
LN21287,CUST11287,Personal Loan,312070,6501.46,2023-12-25,48
LN21288,CUST11288,Consumer Durable,110428,9202.33,2023-06-03,12
LN21289,CUST11289,Personal Loan,435768,36314.0,2024-04-01,12
LN21290,CUST11290,Personal Loan,205142,4273.79,2024-05-23,48
LN21291,CUST11291,Credit Card,41577,3464.75,2024-07-06,12
LN21292,CUST11292,Consumer Durable,21117,1759.75,2023-01-31,12
LN21293,CUST11293,Credit Card,149205,12433.75,2023-07-23,12
LN21294,CUST11294,Consumer Durable,172631,28771.83,2023-10-10,6
LN21295,CUST11295,Credit Card,51518,4293.17,2023-04-10,12
LN21296,CUST11296,Consumer Durable,148552,8252.89,2023-10-22,18
LN21297,CUST11297,Personal Loan,301240,8367.78,2024-05-25,36
LN21298,CUST11298,Credit Card,147427,12285.58,2023-04-02,12
LN21299,CUST11299,Consumer Durable,42002,2333.44,2024-02-11,18
LN21300,CUST11300,Personal Loan,275189,22932.42,2024-04-14,12
LN21301,CUST11301,Credit Card,117269,9772.42,2024-10-19,12
LN21302,CUST11302,Consumer Durable,175337,29222.83,2024-11-13,6
LN21303,CUST11303,Credit Card,38962,3246.83,2024-04-15,12
LN21304,CUST11304,Consumer Durable,67709,11284.83,2024-10-12,6
LN21305,CUST11305,Credit Card,36545,3045.42,2023-11-06,12
LN21306,CUST11306,Credit Card,65318,5443.17,2024-08-05,12
LN21307,CUST11307,Personal Loan,333424,6946.33,2023-08-26,48
LN21308,CUST11308,Personal Loan,472630,13128.61,2023-03-15,36
LN21309,CUST11309,Credit Card,94073,7839.42,2023-10-19,12
LN21310,CUST11310,Credit Card,14719,1226.58,2024-03-15,12
LN21311,CUST11311,Consumer Durable,27325,2277.08,2024-03-17,12
LN21312,CUST11312,Credit Card,16524,1377.0,2023-08-15,12
LN21313,CUST11313,Consumer Durable,138893,7716.28,2023-03-15,18
LN21314,CUST11314,Consumer Durable,174342,14528.5,2023-11-07,12
LN21315,CUST11315,Consumer Durable,176628,14719.0,2023-02-08,12
LN21316,CUST11316,Credit Card,16693,1391.08,2023-11-13,12
LN21317,CUST11317,Credit Card,82302,6858.5,2024-07-26,12
LN21318,CUST11318,Personal Loan,114262,4760.92,2023-12-01,24
LN21319,CUST11319,Consumer Durable,89159,4953.28,2024-08-17,18
LN21320,CUST11320,Credit Card,103100,8591.67,2024-07-31,12
LN21321,CUST11321,Consumer Durable,167278,27879.67,2024-01-17,6
LN21322,CUST11322,Personal Loan,312334,8675.94,2024-07-30,36
LN21323,CUST11323,Credit Card,31850,2654.17,2023-06-28,12
LN21324,CUST11324,Consumer Durable,197614,10978.56,2023-12-18,18
LN21325,CUST11325,Credit Card,99434,8286.17,2024-11-07,12
LN21326,CUST11326,Consumer Durable,61883,10313.83,2023-03-17,6
LN21327,CUST11327,Consumer Durable,93918,7826.5,2023-07-23,12
LN21328,CUST11328,Consumer Durable,49730,2762.78,2024-04-25,18
LN21329,CUST11329,Consumer Durable,197218,32869.67,2023-03-18,6
LN21330,CUST11330,Credit Card,44046,3670.5,2023-11-28,12
LN21331,CUST11331,Consumer Durable,172752,9597.33,2024-10-25,18
LN21332,CUST11332,Personal Loan,391418,32618.17,2023-08-12,12
LN21333,CUST11333,Credit Card,25041,2086.75,2024-05-31,12
LN21334,CUST11334,Personal Loan,132119,5504.96,2023-05-30,24
LN21335,CUST11335,Personal Loan,403633,11212.03,2024-08-28,36
LN21336,CUST11336,Personal Loan,432539,9011.23,2024-10-13,48
LN21337,CUST11337,Credit Card,36994,3082.83,2023-02-26,12
LN21338,CUST11338,Credit Card,84870,7072.5,2024-01-28,12
LN21339,CUST11339,Credit Card,76201,6350.08,2023-08-05,12
LN21340,CUST11340,Consumer Durable,178230,29705.0,2023-01-11,6
LN21341,CUST11341,Credit Card,41968,3497.33,2023-03-10,12
LN21342,CUST11342,Personal Loan,190978,3978.71,2023-11-26,48
LN21343,CUST11343,Credit Card,56928,4744.0,2024-09-26,12
LN21344,CUST11344,Consumer Durable,97413,8117.75,2024-06-28,12
LN21345,CUST11345,Credit Card,135657,11304.75,2023-12-07,12
LN21346,CUST11346,Credit Card,11801,983.42,2024-04-12,12
LN21347,CUST11347,Personal Loan,319841,26653.42,2024-11-23,12
LN21348,CUST11348,Personal Loan,143198,3977.72,2023-12-16,36
LN21349,CUST11349,Consumer Durable,25339,1407.72,2023-11-04,18
LN21350,CUST11350,Personal Loan,135811,5658.79,2023-10-25,24
LN21351,CUST11351,Credit Card,131978,10998.17,2023-06-10,12
LN21352,CUST11352,Credit Card,102112,8509.33,2024-10-21,12
LN21353,CUST11353,Credit Card,95272,7939.33,2024-03-16,12
LN21354,CUST11354,Credit Card,26113,2176.08,2024-05-10,12
LN21355,CUST11355,Personal Loan,357578,29798.17,2024-10-20,12
LN21356,CUST11356,Credit Card,29935,2494.58,2024-05-08,12
LN21357,CUST11357,Personal Loan,460639,12795.53,2024-03-21,36
LN21358,CUST11358,Personal Loan,368936,10248.22,2023-12-22,36
LN21359,CUST11359,Credit Card,137272,11439.33,2024-01-09,12
LN21360,CUST11360,Consumer Durable,20230,1123.89,2024-08-18,18
LN21361,CUST11361,Consumer Durable,96721,5373.39,2023-08-12,18
LN21362,CUST11362,Consumer Durable,21056,3509.33,2023-07-26,6
LN21363,CUST11363,Personal Loan,363547,10098.53,2024-08-09,36
LN21364,CUST11364,Personal Loan,294150,8170.83,2023-10-31,36
LN21365,CUST11365,Consumer Durable,37493,6248.83,2024-07-26,6
LN21366,CUST11366,Personal Loan,130815,3633.75,2023-04-28,36
LN21367,CUST11367,Personal Loan,421378,17557.42,2023-10-07,24
LN21368,CUST11368,Credit Card,86941,7245.08,2023-01-11,12
LN21369,CUST11369,Credit Card,68772,5731.0,2023-10-26,12
LN21370,CUST11370,Consumer Durable,152401,8466.72,2024-10-13,18
LN21371,CUST11371,Consumer Durable,28547,1585.94,2023-09-14,18
LN21372,CUST11372,Personal Loan,368563,30713.58,2023-05-24,12
LN21373,CUST11373,Credit Card,34186,2848.83,2023-04-13,12
LN21374,CUST11374,Consumer Durable,18249,3041.5,2023-10-30,6
LN21375,CUST11375,Credit Card,30894,2574.5,2023-07-13,12
LN21376,CUST11376,Credit Card,31204,2600.33,2024-03-07,12
LN21377,CUST11377,Credit Card,46007,3833.92,2024-03-17,12
LN21378,CUST11378,Consumer Durable,186329,15527.42,2024-04-26,12
LN21379,CUST11379,Personal Loan,50154,1044.88,2024-07-28,48
LN21380,CUST11380,Personal Loan,381350,15889.58,2023-10-25,24
LN21381,CUST11381,Consumer Durable,72089,6007.42,2024-02-23,12
LN21382,CUST11382,Personal Loan,102561,2136.69,2024-10-04,48
LN21383,CUST11383,Personal Loan,285817,11909.04,2023-08-27,24
LN21384,CUST11384,Consumer Durable,149443,12453.58,2023-04-03,12
LN21385,CUST11385,Consumer Durable,46742,2596.78,2023-09-03,18
LN21386,CUST11386,Consumer Durable,137125,7618.06,2023-09-06,18
LN21387,CUST11387,Personal Loan,139746,2911.38,2024-06-06,48
LN21388,CUST11388,Credit Card,117319,9776.58,2023-08-07,12
LN21389,CUST11389,Credit Card,132009,11000.75,2023-09-03,12
LN21390,CUST11390,Personal Loan,258727,21560.58,2023-07-18,12
LN21391,CUST11391,Credit Card,41131,3427.58,2024-05-09,12
LN21392,CUST11392,Consumer Durable,49775,2765.28,2024-03-07,18
LN21393,CUST11393,Personal Loan,497136,13809.33,2024-04-01,36
LN21394,CUST11394,Credit Card,72337,6028.08,2023-05-13,12
LN21395,CUST11395,Credit Card,101986,8498.83,2023-07-04,12
LN21396,CUST11396,Consumer Durable,180725,10040.28,2024-06-13,18
LN21397,CUST11397,Personal Loan,454918,37909.83,2024-08-30,12
LN21398,CUST11398,Credit Card,24324,2027.0,2024-09-27,12
LN21399,CUST11399,Credit Card,90360,7530.0,2024-08-30,12
LN21400,CUST11400,Consumer Durable,197768,32961.33,2023-12-05,6
LN21401,CUST11401,Consumer Durable,26139,1452.17,2024-07-25,18
LN21402,CUST11402,Consumer Durable,137992,22998.67,2024-10-13,6
LN21403,CUST11403,Credit Card,28102,2341.83,2024-09-06,12
LN21404,CUST11404,Personal Loan,450200,12505.56,2024-06-23,36
LN21405,CUST11405,Consumer Durable,71998,5999.83,2024-01-02,12
LN21406,CUST11406,Personal Loan,186529,5181.36,2023-10-11,36
LN21407,CUST11407,Credit Card,131914,10992.83,2024-05-13,12
LN21408,CUST11408,Credit Card,49264,4105.33,2023-04-05,12
LN21409,CUST11409,Personal Loan,328346,13681.08,2023-04-16,24
LN21410,CUST11410,Consumer Durable,42042,3503.5,2023-08-08,12
LN21411,CUST11411,Consumer Durable,158312,8795.11,2023-01-20,18
LN21412,CUST11412,Personal Loan,63240,1317.5,2024-05-08,48
LN21413,CUST11413,Personal Loan,479450,39954.17,2024-08-28,12
LN21414,CUST11414,Personal Loan,263744,21978.67,2024-08-27,12
LN21415,CUST11415,Personal Loan,462028,19251.17,2024-02-02,24
LN21416,CUST11416,Consumer Durable,165732,13811.0,2023-12-14,12
LN21417,CUST11417,Personal Loan,355081,9863.36,2023-08-11,36
LN21418,CUST11418,Personal Loan,495034,20626.42,2024-05-10,24
LN21419,CUST11419,Personal Loan,431754,8994.88,2023-12-19,48
LN21420,CUST11420,Consumer Durable,59764,4980.33,2023-03-25,12
LN21421,CUST11421,Consumer Durable,69857,3880.94,2023-08-31,18
LN21422,CUST11422,Credit Card,136238,11353.17,2024-03-17,12
LN21423,CUST11423,Consumer Durable,110495,18415.83,2024-08-28,6
LN21424,CUST11424,Credit Card,42181,3515.08,2024-08-10,12
LN21425,CUST11425,Consumer Durable,178586,14882.17,2023-10-30,12
LN21426,CUST11426,Consumer Durable,151758,25293.0,2024-09-19,6
LN21427,CUST11427,Personal Loan,382401,10622.25,2024-09-09,36
LN21428,CUST11428,Credit Card,140517,11709.75,2024-06-10,12
LN21429,CUST11429,Personal Loan,429851,11940.31,2024-02-10,36
LN21430,CUST11430,Credit Card,129831,10819.25,2023-08-03,12
LN21431,CUST11431,Credit Card,104161,8680.08,2023-02-16,12
LN21432,CUST11432,Credit Card,15142,1261.83,2023-01-05,12
LN21433,CUST11433,Credit Card,146753,12229.42,2023-06-27,12
LN21434,CUST11434,Consumer Durable,44745,2485.83,2024-05-24,18
LN21435,CUST11435,Credit Card,44124,3677.0,2024-10-11,12
LN21436,CUST11436,Personal Loan,432702,36058.5,2023-09-14,12
LN21437,CUST11437,Credit Card,100092,8341.0,2024-06-29,12
LN21438,CUST11438,Consumer Durable,127743,21290.5,2024-08-12,6
LN21439,CUST11439,Personal Loan,97403,4058.46,2023-11-09,24
LN21440,CUST11440,Consumer Durable,131952,7330.67,2023-01-28,18
LN21441,CUST11441,Consumer Durable,178046,14837.17,2023-07-06,12
LN21442,CUST11442,Personal Loan,452690,9431.04,2024-06-22,48
LN21443,CUST11443,Consumer Durable,31463,1747.94,2023-10-30,18
LN21444,CUST11444,Credit Card,142739,11894.92,2023-10-24,12
LN21445,CUST11445,Personal Loan,483053,40254.42,2024-10-31,12
LN21446,CUST11446,Personal Loan,459511,9573.15,2023-10-26,48
LN21447,CUST11447,Credit Card,74891,6240.92,2024-07-24,12
LN21448,CUST11448,Consumer Durable,129348,7186.0,2024-06-09,18
LN21449,CUST11449,Personal Loan,344098,28674.83,2023-05-09,12
LN21450,CUST11450,Credit Card,33464,2788.67,2024-06-15,12
LN21451,CUST11451,Consumer Durable,15898,1324.83,2024-08-01,12
LN21452,CUST11452,Personal Loan,73844,1538.42,2024-03-29,48
LN21453,CUST11453,Credit Card,145926,12160.5,2023-12-24,12
LN21454,CUST11454,Personal Loan,475744,39645.33,2023-03-20,12
LN21455,CUST11455,Credit Card,94076,7839.67,2023-04-20,12
LN21456,CUST11456,Credit Card,129706,10808.83,2024-01-28,12
LN21457,CUST11457,Consumer Durable,158787,26464.5,2023-10-28,6
LN21458,CUST11458,Personal Loan,249115,20759.58,2023-09-07,12
LN21459,CUST11459,Credit Card,32149,2679.08,2023-03-19,12
LN21460,CUST11460,Personal Loan,97992,2722.0,2023-04-02,36
LN21461,CUST11461,Credit Card,54414,4534.5,2023-01-08,12
LN21462,CUST11462,Personal Loan,318088,13253.67,2024-08-06,24
LN21463,CUST11463,Personal Loan,265060,7362.78,2024-03-29,36
LN21464,CUST11464,Personal Loan,260800,10866.67,2023-03-21,24
LN21465,CUST11465,Personal Loan,56034,1556.5,2023-10-20,36
LN21466,CUST11466,Personal Loan,198675,4139.06,2023-10-25,48
LN21467,CUST11467,Credit Card,123336,10278.0,2023-04-11,12
LN21468,CUST11468,Personal Loan,390467,10846.31,2024-08-27,36
LN21469,CUST11469,Consumer Durable,32391,5398.5,2023-09-07,6
LN21470,CUST11470,Credit Card,117821,9818.42,2024-04-25,12
LN21471,CUST11471,Credit Card,45564,3797.0,2024-05-25,12
LN21472,CUST11472,Consumer Durable,23569,1964.08,2024-04-09,12
LN21473,CUST11473,Consumer Durable,129461,10788.42,2023-12-17,12
LN21474,CUST11474,Consumer Durable,55383,9230.5,2023-12-01,6
LN21475,CUST11475,Credit Card,66852,5571.0,2024-04-15,12
LN21476,CUST11476,Credit Card,114887,9573.92,2024-09-12,12
LN21477,CUST11477,Consumer Durable,192783,32130.5,2024-03-11,6
LN21478,CUST11478,Credit Card,140325,11693.75,2024-02-28,12
LN21479,CUST11479,Credit Card,25802,2150.17,2024-01-17,12
LN21480,CUST11480,Consumer Durable,15241,846.72,2023-10-20,18
LN21481,CUST11481,Credit Card,13426,1118.83,2024-07-18,12
LN21482,CUST11482,Personal Loan,148833,3100.69,2024-08-21,48
LN21483,CUST11483,Personal Loan,89133,2475.92,2024-11-25,36
LN21484,CUST11484,Personal Loan,264419,22034.92,2024-10-28,12
LN21485,CUST11485,Credit Card,88244,7353.67,2023-11-12,12
LN21486,CUST11486,Consumer Durable,41287,3440.58,2023-05-23,12
LN21487,CUST11487,Personal Loan,55752,2323.0,2023-09-25,24
LN21488,CUST11488,Credit Card,84396,7033.0,2023-08-24,12
LN21489,CUST11489,Consumer Durable,190340,10574.44,2023-12-13,18
LN21490,CUST11490,Credit Card,140436,11703.0,2024-04-02,12
LN21491,CUST11491,Consumer Durable,35432,1968.44,2024-01-30,18
LN21492,CUST11492,Personal Loan,187690,15640.83,2024-01-12,12
LN21493,CUST11493,Credit Card,71653,5971.08,2023-12-02,12
LN21494,CUST11494,Consumer Durable,146171,12180.92,2023-09-29,12
LN21495,CUST11495,Credit Card,79428,6619.0,2024-07-23,12
LN21496,CUST11496,Personal Loan,116065,3224.03,2024-02-19,36
LN21497,CUST11497,Personal Loan,401971,11165.86,2024-04-15,36
LN21498,CUST11498,Personal Loan,356788,14866.17,2024-05-02,24
LN21499,CUST11499,Personal Loan,347607,28967.25,2024-06-23,12
LN21500,CUST11500,Consumer Durable,59627,3312.61,2023-01-31,18
LN21501,CUST11501,Personal Loan,112734,9394.5,2023-07-12,12
LN21502,CUST11502,Credit Card,105575,8797.92,2024-07-09,12
LN21503,CUST11503,Consumer Durable,39846,6641.0,2024-11-23,6
LN21504,CUST11504,Personal Loan,452491,37707.58,2024-08-11,12
LN21505,CUST11505,Consumer Durable,153781,25630.17,2023-08-25,6
LN21506,CUST11506,Personal Loan,461650,12823.61,2023-10-30,36
LN21507,CUST11507,Personal Loan,314587,6553.9,2023-11-03,48
LN21508,CUST11508,Consumer Durable,193783,16148.58,2023-09-19,12
LN21509,CUST11509,Consumer Durable,92422,7701.83,2024-02-19,12
LN21510,CUST11510,Consumer Durable,190406,10578.11,2024-03-16,18
LN21511,CUST11511,Consumer Durable,38493,3207.75,2023-07-06,12
LN21512,CUST11512,Credit Card,149070,12422.5,2023-12-06,12
LN21513,CUST11513,Credit Card,73236,6103.0,2023-11-07,12
LN21514,CUST11514,Credit Card,23846,1987.17,2024-08-13,12
LN21515,CUST11515,Credit Card,101637,8469.75,2023-04-05,12
LN21516,CUST11516,Personal Loan,183927,15327.25,2024-10-22,12
LN21517,CUST11517,Credit Card,90985,7582.08,2023-07-01,12
LN21518,CUST11518,Credit Card,97098,8091.5,2023-02-11,12
LN21519,CUST11519,Consumer Durable,51498,8583.0,2023-09-03,6
LN21520,CUST11520,Personal Loan,95255,2645.97,2023-06-23,36
LN21521,CUST11521,Personal Loan,333060,9251.67,2023-01-01,36
LN21522,CUST11522,Consumer Durable,196558,32759.67,2023-11-04,6
LN21523,CUST11523,Credit Card,36425,3035.42,2024-01-07,12
LN21524,CUST11524,Personal Loan,309574,6449.46,2023-09-08,48
LN21525,CUST11525,Consumer Durable,116195,9682.92,2024-06-21,12
LN21526,CUST11526,Credit Card,16446,1370.5,2024-08-22,12
LN21527,CUST11527,Consumer Durable,168218,28036.33,2023-10-20,6
LN21528,CUST11528,Credit Card,20975,1747.92,2024-07-07,12
LN21529,CUST11529,Personal Loan,475474,13207.61,2024-04-28,36
LN21530,CUST11530,Personal Loan,480156,40013.0,2024-04-19,12
LN21531,CUST11531,Credit Card,105614,8801.17,2023-07-24,12
LN21532,CUST11532,Credit Card,49563,4130.25,2023-07-10,12
LN21533,CUST11533,Personal Loan,326732,6806.92,2024-06-19,48
LN21534,CUST11534,Personal Loan,461322,19221.75,2024-01-28,24
LN21535,CUST11535,Consumer Durable,140934,23489.0,2023-08-15,6
LN21536,CUST11536,Credit Card,132260,11021.67,2024-01-01,12
LN21537,CUST11537,Consumer Durable,146440,8135.56,2023-03-07,18
LN21538,CUST11538,Personal Loan,240955,10039.79,2024-07-16,24
LN21539,CUST11539,Consumer Durable,107041,5946.72,2023-01-31,18
LN21540,CUST11540,Credit Card,119451,9954.25,2023-12-31,12
LN21541,CUST11541,Consumer Durable,108404,9033.67,2024-08-01,12
LN21542,CUST11542,Personal Loan,79745,2215.14,2023-08-08,36
LN21543,CUST11543,Consumer Durable,148487,12373.92,2024-10-19,12
LN21544,CUST11544,Consumer Durable,140949,23491.5,2023-10-30,6
LN21545,CUST11545,Credit Card,26276,2189.67,2023-08-15,12
LN21546,CUST11546,Consumer Durable,88889,14814.83,2023-12-09,6
LN21547,CUST11547,Personal Loan,409163,11365.64,2023-03-12,36
LN21548,CUST11548,Consumer Durable,44127,3677.25,2023-12-08,12
LN21549,CUST11549,Consumer Durable,177325,29554.17,2024-10-01,6
LN21550,CUST11550,Credit Card,17833,1486.08,2024-10-20,12
LN21551,CUST11551,Consumer Durable,59217,3289.83,2023-02-03,18
LN21552,CUST11552,Credit Card,19125,1593.75,2024-06-15,12
LN21553,CUST11553,Credit Card,65851,5487.58,2024-02-05,12
LN21554,CUST11554,Credit Card,51333,4277.75,2024-10-23,12
LN21555,CUST11555,Personal Loan,170960,14246.67,2023-08-24,12
LN21556,CUST11556,Personal Loan,289256,24104.67,2024-02-21,12
LN21557,CUST11557,Consumer Durable,108445,18074.17,2023-03-14,6
LN21558,CUST11558,Credit Card,114277,9523.08,2023-01-26,12
LN21559,CUST11559,Credit Card,110033,9169.42,2024-08-15,12
LN21560,CUST11560,Consumer Durable,138499,23083.17,2023-12-06,6
LN21561,CUST11561,Consumer Durable,51109,4259.08,2024-07-31,12
LN21562,CUST11562,Personal Loan,346790,28899.17,2023-03-13,12
LN21563,CUST11563,Credit Card,142268,11855.67,2024-09-26,12
LN21564,CUST11564,Consumer Durable,142877,11906.42,2023-10-31,12
LN21565,CUST11565,Consumer Durable,87723,14620.5,2023-04-22,6
LN21566,CUST11566,Consumer Durable,164894,13741.17,2024-05-16,12
LN21567,CUST11567,Credit Card,124472,10372.67,2023-08-24,12
LN21568,CUST11568,Consumer Durable,77422,4301.22,2024-03-30,18
LN21569,CUST11569,Consumer Durable,74482,12413.67,2023-07-07,6
LN21570,CUST11570,Personal Loan,231837,4829.94,2024-09-22,48
LN21571,CUST11571,Consumer Durable,39649,2202.72,2023-02-23,18
LN21572,CUST11572,Credit Card,37449,3120.75,2023-02-07,12
LN21573,CUST11573,Credit Card,49666,4138.83,2024-10-05,12
LN21574,CUST11574,Credit Card,76220,6351.67,2024-01-19,12
LN21575,CUST11575,Credit Card,58619,4884.92,2024-09-01,12
LN21576,CUST11576,Personal Loan,446301,37191.75,2023-05-21,12
LN21577,CUST11577,Personal Loan,92992,7749.33,2024-02-07,12
LN21578,CUST11578,Consumer Durable,92690,15448.33,2024-04-18,6
LN21579,CUST11579,Consumer Durable,114721,19120.17,2024-03-24,6
LN21580,CUST11580,Personal Loan,181499,3781.23,2023-10-04,48
LN21581,CUST11581,Consumer Durable,143203,7955.72,2023-05-24,18
LN21582,CUST11582,Credit Card,144244,12020.33,2024-04-01,12
LN21583,CUST11583,Personal Loan,218965,4561.77,2023-12-31,48
LN21584,CUST11584,Consumer Durable,159937,26656.17,2023-08-03,6
LN21585,CUST11585,Consumer Durable,113623,18937.17,2023-02-04,6
LN21586,CUST11586,Credit Card,44286,3690.5,2024-04-08,12
LN21587,CUST11587,Credit Card,128879,10739.92,2024-10-08,12
LN21588,CUST11588,Consumer Durable,172162,28693.67,2024-07-15,6
LN21589,CUST11589,Personal Loan,344713,28726.08,2023-06-07,12
LN21590,CUST11590,Consumer Durable,155323,12943.58,2024-02-01,12
LN21591,CUST11591,Personal Loan,175533,14627.75,2023-03-25,12
LN21592,CUST11592,Credit Card,107719,8976.58,2024-03-17,12
LN21593,CUST11593,Consumer Durable,111405,18567.5,2023-05-11,6
LN21594,CUST11594,Personal Loan,481837,10038.27,2024-05-13,48
LN21595,CUST11595,Consumer Durable,120520,6695.56,2024-10-29,18
LN21596,CUST11596,Consumer Durable,164229,27371.5,2024-04-05,6
LN21597,CUST11597,Consumer Durable,33907,2825.58,2023-09-26,12
LN21598,CUST11598,Credit Card,86385,7198.75,2024-07-04,12
LN21599,CUST11599,Credit Card,34809,2900.75,2023-03-31,12
LN21600,CUST11600,Personal Loan,219926,4581.79,2024-04-04,48
LN21601,CUST11601,Personal Loan,389062,8105.46,2023-05-13,48
LN21602,CUST11602,Credit Card,136992,11416.0,2023-11-01,12
LN21603,CUST11603,Personal Loan,233220,4858.75,2024-03-20,48
LN21604,CUST11604,Credit Card,68037,5669.75,2024-08-04,12
LN21605,CUST11605,Consumer Durable,181120,15093.33,2023-06-05,12
LN21606,CUST11606,Personal Loan,318565,13273.54,2023-12-16,24
LN21607,CUST11607,Consumer Durable,52817,2934.28,2023-09-28,18
LN21608,CUST11608,Consumer Durable,34993,2916.08,2023-04-18,12
LN21609,CUST11609,Credit Card,33695,2807.92,2023-07-10,12
LN21610,CUST11610,Credit Card,119042,9920.17,2024-06-17,12
LN21611,CUST11611,Personal Loan,320726,13363.58,2023-08-17,24
LN21612,CUST11612,Consumer Durable,60482,5040.17,2023-12-29,12
LN21613,CUST11613,Credit Card,116465,9705.42,2023-11-02,12
LN21614,CUST11614,Consumer Durable,58542,3252.33,2024-10-26,18
LN21615,CUST11615,Consumer Durable,62947,3497.06,2023-06-26,18
LN21616,CUST11616,Personal Loan,251894,5247.79,2024-09-29,48
LN21617,CUST11617,Personal Loan,336432,9345.33,2024-05-25,36
LN21618,CUST11618,Personal Loan,238816,6633.78,2023-02-05,36
LN21619,CUST11619,Credit Card,68172,5681.0,2024-07-30,12
LN21620,CUST11620,Consumer Durable,187122,10395.67,2024-03-13,18
LN21621,CUST11621,Credit Card,103848,8654.0,2023-12-12,12
LN21622,CUST11622,Personal Loan,57419,1196.23,2023-04-08,48
LN21623,CUST11623,Personal Loan,277181,11549.21,2024-07-29,24
LN21624,CUST11624,Consumer Durable,90075,5004.17,2023-10-03,18
LN21625,CUST11625,Consumer Durable,95772,15962.0,2023-09-09,6
LN21626,CUST11626,Consumer Durable,15429,2571.5,2023-10-22,6
LN21627,CUST11627,Consumer Durable,68447,5703.92,2023-05-20,12
LN21628,CUST11628,Credit Card,35658,2971.5,2023-07-10,12
LN21629,CUST11629,Consumer Durable,161152,8952.89,2024-11-12,18
LN21630,CUST11630,Consumer Durable,51517,8586.17,2024-05-09,6
LN21631,CUST11631,Credit Card,65615,5467.92,2023-06-18,12
LN21632,CUST11632,Consumer Durable,189565,15797.08,2023-06-15,12
LN21633,CUST11633,Credit Card,26678,2223.17,2023-07-11,12
LN21634,CUST11634,Personal Loan,463574,12877.06,2024-03-21,36
LN21635,CUST11635,Consumer Durable,27376,1520.89,2024-03-31,18
LN21636,CUST11636,Credit Card,88514,7376.17,2024-04-19,12
LN21637,CUST11637,Credit Card,128154,10679.5,2023-05-17,12
LN21638,CUST11638,Consumer Durable,56330,4694.17,2023-12-21,12
LN21639,CUST11639,Credit Card,146574,12214.5,2023-11-16,12
LN21640,CUST11640,Credit Card,121544,10128.67,2023-07-16,12
LN21641,CUST11641,Personal Loan,333264,9257.33,2024-05-27,36
LN21642,CUST11642,Personal Loan,70476,5873.0,2023-07-21,12
LN21643,CUST11643,Personal Loan,90983,2527.31,2023-05-30,36
LN21644,CUST11644,Consumer Durable,64563,10760.5,2023-09-28,6
LN21645,CUST11645,Credit Card,73684,6140.33,2024-05-11,12
LN21646,CUST11646,Credit Card,13557,1129.75,2023-06-03,12
LN21647,CUST11647,Consumer Durable,41606,2311.44,2023-01-01,18
LN21648,CUST11648,Personal Loan,127491,3541.42,2023-09-14,36
LN21649,CUST11649,Personal Loan,489307,20387.79,2023-08-24,24
LN21650,CUST11650,Personal Loan,466363,19431.79,2023-09-26,24
LN21651,CUST11651,Consumer Durable,100812,8401.0,2024-05-09,12
LN21652,CUST11652,Consumer Durable,70781,11796.83,2024-05-11,6
LN21653,CUST11653,Consumer Durable,79882,6656.83,2023-01-04,12
LN21654,CUST11654,Consumer Durable,119194,19865.67,2024-06-08,6
LN21655,CUST11655,Consumer Durable,51954,2886.33,2024-07-09,18
LN21656,CUST11656,Consumer Durable,106780,17796.67,2023-10-16,6
LN21657,CUST11657,Consumer Durable,165237,13769.75,2024-04-09,12
LN21658,CUST11658,Consumer Durable,61350,10225.0,2023-03-25,6
LN21659,CUST11659,Personal Loan,156386,6516.08,2023-01-02,24
LN21660,CUST11660,Consumer Durable,42537,3544.75,2023-09-16,12
LN21661,CUST11661,Personal Loan,260184,7227.33,2023-01-21,36
LN21662,CUST11662,Personal Loan,487678,40639.83,2024-09-30,12
LN21663,CUST11663,Consumer Durable,127708,7094.89,2023-11-07,18
LN21664,CUST11664,Credit Card,135192,11266.0,2023-08-27,12
LN21665,CUST11665,Credit Card,97526,8127.17,2024-03-15,12
LN21666,CUST11666,Personal Loan,269629,22469.08,2023-11-13,12
LN21667,CUST11667,Consumer Durable,66157,3675.39,2024-10-10,18
LN21668,CUST11668,Credit Card,101274,8439.5,2023-09-16,12
LN21669,CUST11669,Credit Card,82051,6837.58,2023-01-06,12
LN21670,CUST11670,Personal Loan,421700,11713.89,2023-02-19,36
LN21671,CUST11671,Credit Card,45238,3769.83,2023-12-13,12
LN21672,CUST11672,Credit Card,68071,5672.58,2023-06-08,12
LN21673,CUST11673,Credit Card,71163,5930.25,2024-01-10,12
LN21674,CUST11674,Personal Loan,444367,18515.29,2024-03-17,24
LN21675,CUST11675,Personal Loan,261024,21752.0,2023-09-02,12
LN21676,CUST11676,Credit Card,22400,1866.67,2024-04-11,12
LN21677,CUST11677,Credit Card,110673,9222.75,2023-08-30,12
LN21678,CUST11678,Personal Loan,450579,18774.12,2023-07-01,24
LN21679,CUST11679,Credit Card,40791,3399.25,2024-06-21,12
LN21680,CUST11680,Consumer Durable,81243,13540.5,2024-07-10,6
LN21681,CUST11681,Consumer Durable,78659,13109.83,2024-04-11,6
LN21682,CUST11682,Credit Card,12167,1013.92,2024-12-01,12
LN21683,CUST11683,Credit Card,20855,1737.92,2024-07-16,12
LN21684,CUST11684,Credit Card,14322,1193.5,2023-10-24,12
LN21685,CUST11685,Credit Card,53061,4421.75,2024-09-29,12
LN21686,CUST11686,Credit Card,115556,9629.67,2023-01-06,12
LN21687,CUST11687,Personal Loan,183159,3815.81,2023-04-14,48
LN21688,CUST11688,Consumer Durable,34051,2837.58,2023-09-06,12
LN21689,CUST11689,Consumer Durable,120157,20026.17,2023-12-25,6
LN21690,CUST11690,Credit Card,119666,9972.17,2023-07-27,12
LN21691,CUST11691,Personal Loan,235603,6544.53,2024-10-09,36
LN21692,CUST11692,Consumer Durable,64993,10832.17,2023-11-03,6
LN21693,CUST11693,Personal Loan,458944,9561.33,2023-04-03,48
LN21694,CUST11694,Personal Loan,476849,9934.35,2024-11-02,48
LN21695,CUST11695,Consumer Durable,114468,9539.0,2023-07-03,12
LN21696,CUST11696,Consumer Durable,31112,1728.44,2024-10-22,18
LN21697,CUST11697,Credit Card,22841,1903.42,2023-10-15,12
LN21698,CUST11698,Consumer Durable,75034,6252.83,2023-03-13,12
LN21699,CUST11699,Personal Loan,406007,16916.96,2024-08-30,24
LN21700,CUST11700,Personal Loan,420250,8755.21,2023-08-31,48
LN21701,CUST11701,Personal Loan,189277,3943.27,2024-08-02,48
LN21702,CUST11702,Personal Loan,212137,8839.04,2024-08-15,24
LN21703,CUST11703,Credit Card,47630,3969.17,2023-12-08,12
LN21704,CUST11704,Consumer Durable,141761,11813.42,2024-11-01,12
LN21705,CUST11705,Credit Card,32635,2719.58,2023-08-11,12
LN21706,CUST11706,Consumer Durable,182836,10157.56,2023-07-02,18
LN21707,CUST11707,Consumer Durable,90323,7526.92,2023-11-05,12
LN21708,CUST11708,Personal Loan,377627,15734.46,2023-09-14,24
LN21709,CUST11709,Credit Card,78623,6551.92,2024-02-22,12
LN21710,CUST11710,Personal Loan,453053,9438.6,2024-11-23,48
LN21711,CUST11711,Credit Card,107325,8943.75,2024-04-25,12
LN21712,CUST11712,Credit Card,84607,7050.58,2023-01-12,12
LN21713,CUST11713,Personal Loan,293584,12232.67,2023-02-14,24
LN21714,CUST11714,Consumer Durable,96025,8002.08,2023-01-05,12
LN21715,CUST11715,Personal Loan,75179,3132.46,2023-01-23,24
LN21716,CUST11716,Credit Card,102928,8577.33,2024-09-08,12
LN21717,CUST11717,Credit Card,46050,3837.5,2023-04-23,12
LN21718,CUST11718,Credit Card,37756,3146.33,2023-01-11,12
LN21719,CUST11719,Credit Card,133348,11112.33,2024-08-17,12
LN21720,CUST11720,Credit Card,69372,5781.0,2023-07-16,12
LN21721,CUST11721,Personal Loan,80210,3342.08,2023-05-06,24
LN21722,CUST11722,Consumer Durable,17446,2907.67,2024-02-07,6
LN21723,CUST11723,Consumer Durable,100809,16801.5,2023-07-17,6
LN21724,CUST11724,Personal Loan,84142,7011.83,2023-08-23,12
LN21725,CUST11725,Personal Loan,179485,14957.08,2023-10-19,12
LN21726,CUST11726,Consumer Durable,58592,4882.67,2023-11-12,12
LN21727,CUST11727,Consumer Durable,33571,2797.58,2024-08-09,12
LN21728,CUST11728,Personal Loan,287432,23952.67,2024-05-22,12
LN21729,CUST11729,Consumer Durable,63727,3540.39,2023-07-27,18
LN21730,CUST11730,Personal Loan,391185,16299.38,2024-09-21,24
LN21731,CUST11731,Consumer Durable,49461,2747.83,2024-01-15,18
LN21732,CUST11732,Personal Loan,243327,20277.25,2024-02-07,12
LN21733,CUST11733,Personal Loan,477211,19883.79,2023-01-17,24
LN21734,CUST11734,Personal Loan,269701,7491.69,2024-07-25,36
LN21735,CUST11735,Credit Card,39981,3331.75,2023-02-27,12
LN21736,CUST11736,Credit Card,103558,8629.83,2023-05-14,12
LN21737,CUST11737,Consumer Durable,178603,29767.17,2024-11-09,6
LN21738,CUST11738,Personal Loan,386730,8056.88,2023-05-31,48
LN21739,CUST11739,Credit Card,39749,3312.42,2023-04-24,12
LN21740,CUST11740,Credit Card,32601,2716.75,2024-11-18,12
LN21741,CUST11741,Personal Loan,123421,5142.54,2023-07-18,24
LN21742,CUST11742,Personal Loan,426159,35513.25,2024-03-12,12
LN21743,CUST11743,Consumer Durable,157470,8748.33,2024-01-11,18
LN21744,CUST11744,Personal Loan,404452,33704.33,2024-02-16,12
LN21745,CUST11745,Personal Loan,127253,2651.1,2023-04-12,48
LN21746,CUST11746,Credit Card,89430,7452.5,2024-11-19,12
LN21747,CUST11747,Consumer Durable,50426,4202.17,2024-02-22,12
LN21748,CUST11748,Consumer Durable,97110,16185.0,2024-02-06,6
LN21749,CUST11749,Personal Loan,160743,4465.08,2023-01-29,36
LN21750,CUST11750,Personal Loan,319549,6657.27,2024-08-14,48
LN21751,CUST11751,Credit Card,90109,7509.08,2023-11-01,12
LN21752,CUST11752,Credit Card,45668,3805.67,2024-01-15,12
LN21753,CUST11753,Credit Card,95539,7961.58,2023-07-15,12
LN21754,CUST11754,Personal Loan,418420,34868.33,2023-08-12,12
LN21755,CUST11755,Consumer Durable,88561,14760.17,2024-11-12,6
LN21756,CUST11756,Credit Card,80152,6679.33,2023-01-20,12
LN21757,CUST11757,Consumer Durable,130601,10883.42,2023-08-29,12
LN21758,CUST11758,Credit Card,89588,7465.67,2023-04-02,12
LN21759,CUST11759,Credit Card,142727,11893.92,2024-10-26,12
LN21760,CUST11760,Personal Loan,75113,1564.85,2023-03-13,48
LN21761,CUST11761,Consumer Durable,174740,29123.33,2023-03-13,6
LN21762,CUST11762,Personal Loan,492504,10260.5,2023-04-15,48
LN21763,CUST11763,Credit Card,29992,2499.33,2024-07-10,12
LN21764,CUST11764,Personal Loan,426958,17789.92,2024-06-30,24
LN21765,CUST11765,Credit Card,20366,1697.17,2023-09-27,12
LN21766,CUST11766,Personal Loan,406933,33911.08,2023-03-13,12
LN21767,CUST11767,Consumer Durable,164699,27449.83,2023-01-24,6
LN21768,CUST11768,Credit Card,94781,7898.42,2023-11-06,12
LN21769,CUST11769,Credit Card,71635,5969.58,2024-09-02,12
LN21770,CUST11770,Credit Card,25599,2133.25,2024-01-25,12
LN21771,CUST11771,Personal Loan,277509,7708.58,2024-06-18,36
LN21772,CUST11772,Personal Loan,492082,10251.71,2023-10-08,48
LN21773,CUST11773,Personal Loan,104104,2891.78,2024-04-27,36
LN21774,CUST11774,Credit Card,51765,4313.75,2023-07-27,12
LN21775,CUST11775,Consumer Durable,109063,18177.17,2023-03-26,6
LN21776,CUST11776,Personal Loan,142268,11855.67,2023-02-08,12
LN21777,CUST11777,Credit Card,114830,9569.17,2024-09-21,12
LN21778,CUST11778,Consumer Durable,93950,7829.17,2023-12-08,12
LN21779,CUST11779,Consumer Durable,79030,4390.56,2024-04-08,18
LN21780,CUST11780,Credit Card,133517,11126.42,2023-12-22,12
LN21781,CUST11781,Credit Card,59942,4995.17,2023-03-01,12
LN21782,CUST11782,Credit Card,111468,9289.0,2023-05-25,12
LN21783,CUST11783,Personal Loan,411737,34311.42,2023-09-17,12
LN21784,CUST11784,Credit Card,135629,11302.42,2023-04-18,12
LN21785,CUST11785,Credit Card,137490,11457.5,2023-06-21,12
LN21786,CUST11786,Credit Card,70406,5867.17,2023-09-05,12
LN21787,CUST11787,Personal Loan,456306,12675.17,2024-07-09,36
LN21788,CUST11788,Personal Loan,304010,12667.08,2023-05-03,24
LN21789,CUST11789,Personal Loan,225063,4688.81,2024-07-07,48
LN21790,CUST11790,Personal Loan,75663,3152.62,2024-02-09,24
LN21791,CUST11791,Consumer Durable,24412,4068.67,2023-12-19,6
LN21792,CUST11792,Credit Card,104492,8707.67,2023-02-04,12
LN21793,CUST11793,Personal Loan,240438,6678.83,2023-08-05,36
LN21794,CUST11794,Consumer Durable,97130,16188.33,2023-04-24,6
LN21795,CUST11795,Consumer Durable,176404,29400.67,2023-11-07,6
LN21796,CUST11796,Consumer Durable,113819,6323.28,2023-11-11,18
LN21797,CUST11797,Consumer Durable,143992,7999.56,2024-01-23,18
LN21798,CUST11798,Consumer Durable,176970,14747.5,2024-12-01,12
LN21799,CUST11799,Personal Loan,488657,13573.81,2023-05-06,36
LN21800,CUST11800,Credit Card,58439,4869.92,2023-04-20,12
LN21801,CUST11801,Consumer Durable,34264,2855.33,2024-06-30,12
LN21802,CUST11802,Credit Card,57506,4792.17,2023-01-06,12
LN21803,CUST11803,Personal Loan,340692,7097.75,2024-05-28,48
LN21804,CUST11804,Credit Card,52881,4406.75,2024-02-09,12
LN21805,CUST11805,Credit Card,42375,3531.25,2024-09-07,12
LN21806,CUST11806,Consumer Durable,83278,13879.67,2024-08-15,6
LN21807,CUST11807,Credit Card,90465,7538.75,2023-08-09,12
LN21808,CUST11808,Credit Card,55819,4651.58,2024-04-08,12
LN21809,CUST11809,Personal Loan,443789,18491.21,2023-03-15,24
LN21810,CUST11810,Personal Loan,297899,24824.92,2023-11-02,12
LN21811,CUST11811,Credit Card,33163,2763.58,2024-09-19,12
LN21812,CUST11812,Personal Loan,124567,5190.29,2024-04-14,24
LN21813,CUST11813,Consumer Durable,146768,12230.67,2024-08-22,12
LN21814,CUST11814,Credit Card,29435,2452.92,2024-02-20,12
LN21815,CUST11815,Credit Card,26516,2209.67,2023-06-23,12
LN21816,CUST11816,Personal Loan,420815,11689.31,2024-11-13,36
LN21817,CUST11817,Credit Card,38378,3198.17,2023-02-14,12
LN21818,CUST11818,Consumer Durable,161129,13427.42,2023-04-14,12
LN21819,CUST11819,Consumer Durable,36841,2046.72,2024-03-29,18
LN21820,CUST11820,Credit Card,117632,9802.67,2023-10-15,12
LN21821,CUST11821,Consumer Durable,120414,10034.5,2023-05-03,12
LN21822,CUST11822,Personal Loan,351178,7316.21,2023-03-18,48
LN21823,CUST11823,Credit Card,20141,1678.42,2023-02-20,12
LN21824,CUST11824,Credit Card,93804,7817.0,2024-01-26,12
LN21825,CUST11825,Consumer Durable,38798,3233.17,2024-03-28,12
LN21826,CUST11826,Consumer Durable,93187,15531.17,2024-10-21,6
LN21827,CUST11827,Credit Card,129041,10753.42,2024-11-03,12
LN21828,CUST11828,Personal Loan,223980,9332.5,2024-06-13,24
LN21829,CUST11829,Consumer Durable,68929,3829.39,2023-06-02,18
LN21830,CUST11830,Credit Card,84474,7039.5,2023-06-10,12
LN21831,CUST11831,Credit Card,50146,4178.83,2023-07-07,12
LN21832,CUST11832,Credit Card,119522,9960.17,2023-11-02,12
LN21833,CUST11833,Personal Loan,67045,5587.08,2023-09-25,12
LN21834,CUST11834,Personal Loan,300970,6270.21,2023-06-29,48
LN21835,CUST11835,Credit Card,123578,10298.17,2023-07-17,12
LN21836,CUST11836,Personal Loan,51547,4295.58,2024-08-24,12
LN21837,CUST11837,Personal Loan,85736,7144.67,2024-08-31,12
LN21838,CUST11838,Consumer Durable,87508,7292.33,2024-09-07,12
LN21839,CUST11839,Credit Card,138351,11529.25,2024-02-02,12
LN21840,CUST11840,Credit Card,50079,4173.25,2024-09-20,12
LN21841,CUST11841,Credit Card,116021,9668.42,2024-05-24,12
LN21842,CUST11842,Personal Loan,191653,3992.77,2023-07-13,48
LN21843,CUST11843,Consumer Durable,130653,10887.75,2024-06-09,12
LN21844,CUST11844,Credit Card,96793,8066.08,2024-05-11,12
LN21845,CUST11845,Credit Card,78575,6547.92,2023-05-06,12
LN21846,CUST11846,Personal Loan,416761,11576.69,2023-04-25,36
LN21847,CUST11847,Consumer Durable,135497,22582.83,2023-01-10,6
LN21848,CUST11848,Credit Card,31182,2598.5,2024-05-20,12
LN21849,CUST11849,Consumer Durable,196444,10913.56,2024-01-02,18
LN21850,CUST11850,Personal Loan,234111,4877.31,2023-09-08,48
LN21851,CUST11851,Personal Loan,56037,4669.75,2023-01-15,12
LN21852,CUST11852,Personal Loan,451893,9414.44,2024-01-05,48
LN21853,CUST11853,Personal Loan,98771,8230.92,2024-09-25,12
LN21854,CUST11854,Consumer Durable,163240,27206.67,2023-11-28,6
LN21855,CUST11855,Consumer Durable,97757,5430.94,2024-11-25,18
LN21856,CUST11856,Consumer Durable,99928,5551.56,2024-11-25,18
LN21857,CUST11857,Credit Card,67500,5625.0,2024-10-30,12
LN21858,CUST11858,Credit Card,102582,8548.5,2023-07-12,12
LN21859,CUST11859,Consumer Durable,133700,7427.78,2023-07-04,18
LN21860,CUST11860,Personal Loan,199322,4152.54,2024-04-05,48
LN21861,CUST11861,Personal Loan,66075,2753.12,2024-06-12,24
LN21862,CUST11862,Consumer Durable,122020,20336.67,2024-08-20,6
LN21863,CUST11863,Personal Loan,61790,5149.17,2023-07-29,12
LN21864,CUST11864,Credit Card,122438,10203.17,2023-09-17,12
LN21865,CUST11865,Credit Card,80650,6720.83,2024-03-17,12
LN21866,CUST11866,Consumer Durable,59346,9891.0,2023-05-22,6
LN21867,CUST11867,Personal Loan,306163,6378.4,2024-03-09,48
LN21868,CUST11868,Credit Card,64369,5364.08,2023-02-10,12
LN21869,CUST11869,Personal Loan,304060,6334.58,2023-02-12,48
LN21870,CUST11870,Personal Loan,407939,16997.46,2023-09-30,24
LN21871,CUST11871,Credit Card,133580,11131.67,2023-10-09,12
LN21872,CUST11872,Credit Card,93306,7775.5,2023-06-22,12
LN21873,CUST11873,Consumer Durable,78535,13089.17,2023-02-06,6
LN21874,CUST11874,Consumer Durable,24047,4007.83,2024-11-26,6
LN21875,CUST11875,Credit Card,123881,10323.42,2023-05-03,12
LN21876,CUST11876,Personal Loan,164924,6871.83,2023-09-01,24
LN21877,CUST11877,Consumer Durable,115548,9629.0,2024-05-08,12
LN21878,CUST11878,Credit Card,30415,2534.58,2023-02-10,12
LN21879,CUST11879,Credit Card,17984,1498.67,2024-11-10,12
LN21880,CUST11880,Consumer Durable,104989,5832.72,2024-05-04,18
LN21881,CUST11881,Personal Loan,473621,13156.14,2024-11-02,36
LN21882,CUST11882,Personal Loan,445170,18548.75,2024-08-08,24
LN21883,CUST11883,Consumer Durable,50730,8455.0,2023-11-05,6
LN21884,CUST11884,Personal Loan,319511,6656.48,2024-07-08,48
LN21885,CUST11885,Credit Card,126990,10582.5,2023-10-06,12
LN21886,CUST11886,Personal Loan,184282,5118.94,2024-08-16,36
LN21887,CUST11887,Personal Loan,214999,4479.15,2024-10-05,48
LN21888,CUST11888,Credit Card,26625,2218.75,2024-03-19,12
LN21889,CUST11889,Consumer Durable,97644,16274.0,2024-01-05,6
LN21890,CUST11890,Credit Card,27297,2274.75,2024-10-26,12
LN21891,CUST11891,Credit Card,68390,5699.17,2024-05-01,12
LN21892,CUST11892,Credit Card,145116,12093.0,2023-07-14,12
LN21893,CUST11893,Personal Loan,131550,3654.17,2023-10-08,36
LN21894,CUST11894,Credit Card,69505,5792.08,2024-06-06,12
LN21895,CUST11895,Consumer Durable,15320,2553.33,2024-01-25,6
LN21896,CUST11896,Consumer Durable,94493,7874.42,2024-01-24,12
LN21897,CUST11897,Credit Card,137407,11450.58,2024-11-16,12
LN21898,CUST11898,Personal Loan,207647,17303.92,2023-12-15,12
LN21899,CUST11899,Consumer Durable,134003,22333.83,2024-07-23,6
LN21900,CUST11900,Consumer Durable,125634,10469.5,2024-06-14,12
LN21901,CUST11901,Consumer Durable,54467,3025.94,2024-03-15,18
LN21902,CUST11902,Credit Card,144006,12000.5,2024-09-08,12
LN21903,CUST11903,Credit Card,33820,2818.33,2024-05-17,12
LN21904,CUST11904,Consumer Durable,58473,4872.75,2023-05-17,12
LN21905,CUST11905,Consumer Durable,23603,3933.83,2023-07-16,6
LN21906,CUST11906,Credit Card,122285,10190.42,2023-04-15,12
LN21907,CUST11907,Consumer Durable,41318,2295.44,2023-06-30,18
LN21908,CUST11908,Personal Loan,494341,10298.77,2024-02-24,48
LN21909,CUST11909,Consumer Durable,153775,8543.06,2023-06-26,18
LN21910,CUST11910,Credit Card,78094,6507.83,2023-07-18,12
LN21911,CUST11911,Consumer Durable,191517,31919.5,2024-10-16,6
LN21912,CUST11912,Personal Loan,159948,3332.25,2023-05-12,48
LN21913,CUST11913,Personal Loan,297285,24773.75,2023-06-26,12
LN21914,CUST11914,Credit Card,72853,6071.08,2023-07-25,12
LN21915,CUST11915,Credit Card,77924,6493.67,2024-04-20,12
LN21916,CUST11916,Personal Loan,128668,5361.17,2023-12-06,24
LN21917,CUST11917,Personal Loan,499920,20830.0,2024-09-10,24
LN21918,CUST11918,Personal Loan,387969,16165.38,2024-06-20,24
LN21919,CUST11919,Consumer Durable,154827,25804.5,2023-10-22,6
LN21920,CUST11920,Consumer Durable,99219,5512.17,2023-07-15,18
LN21921,CUST11921,Consumer Durable,139473,11622.75,2023-02-27,12
LN21922,CUST11922,Personal Loan,123462,10288.5,2023-09-20,12
LN21923,CUST11923,Consumer Durable,171303,28550.5,2023-05-31,6
LN21924,CUST11924,Consumer Durable,87988,14664.67,2024-11-23,6
LN21925,CUST11925,Personal Loan,438469,12179.69,2023-07-09,36
LN21926,CUST11926,Consumer Durable,168250,14020.83,2024-01-30,12
LN21927,CUST11927,Consumer Durable,162855,9047.5,2023-11-21,18
LN21928,CUST11928,Consumer Durable,112098,6227.67,2023-04-19,18
LN21929,CUST11929,Personal Loan,127755,3548.75,2023-08-21,36
LN21930,CUST11930,Personal Loan,455281,9485.02,2023-12-11,48
LN21931,CUST11931,Credit Card,29559,2463.25,2024-02-12,12
LN21932,CUST11932,Consumer Durable,140624,23437.33,2023-02-08,6
LN21933,CUST11933,Consumer Durable,77104,12850.67,2024-05-12,6
LN21934,CUST11934,Personal Loan,179061,14921.75,2024-04-17,12
LN21935,CUST11935,Consumer Durable,88836,4935.33,2024-11-05,18
LN21936,CUST11936,Personal Loan,445344,18556.0,2024-02-10,24
LN21937,CUST11937,Personal Loan,206411,5733.64,2024-08-05,36
LN21938,CUST11938,Consumer Durable,42348,2352.67,2023-08-16,18
LN21939,CUST11939,Personal Loan,180091,15007.58,2023-08-06,12
LN21940,CUST11940,Consumer Durable,157484,8749.11,2024-09-06,18
LN21941,CUST11941,Credit Card,96505,8042.08,2023-12-21,12
LN21942,CUST11942,Consumer Durable,169298,14108.17,2024-02-27,12
LN21943,CUST11943,Credit Card,42509,3542.42,2023-02-11,12
LN21944,CUST11944,Credit Card,56436,4703.0,2023-02-01,12
LN21945,CUST11945,Personal Loan,267410,7428.06,2024-02-14,36
LN21946,CUST11946,Personal Loan,69304,1443.83,2024-05-03,48
LN21947,CUST11947,Credit Card,72332,6027.67,2024-01-01,12
LN21948,CUST11948,Credit Card,80754,6729.5,2023-09-22,12
LN21949,CUST11949,Consumer Durable,84356,4686.44,2024-07-22,18
LN21950,CUST11950,Credit Card,107066,8922.17,2024-05-28,12
LN21951,CUST11951,Consumer Durable,151661,12638.42,2023-02-27,12
LN21952,CUST11952,Personal Loan,350246,7296.79,2024-09-24,48
LN21953,CUST11953,Personal Loan,278462,7735.06,2024-11-26,36
LN21954,CUST11954,Credit Card,78124,6510.33,2024-02-19,12
LN21955,CUST11955,Credit Card,12678,1056.5,2024-08-13,12
LN21956,CUST11956,Credit Card,76748,6395.67,2024-06-25,12
LN21957,CUST11957,Credit Card,135273,11272.75,2023-10-13,12
LN21958,CUST11958,Credit Card,41608,3467.33,2024-01-19,12
LN21959,CUST11959,Credit Card,118586,9882.17,2023-02-28,12
LN21960,CUST11960,Consumer Durable,30303,1683.5,2024-05-20,18
LN21961,CUST11961,Consumer Durable,145944,12162.0,2024-10-07,12
LN21962,CUST11962,Personal Loan,291403,12141.79,2024-06-30,24
LN21963,CUST11963,Consumer Durable,66039,5503.25,2024-11-29,12
LN21964,CUST11964,Personal Loan,415771,11549.19,2024-04-12,36
LN21965,CUST11965,Consumer Durable,113501,6305.61,2023-09-27,18
LN21966,CUST11966,Consumer Durable,47449,7908.17,2024-05-08,6
LN21967,CUST11967,Personal Loan,458703,9556.31,2024-11-13,48
LN21968,CUST11968,Consumer Durable,122092,20348.67,2024-07-19,6
LN21969,CUST11969,Credit Card,27974,2331.17,2023-01-20,12
LN21970,CUST11970,Personal Loan,229475,4780.73,2024-09-13,48
LN21971,CUST11971,Credit Card,87244,7270.33,2024-07-12,12
LN21972,CUST11972,Personal Loan,496582,13793.94,2023-11-13,36
LN21973,CUST11973,Personal Loan,110844,3079.0,2023-08-21,36
LN21974,CUST11974,Personal Loan,297778,6203.71,2024-03-01,48
LN21975,CUST11975,Credit Card,32691,2724.25,2024-03-14,12
LN21976,CUST11976,Credit Card,45100,3758.33,2023-05-23,12
LN21977,CUST11977,Credit Card,60116,5009.67,2024-09-21,12
LN21978,CUST11978,Credit Card,117403,9783.58,2023-06-15,12
LN21979,CUST11979,Consumer Durable,77252,4291.78,2024-05-02,18
LN21980,CUST11980,Consumer Durable,79305,13217.5,2024-10-26,6
LN21981,CUST11981,Personal Loan,484176,40348.0,2023-11-27,12
LN21982,CUST11982,Personal Loan,120173,5007.21,2024-06-17,24
LN21983,CUST11983,Personal Loan,319313,8869.81,2023-10-24,36
LN21984,CUST11984,Consumer Durable,114749,9562.42,2024-01-10,12
LN21985,CUST11985,Personal Loan,156762,4354.5,2023-02-04,36
LN21986,CUST11986,Credit Card,82668,6889.0,2023-02-27,12
LN21987,CUST11987,Personal Loan,498518,41543.17,2023-06-22,12
LN21988,CUST11988,Consumer Durable,162157,13513.08,2023-02-16,12
LN21989,CUST11989,Credit Card,116356,9696.33,2024-08-27,12
LN21990,CUST11990,Personal Loan,190861,3976.27,2024-02-29,48
LN21991,CUST11991,Personal Loan,497379,13816.08,2024-11-07,36
LN21992,CUST11992,Consumer Durable,62821,3490.06,2024-07-10,18
LN21993,CUST11993,Consumer Durable,90936,7578.0,2023-03-11,12
LN21994,CUST11994,Credit Card,17200,1433.33,2023-11-16,12
LN21995,CUST11995,Personal Loan,174617,7275.71,2024-04-29,24
LN21996,CUST11996,Consumer Durable,159850,26641.67,2023-04-25,6
LN21997,CUST11997,Credit Card,59886,4990.5,2024-01-06,12
LN21998,CUST11998,Credit Card,97596,8133.0,2023-03-01,12
LN21999,CUST11999,Consumer Durable,188771,15730.92,2023-10-03,12
LN22000,CUST12000,Credit Card,98822,8235.17,2023-11-05,12
LN22001,CUST12001,Consumer Durable,168991,14082.58,2023-06-01,12
LN22002,CUST12002,Consumer Durable,99034,5501.89,2024-06-29,18
LN22003,CUST12003,Credit Card,85857,7154.75,2024-08-22,12
LN22004,CUST12004,Consumer Durable,193190,32198.33,2023-10-12,6
LN22005,CUST12005,Credit Card,62790,5232.5,2024-12-01,12
LN22006,CUST12006,Consumer Durable,49308,2739.33,2023-05-13,18
LN22007,CUST12007,Consumer Durable,72325,6027.08,2023-09-27,12
LN22008,CUST12008,Credit Card,117572,9797.67,2023-09-24,12
LN22009,CUST12009,Consumer Durable,195421,16285.08,2023-11-20,12
LN22010,CUST12010,Consumer Durable,25039,4173.17,2023-07-08,6
LN22011,CUST12011,Credit Card,91385,7615.42,2023-04-26,12
LN22012,CUST12012,Credit Card,21079,1756.58,2023-12-22,12
LN22013,CUST12013,Credit Card,101475,8456.25,2024-09-21,12
LN22014,CUST12014,Consumer Durable,106446,5913.67,2023-11-18,18
LN22015,CUST12015,Consumer Durable,117429,9785.75,2023-04-20,12
LN22016,CUST12016,Personal Loan,115352,4806.33,2024-06-26,24
LN22017,CUST12017,Personal Loan,99155,2754.31,2023-04-25,36
LN22018,CUST12018,Personal Loan,215391,8974.62,2024-06-27,24
LN22019,CUST12019,Credit Card,59346,4945.5,2024-02-08,12
LN22020,CUST12020,Personal Loan,154076,4279.89,2024-03-01,36
LN22021,CUST12021,Credit Card,106526,8877.17,2024-10-30,12
LN22022,CUST12022,Credit Card,82292,6857.67,2024-10-12,12
LN22023,CUST12023,Personal Loan,353317,14721.54,2023-09-26,24
LN22024,CUST12024,Credit Card,102766,8563.83,2024-09-18,12
LN22025,CUST12025,Credit Card,26483,2206.92,2023-11-30,12
LN22026,CUST12026,Personal Loan,314445,26203.75,2023-05-29,12
LN22027,CUST12027,Personal Loan,419315,17471.46,2023-05-24,24
LN22028,CUST12028,Consumer Durable,164857,27476.17,2024-09-10,6
LN22029,CUST12029,Credit Card,139883,11656.92,2024-01-15,12
LN22030,CUST12030,Personal Loan,138351,5764.62,2024-04-06,24
LN22031,CUST12031,Personal Loan,366792,7641.5,2023-12-03,48
LN22032,CUST12032,Credit Card,13401,1116.75,2024-09-28,12
LN22033,CUST12033,Personal Loan,152163,3170.06,2024-04-03,48
LN22034,CUST12034,Personal Loan,141163,2940.9,2023-11-10,48
LN22035,CUST12035,Credit Card,147140,12261.67,2024-10-09,12
LN22036,CUST12036,Credit Card,55561,4630.08,2024-08-01,12
LN22037,CUST12037,Consumer Durable,184667,15388.92,2023-03-15,12
LN22038,CUST12038,Personal Loan,314315,8730.97,2023-01-21,36
LN22039,CUST12039,Credit Card,107838,8986.5,2023-12-18,12
LN22040,CUST12040,Credit Card,50418,4201.5,2023-09-01,12
LN22041,CUST12041,Personal Loan,431623,8992.15,2023-06-10,48
LN22042,CUST12042,Consumer Durable,138518,23086.33,2023-07-08,6
LN22043,CUST12043,Credit Card,149555,12462.92,2024-02-13,12
LN22044,CUST12044,Credit Card,39636,3303.0,2023-08-23,12
LN22045,CUST12045,Consumer Durable,75209,12534.83,2024-02-10,6
LN22046,CUST12046,Personal Loan,442620,12295.0,2024-01-03,36
LN22047,CUST12047,Personal Loan,426995,8895.73,2023-09-25,48
LN22048,CUST12048,Credit Card,38901,3241.75,2023-11-24,12
LN22049,CUST12049,Credit Card,141502,11791.83,2024-09-21,12
LN22050,CUST12050,Consumer Durable,63459,5288.25,2023-10-09,12
LN22051,CUST12051,Personal Loan,147697,3077.02,2023-10-16,48
LN22052,CUST12052,Consumer Durable,52533,4377.75,2024-11-27,12
LN22053,CUST12053,Personal Loan,487493,10156.1,2023-09-28,48
LN22054,CUST12054,Personal Loan,198457,5512.69,2023-09-12,36
LN22055,CUST12055,Credit Card,61012,5084.33,2023-08-20,12
LN22056,CUST12056,Credit Card,148345,12362.08,2024-01-21,12
LN22057,CUST12057,Personal Loan,132746,11062.17,2023-09-16,12
LN22058,CUST12058,Personal Loan,438654,18277.25,2023-12-26,24
LN22059,CUST12059,Personal Loan,174363,4843.42,2023-12-19,36
LN22060,CUST12060,Credit Card,108425,9035.42,2023-10-13,12
LN22061,CUST12061,Consumer Durable,149534,8307.44,2024-04-23,18
LN22062,CUST12062,Personal Loan,374933,31244.42,2024-09-22,12
LN22063,CUST12063,Credit Card,38845,3237.08,2023-04-08,12
LN22064,CUST12064,Personal Loan,440720,36726.67,2023-09-30,12
LN22065,CUST12065,Credit Card,13753,1146.08,2024-03-19,12
LN22066,CUST12066,Personal Loan,260228,21685.67,2023-12-06,12
LN22067,CUST12067,Personal Loan,311127,12963.62,2024-08-06,24
LN22068,CUST12068,Personal Loan,367448,7655.17,2023-03-05,48
LN22069,CUST12069,Consumer Durable,123654,20609.0,2023-10-04,6
LN22070,CUST12070,Credit Card,86473,7206.08,2024-06-10,12
LN22071,CUST12071,Personal Loan,126501,10541.75,2023-06-07,12
LN22072,CUST12072,Credit Card,130697,10891.42,2024-01-10,12
LN22073,CUST12073,Credit Card,79975,6664.58,2023-04-15,12
LN22074,CUST12074,Personal Loan,353144,14714.33,2023-12-16,24
LN22075,CUST12075,Consumer Durable,109877,18312.83,2023-05-15,6
LN22076,CUST12076,Credit Card,83447,6953.92,2023-05-04,12
LN22077,CUST12077,Credit Card,76005,6333.75,2024-05-09,12
LN22078,CUST12078,Personal Loan,346256,14427.33,2023-03-24,24
LN22079,CUST12079,Personal Loan,424610,35384.17,2024-10-09,12
LN22080,CUST12080,Consumer Durable,153782,8543.44,2023-12-07,18
LN22081,CUST12081,Credit Card,34293,2857.75,2024-01-30,12
LN22082,CUST12082,Personal Loan,494094,41174.5,2023-02-13,12
LN22083,CUST12083,Personal Loan,60230,5019.17,2023-02-11,12
LN22084,CUST12084,Personal Loan,151785,3162.19,2023-01-02,48
LN22085,CUST12085,Personal Loan,222462,18538.5,2024-01-18,12
LN22086,CUST12086,Credit Card,137151,11429.25,2024-09-22,12
LN22087,CUST12087,Credit Card,70948,5912.33,2024-02-18,12
LN22088,CUST12088,Credit Card,49424,4118.67,2023-03-11,12
LN22089,CUST12089,Consumer Durable,69546,3863.67,2024-05-13,18
LN22090,CUST12090,Consumer Durable,32376,5396.0,2023-11-20,6
LN22091,CUST12091,Credit Card,127817,10651.42,2023-03-28,12
LN22092,CUST12092,Credit Card,19042,1586.83,2024-07-29,12
LN22093,CUST12093,Credit Card,18808,1567.33,2024-04-01,12
LN22094,CUST12094,Credit Card,119919,9993.25,2024-09-24,12
LN22095,CUST12095,Credit Card,38292,3191.0,2024-05-04,12
LN22096,CUST12096,Consumer Durable,74249,6187.42,2023-11-10,12
LN22097,CUST12097,Credit Card,91783,7648.58,2023-09-06,12
LN22098,CUST12098,Consumer Durable,189102,31517.0,2023-08-10,6
LN22099,CUST12099,Credit Card,131808,10984.0,2024-10-21,12
LN22100,CUST12100,Personal Loan,150354,12529.5,2023-02-10,12
LN22101,CUST12101,Credit Card,38389,3199.08,2023-12-12,12
LN22102,CUST12102,Credit Card,108575,9047.92,2024-11-03,12
LN22103,CUST12103,Personal Loan,265191,22099.25,2023-04-09,12
LN22104,CUST12104,Credit Card,84926,7077.17,2024-11-25,12
LN22105,CUST12105,Consumer Durable,56092,4674.33,2023-06-10,12
LN22106,CUST12106,Personal Loan,54997,4583.08,2024-03-16,12
LN22107,CUST12107,Consumer Durable,177786,14815.5,2024-05-27,12
LN22108,CUST12108,Credit Card,141424,11785.33,2023-10-16,12
LN22109,CUST12109,Consumer Durable,162971,9053.94,2024-09-05,18
LN22110,CUST12110,Personal Loan,450044,37503.67,2024-11-04,12
LN22111,CUST12111,Consumer Durable,154326,8573.67,2024-02-16,18
LN22112,CUST12112,Credit Card,122492,10207.67,2024-05-06,12
LN22113,CUST12113,Credit Card,57418,4784.83,2024-07-16,12
LN22114,CUST12114,Personal Loan,290410,8066.94,2023-10-18,36
LN22115,CUST12115,Personal Loan,65084,5423.67,2023-11-16,12
LN22116,CUST12116,Personal Loan,462733,9640.27,2024-08-06,48
LN22117,CUST12117,Consumer Durable,153744,8541.33,2023-12-18,18
LN22118,CUST12118,Credit Card,67134,5594.5,2024-07-06,12
LN22119,CUST12119,Consumer Durable,73449,6120.75,2023-05-08,12
LN22120,CUST12120,Personal Loan,342710,28559.17,2023-08-14,12
LN22121,CUST12121,Consumer Durable,44694,3724.5,2023-01-27,12
LN22122,CUST12122,Credit Card,82660,6888.33,2023-12-28,12
LN22123,CUST12123,Credit Card,34616,2884.67,2023-06-13,12
LN22124,CUST12124,Consumer Durable,100549,5586.06,2024-10-15,18
LN22125,CUST12125,Credit Card,22605,1883.75,2023-05-06,12
LN22126,CUST12126,Consumer Durable,174324,9684.67,2024-11-24,18
LN22127,CUST12127,Consumer Durable,147287,24547.83,2024-01-18,6
LN22128,CUST12128,Personal Loan,318361,13265.04,2024-08-26,24
LN22129,CUST12129,Credit Card,45373,3781.08,2023-08-03,12
LN22130,CUST12130,Credit Card,31457,2621.42,2023-05-04,12
LN22131,CUST12131,Consumer Durable,101034,8419.5,2024-11-21,12
LN22132,CUST12132,Credit Card,137808,11484.0,2024-08-28,12
LN22133,CUST12133,Credit Card,34597,2883.08,2023-06-11,12
LN22134,CUST12134,Consumer Durable,92420,15403.33,2024-05-10,6
LN22135,CUST12135,Consumer Durable,176448,9802.67,2024-07-18,18
LN22136,CUST12136,Credit Card,67098,5591.5,2023-08-10,12
LN22137,CUST12137,Consumer Durable,170039,9446.61,2023-07-02,18
LN22138,CUST12138,Personal Loan,389802,32483.5,2023-11-05,12
LN22139,CUST12139,Consumer Durable,44368,2464.89,2023-06-20,18
LN22140,CUST12140,Personal Loan,197345,5481.81,2023-01-13,36
LN22141,CUST12141,Consumer Durable,193930,10773.89,2024-02-05,18
LN22142,CUST12142,Credit Card,80448,6704.0,2023-07-07,12
LN22143,CUST12143,Personal Loan,466373,12954.81,2023-05-06,36
LN22144,CUST12144,Credit Card,128715,10726.25,2023-02-02,12
LN22145,CUST12145,Personal Loan,313239,26103.25,2023-03-17,12
LN22146,CUST12146,Credit Card,137835,11486.25,2023-12-09,12
LN22147,CUST12147,Consumer Durable,191839,10657.72,2023-02-06,18
LN22148,CUST12148,Personal Loan,127038,10586.5,2024-09-01,12
LN22149,CUST12149,Consumer Durable,177422,29570.33,2023-09-21,6
LN22150,CUST12150,Credit Card,23648,1970.67,2024-04-18,12
LN22151,CUST12151,Credit Card,57603,4800.25,2024-03-13,12
LN22152,CUST12152,Personal Loan,477444,19893.5,2024-04-05,24
LN22153,CUST12153,Credit Card,45876,3823.0,2023-12-20,12
LN22154,CUST12154,Credit Card,41707,3475.58,2023-06-22,12
LN22155,CUST12155,Consumer Durable,99602,16600.33,2024-08-22,6
LN22156,CUST12156,Personal Loan,157626,13135.5,2023-04-14,12
LN22157,CUST12157,Personal Loan,140828,11735.67,2023-02-11,12
LN22158,CUST12158,Consumer Durable,49236,8206.0,2024-01-14,6
LN22159,CUST12159,Consumer Durable,41870,6978.33,2024-11-22,6
LN22160,CUST12160,Consumer Durable,131353,10946.08,2024-09-01,12
LN22161,CUST12161,Personal Loan,334316,27859.67,2024-11-28,12
LN22162,CUST12162,Personal Loan,250075,20839.58,2024-10-22,12
LN22163,CUST12163,Personal Loan,365889,30490.75,2024-09-24,12
LN22164,CUST12164,Credit Card,39790,3315.83,2024-03-10,12
LN22165,CUST12165,Personal Loan,326796,9077.67,2024-04-24,36
LN22166,CUST12166,Credit Card,50547,4212.25,2023-11-07,12
LN22167,CUST12167,Credit Card,49708,4142.33,2024-04-30,12
LN22168,CUST12168,Consumer Durable,101340,5630.0,2024-07-15,18
LN22169,CUST12169,Consumer Durable,36330,2018.33,2023-02-09,18
LN22170,CUST12170,Consumer Durable,196491,32748.5,2023-12-03,6
LN22171,CUST12171,Credit Card,145533,12127.75,2023-12-16,12
LN22172,CUST12172,Personal Loan,388313,32359.42,2023-08-01,12
LN22173,CUST12173,Personal Loan,76571,3190.46,2024-03-25,24
LN22174,CUST12174,Consumer Durable,132060,22010.0,2023-04-24,6
LN22175,CUST12175,Credit Card,85008,7084.0,2023-01-17,12
LN22176,CUST12176,Consumer Durable,145278,12106.5,2024-01-12,12
LN22177,CUST12177,Credit Card,65926,5493.83,2023-11-01,12
LN22178,CUST12178,Personal Loan,58868,4905.67,2023-07-23,12
LN22179,CUST12179,Credit Card,14182,1181.83,2024-09-03,12
LN22180,CUST12180,Credit Card,143572,11964.33,2024-05-31,12
LN22181,CUST12181,Credit Card,90684,7557.0,2024-06-30,12
LN22182,CUST12182,Consumer Durable,185969,15497.42,2024-10-15,12
LN22183,CUST12183,Credit Card,69210,5767.5,2023-03-24,12
LN22184,CUST12184,Consumer Durable,138159,7675.5,2024-06-05,18
LN22185,CUST12185,Credit Card,94577,7881.42,2023-08-03,12
LN22186,CUST12186,Personal Loan,345788,9605.22,2024-03-18,36
LN22187,CUST12187,Consumer Durable,63369,10561.5,2024-04-03,6
LN22188,CUST12188,Personal Loan,88984,1853.83,2024-01-17,48
LN22189,CUST12189,Consumer Durable,139976,11664.67,2023-08-13,12
LN22190,CUST12190,Consumer Durable,169716,14143.0,2023-08-04,12
LN22191,CUST12191,Consumer Durable,54575,3031.94,2023-03-30,18
LN22192,CUST12192,Personal Loan,214557,17879.75,2023-08-08,12
LN22193,CUST12193,Personal Loan,444768,18532.0,2024-05-05,24
LN22194,CUST12194,Credit Card,121304,10108.67,2024-02-05,12
LN22195,CUST12195,Credit Card,95584,7965.33,2024-09-20,12
LN22196,CUST12196,Consumer Durable,98779,8231.58,2023-06-05,12
LN22197,CUST12197,Consumer Durable,134685,11223.75,2023-03-07,12
LN22198,CUST12198,Credit Card,70952,5912.67,2023-10-14,12
LN22199,CUST12199,Personal Loan,319983,6666.31,2024-03-03,48
LN22200,CUST12200,Personal Loan,370430,15434.58,2023-04-26,24
LN22201,CUST12201,Personal Loan,461916,19246.5,2024-09-27,24
LN22202,CUST12202,Consumer Durable,167918,13993.17,2024-05-18,12
LN22203,CUST12203,Personal Loan,127323,5305.12,2023-12-01,24
LN22204,CUST12204,Credit Card,63010,5250.83,2023-07-27,12
LN22205,CUST12205,Consumer Durable,123868,6881.56,2023-01-15,18
LN22206,CUST12206,Consumer Durable,187253,15604.42,2023-08-13,12
LN22207,CUST12207,Credit Card,144201,12016.75,2023-12-24,12
LN22208,CUST12208,Credit Card,21264,1772.0,2023-10-16,12
LN22209,CUST12209,Personal Loan,52072,2169.67,2024-10-16,24
LN22210,CUST12210,Personal Loan,460558,12793.28,2023-11-02,36
LN22211,CUST12211,Credit Card,27327,2277.25,2023-11-09,12
LN22212,CUST12212,Consumer Durable,32156,1786.44,2023-04-22,18
LN22213,CUST12213,Credit Card,129087,10757.25,2024-08-05,12
LN22214,CUST12214,Personal Loan,403191,16799.62,2023-05-04,24
LN22215,CUST12215,Credit Card,10276,856.33,2024-10-04,12
LN22216,CUST12216,Personal Loan,346806,28900.5,2023-02-23,12
LN22217,CUST12217,Personal Loan,435878,18161.58,2024-04-21,24
LN22218,CUST12218,Credit Card,74861,6238.42,2023-01-24,12
LN22219,CUST12219,Consumer Durable,131358,21893.0,2023-03-23,6
LN22220,CUST12220,Credit Card,27610,2300.83,2023-07-07,12
LN22221,CUST12221,Credit Card,72013,6001.08,2024-07-03,12
LN22222,CUST12222,Personal Loan,354687,7389.31,2023-10-15,48
LN22223,CUST12223,Credit Card,105748,8812.33,2024-09-03,12
LN22224,CUST12224,Credit Card,43181,3598.42,2023-09-10,12
LN22225,CUST12225,Credit Card,94723,7893.58,2024-01-04,12
LN22226,CUST12226,Consumer Durable,50842,8473.67,2023-02-09,6
LN22227,CUST12227,Credit Card,59497,4958.08,2023-11-10,12
LN22228,CUST12228,Personal Loan,246756,6854.33,2024-07-17,36
LN22229,CUST12229,Personal Loan,59558,2481.58,2023-10-28,24
LN22230,CUST12230,Personal Loan,369329,30777.42,2024-08-11,12
LN22231,CUST12231,Consumer Durable,72065,12010.83,2024-01-13,6
LN22232,CUST12232,Consumer Durable,52449,2913.83,2024-03-27,18
LN22233,CUST12233,Personal Loan,189244,3942.58,2024-09-21,48
LN22234,CUST12234,Personal Loan,312639,26053.25,2023-06-29,12
LN22235,CUST12235,Personal Loan,202986,5638.5,2024-08-12,36
LN22236,CUST12236,Personal Loan,305098,25424.83,2024-04-14,12
LN22237,CUST12237,Consumer Durable,145093,12091.08,2023-10-02,12
LN22238,CUST12238,Personal Loan,399427,33285.58,2024-07-13,12
LN22239,CUST12239,Credit Card,80934,6744.5,2023-10-24,12
LN22240,CUST12240,Credit Card,18418,1534.83,2024-11-06,12
LN22241,CUST12241,Personal Loan,288802,24066.83,2023-02-27,12
LN22242,CUST12242,Consumer Durable,73266,6105.5,2024-08-06,12
LN22243,CUST12243,Consumer Durable,104030,5779.44,2024-04-10,18
LN22244,CUST12244,Personal Loan,395922,16496.75,2024-07-06,24
LN22245,CUST12245,Personal Loan,84823,1767.15,2023-07-30,48
LN22246,CUST12246,Credit Card,59310,4942.5,2023-09-27,12
LN22247,CUST12247,Consumer Durable,111047,6169.28,2023-03-23,18
LN22248,CUST12248,Personal Loan,478096,9960.33,2024-02-29,48
LN22249,CUST12249,Credit Card,129065,10755.42,2024-09-25,12
LN22250,CUST12250,Personal Loan,304239,25353.25,2024-06-28,12
LN22251,CUST12251,Personal Loan,66176,1378.67,2023-11-07,48
LN22252,CUST12252,Personal Loan,347498,9652.72,2024-09-20,36
LN22253,CUST12253,Credit Card,37187,3098.92,2023-05-15,12
LN22254,CUST12254,Consumer Durable,75262,6271.83,2024-03-18,12
LN22255,CUST12255,Consumer Durable,58309,9718.17,2024-05-12,6
LN22256,CUST12256,Credit Card,24606,2050.5,2023-09-15,12
LN22257,CUST12257,Personal Loan,437822,9121.29,2024-08-07,48
LN22258,CUST12258,Consumer Durable,95184,7932.0,2024-05-02,12
LN22259,CUST12259,Credit Card,129206,10767.17,2023-03-16,12
LN22260,CUST12260,Credit Card,149414,12451.17,2024-10-29,12
LN22261,CUST12261,Credit Card,132154,11012.83,2023-01-19,12
LN22262,CUST12262,Consumer Durable,194860,32476.67,2024-01-20,6
LN22263,CUST12263,Consumer Durable,68342,5695.17,2023-04-13,12
LN22264,CUST12264,Credit Card,77400,6450.0,2023-04-13,12
LN22265,CUST12265,Personal Loan,262421,10934.21,2023-03-10,24
LN22266,CUST12266,Consumer Durable,179256,29876.0,2023-05-25,6
LN22267,CUST12267,Personal Loan,405445,11262.36,2023-05-06,36
LN22268,CUST12268,Personal Loan,423284,17636.83,2023-12-30,24
LN22269,CUST12269,Personal Loan,93257,2590.47,2023-12-16,36
LN22270,CUST12270,Credit Card,124746,10395.5,2024-01-08,12
LN22271,CUST12271,Personal Loan,448990,12471.94,2023-10-26,36
LN22272,CUST12272,Credit Card,63792,5316.0,2024-05-30,12
LN22273,CUST12273,Consumer Durable,188093,31348.83,2023-09-21,6
LN22274,CUST12274,Consumer Durable,86127,14354.5,2024-01-03,6
LN22275,CUST12275,Consumer Durable,189513,31585.5,2024-05-23,6
LN22276,CUST12276,Personal Loan,169943,14161.92,2024-10-27,12
LN22277,CUST12277,Credit Card,100768,8397.33,2023-01-12,12
LN22278,CUST12278,Credit Card,21099,1758.25,2024-11-18,12
LN22279,CUST12279,Personal Loan,402286,16761.92,2024-06-14,24
LN22280,CUST12280,Personal Loan,373904,10386.22,2024-05-09,36
LN22281,CUST12281,Consumer Durable,73262,4070.11,2024-10-12,18
LN22282,CUST12282,Credit Card,48653,4054.42,2023-01-05,12
LN22283,CUST12283,Credit Card,27228,2269.0,2024-10-24,12
LN22284,CUST12284,Credit Card,128346,10695.5,2024-06-27,12
LN22285,CUST12285,Credit Card,56630,4719.17,2024-01-29,12
LN22286,CUST12286,Personal Loan,293017,12209.04,2023-03-04,24
LN22287,CUST12287,Personal Loan,166710,4630.83,2023-12-16,36
LN22288,CUST12288,Personal Loan,149423,3112.98,2023-05-18,48
LN22289,CUST12289,Personal Loan,92980,2582.78,2024-05-26,36
LN22290,CUST12290,Personal Loan,146808,4078.0,2023-03-27,36
LN22291,CUST12291,Credit Card,11443,953.58,2024-08-07,12
LN22292,CUST12292,Personal Loan,440636,18359.83,2024-02-24,24
LN22293,CUST12293,Personal Loan,112684,4695.17,2023-07-29,24
LN22294,CUST12294,Credit Card,71160,5930.0,2024-08-16,12
LN22295,CUST12295,Consumer Durable,52605,8767.5,2023-04-18,6
LN22296,CUST12296,Credit Card,15119,1259.92,2023-04-18,12
LN22297,CUST12297,Credit Card,15666,1305.5,2023-11-01,12
LN22298,CUST12298,Personal Loan,78185,2171.81,2023-09-18,36
LN22299,CUST12299,Credit Card,126901,10575.08,2024-01-21,12
LN22300,CUST12300,Consumer Durable,50315,8385.83,2023-05-13,6
LN22301,CUST12301,Personal Loan,489872,20411.33,2024-02-02,24
LN22302,CUST12302,Consumer Durable,22884,1271.33,2023-03-07,18
LN22303,CUST12303,Credit Card,72690,6057.5,2023-04-27,12
LN22304,CUST12304,Personal Loan,445117,37093.08,2024-08-26,12
LN22305,CUST12305,Credit Card,107006,8917.17,2023-03-04,12
LN22306,CUST12306,Personal Loan,246335,6842.64,2024-07-28,36
LN22307,CUST12307,Personal Loan,465026,9688.04,2024-10-24,48
LN22308,CUST12308,Credit Card,124567,10380.58,2024-10-06,12
LN22309,CUST12309,Personal Loan,246284,6841.22,2024-10-19,36
LN22310,CUST12310,Consumer Durable,75910,6325.83,2023-11-16,12
LN22311,CUST12311,Personal Loan,81124,3380.17,2023-01-09,24
LN22312,CUST12312,Personal Loan,430620,35885.0,2024-11-08,12
LN22313,CUST12313,Personal Loan,216506,9021.08,2023-05-25,24
LN22314,CUST12314,Credit Card,27287,2273.92,2024-01-16,12
LN22315,CUST12315,Consumer Durable,105199,8766.58,2024-02-06,12
LN22316,CUST12316,Consumer Durable,124227,20704.5,2023-12-05,6
LN22317,CUST12317,Credit Card,12045,1003.75,2023-08-19,12
LN22318,CUST12318,Credit Card,58764,4897.0,2023-10-31,12
LN22319,CUST12319,Personal Loan,330875,6893.23,2023-06-12,48
LN22320,CUST12320,Personal Loan,62129,2588.71,2024-04-13,24
LN22321,CUST12321,Personal Loan,419400,11650.0,2023-09-07,36
LN22322,CUST12322,Personal Loan,67271,5605.92,2024-06-04,12
LN22323,CUST12323,Personal Loan,465048,19377.0,2023-10-10,24
LN22324,CUST12324,Credit Card,16789,1399.08,2023-06-26,12
LN22325,CUST12325,Consumer Durable,103906,5772.56,2023-04-06,18
LN22326,CUST12326,Personal Loan,353984,7374.67,2023-08-10,48
LN22327,CUST12327,Consumer Durable,86635,7219.58,2023-12-15,12
LN22328,CUST12328,Personal Loan,192385,8016.04,2023-04-18,24
LN22329,CUST12329,Consumer Durable,147676,12306.33,2024-03-12,12
LN22330,CUST12330,Personal Loan,251963,5249.23,2023-04-11,48
LN22331,CUST12331,Consumer Durable,178959,29826.5,2023-11-12,6
LN22332,CUST12332,Credit Card,85062,7088.5,2023-08-27,12
LN22333,CUST12333,Personal Loan,343052,14293.83,2024-06-11,24
LN22334,CUST12334,Credit Card,83909,6992.42,2024-01-08,12
LN22335,CUST12335,Consumer Durable,60068,3337.11,2024-02-15,18
LN22336,CUST12336,Personal Loan,292990,24415.83,2023-12-11,12
LN22337,CUST12337,Consumer Durable,161893,26982.17,2024-11-30,6
LN22338,CUST12338,Consumer Durable,194712,16226.0,2023-04-28,12
LN22339,CUST12339,Personal Loan,323031,8973.08,2023-01-25,36
LN22340,CUST12340,Personal Loan,108113,2252.35,2024-05-20,48
LN22341,CUST12341,Personal Loan,416721,17363.38,2023-02-24,24
LN22342,CUST12342,Credit Card,80062,6671.83,2023-09-15,12
LN22343,CUST12343,Credit Card,84944,7078.67,2023-01-17,12
LN22344,CUST12344,Credit Card,85385,7115.42,2024-01-19,12
LN22345,CUST12345,Personal Loan,123404,3427.89,2024-07-20,36
LN22346,CUST12346,Personal Loan,378312,10508.67,2023-10-16,36
LN22347,CUST12347,Credit Card,77948,6495.67,2023-05-31,12
LN22348,CUST12348,Personal Loan,76085,3170.21,2023-10-19,24
LN22349,CUST12349,Personal Loan,486162,13504.5,2023-01-01,36
LN22350,CUST12350,Personal Loan,84048,3502.0,2023-11-14,24
LN22351,CUST12351,Consumer Durable,174758,14563.17,2024-02-07,12
LN22352,CUST12352,Personal Loan,122357,3398.81,2023-12-24,36
LN22353,CUST12353,Consumer Durable,115212,6400.67,2024-05-17,18
LN22354,CUST12354,Consumer Durable,196767,32794.5,2024-11-03,6
LN22355,CUST12355,Consumer Durable,21525,1793.75,2023-10-18,12
LN22356,CUST12356,Personal Loan,197466,4113.88,2024-05-28,48
LN22357,CUST12357,Consumer Durable,95528,5307.11,2023-07-17,18
LN22358,CUST12358,Consumer Durable,62093,3449.61,2023-07-12,18
LN22359,CUST12359,Consumer Durable,49657,2758.72,2023-12-03,18
LN22360,CUST12360,Consumer Durable,73447,4080.39,2024-04-30,18
LN22361,CUST12361,Personal Loan,164103,3418.81,2023-11-19,48
LN22362,CUST12362,Personal Loan,400202,8337.54,2024-05-07,48
LN22363,CUST12363,Consumer Durable,58061,4838.42,2024-08-22,12
LN22364,CUST12364,Consumer Durable,18233,1012.94,2024-05-28,18
LN22365,CUST12365,Consumer Durable,40535,6755.83,2024-08-08,6
LN22366,CUST12366,Personal Loan,110544,2303.0,2024-02-19,48
LN22367,CUST12367,Personal Loan,409569,8532.69,2024-10-19,48
LN22368,CUST12368,Personal Loan,428392,8924.83,2024-06-04,48
LN22369,CUST12369,Consumer Durable,63118,3506.56,2023-01-10,18
LN22370,CUST12370,Personal Loan,99570,8297.5,2024-09-10,12
LN22371,CUST12371,Personal Loan,353111,9808.64,2023-01-19,36
LN22372,CUST12372,Consumer Durable,65166,3620.33,2024-02-28,18
LN22373,CUST12373,Consumer Durable,100647,16774.5,2023-09-03,6
LN22374,CUST12374,Credit Card,52680,4390.0,2024-05-21,12
LN22375,CUST12375,Personal Loan,192838,8034.92,2024-10-06,24
LN22376,CUST12376,Consumer Durable,192208,16017.33,2023-09-24,12
LN22377,CUST12377,Credit Card,79344,6612.0,2023-07-31,12
LN22378,CUST12378,Consumer Durable,170179,9454.39,2023-10-06,18
LN22379,CUST12379,Credit Card,134192,11182.67,2024-06-21,12
LN22380,CUST12380,Personal Loan,476975,13249.31,2024-07-13,36
LN22381,CUST12381,Personal Loan,495607,41300.58,2024-09-08,12
LN22382,CUST12382,Personal Loan,232024,4833.83,2023-12-19,48
LN22383,CUST12383,Credit Card,109093,9091.08,2023-08-26,12
LN22384,CUST12384,Credit Card,77485,6457.08,2023-03-29,12
LN22385,CUST12385,Consumer Durable,177181,9843.39,2024-02-23,18
LN22386,CUST12386,Credit Card,87705,7308.75,2024-01-17,12
LN22387,CUST12387,Credit Card,82306,6858.83,2023-08-18,12
LN22388,CUST12388,Credit Card,137430,11452.5,2023-04-23,12
LN22389,CUST12389,Personal Loan,310131,6461.06,2023-01-09,48
LN22390,CUST12390,Personal Loan,300371,6257.73,2023-03-02,48
LN22391,CUST12391,Personal Loan,317591,26465.92,2023-07-07,12
LN22392,CUST12392,Personal Loan,189824,5272.89,2024-11-20,36
LN22393,CUST12393,Credit Card,110165,9180.42,2023-12-08,12
LN22394,CUST12394,Consumer Durable,166400,27733.33,2023-07-03,6
LN22395,CUST12395,Personal Loan,388669,8097.27,2023-03-26,48
LN22396,CUST12396,Consumer Durable,134134,22355.67,2024-04-09,6
LN22397,CUST12397,Credit Card,131831,10985.92,2024-02-14,12
LN22398,CUST12398,Credit Card,146388,12199.0,2023-10-15,12
LN22399,CUST12399,Personal Loan,398349,16597.88,2023-09-13,24
LN22400,CUST12400,Personal Loan,227194,4733.21,2023-04-19,48
LN22401,CUST12401,Personal Loan,371883,15495.12,2023-08-13,24
LN22402,CUST12402,Credit Card,90371,7530.92,2024-02-13,12
LN22403,CUST12403,Personal Loan,453445,9446.77,2023-02-27,48
LN22404,CUST12404,Consumer Durable,25699,2141.58,2023-09-26,12
LN22405,CUST12405,Consumer Durable,123455,10287.92,2023-04-08,12
LN22406,CUST12406,Consumer Durable,154464,8581.33,2023-01-16,18
LN22407,CUST12407,Consumer Durable,33498,2791.5,2024-01-28,12
LN22408,CUST12408,Credit Card,72011,6000.92,2024-08-30,12
LN22409,CUST12409,Consumer Durable,59165,9860.83,2023-04-18,6
LN22410,CUST12410,Consumer Durable,63144,10524.0,2023-07-31,6
LN22411,CUST12411,Personal Loan,81623,6801.92,2024-09-16,12
LN22412,CUST12412,Consumer Durable,28582,2381.83,2024-05-15,12
LN22413,CUST12413,Credit Card,77187,6432.25,2024-01-21,12
LN22414,CUST12414,Consumer Durable,28418,4736.33,2024-09-13,6
LN22415,CUST12415,Personal Loan,299179,8310.53,2024-02-23,36
LN22416,CUST12416,Personal Loan,97975,4082.29,2024-06-11,24
LN22417,CUST12417,Consumer Durable,198407,11022.61,2024-08-12,18
LN22418,CUST12418,Personal Loan,399671,11101.97,2023-03-02,36
LN22419,CUST12419,Credit Card,48165,4013.75,2024-03-02,12
LN22420,CUST12420,Credit Card,89267,7438.92,2024-08-26,12
LN22421,CUST12421,Personal Loan,281948,7831.89,2024-01-07,36
LN22422,CUST12422,Credit Card,85623,7135.25,2024-02-27,12
LN22423,CUST12423,Consumer Durable,35968,2997.33,2024-09-05,12
LN22424,CUST12424,Credit Card,125530,10460.83,2024-02-11,12
LN22425,CUST12425,Consumer Durable,122831,20471.83,2023-12-28,6
LN22426,CUST12426,Consumer Durable,113783,9481.92,2024-11-27,12
LN22427,CUST12427,Credit Card,60719,5059.92,2023-02-04,12
LN22428,CUST12428,Credit Card,123356,10279.67,2024-01-30,12
LN22429,CUST12429,Consumer Durable,40412,2245.11,2024-10-10,18
LN22430,CUST12430,Personal Loan,169416,7059.0,2023-01-30,24
LN22431,CUST12431,Credit Card,66256,5521.33,2023-02-19,12
LN22432,CUST12432,Credit Card,90399,7533.25,2024-08-01,12
LN22433,CUST12433,Personal Loan,312806,8689.06,2024-06-01,36
LN22434,CUST12434,Consumer Durable,134927,7495.94,2023-09-22,18
LN22435,CUST12435,Personal Loan,444313,12342.03,2024-06-04,36
LN22436,CUST12436,Personal Loan,65412,2725.5,2023-02-01,24
LN22437,CUST12437,Personal Loan,430083,11946.75,2024-07-19,36
LN22438,CUST12438,Consumer Durable,155014,12917.83,2024-03-06,12
LN22439,CUST12439,Credit Card,111335,9277.92,2023-04-06,12
LN22440,CUST12440,Personal Loan,170822,7117.58,2024-08-07,24
LN22441,CUST12441,Consumer Durable,159845,26640.83,2023-07-28,6
LN22442,CUST12442,Personal Loan,273620,22801.67,2024-02-22,12
LN22443,CUST12443,Credit Card,25418,2118.17,2023-01-21,12
LN22444,CUST12444,Credit Card,26701,2225.08,2023-03-22,12
LN22445,CUST12445,Consumer Durable,140622,11718.5,2023-12-14,12
LN22446,CUST12446,Consumer Durable,21973,3662.17,2023-04-18,6
LN22447,CUST12447,Consumer Durable,152935,25489.17,2023-10-06,6
LN22448,CUST12448,Personal Loan,398116,33176.33,2023-08-07,12
LN22449,CUST12449,Consumer Durable,18085,1507.08,2024-08-17,12
LN22450,CUST12450,Credit Card,33830,2819.17,2023-07-25,12
LN22451,CUST12451,Personal Loan,369235,30769.58,2023-04-01,12
LN22452,CUST12452,Credit Card,114615,9551.25,2024-09-07,12
LN22453,CUST12453,Personal Loan,105991,8832.58,2023-02-04,12
LN22454,CUST12454,Personal Loan,107201,8933.42,2023-01-20,12
LN22455,CUST12455,Personal Loan,254706,5306.38,2024-09-02,48
LN22456,CUST12456,Consumer Durable,67675,5639.58,2024-04-19,12
LN22457,CUST12457,Personal Loan,108103,2252.15,2024-03-20,48
LN22458,CUST12458,Consumer Durable,69658,11609.67,2024-11-25,6
LN22459,CUST12459,Consumer Durable,139366,11613.83,2023-03-15,12
LN22460,CUST12460,Personal Loan,324244,6755.08,2024-11-10,48
LN22461,CUST12461,Consumer Durable,31115,1728.61,2024-01-23,18
LN22462,CUST12462,Personal Loan,110969,2311.85,2023-11-07,48
LN22463,CUST12463,Personal Loan,367182,30598.5,2024-02-02,12
LN22464,CUST12464,Personal Loan,356418,29701.5,2023-09-18,12
LN22465,CUST12465,Credit Card,34324,2860.33,2023-02-13,12
LN22466,CUST12466,Credit Card,109199,9099.92,2023-05-12,12
LN22467,CUST12467,Credit Card,79822,6651.83,2024-11-09,12
LN22468,CUST12468,Credit Card,17732,1477.67,2024-07-15,12
LN22469,CUST12469,Consumer Durable,141526,7862.56,2023-02-15,18
LN22470,CUST12470,Personal Loan,216290,6008.06,2024-07-14,36
LN22471,CUST12471,Personal Loan,104985,2916.25,2023-02-24,36
LN22472,CUST12472,Consumer Durable,21559,1197.72,2024-08-28,18
LN22473,CUST12473,Personal Loan,121751,3381.97,2023-01-13,36
LN22474,CUST12474,Personal Loan,294142,8170.61,2023-11-01,36
LN22475,CUST12475,Credit Card,24573,2047.75,2024-01-15,12
LN22476,CUST12476,Consumer Durable,26703,1483.5,2024-07-27,18
LN22477,CUST12477,Personal Loan,106065,2946.25,2024-01-14,36
LN22478,CUST12478,Consumer Durable,97085,8090.42,2024-10-13,12
LN22479,CUST12479,Personal Loan,181555,15129.58,2024-10-12,12
LN22480,CUST12480,Personal Loan,183769,3828.52,2024-08-02,48
LN22481,CUST12481,Credit Card,134585,11215.42,2024-04-12,12
LN22482,CUST12482,Credit Card,82783,6898.58,2024-02-18,12
LN22483,CUST12483,Personal Loan,309410,6446.04,2023-06-01,48
LN22484,CUST12484,Personal Loan,308674,8574.28,2023-11-23,36
LN22485,CUST12485,Personal Loan,391686,8160.12,2024-04-08,48
LN22486,CUST12486,Credit Card,73013,6084.42,2023-02-10,12
LN22487,CUST12487,Credit Card,72247,6020.58,2023-03-07,12
LN22488,CUST12488,Credit Card,60957,5079.75,2023-04-28,12
LN22489,CUST12489,Personal Loan,182975,15247.92,2023-05-19,12
LN22490,CUST12490,Consumer Durable,78985,13164.17,2023-04-23,6
LN22491,CUST12491,Credit Card,66029,5502.42,2024-06-30,12
LN22492,CUST12492,Consumer Durable,71920,5993.33,2024-10-03,12
LN22493,CUST12493,Credit Card,43122,3593.5,2024-10-05,12
LN22494,CUST12494,Consumer Durable,100898,8408.17,2023-03-23,12
LN22495,CUST12495,Credit Card,68710,5725.83,2024-11-01,12
LN22496,CUST12496,Consumer Durable,29639,2469.92,2023-07-16,12
LN22497,CUST12497,Personal Loan,468524,9760.92,2024-05-23,48
LN22498,CUST12498,Personal Loan,103706,8642.17,2024-08-08,12
LN22499,CUST12499,Personal Loan,402638,16776.58,2023-06-06,24
LN22500,CUST12500,Consumer Durable,36459,2025.5,2023-08-17,18
LN22501,CUST12501,Consumer Durable,193847,16153.92,2023-01-29,12
LN22502,CUST12502,Personal Loan,344096,14337.33,2024-03-10,24
LN22503,CUST12503,Credit Card,52206,4350.5,2023-12-30,12
LN22504,CUST12504,Consumer Durable,32105,5350.83,2024-04-04,6
LN22505,CUST12505,Consumer Durable,172773,28795.5,2024-06-21,6
LN22506,CUST12506,Consumer Durable,135442,11286.83,2024-05-15,12
LN22507,CUST12507,Credit Card,139382,11615.17,2024-10-15,12
LN22508,CUST12508,Credit Card,88444,7370.33,2023-11-12,12
LN22509,CUST12509,Credit Card,54450,4537.5,2024-10-27,12
LN22510,CUST12510,Personal Loan,251694,20974.5,2024-10-24,12
LN22511,CUST12511,Consumer Durable,26830,4471.67,2023-01-04,6
LN22512,CUST12512,Personal Loan,478567,13293.53,2024-07-10,36
LN22513,CUST12513,Credit Card,11312,942.67,2024-08-11,12
LN22514,CUST12514,Personal Loan,420876,35073.0,2023-11-30,12
LN22515,CUST12515,Consumer Durable,67795,11299.17,2023-05-25,6
LN22516,CUST12516,Credit Card,110954,9246.17,2024-10-25,12
LN22517,CUST12517,Consumer Durable,186118,31019.67,2023-08-02,6
LN22518,CUST12518,Credit Card,80752,6729.33,2024-04-07,12
LN22519,CUST12519,Consumer Durable,154228,8568.22,2024-06-02,18
LN22520,CUST12520,Personal Loan,494265,41188.75,2023-09-26,12
LN22521,CUST12521,Credit Card,55848,4654.0,2024-11-17,12
LN22522,CUST12522,Consumer Durable,82354,6862.83,2024-05-06,12
LN22523,CUST12523,Personal Loan,141818,2954.54,2024-05-20,48
LN22524,CUST12524,Credit Card,54532,4544.33,2024-06-24,12
LN22525,CUST12525,Personal Loan,283442,11810.08,2023-02-23,24
LN22526,CUST12526,Personal Loan,482997,40249.75,2023-03-07,12
LN22527,CUST12527,Credit Card,83620,6968.33,2024-03-19,12
LN22528,CUST12528,Credit Card,19571,1630.92,2024-05-13,12
LN22529,CUST12529,Consumer Durable,133870,7437.22,2023-09-26,18
LN22530,CUST12530,Personal Loan,380203,10561.19,2023-11-20,36
LN22531,CUST12531,Personal Loan,476746,9932.21,2023-03-31,48
LN22532,CUST12532,Personal Loan,261243,7256.75,2024-03-27,36
LN22533,CUST12533,Consumer Durable,149065,24844.17,2023-11-14,6
LN22534,CUST12534,Personal Loan,235747,4911.4,2023-07-05,48
LN22535,CUST12535,Credit Card,98806,8233.83,2024-06-19,12
LN22536,CUST12536,Consumer Durable,145899,12158.25,2023-04-08,12
LN22537,CUST12537,Consumer Durable,119259,6625.5,2023-09-30,18
LN22538,CUST12538,Credit Card,62116,5176.33,2024-04-27,12
LN22539,CUST12539,Credit Card,137928,11494.0,2023-07-25,12
LN22540,CUST12540,Consumer Durable,82043,13673.83,2024-01-23,6
LN22541,CUST12541,Credit Card,27681,2306.75,2023-02-10,12
LN22542,CUST12542,Consumer Durable,174123,14510.25,2024-07-03,12
LN22543,CUST12543,Personal Loan,407451,16977.12,2023-01-06,24
LN22544,CUST12544,Credit Card,72145,6012.08,2024-08-26,12
LN22545,CUST12545,Consumer Durable,38142,2119.0,2024-08-15,18
LN22546,CUST12546,Personal Loan,286358,23863.17,2024-05-05,12
LN22547,CUST12547,Credit Card,50469,4205.75,2024-11-25,12
LN22548,CUST12548,Credit Card,27277,2273.08,2023-03-18,12
LN22549,CUST12549,Credit Card,127953,10662.75,2024-08-26,12
LN22550,CUST12550,Personal Loan,202041,5612.25,2023-06-11,36
LN22551,CUST12551,Consumer Durable,70187,5848.92,2024-02-27,12
LN22552,CUST12552,Credit Card,91539,7628.25,2023-06-15,12
LN22553,CUST12553,Personal Loan,494604,20608.5,2023-09-05,24
LN22554,CUST12554,Credit Card,27260,2271.67,2024-10-28,12
LN22555,CUST12555,Consumer Durable,132611,7367.28,2024-06-10,18
LN22556,CUST12556,Consumer Durable,113859,6325.5,2023-04-01,18
LN22557,CUST12557,Credit Card,30489,2540.75,2024-08-30,12
LN22558,CUST12558,Credit Card,84421,7035.08,2024-03-20,12
LN22559,CUST12559,Credit Card,85617,7134.75,2023-11-11,12
LN22560,CUST12560,Credit Card,61615,5134.58,2024-10-17,12
LN22561,CUST12561,Credit Card,16634,1386.17,2024-10-27,12
LN22562,CUST12562,Credit Card,106736,8894.67,2023-06-21,12
LN22563,CUST12563,Personal Loan,108225,3006.25,2023-02-10,36
LN22564,CUST12564,Consumer Durable,73223,12203.83,2023-01-21,6
LN22565,CUST12565,Credit Card,97316,8109.67,2024-01-29,12
LN22566,CUST12566,Credit Card,17086,1423.83,2024-10-18,12
LN22567,CUST12567,Personal Loan,310575,12940.62,2024-05-24,24
LN22568,CUST12568,Credit Card,30652,2554.33,2023-09-24,12
LN22569,CUST12569,Consumer Durable,174704,9705.78,2024-10-25,18
LN22570,CUST12570,Personal Loan,135070,11255.83,2024-05-09,12
LN22571,CUST12571,Consumer Durable,169669,9426.06,2024-07-14,18
LN22572,CUST12572,Consumer Durable,26702,1483.44,2024-06-01,18
LN22573,CUST12573,Consumer Durable,78428,4357.11,2024-10-12,18
LN22574,CUST12574,Consumer Durable,29562,2463.5,2024-05-12,12
LN22575,CUST12575,Consumer Durable,181423,15118.58,2024-03-29,12
LN22576,CUST12576,Personal Loan,309391,25782.58,2024-02-27,12
LN22577,CUST12577,Personal Loan,90907,1893.9,2024-11-27,48
LN22578,CUST12578,Consumer Durable,39503,3291.92,2023-03-08,12
LN22579,CUST12579,Personal Loan,116690,9724.17,2023-03-08,12
LN22580,CUST12580,Credit Card,93853,7821.08,2024-10-04,12
LN22581,CUST12581,Consumer Durable,18297,1524.75,2023-03-30,12
LN22582,CUST12582,Consumer Durable,87246,4847.0,2024-09-11,18
LN22583,CUST12583,Personal Loan,117993,4916.38,2023-03-22,24
LN22584,CUST12584,Credit Card,32063,2671.92,2024-01-11,12
LN22585,CUST12585,Credit Card,143019,11918.25,2023-11-05,12
LN22586,CUST12586,Consumer Durable,45215,3767.92,2023-07-22,12
LN22587,CUST12587,Personal Loan,404188,8420.58,2023-10-07,48
LN22588,CUST12588,Credit Card,12764,1063.67,2024-11-15,12
LN22589,CUST12589,Credit Card,16110,1342.5,2024-06-09,12
LN22590,CUST12590,Consumer Durable,105989,8832.42,2023-11-13,12
LN22591,CUST12591,Personal Loan,280870,7801.94,2023-01-24,36
LN22592,CUST12592,Credit Card,123042,10253.5,2024-01-11,12
LN22593,CUST12593,Consumer Durable,86698,7224.83,2023-11-25,12
LN22594,CUST12594,Personal Loan,210136,8755.67,2023-05-14,24
LN22595,CUST12595,Personal Loan,123379,10281.58,2023-06-30,12
LN22596,CUST12596,Consumer Durable,165171,9176.17,2024-11-25,18
LN22597,CUST12597,Personal Loan,468821,9767.1,2023-11-23,48
LN22598,CUST12598,Credit Card,36353,3029.42,2024-02-21,12
LN22599,CUST12599,Personal Loan,266226,7395.17,2024-04-13,36
LN22600,CUST12600,Credit Card,28696,2391.33,2023-06-08,12
LN22601,CUST12601,Personal Loan,364516,30376.33,2024-04-25,12
LN22602,CUST12602,Consumer Durable,22500,3750.0,2023-07-09,6
LN22603,CUST12603,Consumer Durable,106060,8838.33,2024-10-14,12
LN22604,CUST12604,Consumer Durable,50044,8340.67,2023-06-22,6
LN22605,CUST12605,Personal Loan,316975,8804.86,2023-05-08,36
LN22606,CUST12606,Credit Card,24513,2042.75,2023-04-26,12
LN22607,CUST12607,Consumer Durable,16198,2699.67,2023-09-01,6
LN22608,CUST12608,Personal Loan,418394,8716.54,2023-04-04,48
LN22609,CUST12609,Consumer Durable,131698,10974.83,2024-03-15,12
LN22610,CUST12610,Credit Card,83184,6932.0,2023-03-30,12
LN22611,CUST12611,Credit Card,65012,5417.67,2023-11-04,12
LN22612,CUST12612,Personal Loan,157513,13126.08,2024-10-04,12
LN22613,CUST12613,Consumer Durable,132885,7382.5,2023-05-05,18
LN22614,CUST12614,Personal Loan,353355,9815.42,2024-01-02,36
LN22615,CUST12615,Credit Card,81154,6762.83,2024-06-08,12
LN22616,CUST12616,Consumer Durable,25854,1436.33,2024-11-28,18
LN22617,CUST12617,Credit Card,70302,5858.5,2024-02-01,12
LN22618,CUST12618,Personal Loan,145065,3022.19,2023-04-15,48
LN22619,CUST12619,Personal Loan,428698,8931.21,2023-07-17,48
LN22620,CUST12620,Consumer Durable,153561,25593.5,2023-07-22,6
LN22621,CUST12621,Credit Card,25363,2113.58,2023-09-24,12
LN22622,CUST12622,Consumer Durable,172950,28825.0,2024-02-01,6
LN22623,CUST12623,Credit Card,126769,10564.08,2024-04-19,12
LN22624,CUST12624,Credit Card,65398,5449.83,2024-09-14,12
LN22625,CUST12625,Consumer Durable,102310,8525.83,2023-05-16,12
LN22626,CUST12626,Credit Card,49455,4121.25,2024-02-23,12
LN22627,CUST12627,Personal Loan,246380,5132.92,2023-03-12,48
LN22628,CUST12628,Credit Card,40815,3401.25,2024-07-23,12
LN22629,CUST12629,Consumer Durable,54249,9041.5,2023-11-06,6
LN22630,CUST12630,Personal Loan,380586,31715.5,2023-04-01,12
LN22631,CUST12631,Consumer Durable,181245,15103.75,2023-06-18,12
LN22632,CUST12632,Consumer Durable,195826,10879.22,2024-08-20,18
LN22633,CUST12633,Personal Loan,328088,9113.56,2023-06-06,36
LN22634,CUST12634,Credit Card,22884,1907.0,2024-06-17,12
LN22635,CUST12635,Credit Card,119569,9964.08,2023-08-27,12
LN22636,CUST12636,Consumer Durable,132495,7360.83,2023-04-07,18
LN22637,CUST12637,Consumer Durable,198913,33152.17,2023-02-03,6
LN22638,CUST12638,Personal Loan,477290,19887.08,2024-05-27,24
LN22639,CUST12639,Consumer Durable,57578,3198.78,2023-01-13,18
LN22640,CUST12640,Credit Card,143614,11967.83,2023-10-13,12
LN22641,CUST12641,Personal Loan,377456,7863.67,2023-03-23,48
LN22642,CUST12642,Personal Loan,426559,17773.29,2024-10-25,24
LN22643,CUST12643,Credit Card,97356,8113.0,2023-03-14,12
LN22644,CUST12644,Consumer Durable,166997,27832.83,2024-05-04,6
LN22645,CUST12645,Personal Loan,362394,15099.75,2023-03-12,24
LN22646,CUST12646,Credit Card,130272,10856.0,2023-09-26,12
LN22647,CUST12647,Consumer Durable,124105,6894.72,2023-06-24,18
LN22648,CUST12648,Credit Card,127373,10614.42,2024-04-18,12
LN22649,CUST12649,Consumer Durable,175765,29294.17,2024-08-09,6
LN22650,CUST12650,Personal Loan,419721,17488.38,2023-10-26,24
LN22651,CUST12651,Consumer Durable,166445,9246.94,2023-02-05,18
LN22652,CUST12652,Credit Card,128746,10728.83,2024-02-04,12
LN22653,CUST12653,Consumer Durable,102978,17163.0,2023-09-01,6
LN22654,CUST12654,Credit Card,68746,5728.83,2023-09-06,12
LN22655,CUST12655,Personal Loan,98189,2045.6,2024-01-05,48
LN22656,CUST12656,Credit Card,57228,4769.0,2023-11-05,12
LN22657,CUST12657,Credit Card,131762,10980.17,2023-10-14,12
LN22658,CUST12658,Consumer Durable,114367,6353.72,2024-06-08,18
LN22659,CUST12659,Credit Card,19022,1585.17,2023-04-12,12
LN22660,CUST12660,Credit Card,56707,4725.58,2024-10-30,12
LN22661,CUST12661,Credit Card,27635,2302.92,2024-11-24,12
LN22662,CUST12662,Credit Card,144346,12028.83,2023-04-26,12
LN22663,CUST12663,Credit Card,45416,3784.67,2023-05-04,12
LN22664,CUST12664,Personal Loan,496395,41366.25,2023-06-29,12
LN22665,CUST12665,Personal Loan,225852,18821.0,2024-05-11,12
LN22666,CUST12666,Credit Card,22819,1901.58,2024-09-20,12
LN22667,CUST12667,Credit Card,56887,4740.58,2023-05-18,12
LN22668,CUST12668,Personal Loan,225154,18762.83,2023-12-12,12
LN22669,CUST12669,Consumer Durable,145278,12106.5,2023-10-02,12
LN22670,CUST12670,Credit Card,96057,8004.75,2023-01-17,12
LN22671,CUST12671,Consumer Durable,29296,1627.56,2024-07-12,18
LN22672,CUST12672,Credit Card,35728,2977.33,2024-09-03,12
LN22673,CUST12673,Personal Loan,337068,28089.0,2023-05-22,12
LN22674,CUST12674,Credit Card,82410,6867.5,2023-01-24,12
LN22675,CUST12675,Credit Card,130284,10857.0,2024-04-14,12
LN22676,CUST12676,Credit Card,10003,833.58,2023-11-29,12
LN22677,CUST12677,Credit Card,91846,7653.83,2024-09-17,12
LN22678,CUST12678,Credit Card,18336,1528.0,2023-04-23,12
LN22679,CUST12679,Credit Card,92529,7710.75,2024-08-18,12
LN22680,CUST12680,Consumer Durable,166728,9262.67,2023-06-10,18
LN22681,CUST12681,Credit Card,18870,1572.5,2023-12-31,12
LN22682,CUST12682,Consumer Durable,160936,13411.33,2023-09-26,12
LN22683,CUST12683,Personal Loan,170010,7083.75,2024-01-08,24
LN22684,CUST12684,Consumer Durable,123919,10326.58,2024-11-26,12
LN22685,CUST12685,Credit Card,86282,7190.17,2024-10-22,12
LN22686,CUST12686,Consumer Durable,156196,13016.33,2024-05-12,12
LN22687,CUST12687,Credit Card,96970,8080.83,2024-01-12,12
LN22688,CUST12688,Consumer Durable,82687,13781.17,2023-09-06,6
LN22689,CUST12689,Consumer Durable,193099,32183.17,2024-01-23,6
LN22690,CUST12690,Personal Loan,483156,13421.0,2024-09-04,36
LN22691,CUST12691,Credit Card,69879,5823.25,2023-11-18,12
LN22692,CUST12692,Personal Loan,375095,15628.96,2023-09-12,24
LN22693,CUST12693,Personal Loan,390095,10835.97,2024-02-19,36
LN22694,CUST12694,Personal Loan,414363,34530.25,2023-12-27,12
LN22695,CUST12695,Personal Loan,305751,12739.62,2024-05-13,24
LN22696,CUST12696,Credit Card,65212,5434.33,2024-06-14,12
LN22697,CUST12697,Personal Loan,51826,2159.42,2024-02-14,24
LN22698,CUST12698,Credit Card,16995,1416.25,2024-04-22,12
LN22699,CUST12699,Credit Card,103005,8583.75,2023-12-19,12
LN22700,CUST12700,Consumer Durable,24421,4070.17,2024-09-30,6
LN22701,CUST12701,Consumer Durable,101225,5623.61,2024-06-03,18
LN22702,CUST12702,Consumer Durable,130261,21710.17,2024-10-20,6
LN22703,CUST12703,Personal Loan,81656,6804.67,2023-01-07,12
LN22704,CUST12704,Personal Loan,156798,4355.5,2023-04-01,36
LN22705,CUST12705,Credit Card,63876,5323.0,2023-05-31,12
LN22706,CUST12706,Personal Loan,231342,9639.25,2024-01-15,24
LN22707,CUST12707,Credit Card,126033,10502.75,2024-01-07,12
LN22708,CUST12708,Credit Card,38378,3198.17,2023-10-25,12
LN22709,CUST12709,Consumer Durable,51778,2876.56,2023-01-17,18
LN22710,CUST12710,Personal Loan,176530,7355.42,2023-08-21,24
LN22711,CUST12711,Credit Card,13518,1126.5,2024-06-05,12
LN22712,CUST12712,Credit Card,109332,9111.0,2023-01-13,12
LN22713,CUST12713,Consumer Durable,199208,33201.33,2024-02-29,6
LN22714,CUST12714,Consumer Durable,130798,10899.83,2024-06-06,12
LN22715,CUST12715,Consumer Durable,89657,7471.42,2024-05-19,12
LN22716,CUST12716,Credit Card,89896,7491.33,2023-03-25,12
LN22717,CUST12717,Credit Card,118062,9838.5,2024-04-19,12
LN22718,CUST12718,Consumer Durable,125286,10440.5,2023-04-21,12
LN22719,CUST12719,Personal Loan,378529,31544.08,2024-10-10,12
LN22720,CUST12720,Credit Card,29974,2497.83,2023-04-21,12
LN22721,CUST12721,Consumer Durable,35687,5947.83,2024-09-05,6
LN22722,CUST12722,Consumer Durable,145676,24279.33,2024-01-26,6
LN22723,CUST12723,Consumer Durable,88615,7384.58,2023-12-18,12
LN22724,CUST12724,Credit Card,82796,6899.67,2024-06-28,12
LN22725,CUST12725,Personal Loan,490799,20449.96,2023-10-23,24
LN22726,CUST12726,Credit Card,74113,6176.08,2023-05-24,12
LN22727,CUST12727,Personal Loan,136722,11393.5,2024-10-04,12
LN22728,CUST12728,Consumer Durable,153731,12810.92,2024-04-07,12
LN22729,CUST12729,Consumer Durable,105200,8766.67,2024-02-16,12
LN22730,CUST12730,Consumer Durable,197566,32927.67,2024-08-19,6
LN22731,CUST12731,Credit Card,67284,5607.0,2023-10-29,12
LN22732,CUST12732,Credit Card,55475,4622.92,2023-04-06,12
LN22733,CUST12733,Credit Card,17639,1469.92,2024-06-26,12
LN22734,CUST12734,Credit Card,48687,4057.25,2023-04-24,12
LN22735,CUST12735,Credit Card,100438,8369.83,2023-03-15,12
LN22736,CUST12736,Personal Loan,454817,37901.42,2024-09-05,12
LN22737,CUST12737,Credit Card,64476,5373.0,2023-11-29,12
LN22738,CUST12738,Personal Loan,57602,4800.17,2023-02-06,12
LN22739,CUST12739,Credit Card,60810,5067.5,2023-07-22,12
LN22740,CUST12740,Personal Loan,342604,7137.58,2023-01-09,48
LN22741,CUST12741,Personal Loan,481850,40154.17,2024-05-16,12
LN22742,CUST12742,Consumer Durable,29121,4853.5,2023-08-05,6
LN22743,CUST12743,Personal Loan,373626,10378.5,2023-03-05,36
LN22744,CUST12744,Credit Card,107732,8977.67,2023-05-23,12
LN22745,CUST12745,Personal Loan,469582,13043.94,2024-11-14,36
LN22746,CUST12746,Credit Card,35691,2974.25,2024-07-10,12
LN22747,CUST12747,Credit Card,85156,7096.33,2023-04-04,12
LN22748,CUST12748,Consumer Durable,107881,17980.17,2024-09-27,6
LN22749,CUST12749,Consumer Durable,107954,8996.17,2024-05-26,12
LN22750,CUST12750,Credit Card,111270,9272.5,2024-06-23,12
LN22751,CUST12751,Credit Card,137697,11474.75,2023-09-12,12
LN22752,CUST12752,Personal Loan,310402,8622.28,2023-01-30,36
LN22753,CUST12753,Consumer Durable,150652,12554.33,2024-11-17,12
LN22754,CUST12754,Consumer Durable,33300,5550.0,2023-11-15,6
LN22755,CUST12755,Personal Loan,319149,13297.88,2023-05-13,24
LN22756,CUST12756,Personal Loan,140241,2921.69,2023-10-16,48
LN22757,CUST12757,Credit Card,130915,10909.58,2023-06-04,12
LN22758,CUST12758,Personal Loan,440784,18366.0,2023-08-17,24
LN22759,CUST12759,Credit Card,141426,11785.5,2023-06-26,12
LN22760,CUST12760,Consumer Durable,175990,9777.22,2023-03-06,18
LN22761,CUST12761,Personal Loan,412150,17172.92,2024-05-11,24
LN22762,CUST12762,Credit Card,131404,10950.33,2023-06-28,12
LN22763,CUST12763,Personal Loan,487650,13545.83,2024-03-03,36
LN22764,CUST12764,Personal Loan,489028,40752.33,2024-11-04,12
LN22765,CUST12765,Consumer Durable,80195,13365.83,2024-07-27,6
LN22766,CUST12766,Credit Card,78892,6574.33,2024-11-22,12
LN22767,CUST12767,Credit Card,12422,1035.17,2024-08-13,12
LN22768,CUST12768,Credit Card,107516,8959.67,2023-05-23,12
LN22769,CUST12769,Personal Loan,481262,13368.39,2023-08-27,36
LN22770,CUST12770,Credit Card,39959,3329.92,2024-11-14,12
LN22771,CUST12771,Consumer Durable,87645,7303.75,2024-02-25,12
LN22772,CUST12772,Consumer Durable,90342,15057.0,2024-07-01,6
LN22773,CUST12773,Personal Loan,429833,17909.71,2023-01-22,24
LN22774,CUST12774,Personal Loan,245619,6822.75,2023-09-03,36
LN22775,CUST12775,Personal Loan,199143,4148.81,2023-01-05,48
LN22776,CUST12776,Credit Card,45243,3770.25,2023-11-08,12
LN22777,CUST12777,Personal Loan,181973,5054.81,2024-11-18,36
LN22778,CUST12778,Personal Loan,411654,17152.25,2024-04-26,24
LN22779,CUST12779,Consumer Durable,116990,19498.33,2023-06-05,6
LN22780,CUST12780,Personal Loan,83944,2331.78,2023-03-13,36
LN22781,CUST12781,Consumer Durable,76601,4255.61,2023-08-31,18
LN22782,CUST12782,Consumer Durable,173178,9621.0,2023-08-12,18
LN22783,CUST12783,Consumer Durable,158551,26425.17,2023-09-24,6
LN22784,CUST12784,Personal Loan,408533,8511.1,2024-06-13,48
LN22785,CUST12785,Consumer Durable,84706,7058.83,2023-09-11,12
LN22786,CUST12786,Credit Card,88222,7351.83,2024-06-26,12
LN22787,CUST12787,Personal Loan,454125,12614.58,2023-10-30,36
LN22788,CUST12788,Consumer Durable,67826,5652.17,2023-12-18,12
LN22789,CUST12789,Consumer Durable,171878,9548.78,2024-10-11,18
LN22790,CUST12790,Credit Card,35115,2926.25,2024-09-24,12
LN22791,CUST12791,Credit Card,10125,843.75,2023-09-08,12
LN22792,CUST12792,Consumer Durable,129799,7211.06,2023-08-30,18
LN22793,CUST12793,Personal Loan,477492,9947.75,2023-06-04,48
LN22794,CUST12794,Personal Loan,75713,3154.71,2024-03-11,24
LN22795,CUST12795,Consumer Durable,153760,8542.22,2023-09-15,18
LN22796,CUST12796,Credit Card,11944,995.33,2024-01-26,12
LN22797,CUST12797,Credit Card,107311,8942.58,2023-11-23,12
LN22798,CUST12798,Consumer Durable,23191,1932.58,2024-04-10,12
LN22799,CUST12799,Credit Card,95867,7988.92,2023-09-07,12
LN22800,CUST12800,Credit Card,87530,7294.17,2023-07-28,12
LN22801,CUST12801,Credit Card,112036,9336.33,2024-04-27,12
LN22802,CUST12802,Credit Card,148543,12378.58,2024-10-18,12
LN22803,CUST12803,Personal Loan,131845,5493.54,2023-06-06,24
LN22804,CUST12804,Credit Card,108438,9036.5,2024-10-21,12
LN22805,CUST12805,Personal Loan,226595,4720.73,2023-04-05,48
LN22806,CUST12806,Credit Card,133524,11127.0,2024-02-08,12
LN22807,CUST12807,Consumer Durable,149886,12490.5,2024-11-09,12
LN22808,CUST12808,Personal Loan,183973,7665.54,2024-03-04,24
LN22809,CUST12809,Credit Card,136859,11404.92,2024-01-18,12
LN22810,CUST12810,Personal Loan,355632,14818.0,2024-08-09,24
LN22811,CUST12811,Personal Loan,57570,4797.5,2023-08-07,12
LN22812,CUST12812,Consumer Durable,94849,7904.08,2024-02-05,12
LN22813,CUST12813,Credit Card,139025,11585.42,2024-09-23,12
LN22814,CUST12814,Personal Loan,380358,31696.5,2024-10-07,12
LN22815,CUST12815,Credit Card,50377,4198.08,2023-10-13,12
LN22816,CUST12816,Consumer Durable,129532,10794.33,2024-04-24,12
LN22817,CUST12817,Consumer Durable,81619,13603.17,2023-03-03,6
LN22818,CUST12818,Consumer Durable,19246,1603.83,2024-02-23,12
LN22819,CUST12819,Personal Loan,262701,21891.75,2024-06-20,12
LN22820,CUST12820,Credit Card,109171,9097.58,2023-10-29,12
LN22821,CUST12821,Consumer Durable,130549,21758.17,2024-11-18,6
LN22822,CUST12822,Credit Card,23964,1997.0,2024-04-18,12
LN22823,CUST12823,Consumer Durable,149576,8309.78,2024-02-22,18
LN22824,CUST12824,Personal Loan,327764,9104.56,2023-06-13,36
LN22825,CUST12825,Personal Loan,168559,7023.29,2024-09-18,24
LN22826,CUST12826,Credit Card,57910,4825.83,2024-10-10,12
LN22827,CUST12827,Personal Loan,188086,15673.83,2024-11-30,12
LN22828,CUST12828,Consumer Durable,44408,7401.33,2023-09-25,6
LN22829,CUST12829,Credit Card,53591,4465.92,2023-07-30,12
LN22830,CUST12830,Consumer Durable,150411,12534.25,2023-01-29,12
LN22831,CUST12831,Credit Card,102143,8511.92,2023-02-11,12
LN22832,CUST12832,Consumer Durable,91602,15267.0,2023-03-09,6
LN22833,CUST12833,Personal Loan,252299,21024.92,2023-10-09,12
LN22834,CUST12834,Consumer Durable,120487,6693.72,2023-07-19,18
LN22835,CUST12835,Credit Card,136872,11406.0,2023-07-05,12
LN22836,CUST12836,Personal Loan,455417,12650.47,2024-04-16,36
LN22837,CUST12837,Consumer Durable,187490,15624.17,2023-10-23,12
LN22838,CUST12838,Credit Card,13162,1096.83,2023-01-05,12
LN22839,CUST12839,Consumer Durable,83864,6988.67,2024-07-18,12
LN22840,CUST12840,Credit Card,39843,3320.25,2023-04-12,12
LN22841,CUST12841,Personal Loan,255947,5332.23,2024-02-17,48
LN22842,CUST12842,Personal Loan,264531,22044.25,2024-08-30,12
LN22843,CUST12843,Personal Loan,388589,16191.21,2023-08-09,24
LN22844,CUST12844,Personal Loan,280778,11699.08,2024-02-17,24
LN22845,CUST12845,Personal Loan,473693,19737.21,2023-08-06,24
LN22846,CUST12846,Credit Card,126776,10564.67,2024-06-04,12
LN22847,CUST12847,Credit Card,78824,6568.67,2024-03-05,12
LN22848,CUST12848,Consumer Durable,37300,2072.22,2024-06-26,18
LN22849,CUST12849,Credit Card,46728,3894.0,2023-06-21,12
LN22850,CUST12850,Consumer Durable,83364,4631.33,2024-03-30,18
LN22851,CUST12851,Consumer Durable,103740,5763.33,2023-10-26,18
LN22852,CUST12852,Personal Loan,426342,17764.25,2024-06-19,24
LN22853,CUST12853,Consumer Durable,61013,10168.83,2024-03-14,6
LN22854,CUST12854,Credit Card,116174,9681.17,2024-05-18,12
LN22855,CUST12855,Consumer Durable,184732,15394.33,2023-10-19,12
LN22856,CUST12856,Personal Loan,52511,4375.92,2023-11-20,12
LN22857,CUST12857,Consumer Durable,66613,5551.08,2024-06-24,12
LN22858,CUST12858,Credit Card,77268,6439.0,2024-01-10,12
LN22859,CUST12859,Personal Loan,146355,3049.06,2024-04-05,48
LN22860,CUST12860,Personal Loan,203514,8479.75,2023-02-14,24
LN22861,CUST12861,Personal Loan,302764,8410.11,2024-08-05,36
LN22862,CUST12862,Credit Card,92417,7701.42,2023-12-21,12
LN22863,CUST12863,Personal Loan,379212,10533.67,2023-03-28,36
LN22864,CUST12864,Personal Loan,96564,4023.5,2023-06-28,24
LN22865,CUST12865,Consumer Durable,172182,28697.0,2023-09-24,6
LN22866,CUST12866,Personal Loan,161439,3363.31,2023-06-26,48
LN22867,CUST12867,Personal Loan,358810,29900.83,2023-10-06,12
LN22868,CUST12868,Credit Card,132285,11023.75,2023-03-19,12
LN22869,CUST12869,Credit Card,122673,10222.75,2023-12-15,12
LN22870,CUST12870,Consumer Durable,116962,9746.83,2024-10-06,12
LN22871,CUST12871,Personal Loan,196975,4103.65,2024-09-03,48
LN22872,CUST12872,Personal Loan,388562,16190.08,2024-06-22,24
LN22873,CUST12873,Consumer Durable,152867,25477.83,2024-07-12,6
LN22874,CUST12874,Personal Loan,172613,3596.1,2024-05-31,48
LN22875,CUST12875,Personal Loan,169247,3525.98,2023-11-19,48
LN22876,CUST12876,Personal Loan,319657,26638.08,2024-06-15,12
LN22877,CUST12877,Credit Card,137003,11416.92,2024-01-17,12
LN22878,CUST12878,Credit Card,16443,1370.25,2023-04-01,12
LN22879,CUST12879,Credit Card,57054,4754.5,2024-02-11,12
LN22880,CUST12880,Personal Loan,287042,23920.17,2023-06-25,12
LN22881,CUST12881,Credit Card,74328,6194.0,2023-04-04,12
LN22882,CUST12882,Consumer Durable,196607,32767.83,2023-09-06,6
LN22883,CUST12883,Credit Card,90459,7538.25,2024-08-10,12
LN22884,CUST12884,Credit Card,115249,9604.08,2024-02-14,12
LN22885,CUST12885,Consumer Durable,55918,4659.83,2023-08-21,12
LN22886,CUST12886,Personal Loan,439241,12201.14,2023-11-09,36
LN22887,CUST12887,Consumer Durable,178128,9896.0,2024-01-17,18
LN22888,CUST12888,Consumer Durable,119053,9921.08,2024-04-01,12
LN22889,CUST12889,Consumer Durable,182993,15249.42,2023-04-24,12
LN22890,CUST12890,Consumer Durable,129341,21556.83,2024-01-14,6
LN22891,CUST12891,Personal Loan,160468,13372.33,2024-11-06,12
LN22892,CUST12892,Credit Card,54297,4524.75,2023-04-16,12
LN22893,CUST12893,Consumer Durable,143839,23973.17,2023-09-17,6
LN22894,CUST12894,Credit Card,111337,9278.08,2024-04-18,12
LN22895,CUST12895,Consumer Durable,44755,7459.17,2024-01-24,6
LN22896,CUST12896,Consumer Durable,161907,26984.5,2024-01-02,6
LN22897,CUST12897,Personal Loan,455466,18977.75,2023-04-19,24
LN22898,CUST12898,Credit Card,144914,12076.17,2024-09-26,12
LN22899,CUST12899,Personal Loan,281847,23487.25,2024-10-19,12
LN22900,CUST12900,Consumer Durable,195960,32660.0,2024-01-29,6
LN22901,CUST12901,Personal Loan,182469,5068.58,2023-11-16,36
LN22902,CUST12902,Credit Card,75716,6309.67,2024-03-07,12
LN22903,CUST12903,Personal Loan,463282,38606.83,2024-07-19,12
LN22904,CUST12904,Personal Loan,328355,27362.92,2024-06-19,12
LN22905,CUST12905,Consumer Durable,36364,6060.67,2023-05-22,6
LN22906,CUST12906,Credit Card,54345,4528.75,2024-11-04,12
LN22907,CUST12907,Credit Card,118066,9838.83,2024-09-20,12
LN22908,CUST12908,Consumer Durable,52180,2898.89,2023-12-20,18
LN22909,CUST12909,Personal Loan,441508,18396.17,2024-08-06,24
LN22910,CUST12910,Consumer Durable,155058,25843.0,2023-01-15,6
LN22911,CUST12911,Personal Loan,146051,4056.97,2023-10-29,36
LN22912,CUST12912,Personal Loan,89022,3709.25,2023-05-14,24
LN22913,CUST12913,Personal Loan,205693,4285.27,2024-10-26,48
LN22914,CUST12914,Personal Loan,154815,6450.62,2023-10-14,24
LN22915,CUST12915,Personal Loan,364966,15206.92,2024-02-11,24
LN22916,CUST12916,Personal Loan,263229,7311.92,2024-04-27,36
LN22917,CUST12917,Credit Card,47294,3941.17,2024-04-07,12
LN22918,CUST12918,Personal Loan,443482,9239.21,2023-02-21,48
LN22919,CUST12919,Credit Card,45334,3777.83,2024-10-20,12
LN22920,CUST12920,Credit Card,110877,9239.75,2023-03-09,12
LN22921,CUST12921,Personal Loan,61998,1722.17,2024-05-22,36
LN22922,CUST12922,Personal Loan,290309,6048.1,2024-08-26,48
LN22923,CUST12923,Credit Card,17389,1449.08,2023-07-27,12
LN22924,CUST12924,Personal Loan,443828,12328.56,2023-09-19,36
LN22925,CUST12925,Credit Card,88627,7385.58,2023-02-17,12
LN22926,CUST12926,Personal Loan,159995,3333.23,2023-06-10,48
LN22927,CUST12927,Consumer Durable,64875,3604.17,2024-04-10,18
LN22928,CUST12928,Personal Loan,466155,19423.12,2023-03-17,24
LN22929,CUST12929,Consumer Durable,156395,26065.83,2023-04-11,6
LN22930,CUST12930,Consumer Durable,82542,13757.0,2024-07-23,6
LN22931,CUST12931,Consumer Durable,137738,7652.11,2023-06-26,18
LN22932,CUST12932,Credit Card,69232,5769.33,2024-07-23,12
LN22933,CUST12933,Personal Loan,431314,11980.94,2023-06-08,36
LN22934,CUST12934,Personal Loan,470872,19619.67,2023-01-05,24
LN22935,CUST12935,Credit Card,133135,11094.58,2024-05-08,12
LN22936,CUST12936,Credit Card,63358,5279.83,2024-05-27,12
LN22937,CUST12937,Personal Loan,114376,4765.67,2024-02-19,24
LN22938,CUST12938,Consumer Durable,82333,4574.06,2024-03-04,18
LN22939,CUST12939,Credit Card,144737,12061.42,2023-10-14,12
LN22940,CUST12940,Personal Loan,81173,1691.1,2024-09-29,48
LN22941,CUST12941,Personal Loan,139477,2905.77,2024-01-28,48
LN22942,CUST12942,Credit Card,33122,2760.17,2024-08-13,12
LN22943,CUST12943,Consumer Durable,162747,27124.5,2023-04-21,6
LN22944,CUST12944,Consumer Durable,30385,1688.06,2024-03-29,18
LN22945,CUST12945,Consumer Durable,45281,2515.61,2023-08-17,18
LN22946,CUST12946,Credit Card,38327,3193.92,2024-02-11,12
LN22947,CUST12947,Personal Loan,350103,7293.81,2023-08-24,48
LN22948,CUST12948,Consumer Durable,25369,2114.08,2023-05-02,12
LN22949,CUST12949,Personal Loan,212223,4421.31,2023-01-09,48
LN22950,CUST12950,Credit Card,144261,12021.75,2023-07-29,12
LN22951,CUST12951,Credit Card,27560,2296.67,2024-06-30,12
LN22952,CUST12952,Credit Card,94758,7896.5,2024-08-02,12
LN22953,CUST12953,Credit Card,141310,11775.83,2023-07-03,12
LN22954,CUST12954,Personal Loan,184214,15351.17,2023-06-01,12
LN22955,CUST12955,Credit Card,91292,7607.67,2024-09-08,12
LN22956,CUST12956,Personal Loan,236651,4930.23,2023-05-05,48
LN22957,CUST12957,Credit Card,70359,5863.25,2023-01-21,12
LN22958,CUST12958,Credit Card,20172,1681.0,2023-10-02,12
LN22959,CUST12959,Credit Card,100529,8377.42,2024-02-26,12
LN22960,CUST12960,Credit Card,138055,11504.58,2023-09-11,12
LN22961,CUST12961,Consumer Durable,96909,5383.83,2023-03-29,18
LN22962,CUST12962,Consumer Durable,174885,14573.75,2024-05-19,12
LN22963,CUST12963,Personal Loan,168909,14075.75,2023-05-15,12
LN22964,CUST12964,Credit Card,47107,3925.58,2024-04-29,12
LN22965,CUST12965,Personal Loan,76705,1598.02,2024-05-12,48
LN22966,CUST12966,Consumer Durable,105499,17583.17,2024-04-26,6
LN22967,CUST12967,Consumer Durable,144464,24077.33,2023-05-31,6
LN22968,CUST12968,Credit Card,146851,12237.58,2023-01-16,12
LN22969,CUST12969,Personal Loan,68114,5676.17,2024-04-12,12
LN22970,CUST12970,Consumer Durable,42586,3548.83,2024-01-16,12
LN22971,CUST12971,Credit Card,109830,9152.5,2024-03-30,12
LN22972,CUST12972,Credit Card,143353,11946.08,2023-10-09,12
LN22973,CUST12973,Credit Card,72296,6024.67,2024-07-22,12
LN22974,CUST12974,Personal Loan,104610,2905.83,2024-08-17,36
LN22975,CUST12975,Credit Card,127530,10627.5,2024-03-19,12
LN22976,CUST12976,Credit Card,50995,4249.58,2023-04-12,12
LN22977,CUST12977,Personal Loan,105183,8765.25,2024-08-26,12
LN22978,CUST12978,Credit Card,48433,4036.08,2023-01-18,12
LN22979,CUST12979,Consumer Durable,128944,10745.33,2023-01-14,12
LN22980,CUST12980,Consumer Durable,155404,12950.33,2023-04-08,12
LN22981,CUST12981,Personal Loan,400880,11135.56,2024-09-20,36
LN22982,CUST12982,Credit Card,77920,6493.33,2023-02-10,12
LN22983,CUST12983,Credit Card,79128,6594.0,2023-07-19,12
LN22984,CUST12984,Personal Loan,234408,19534.0,2024-02-02,12
LN22985,CUST12985,Consumer Durable,173680,14473.33,2024-02-27,12
LN22986,CUST12986,Credit Card,32259,2688.25,2024-05-11,12
LN22987,CUST12987,Credit Card,64405,5367.08,2023-04-26,12
LN22988,CUST12988,Consumer Durable,129505,21584.17,2023-02-17,6
LN22989,CUST12989,Credit Card,45791,3815.92,2024-04-01,12
LN22990,CUST12990,Credit Card,73752,6146.0,2023-06-02,12
LN22991,CUST12991,Consumer Durable,53491,2971.72,2023-05-28,18
LN22992,CUST12992,Personal Loan,86718,2408.83,2023-12-27,36
LN22993,CUST12993,Consumer Durable,69021,5751.75,2023-09-29,12
LN22994,CUST12994,Credit Card,28431,2369.25,2023-05-13,12
LN22995,CUST12995,Consumer Durable,98969,8247.42,2023-07-29,12
LN22996,CUST12996,Credit Card,88320,7360.0,2023-09-15,12
LN22997,CUST12997,Consumer Durable,88428,4912.67,2024-11-28,18
LN22998,CUST12998,Consumer Durable,46617,7769.5,2023-10-27,6
LN22999,CUST12999,Credit Card,102581,8548.42,2023-09-07,12
LN23000,CUST13000,Personal Loan,122317,10193.08,2024-08-13,12
LN23001,CUST13001,Consumer Durable,50142,4178.5,2023-11-08,12
LN23002,CUST13002,Credit Card,132462,11038.5,2024-02-01,12
LN23003,CUST13003,Personal Loan,92607,7717.25,2023-01-01,12
LN23004,CUST13004,Credit Card,120809,10067.42,2023-09-20,12
LN23005,CUST13005,Credit Card,46586,3882.17,2023-01-25,12
LN23006,CUST13006,Personal Loan,55428,1154.75,2024-08-31,48
LN23007,CUST13007,Credit Card,99109,8259.08,2024-09-27,12
LN23008,CUST13008,Personal Loan,186483,3885.06,2023-08-12,48
LN23009,CUST13009,Personal Loan,461089,19212.04,2024-09-13,24
LN23010,CUST13010,Personal Loan,418319,8714.98,2023-11-25,48
LN23011,CUST13011,Personal Loan,80591,6715.92,2024-09-05,12
LN23012,CUST13012,Personal Loan,185598,15466.5,2024-04-11,12
LN23013,CUST13013,Consumer Durable,128389,7132.72,2024-03-15,18
LN23014,CUST13014,Credit Card,16035,1336.25,2023-09-17,12
LN23015,CUST13015,Personal Loan,252806,7022.39,2024-05-03,36
LN23016,CUST13016,Personal Loan,246521,5135.85,2024-06-04,48
LN23017,CUST13017,Personal Loan,254550,5303.12,2023-10-15,48
LN23018,CUST13018,Consumer Durable,19188,3198.0,2023-06-10,6
LN23019,CUST13019,Consumer Durable,41246,2291.44,2024-07-27,18
LN23020,CUST13020,Credit Card,83854,6987.83,2023-06-29,12
LN23021,CUST13021,Personal Loan,268676,7463.22,2024-01-15,36
LN23022,CUST13022,Credit Card,111580,9298.33,2023-06-08,12
LN23023,CUST13023,Credit Card,77615,6467.92,2023-05-20,12
LN23024,CUST13024,Personal Loan,257055,7140.42,2023-01-25,36
LN23025,CUST13025,Credit Card,68363,5696.92,2023-02-08,12
LN23026,CUST13026,Credit Card,76335,6361.25,2023-04-06,12
LN23027,CUST13027,Credit Card,132309,11025.75,2024-10-28,12
LN23028,CUST13028,Personal Loan,321921,8942.25,2024-08-19,36
LN23029,CUST13029,Credit Card,99351,8279.25,2023-08-11,12
LN23030,CUST13030,Credit Card,45684,3807.0,2024-10-04,12
LN23031,CUST13031,Credit Card,116803,9733.58,2024-10-21,12
LN23032,CUST13032,Consumer Durable,189871,31645.17,2023-02-03,6
LN23033,CUST13033,Personal Loan,247469,20622.42,2024-02-20,12
LN23034,CUST13034,Consumer Durable,48653,2702.94,2024-07-15,18
LN23035,CUST13035,Consumer Durable,131601,10966.75,2023-02-06,12
LN23036,CUST13036,Consumer Durable,153599,12799.92,2023-12-31,12
LN23037,CUST13037,Consumer Durable,25495,2124.58,2023-07-01,12
LN23038,CUST13038,Consumer Durable,148314,12359.5,2024-10-31,12
LN23039,CUST13039,Consumer Durable,51668,8611.33,2024-10-06,6
LN23040,CUST13040,Personal Loan,468922,9769.21,2024-01-17,48
LN23041,CUST13041,Consumer Durable,17569,2928.17,2024-08-27,6
LN23042,CUST13042,Consumer Durable,44292,7382.0,2024-02-07,6
LN23043,CUST13043,Consumer Durable,142849,11904.08,2023-09-07,12
LN23044,CUST13044,Credit Card,86426,7202.17,2024-08-14,12
LN23045,CUST13045,Credit Card,131122,10926.83,2024-05-18,12
LN23046,CUST13046,Personal Loan,93085,2585.69,2024-09-28,36
LN23047,CUST13047,Credit Card,62556,5213.0,2023-06-05,12
LN23048,CUST13048,Credit Card,18350,1529.17,2024-06-29,12
LN23049,CUST13049,Personal Loan,88235,7352.92,2023-07-17,12
LN23050,CUST13050,Personal Loan,219477,18289.75,2024-01-10,12
LN23051,CUST13051,Personal Loan,453510,12597.5,2024-05-24,36
LN23052,CUST13052,Credit Card,46209,3850.75,2024-06-23,12
LN23053,CUST13053,Consumer Durable,46385,7730.83,2023-02-10,6
LN23054,CUST13054,Credit Card,75127,6260.58,2024-08-15,12
LN23055,CUST13055,Personal Loan,362270,15094.58,2023-02-19,24
LN23056,CUST13056,Personal Loan,139364,2903.42,2024-05-05,48
LN23057,CUST13057,Credit Card,25922,2160.17,2023-05-31,12
LN23058,CUST13058,Personal Loan,187371,7807.12,2023-04-02,24
LN23059,CUST13059,Credit Card,129429,10785.75,2023-12-14,12
LN23060,CUST13060,Consumer Durable,87020,7251.67,2023-03-11,12
LN23061,CUST13061,Personal Loan,169620,4711.67,2023-08-03,36
LN23062,CUST13062,Credit Card,23814,1984.5,2024-01-25,12
LN23063,CUST13063,Personal Loan,305091,6356.06,2024-10-16,48
LN23064,CUST13064,Personal Loan,158304,13192.0,2023-08-22,12
LN23065,CUST13065,Personal Loan,182158,7589.92,2024-04-29,24
LN23066,CUST13066,Credit Card,66190,5515.83,2023-05-09,12
LN23067,CUST13067,Credit Card,122896,10241.33,2023-08-18,12
LN23068,CUST13068,Personal Loan,476323,9923.4,2023-05-25,48
LN23069,CUST13069,Consumer Durable,101672,5648.44,2024-09-19,18
LN23070,CUST13070,Personal Loan,479715,9994.06,2024-03-13,48
LN23071,CUST13071,Credit Card,102745,8562.08,2023-01-07,12
LN23072,CUST13072,Personal Loan,93553,2598.69,2023-03-23,36
LN23073,CUST13073,Personal Loan,166155,13846.25,2023-01-03,12
LN23074,CUST13074,Consumer Durable,143798,11983.17,2024-03-28,12
LN23075,CUST13075,Personal Loan,74704,6225.33,2023-01-17,12
LN23076,CUST13076,Credit Card,60926,5077.17,2023-05-25,12
LN23077,CUST13077,Credit Card,55495,4624.58,2023-08-31,12
LN23078,CUST13078,Consumer Durable,86014,14335.67,2023-01-26,6
LN23079,CUST13079,Personal Loan,55168,1532.44,2024-10-15,36
LN23080,CUST13080,Personal Loan,119824,3328.44,2024-04-18,36
LN23081,CUST13081,Credit Card,32867,2738.92,2024-11-10,12
LN23082,CUST13082,Personal Loan,303459,8429.42,2023-09-28,36
LN23083,CUST13083,Personal Loan,258973,7193.69,2024-10-03,36
LN23084,CUST13084,Credit Card,56424,4702.0,2024-02-19,12
LN23085,CUST13085,Consumer Durable,176430,9801.67,2024-05-27,18
LN23086,CUST13086,Credit Card,98384,8198.67,2023-01-01,12
LN23087,CUST13087,Consumer Durable,71223,5935.25,2023-09-12,12
LN23088,CUST13088,Consumer Durable,181644,10091.33,2024-03-29,18
LN23089,CUST13089,Credit Card,101150,8429.17,2024-03-13,12
LN23090,CUST13090,Personal Loan,349316,14554.83,2023-10-31,24
LN23091,CUST13091,Credit Card,79209,6600.75,2023-02-11,12
LN23092,CUST13092,Personal Loan,61564,5130.33,2023-10-10,12
LN23093,CUST13093,Personal Loan,137466,11455.5,2023-05-26,12
LN23094,CUST13094,Personal Loan,226942,6303.94,2023-09-04,36
LN23095,CUST13095,Credit Card,97191,8099.25,2023-09-25,12
LN23096,CUST13096,Credit Card,65129,5427.42,2023-12-06,12
LN23097,CUST13097,Consumer Durable,56977,3165.39,2024-01-20,18
LN23098,CUST13098,Credit Card,71704,5975.33,2024-09-29,12
LN23099,CUST13099,Credit Card,119965,9997.08,2023-10-30,12
LN23100,CUST13100,Personal Loan,123691,5153.79,2023-10-09,24
LN23101,CUST13101,Personal Loan,402260,8380.42,2023-09-22,48
LN23102,CUST13102,Personal Loan,346599,7220.81,2023-05-01,48
LN23103,CUST13103,Personal Loan,448630,9346.46,2024-11-27,48
LN23104,CUST13104,Personal Loan,104965,2915.69,2023-07-23,36
LN23105,CUST13105,Personal Loan,421723,17571.79,2024-10-31,24
LN23106,CUST13106,Personal Loan,481131,13364.75,2024-11-15,36
LN23107,CUST13107,Personal Loan,199351,8306.29,2024-08-21,24
LN23108,CUST13108,Consumer Durable,148811,24801.83,2024-10-03,6
LN23109,CUST13109,Consumer Durable,158685,13223.75,2023-07-21,12
LN23110,CUST13110,Credit Card,49560,4130.0,2024-03-05,12
LN23111,CUST13111,Personal Loan,67726,5643.83,2024-01-04,12
LN23112,CUST13112,Credit Card,132289,11024.08,2024-08-17,12
LN23113,CUST13113,Credit Card,17827,1485.58,2024-08-09,12
LN23114,CUST13114,Consumer Durable,18008,1500.67,2024-10-14,12
LN23115,CUST13115,Consumer Durable,122192,6788.44,2023-01-18,18
LN23116,CUST13116,Personal Loan,465489,9697.69,2023-03-10,48
LN23117,CUST13117,Personal Loan,434276,36189.67,2024-04-27,12
LN23118,CUST13118,Credit Card,141967,11830.58,2023-09-13,12
LN23119,CUST13119,Consumer Durable,95192,15865.33,2023-05-19,6
LN23120,CUST13120,Consumer Durable,66182,5515.17,2023-04-23,12
LN23121,CUST13121,Consumer Durable,35826,5971.0,2023-08-04,6
LN23122,CUST13122,Credit Card,135808,11317.33,2024-08-09,12
LN23123,CUST13123,Personal Loan,344111,28675.92,2024-02-07,12
LN23124,CUST13124,Consumer Durable,34267,1903.72,2023-02-17,18
LN23125,CUST13125,Personal Loan,440773,12243.69,2023-12-22,36
LN23126,CUST13126,Personal Loan,225710,4702.29,2023-11-09,48
LN23127,CUST13127,Consumer Durable,157962,8775.67,2024-04-28,18
LN23128,CUST13128,Credit Card,135283,11273.58,2023-11-04,12
LN23129,CUST13129,Consumer Durable,149798,12483.17,2023-09-30,12
LN23130,CUST13130,Credit Card,49352,4112.67,2023-03-18,12
LN23131,CUST13131,Personal Loan,85990,1791.46,2023-02-22,48
LN23132,CUST13132,Credit Card,146811,12234.25,2024-08-20,12
LN23133,CUST13133,Credit Card,67869,5655.75,2024-01-31,12
LN23134,CUST13134,Credit Card,89186,7432.17,2024-01-02,12
LN23135,CUST13135,Credit Card,127453,10621.08,2024-01-29,12
LN23136,CUST13136,Consumer Durable,55722,9287.0,2023-03-01,6
LN23137,CUST13137,Credit Card,24664,2055.33,2023-07-12,12
LN23138,CUST13138,Personal Loan,224269,18689.08,2023-02-24,12
LN23139,CUST13139,Personal Loan,442062,36838.5,2023-03-20,12
LN23140,CUST13140,Personal Loan,430603,17941.79,2023-11-23,24
LN23141,CUST13141,Personal Loan,142800,3966.67,2024-07-03,36
LN23142,CUST13142,Personal Loan,173332,3611.08,2023-07-19,48
LN23143,CUST13143,Consumer Durable,74282,12380.33,2024-04-25,6
LN23144,CUST13144,Credit Card,119614,9967.83,2023-08-14,12
LN23145,CUST13145,Personal Loan,98034,8169.5,2024-10-03,12
LN23146,CUST13146,Credit Card,42157,3513.08,2024-11-15,12
LN23147,CUST13147,Credit Card,113447,9453.92,2024-06-06,12
LN23148,CUST13148,Personal Loan,436992,36416.0,2024-08-12,12
LN23149,CUST13149,Personal Loan,120413,3344.81,2023-10-23,36
LN23150,CUST13150,Credit Card,66548,5545.67,2023-02-21,12
LN23151,CUST13151,Credit Card,57027,4752.25,2023-03-19,12
LN23152,CUST13152,Credit Card,74343,6195.25,2024-11-04,12
LN23153,CUST13153,Consumer Durable,58694,3260.78,2023-06-26,18
LN23154,CUST13154,Personal Loan,69861,1455.44,2024-01-15,48
LN23155,CUST13155,Personal Loan,300626,6263.04,2024-07-31,48
LN23156,CUST13156,Personal Loan,204274,17022.83,2023-03-30,12
LN23157,CUST13157,Credit Card,23125,1927.08,2023-08-14,12
LN23158,CUST13158,Consumer Durable,199478,16623.17,2024-07-07,12
LN23159,CUST13159,Credit Card,144239,12019.92,2023-03-08,12
LN23160,CUST13160,Credit Card,77657,6471.42,2024-05-18,12
LN23161,CUST13161,Consumer Durable,197263,32877.17,2023-09-29,6
LN23162,CUST13162,Credit Card,58298,4858.17,2023-11-27,12
LN23163,CUST13163,Personal Loan,456976,38081.33,2024-11-13,12
LN23164,CUST13164,Personal Loan,101886,4245.25,2024-11-25,24
LN23165,CUST13165,Credit Card,29218,2434.83,2023-09-11,12
LN23166,CUST13166,Credit Card,145553,12129.42,2023-04-29,12
LN23167,CUST13167,Consumer Durable,154048,8558.22,2024-10-04,18
LN23168,CUST13168,Personal Loan,438536,36544.67,2024-04-14,12
LN23169,CUST13169,Credit Card,79533,6627.75,2024-05-24,12
LN23170,CUST13170,Personal Loan,382532,7969.42,2024-09-08,48
LN23171,CUST13171,Consumer Durable,179033,14919.42,2023-09-23,12
LN23172,CUST13172,Personal Loan,227484,18957.0,2023-10-27,12
LN23173,CUST13173,Consumer Durable,171787,9543.72,2024-10-22,18
LN23174,CUST13174,Credit Card,63361,5280.08,2024-01-14,12
LN23175,CUST13175,Consumer Durable,97074,8089.5,2023-06-14,12
LN23176,CUST13176,Personal Loan,407136,16964.0,2023-07-08,24
LN23177,CUST13177,Credit Card,90688,7557.33,2023-05-13,12
LN23178,CUST13178,Credit Card,62103,5175.25,2023-06-22,12
LN23179,CUST13179,Credit Card,47881,3990.08,2024-10-10,12
LN23180,CUST13180,Personal Loan,177966,7415.25,2023-02-20,24
LN23181,CUST13181,Credit Card,23371,1947.58,2024-02-15,12
LN23182,CUST13182,Consumer Durable,126910,21151.67,2023-02-27,6
LN23183,CUST13183,Consumer Durable,103963,17327.17,2024-09-30,6
LN23184,CUST13184,Personal Loan,472989,19707.88,2024-11-18,24
LN23185,CUST13185,Personal Loan,105342,2194.62,2024-10-23,48
LN23186,CUST13186,Personal Loan,55954,2331.42,2024-11-24,24
LN23187,CUST13187,Consumer Durable,92352,15392.0,2024-07-02,6
LN23188,CUST13188,Credit Card,75736,6311.33,2023-05-12,12
LN23189,CUST13189,Consumer Durable,47000,7833.33,2024-07-25,6
LN23190,CUST13190,Consumer Durable,132583,22097.17,2024-02-24,6
LN23191,CUST13191,Consumer Durable,170717,28452.83,2024-04-30,6
LN23192,CUST13192,Credit Card,128901,10741.75,2023-06-10,12
LN23193,CUST13193,Credit Card,81016,6751.33,2024-08-06,12
LN23194,CUST13194,Credit Card,22292,1857.67,2024-06-12,12
LN23195,CUST13195,Consumer Durable,155026,25837.67,2024-02-17,6
LN23196,CUST13196,Consumer Durable,97305,8108.75,2023-08-15,12
LN23197,CUST13197,Personal Loan,298601,24883.42,2023-10-11,12
LN23198,CUST13198,Credit Card,38684,3223.67,2023-03-28,12
LN23199,CUST13199,Consumer Durable,148262,8236.78,2023-12-01,18
LN23200,CUST13200,Credit Card,106242,8853.5,2024-09-24,12
LN23201,CUST13201,Personal Loan,66025,5502.08,2024-01-14,12
LN23202,CUST13202,Personal Loan,428917,17871.54,2023-09-02,24
LN23203,CUST13203,Consumer Durable,91032,5057.33,2023-09-22,18
LN23204,CUST13204,Personal Loan,321042,6688.38,2023-08-20,48
LN23205,CUST13205,Consumer Durable,71578,5964.83,2024-07-01,12
LN23206,CUST13206,Personal Loan,190757,15896.42,2024-02-20,12
LN23207,CUST13207,Credit Card,122299,10191.58,2023-10-18,12
LN23208,CUST13208,Credit Card,21824,1818.67,2024-03-25,12
LN23209,CUST13209,Consumer Durable,125720,10476.67,2023-02-19,12
LN23210,CUST13210,Consumer Durable,134307,11192.25,2024-03-27,12
LN23211,CUST13211,Credit Card,131822,10985.17,2023-10-04,12
LN23212,CUST13212,Credit Card,42420,3535.0,2024-11-28,12
LN23213,CUST13213,Consumer Durable,94963,15827.17,2023-05-11,6
LN23214,CUST13214,Credit Card,52684,4390.33,2023-10-12,12
LN23215,CUST13215,Credit Card,42692,3557.67,2023-03-22,12
LN23216,CUST13216,Consumer Durable,161257,26876.17,2024-01-24,6
LN23217,CUST13217,Personal Loan,474473,19769.71,2023-01-19,24
LN23218,CUST13218,Consumer Durable,43634,7272.33,2024-02-13,6
LN23219,CUST13219,Credit Card,88489,7374.08,2024-03-03,12
LN23220,CUST13220,Consumer Durable,135561,7531.17,2023-12-12,18
LN23221,CUST13221,Credit Card,64900,5408.33,2024-09-14,12
LN23222,CUST13222,Consumer Durable,109622,6090.11,2023-10-20,18
LN23223,CUST13223,Personal Loan,483123,20130.12,2024-05-17,24
LN23224,CUST13224,Personal Loan,454395,12622.08,2023-05-03,36
LN23225,CUST13225,Credit Card,35868,2989.0,2024-04-04,12
LN23226,CUST13226,Personal Loan,274253,22854.42,2023-09-02,12
LN23227,CUST13227,Personal Loan,213321,17776.75,2024-02-03,12
LN23228,CUST13228,Consumer Durable,27322,2276.83,2023-03-04,12
LN23229,CUST13229,Consumer Durable,20645,3440.83,2023-10-01,6
LN23230,CUST13230,Consumer Durable,58901,3272.28,2023-10-08,18
LN23231,CUST13231,Credit Card,141096,11758.0,2024-08-19,12
LN23232,CUST13232,Credit Card,126237,10519.75,2024-07-20,12
LN23233,CUST13233,Consumer Durable,99681,16613.5,2024-02-16,6
LN23234,CUST13234,Personal Loan,105535,2931.53,2024-07-18,36
LN23235,CUST13235,Credit Card,44302,3691.83,2024-06-23,12
LN23236,CUST13236,Credit Card,70242,5853.5,2023-06-21,12
LN23237,CUST13237,Consumer Durable,78939,13156.5,2023-03-27,6
LN23238,CUST13238,Consumer Durable,36212,3017.67,2023-10-24,12
LN23239,CUST13239,Consumer Durable,84661,7055.08,2024-05-07,12
LN23240,CUST13240,Consumer Durable,145219,12101.58,2024-07-31,12
LN23241,CUST13241,Consumer Durable,61055,3391.94,2023-05-25,18
LN23242,CUST13242,Credit Card,20399,1699.92,2024-02-02,12
LN23243,CUST13243,Credit Card,85301,7108.42,2023-06-21,12
LN23244,CUST13244,Personal Loan,128809,10734.08,2023-06-16,12
LN23245,CUST13245,Consumer Durable,97552,16258.67,2023-08-09,6
LN23246,CUST13246,Personal Loan,329619,27468.25,2023-07-24,12
LN23247,CUST13247,Consumer Durable,171781,28630.17,2023-09-28,6
LN23248,CUST13248,Consumer Durable,94471,5248.39,2023-06-12,18
LN23249,CUST13249,Credit Card,90527,7543.92,2024-10-19,12
LN23250,CUST13250,Credit Card,112420,9368.33,2023-06-02,12
LN23251,CUST13251,Consumer Durable,167022,9279.0,2024-05-09,18
LN23252,CUST13252,Consumer Durable,159520,26586.67,2023-04-24,6
LN23253,CUST13253,Credit Card,116885,9740.42,2024-10-09,12
LN23254,CUST13254,Personal Loan,431951,17997.96,2023-09-22,24
LN23255,CUST13255,Credit Card,145872,12156.0,2024-02-21,12
LN23256,CUST13256,Consumer Durable,16320,1360.0,2024-06-13,12
LN23257,CUST13257,Consumer Durable,100750,5597.22,2024-05-16,18
LN23258,CUST13258,Credit Card,149905,12492.08,2023-10-12,12
LN23259,CUST13259,Personal Loan,410377,11399.36,2023-08-26,36
LN23260,CUST13260,Credit Card,40556,3379.67,2023-03-29,12
LN23261,CUST13261,Personal Loan,365419,15225.79,2024-08-30,24
LN23262,CUST13262,Credit Card,145295,12107.92,2024-09-30,12
LN23263,CUST13263,Credit Card,116428,9702.33,2024-05-21,12
LN23264,CUST13264,Consumer Durable,168095,28015.83,2023-06-09,6
LN23265,CUST13265,Credit Card,18870,1572.5,2024-08-22,12
LN23266,CUST13266,Consumer Durable,19570,1087.22,2024-07-17,18
LN23267,CUST13267,Credit Card,121736,10144.67,2023-01-05,12
LN23268,CUST13268,Consumer Durable,28278,2356.5,2023-10-06,12
LN23269,CUST13269,Personal Loan,299469,8318.58,2024-04-03,36
LN23270,CUST13270,Credit Card,58638,4886.5,2024-05-08,12
LN23271,CUST13271,Consumer Durable,124583,6921.28,2023-04-07,18
LN23272,CUST13272,Personal Loan,138261,2880.44,2024-08-24,48
LN23273,CUST13273,Personal Loan,123098,5129.08,2023-06-11,24
LN23274,CUST13274,Personal Loan,311612,8655.89,2023-05-30,36
LN23275,CUST13275,Consumer Durable,51601,4300.08,2024-05-11,12
LN23276,CUST13276,Credit Card,57661,4805.08,2024-11-28,12
LN23277,CUST13277,Credit Card,119151,9929.25,2024-10-08,12
LN23278,CUST13278,Credit Card,138493,11541.08,2023-02-17,12
LN23279,CUST13279,Credit Card,84396,7033.0,2023-02-12,12
LN23280,CUST13280,Credit Card,148523,12376.92,2023-03-17,12
LN23281,CUST13281,Credit Card,75674,6306.17,2023-01-31,12
LN23282,CUST13282,Credit Card,69493,5791.08,2024-07-02,12
LN23283,CUST13283,Credit Card,98190,8182.5,2023-05-18,12
LN23284,CUST13284,Credit Card,92009,7667.42,2023-06-26,12
LN23285,CUST13285,Credit Card,37873,3156.08,2023-10-10,12
LN23286,CUST13286,Personal Loan,450756,37563.0,2024-04-20,12
LN23287,CUST13287,Credit Card,19741,1645.08,2023-11-17,12
LN23288,CUST13288,Consumer Durable,32408,1800.44,2023-09-02,18
LN23289,CUST13289,Consumer Durable,124755,20792.5,2024-07-13,6
LN23290,CUST13290,Credit Card,110371,9197.58,2023-07-03,12
LN23291,CUST13291,Personal Loan,98799,2058.31,2023-04-12,48
LN23292,CUST13292,Personal Loan,205672,5713.11,2023-04-30,36
LN23293,CUST13293,Consumer Durable,116090,9674.17,2023-05-13,12
LN23294,CUST13294,Credit Card,45977,3831.42,2024-03-01,12
LN23295,CUST13295,Credit Card,108342,9028.5,2023-04-25,12
LN23296,CUST13296,Credit Card,63063,5255.25,2023-11-18,12
LN23297,CUST13297,Personal Loan,144003,6000.12,2023-05-31,24
LN23298,CUST13298,Personal Loan,83088,2308.0,2023-06-11,36
LN23299,CUST13299,Personal Loan,153023,4250.64,2023-11-01,36
LN23300,CUST13300,Consumer Durable,25353,1408.5,2024-11-10,18
LN23301,CUST13301,Personal Loan,190972,3978.58,2023-02-08,48
LN23302,CUST13302,Consumer Durable,41105,2283.61,2023-11-08,18
LN23303,CUST13303,Credit Card,132261,11021.75,2024-06-17,12
LN23304,CUST13304,Credit Card,67133,5594.42,2024-06-12,12
LN23305,CUST13305,Personal Loan,444775,12354.86,2024-11-09,36
LN23306,CUST13306,Credit Card,83106,6925.5,2023-03-08,12
LN23307,CUST13307,Consumer Durable,35110,5851.67,2023-08-21,6
LN23308,CUST13308,Personal Loan,342946,14289.42,2023-10-02,24
LN23309,CUST13309,Consumer Durable,89315,14885.83,2023-01-08,6
LN23310,CUST13310,Consumer Durable,67759,5646.58,2023-03-18,12
LN23311,CUST13311,Consumer Durable,95191,5288.39,2023-07-06,18
LN23312,CUST13312,Personal Loan,113758,3159.94,2024-03-05,36
LN23313,CUST13313,Credit Card,77155,6429.58,2024-01-01,12
LN23314,CUST13314,Personal Loan,212583,8857.62,2024-03-11,24
LN23315,CUST13315,Personal Loan,391820,10883.89,2024-05-22,36
LN23316,CUST13316,Consumer Durable,15208,844.89,2023-07-18,18
LN23317,CUST13317,Consumer Durable,181934,15161.17,2024-01-26,12
LN23318,CUST13318,Personal Loan,394050,16418.75,2023-10-07,24
LN23319,CUST13319,Credit Card,108926,9077.17,2024-01-20,12
LN23320,CUST13320,Consumer Durable,69296,11549.33,2023-05-17,6
LN23321,CUST13321,Consumer Durable,41098,6849.67,2024-11-10,6
LN23322,CUST13322,Personal Loan,259521,10813.38,2023-05-05,24
LN23323,CUST13323,Credit Card,48075,4006.25,2024-05-23,12
LN23324,CUST13324,Credit Card,60567,5047.25,2024-11-20,12
LN23325,CUST13325,Credit Card,34688,2890.67,2023-01-07,12
LN23326,CUST13326,Credit Card,74678,6223.17,2023-11-08,12
LN23327,CUST13327,Personal Loan,97772,4073.83,2023-07-04,24
LN23328,CUST13328,Consumer Durable,164960,9164.44,2024-04-12,18
LN23329,CUST13329,Personal Loan,276255,5755.31,2024-08-25,48
LN23330,CUST13330,Personal Loan,200194,4170.71,2024-07-16,48
LN23331,CUST13331,Personal Loan,197047,5473.53,2024-09-16,36
LN23332,CUST13332,Personal Loan,105196,8766.33,2023-01-22,12
LN23333,CUST13333,Personal Loan,145704,6071.0,2024-08-27,24
LN23334,CUST13334,Credit Card,16495,1374.58,2024-02-09,12
LN23335,CUST13335,Credit Card,41885,3490.42,2024-07-13,12
LN23336,CUST13336,Personal Loan,181000,7541.67,2024-06-12,24
LN23337,CUST13337,Personal Loan,479654,19985.58,2024-10-03,24
LN23338,CUST13338,Credit Card,81998,6833.17,2024-09-04,12
LN23339,CUST13339,Personal Loan,424899,11802.75,2023-11-13,36
LN23340,CUST13340,Consumer Durable,62079,5173.25,2024-10-14,12
LN23341,CUST13341,Consumer Durable,37871,2103.94,2024-06-15,18
LN23342,CUST13342,Credit Card,110105,9175.42,2023-08-13,12
LN23343,CUST13343,Credit Card,74872,6239.33,2024-05-02,12
LN23344,CUST13344,Consumer Durable,99675,8306.25,2023-06-16,12
LN23345,CUST13345,Credit Card,30310,2525.83,2023-07-04,12
LN23346,CUST13346,Personal Loan,480370,20015.42,2024-02-26,24
LN23347,CUST13347,Personal Loan,379288,31607.33,2023-03-28,12
LN23348,CUST13348,Credit Card,117687,9807.25,2023-10-30,12
LN23349,CUST13349,Consumer Durable,72039,6003.25,2023-10-08,12
LN23350,CUST13350,Credit Card,129407,10783.92,2023-06-04,12
LN23351,CUST13351,Consumer Durable,180616,15051.33,2024-11-24,12
LN23352,CUST13352,Consumer Durable,164254,9125.22,2023-12-02,18
LN23353,CUST13353,Consumer Durable,53524,2973.56,2023-05-25,18
LN23354,CUST13354,Consumer Durable,137231,22871.83,2024-01-27,6
LN23355,CUST13355,Personal Loan,422584,8803.83,2024-08-17,48
LN23356,CUST13356,Personal Loan,466153,19423.04,2023-01-14,24
LN23357,CUST13357,Consumer Durable,47537,7922.83,2024-04-08,6
LN23358,CUST13358,Credit Card,105677,8806.42,2024-07-23,12
LN23359,CUST13359,Personal Loan,129809,5408.71,2024-01-01,24
LN23360,CUST13360,Personal Loan,198485,8270.21,2023-07-25,24
LN23361,CUST13361,Credit Card,91400,7616.67,2023-10-31,12
LN23362,CUST13362,Credit Card,17234,1436.17,2024-10-22,12
LN23363,CUST13363,Consumer Durable,188222,31370.33,2023-03-23,6
LN23364,CUST13364,Personal Loan,378444,15768.5,2023-09-12,24
LN23365,CUST13365,Credit Card,15352,1279.33,2023-06-28,12
LN23366,CUST13366,Personal Loan,162698,4519.39,2023-04-11,36
LN23367,CUST13367,Personal Loan,208207,5783.53,2024-09-19,36
LN23368,CUST13368,Consumer Durable,28670,4778.33,2024-04-12,6
LN23369,CUST13369,Consumer Durable,75126,4173.67,2024-02-22,18
LN23370,CUST13370,Credit Card,119561,9963.42,2024-05-24,12
LN23371,CUST13371,Personal Loan,331005,6895.94,2024-08-06,48
LN23372,CUST13372,Consumer Durable,94149,15691.5,2023-02-04,6
LN23373,CUST13373,Credit Card,25887,2157.25,2023-05-22,12
LN23374,CUST13374,Consumer Durable,149189,24864.83,2024-06-13,6
LN23375,CUST13375,Credit Card,33950,2829.17,2023-01-20,12
LN23376,CUST13376,Credit Card,71422,5951.83,2023-01-06,12
LN23377,CUST13377,Personal Loan,434584,36215.33,2024-02-02,12
LN23378,CUST13378,Credit Card,75057,6254.75,2024-09-27,12
LN23379,CUST13379,Personal Loan,398333,16597.21,2023-03-23,24
LN23380,CUST13380,Personal Loan,95131,1981.9,2024-08-27,48
LN23381,CUST13381,Personal Loan,163041,4528.92,2023-07-21,36
LN23382,CUST13382,Personal Loan,447654,37304.5,2024-06-03,12
LN23383,CUST13383,Consumer Durable,151797,12649.75,2024-01-09,12
LN23384,CUST13384,Credit Card,84935,7077.92,2024-05-20,12
LN23385,CUST13385,Personal Loan,253886,5289.29,2023-01-05,48
LN23386,CUST13386,Credit Card,10317,859.75,2023-01-15,12
LN23387,CUST13387,Credit Card,113654,9471.17,2023-06-28,12
LN23388,CUST13388,Credit Card,67660,5638.33,2024-05-24,12
LN23389,CUST13389,Credit Card,45505,3792.08,2023-01-01,12
LN23390,CUST13390,Consumer Durable,169628,28271.33,2024-03-01,6
LN23391,CUST13391,Credit Card,30205,2517.08,2023-09-05,12
LN23392,CUST13392,Consumer Durable,113333,9444.42,2024-10-24,12
LN23393,CUST13393,Consumer Durable,181663,15138.58,2023-12-05,12
LN23394,CUST13394,Credit Card,25256,2104.67,2023-12-31,12
LN23395,CUST13395,Personal Loan,93323,2592.31,2023-02-08,36
LN23396,CUST13396,Consumer Durable,114747,9562.25,2024-08-30,12
LN23397,CUST13397,Credit Card,105549,8795.75,2024-08-27,12
LN23398,CUST13398,Personal Loan,261190,10882.92,2023-10-15,24
LN23399,CUST13399,Consumer Durable,76905,6408.75,2023-07-15,12
LN23400,CUST13400,Personal Loan,328398,27366.5,2023-07-02,12
LN23401,CUST13401,Personal Loan,421152,17548.0,2023-01-24,24
LN23402,CUST13402,Consumer Durable,167798,27966.33,2023-11-25,6
LN23403,CUST13403,Credit Card,124425,10368.75,2024-10-16,12
LN23404,CUST13404,Credit Card,72850,6070.83,2023-04-07,12
LN23405,CUST13405,Credit Card,83073,6922.75,2023-09-21,12
LN23406,CUST13406,Personal Loan,341410,7112.71,2023-02-16,48
LN23407,CUST13407,Credit Card,64008,5334.0,2023-02-12,12
LN23408,CUST13408,Personal Loan,110300,2297.92,2023-08-26,48
LN23409,CUST13409,Consumer Durable,110007,6111.5,2023-04-29,18
LN23410,CUST13410,Personal Loan,313133,6523.6,2023-03-30,48
LN23411,CUST13411,Consumer Durable,94622,5256.78,2023-07-19,18
LN23412,CUST13412,Personal Loan,138286,2880.96,2024-08-26,48
LN23413,CUST13413,Personal Loan,73576,1532.83,2024-07-08,48
LN23414,CUST13414,Personal Loan,72847,6070.58,2024-03-23,12
LN23415,CUST13415,Credit Card,103258,8604.83,2023-07-17,12
LN23416,CUST13416,Personal Loan,242830,5058.96,2024-11-09,48
LN23417,CUST13417,Credit Card,48368,4030.67,2023-06-11,12
LN23418,CUST13418,Credit Card,66597,5549.75,2024-06-30,12
LN23419,CUST13419,Personal Loan,376249,15677.04,2023-09-22,24
LN23420,CUST13420,Personal Loan,349015,29084.58,2023-05-06,12
LN23421,CUST13421,Personal Loan,440159,9169.98,2023-01-16,48
LN23422,CUST13422,Consumer Durable,43562,3630.17,2023-12-21,12
LN23423,CUST13423,Personal Loan,56452,1176.08,2023-12-25,48
LN23424,CUST13424,Credit Card,60368,5030.67,2023-04-07,12
LN23425,CUST13425,Consumer Durable,133698,11141.5,2023-08-28,12
LN23426,CUST13426,Consumer Durable,25606,2133.83,2024-10-13,12
LN23427,CUST13427,Credit Card,139263,11605.25,2024-01-27,12
LN23428,CUST13428,Consumer Durable,159411,13284.25,2023-02-03,12
LN23429,CUST13429,Consumer Durable,186191,31031.83,2023-01-30,6
LN23430,CUST13430,Credit Card,62950,5245.83,2024-01-01,12
LN23431,CUST13431,Consumer Durable,177288,29548.0,2023-01-26,6
LN23432,CUST13432,Credit Card,89532,7461.0,2023-02-24,12
LN23433,CUST13433,Personal Loan,384202,16008.42,2023-08-22,24
LN23434,CUST13434,Credit Card,110618,9218.17,2024-01-25,12
LN23435,CUST13435,Credit Card,50455,4204.58,2024-04-10,12
LN23436,CUST13436,Credit Card,148133,12344.42,2023-06-26,12
LN23437,CUST13437,Personal Loan,446976,9312.0,2023-09-06,48
LN23438,CUST13438,Credit Card,119587,9965.58,2023-03-23,12
LN23439,CUST13439,Credit Card,30065,2505.42,2024-06-03,12
LN23440,CUST13440,Credit Card,144517,12043.08,2024-08-07,12
LN23441,CUST13441,Credit Card,110461,9205.08,2023-12-21,12
LN23442,CUST13442,Personal Loan,351684,29307.0,2023-11-01,12
LN23443,CUST13443,Personal Loan,272528,5677.67,2024-07-23,48
LN23444,CUST13444,Consumer Durable,50648,8441.33,2024-02-10,6
LN23445,CUST13445,Personal Loan,286340,7953.89,2024-02-17,36
LN23446,CUST13446,Consumer Durable,164905,9161.39,2024-04-20,18
LN23447,CUST13447,Consumer Durable,125010,6945.0,2023-07-24,18
LN23448,CUST13448,Credit Card,125208,10434.0,2023-02-14,12
LN23449,CUST13449,Credit Card,49277,4106.42,2023-11-15,12
LN23450,CUST13450,Personal Loan,149329,6222.04,2023-11-05,24
LN23451,CUST13451,Consumer Durable,82321,4573.39,2023-12-18,18
LN23452,CUST13452,Personal Loan,480152,10003.17,2024-02-27,48
LN23453,CUST13453,Personal Loan,297678,6201.62,2023-12-04,48
LN23454,CUST13454,Credit Card,121122,10093.5,2023-06-02,12
LN23455,CUST13455,Personal Loan,376793,15699.71,2023-08-02,24
LN23456,CUST13456,Credit Card,106186,8848.83,2024-10-26,12
LN23457,CUST13457,Personal Loan,282981,5895.44,2024-09-20,48
LN23458,CUST13458,Credit Card,92578,7714.83,2024-06-21,12
LN23459,CUST13459,Consumer Durable,138030,23005.0,2024-03-19,6
LN23460,CUST13460,Credit Card,91414,7617.83,2024-09-09,12
LN23461,CUST13461,Personal Loan,440001,18333.38,2023-06-18,24
LN23462,CUST13462,Personal Loan,461730,19238.75,2023-08-14,24
LN23463,CUST13463,Credit Card,94191,7849.25,2024-10-17,12
LN23464,CUST13464,Credit Card,147556,12296.33,2024-04-03,12
LN23465,CUST13465,Credit Card,129989,10832.42,2024-01-31,12
LN23466,CUST13466,Personal Loan,109673,2284.85,2023-06-24,48
LN23467,CUST13467,Consumer Durable,198367,11020.39,2023-03-17,18
LN23468,CUST13468,Consumer Durable,157556,26259.33,2023-03-15,6
LN23469,CUST13469,Consumer Durable,146299,24383.17,2024-09-21,6
LN23470,CUST13470,Credit Card,43718,3643.17,2023-03-30,12
LN23471,CUST13471,Credit Card,99294,8274.5,2024-05-26,12
LN23472,CUST13472,Credit Card,142035,11836.25,2024-06-12,12
LN23473,CUST13473,Consumer Durable,148715,8261.94,2024-11-07,18
LN23474,CUST13474,Consumer Durable,70067,3892.61,2024-11-16,18
LN23475,CUST13475,Personal Loan,495142,10315.46,2024-01-03,48
LN23476,CUST13476,Credit Card,113676,9473.0,2024-10-02,12
LN23477,CUST13477,Personal Loan,106914,4454.75,2024-10-03,24
LN23478,CUST13478,Personal Loan,405697,33808.08,2024-11-13,12
LN23479,CUST13479,Credit Card,140114,11676.17,2024-06-03,12
LN23480,CUST13480,Personal Loan,215596,8983.17,2024-06-04,24
LN23481,CUST13481,Consumer Durable,59212,4934.33,2023-11-20,12
LN23482,CUST13482,Personal Loan,184562,3845.04,2023-03-24,48
LN23483,CUST13483,Consumer Durable,127938,7107.67,2023-11-30,18
LN23484,CUST13484,Personal Loan,77835,2162.08,2023-09-15,36
LN23485,CUST13485,Personal Loan,141843,3940.08,2023-05-24,36
LN23486,CUST13486,Personal Loan,210717,5853.25,2024-04-17,36
LN23487,CUST13487,Consumer Durable,87887,7323.92,2024-11-04,12
LN23488,CUST13488,Credit Card,142452,11871.0,2023-03-28,12
LN23489,CUST13489,Credit Card,72628,6052.33,2024-02-10,12
LN23490,CUST13490,Personal Loan,279406,11641.92,2024-08-26,24
LN23491,CUST13491,Credit Card,140176,11681.33,2023-03-16,12
LN23492,CUST13492,Credit Card,77514,6459.5,2023-12-25,12
LN23493,CUST13493,Consumer Durable,86305,4794.72,2023-08-02,18
LN23494,CUST13494,Consumer Durable,197187,16432.25,2023-10-21,12
LN23495,CUST13495,Credit Card,129628,10802.33,2024-05-03,12
LN23496,CUST13496,Personal Loan,185018,7709.08,2023-07-28,24
LN23497,CUST13497,Credit Card,81428,6785.67,2023-09-20,12
LN23498,CUST13498,Consumer Durable,90746,7562.17,2023-05-14,12
LN23499,CUST13499,Personal Loan,356378,29698.17,2023-05-17,12
LN23500,CUST13500,Consumer Durable,142594,7921.89,2024-06-01,18
LN23501,CUST13501,Credit Card,50930,4244.17,2024-02-29,12
LN23502,CUST13502,Consumer Durable,140139,23356.5,2024-03-19,6
LN23503,CUST13503,Consumer Durable,158545,26424.17,2024-09-16,6
LN23504,CUST13504,Credit Card,45039,3753.25,2024-08-10,12
LN23505,CUST13505,Consumer Durable,178086,14840.5,2023-03-17,12
LN23506,CUST13506,Personal Loan,204219,17018.25,2023-08-13,12
LN23507,CUST13507,Personal Loan,232948,4853.08,2024-11-19,48
LN23508,CUST13508,Consumer Durable,158163,26360.5,2024-11-03,6
LN23509,CUST13509,Consumer Durable,149854,12487.83,2023-07-05,12
LN23510,CUST13510,Credit Card,106039,8836.58,2024-01-15,12
LN23511,CUST13511,Credit Card,38442,3203.5,2024-06-11,12
LN23512,CUST13512,Credit Card,108735,9061.25,2023-06-02,12
LN23513,CUST13513,Personal Loan,133448,5560.33,2023-12-07,24
LN23514,CUST13514,Consumer Durable,157764,26294.0,2023-09-20,6
LN23515,CUST13515,Credit Card,111672,9306.0,2023-10-28,12
LN23516,CUST13516,Consumer Durable,156999,13083.25,2023-03-31,12
LN23517,CUST13517,Consumer Durable,64543,3585.72,2023-08-19,18
LN23518,CUST13518,Personal Loan,405497,16895.71,2024-04-16,24
LN23519,CUST13519,Consumer Durable,60381,3354.5,2024-01-27,18
LN23520,CUST13520,Personal Loan,121628,2533.92,2024-05-21,48
LN23521,CUST13521,Personal Loan,75301,2091.69,2023-11-04,36
LN23522,CUST13522,Credit Card,60502,5041.83,2024-09-06,12
LN23523,CUST13523,Consumer Durable,173652,9647.33,2024-09-11,18
LN23524,CUST13524,Personal Loan,272004,22667.0,2024-08-27,12
LN23525,CUST13525,Consumer Durable,28013,2334.42,2024-06-23,12
LN23526,CUST13526,Personal Loan,115355,4806.46,2023-09-02,24
LN23527,CUST13527,Credit Card,137584,11465.33,2023-10-01,12
LN23528,CUST13528,Personal Loan,61850,5154.17,2023-02-16,12
LN23529,CUST13529,Credit Card,68507,5708.92,2023-04-16,12
LN23530,CUST13530,Consumer Durable,197196,10955.33,2023-03-06,18
LN23531,CUST13531,Personal Loan,81482,6790.17,2024-08-19,12
LN23532,CUST13532,Personal Loan,435769,18157.04,2024-04-30,24
LN23533,CUST13533,Consumer Durable,105473,5859.61,2024-04-17,18
LN23534,CUST13534,Personal Loan,141274,2943.21,2023-07-23,48
LN23535,CUST13535,Credit Card,65641,5470.08,2024-05-06,12
LN23536,CUST13536,Personal Loan,291315,6069.06,2023-11-17,48
LN23537,CUST13537,Personal Loan,103582,4315.92,2024-08-15,24
LN23538,CUST13538,Credit Card,64940,5411.67,2024-11-05,12
LN23539,CUST13539,Credit Card,133024,11085.33,2023-05-11,12
LN23540,CUST13540,Credit Card,123402,10283.5,2023-12-02,12
LN23541,CUST13541,Personal Loan,401511,8364.81,2023-08-15,48
LN23542,CUST13542,Credit Card,67266,5605.5,2024-03-05,12
LN23543,CUST13543,Personal Loan,381877,10607.69,2023-01-02,36
LN23544,CUST13544,Credit Card,54549,4545.75,2023-11-25,12
LN23545,CUST13545,Personal Loan,491882,13663.39,2024-10-11,36
LN23546,CUST13546,Personal Loan,379238,15801.58,2023-09-23,24
LN23547,CUST13547,Personal Loan,266059,7390.53,2023-04-10,36
LN23548,CUST13548,Credit Card,70583,5881.92,2023-12-20,12
LN23549,CUST13549,Personal Loan,166624,4628.44,2023-10-29,36
LN23550,CUST13550,Credit Card,91715,7642.92,2023-04-25,12
LN23551,CUST13551,Personal Loan,427982,11888.39,2023-04-02,36
LN23552,CUST13552,Credit Card,135601,11300.08,2023-09-30,12
LN23553,CUST13553,Personal Loan,95698,2658.28,2023-07-04,36
LN23554,CUST13554,Consumer Durable,152000,12666.67,2024-04-27,12
LN23555,CUST13555,Personal Loan,333607,13900.29,2023-10-18,24
LN23556,CUST13556,Consumer Durable,131542,10961.83,2023-11-26,12
LN23557,CUST13557,Personal Loan,133829,11152.42,2024-09-22,12
LN23558,CUST13558,Personal Loan,55586,1158.04,2023-04-24,48
LN23559,CUST13559,Consumer Durable,135918,7551.0,2023-04-02,18
LN23560,CUST13560,Consumer Durable,92256,7688.0,2023-05-07,12
LN23561,CUST13561,Consumer Durable,155488,8638.22,2024-01-10,18
LN23562,CUST13562,Personal Loan,303034,6313.21,2023-07-14,48
LN23563,CUST13563,Credit Card,23652,1971.0,2023-05-20,12
LN23564,CUST13564,Consumer Durable,98918,16486.33,2024-03-07,6
LN23565,CUST13565,Personal Loan,308271,12844.62,2024-04-22,24
LN23566,CUST13566,Personal Loan,251588,6988.56,2023-10-20,36
LN23567,CUST13567,Personal Loan,225088,6252.44,2023-11-12,36
LN23568,CUST13568,Consumer Durable,82655,6887.92,2024-01-05,12
LN23569,CUST13569,Personal Loan,287224,11967.67,2023-04-03,24
LN23570,CUST13570,Personal Loan,153980,6415.83,2023-05-24,24
LN23571,CUST13571,Consumer Durable,174831,14569.25,2023-03-24,12
LN23572,CUST13572,Personal Loan,373326,7777.62,2024-02-26,48
LN23573,CUST13573,Credit Card,73912,6159.33,2023-12-05,12
LN23574,CUST13574,Credit Card,140972,11747.67,2023-10-12,12
LN23575,CUST13575,Consumer Durable,155923,12993.58,2024-04-14,12
LN23576,CUST13576,Consumer Durable,23142,1285.67,2024-07-20,18
LN23577,CUST13577,Personal Loan,97751,2036.48,2024-04-29,48
LN23578,CUST13578,Credit Card,43233,3602.75,2023-07-03,12
LN23579,CUST13579,Consumer Durable,141854,7880.78,2023-04-01,18
LN23580,CUST13580,Credit Card,143051,11920.92,2023-03-12,12
LN23581,CUST13581,Consumer Durable,34517,1917.61,2023-04-13,18
LN23582,CUST13582,Personal Loan,474041,9875.85,2024-05-11,48
LN23583,CUST13583,Personal Loan,62546,1303.04,2023-03-02,48
LN23584,CUST13584,Consumer Durable,110515,9209.58,2023-04-15,12
LN23585,CUST13585,Credit Card,109769,9147.42,2023-07-01,12
LN23586,CUST13586,Consumer Durable,43521,2417.83,2024-11-18,18
LN23587,CUST13587,Personal Loan,479066,39922.17,2024-07-18,12
LN23588,CUST13588,Credit Card,113986,9498.83,2023-04-18,12
LN23589,CUST13589,Consumer Durable,49097,8182.83,2024-07-02,6
LN23590,CUST13590,Consumer Durable,100378,16729.67,2023-03-07,6
LN23591,CUST13591,Personal Loan,136759,2849.15,2024-11-22,48
LN23592,CUST13592,Credit Card,63943,5328.58,2024-09-14,12
LN23593,CUST13593,Personal Loan,224451,4676.06,2023-12-24,48
LN23594,CUST13594,Personal Loan,471504,9823.0,2023-02-28,48
LN23595,CUST13595,Credit Card,139023,11585.25,2024-05-24,12
LN23596,CUST13596,Credit Card,141586,11798.83,2023-11-24,12
LN23597,CUST13597,Credit Card,99350,8279.17,2023-01-09,12
LN23598,CUST13598,Personal Loan,289260,24105.0,2024-03-28,12
LN23599,CUST13599,Consumer Durable,183739,15311.58,2024-08-13,12
LN23600,CUST13600,Personal Loan,203438,5651.06,2024-11-01,36
LN23601,CUST13601,Credit Card,146124,12177.0,2023-06-04,12
LN23602,CUST13602,Credit Card,126412,10534.33,2024-02-20,12
LN23603,CUST13603,Credit Card,78515,6542.92,2023-12-20,12
LN23604,CUST13604,Consumer Durable,41120,2284.44,2023-08-14,18
LN23605,CUST13605,Personal Loan,289116,12046.5,2024-01-23,24
LN23606,CUST13606,Credit Card,35850,2987.5,2023-07-08,12
LN23607,CUST13607,Consumer Durable,141459,7858.83,2024-08-08,18
LN23608,CUST13608,Consumer Durable,173257,14438.08,2024-06-16,12
LN23609,CUST13609,Credit Card,90067,7505.58,2023-10-26,12
LN23610,CUST13610,Credit Card,48618,4051.5,2024-12-01,12
LN23611,CUST13611,Credit Card,103050,8587.5,2024-03-16,12
LN23612,CUST13612,Consumer Durable,69566,5797.17,2024-03-20,12
LN23613,CUST13613,Credit Card,103405,8617.08,2024-07-02,12
LN23614,CUST13614,Personal Loan,198471,8269.62,2023-01-22,24
LN23615,CUST13615,Credit Card,55744,4645.33,2023-01-16,12
LN23616,CUST13616,Consumer Durable,118367,6575.94,2024-04-27,18
LN23617,CUST13617,Personal Loan,175034,3646.54,2023-08-19,48
LN23618,CUST13618,Personal Loan,324007,6750.15,2023-05-27,48
LN23619,CUST13619,Personal Loan,107205,8933.75,2023-12-13,12
LN23620,CUST13620,Credit Card,118585,9882.08,2024-09-08,12
LN23621,CUST13621,Personal Loan,470671,13074.19,2023-07-28,36
LN23622,CUST13622,Credit Card,78531,6544.25,2023-09-28,12
LN23623,CUST13623,Credit Card,129492,10791.0,2023-01-18,12
LN23624,CUST13624,Consumer Durable,78406,13067.67,2024-11-19,6
LN23625,CUST13625,Credit Card,60606,5050.5,2023-01-14,12
LN23626,CUST13626,Credit Card,48398,4033.17,2023-06-13,12
LN23627,CUST13627,Personal Loan,219339,9139.12,2023-09-02,24
LN23628,CUST13628,Credit Card,28418,2368.17,2023-09-01,12
LN23629,CUST13629,Credit Card,16608,1384.0,2024-11-03,12
LN23630,CUST13630,Credit Card,117724,9810.33,2024-11-04,12
LN23631,CUST13631,Consumer Durable,160439,26739.83,2024-02-23,6
LN23632,CUST13632,Consumer Durable,65514,10919.0,2024-07-18,6
LN23633,CUST13633,Personal Loan,458413,38201.08,2024-04-15,12
LN23634,CUST13634,Personal Loan,257631,5367.31,2023-07-09,48
LN23635,CUST13635,Personal Loan,400152,33346.0,2023-01-20,12
LN23636,CUST13636,Credit Card,36230,3019.17,2024-01-28,12
LN23637,CUST13637,Consumer Durable,45725,7620.83,2024-11-17,6
LN23638,CUST13638,Consumer Durable,22269,1237.17,2024-09-15,18
LN23639,CUST13639,Consumer Durable,94837,5268.72,2023-08-12,18
LN23640,CUST13640,Credit Card,13209,1100.75,2023-05-26,12
LN23641,CUST13641,Consumer Durable,96989,16164.83,2023-04-26,6
LN23642,CUST13642,Personal Loan,142595,11882.92,2023-12-27,12
LN23643,CUST13643,Consumer Durable,63820,3545.56,2023-03-24,18
LN23644,CUST13644,Credit Card,112334,9361.17,2023-11-30,12
LN23645,CUST13645,Credit Card,148802,12400.17,2023-07-04,12
LN23646,CUST13646,Credit Card,118468,9872.33,2023-06-12,12
LN23647,CUST13647,Consumer Durable,171012,14251.0,2024-04-08,12
LN23648,CUST13648,Personal Loan,166036,13836.33,2023-08-27,12
LN23649,CUST13649,Personal Loan,464020,19334.17,2024-10-12,24
LN23650,CUST13650,Personal Loan,362535,15105.62,2023-10-06,24
LN23651,CUST13651,Personal Loan,357772,9938.11,2023-04-28,36
LN23652,CUST13652,Credit Card,72528,6044.0,2023-04-03,12
LN23653,CUST13653,Credit Card,78803,6566.92,2024-08-14,12
LN23654,CUST13654,Personal Loan,177560,4932.22,2023-10-12,36
LN23655,CUST13655,Personal Loan,208305,4339.69,2023-07-21,48
LN23656,CUST13656,Credit Card,39811,3317.58,2024-05-30,12
LN23657,CUST13657,Credit Card,120156,10013.0,2024-02-22,12
LN23658,CUST13658,Credit Card,123505,10292.08,2023-09-13,12
LN23659,CUST13659,Credit Card,81039,6753.25,2024-01-13,12
LN23660,CUST13660,Personal Loan,344271,28689.25,2024-11-21,12
LN23661,CUST13661,Consumer Durable,97535,8127.92,2023-09-23,12
LN23662,CUST13662,Personal Loan,434577,18107.38,2023-11-16,24
LN23663,CUST13663,Credit Card,114735,9561.25,2024-06-15,12
LN23664,CUST13664,Credit Card,27880,2323.33,2024-10-22,12
LN23665,CUST13665,Personal Loan,369678,30806.5,2024-01-14,12
LN23666,CUST13666,Consumer Durable,23454,1303.0,2024-10-19,18
LN23667,CUST13667,Consumer Durable,142175,11847.92,2023-05-24,12
LN23668,CUST13668,Consumer Durable,180693,15057.75,2024-01-20,12
LN23669,CUST13669,Personal Loan,277238,5775.79,2024-04-28,48
LN23670,CUST13670,Personal Loan,291163,12131.79,2023-05-20,24
LN23671,CUST13671,Consumer Durable,60967,5080.58,2024-11-28,12
LN23672,CUST13672,Credit Card,146882,12240.17,2024-01-30,12
LN23673,CUST13673,Consumer Durable,70927,11821.17,2024-10-21,6
LN23674,CUST13674,Consumer Durable,147206,12267.17,2023-01-18,12
LN23675,CUST13675,Credit Card,125765,10480.42,2023-06-06,12
LN23676,CUST13676,Consumer Durable,24972,1387.33,2023-02-19,18
LN23677,CUST13677,Personal Loan,93454,7787.83,2023-07-21,12
LN23678,CUST13678,Consumer Durable,66687,5557.25,2023-10-27,12
LN23679,CUST13679,Personal Loan,355294,14803.92,2023-09-19,24
LN23680,CUST13680,Consumer Durable,72352,12058.67,2023-07-08,6
LN23681,CUST13681,Consumer Durable,185698,30949.67,2023-01-08,6
LN23682,CUST13682,Consumer Durable,132799,7377.72,2024-03-26,18
LN23683,CUST13683,Personal Loan,198960,5526.67,2024-07-02,36
LN23684,CUST13684,Consumer Durable,113157,9429.75,2024-09-24,12
LN23685,CUST13685,Consumer Durable,126406,7022.56,2024-02-09,18
LN23686,CUST13686,Personal Loan,179739,7489.12,2024-06-29,24
LN23687,CUST13687,Credit Card,81347,6778.92,2024-03-18,12
LN23688,CUST13688,Consumer Durable,178693,29782.17,2024-10-27,6
LN23689,CUST13689,Consumer Durable,65999,10999.83,2023-08-08,6
LN23690,CUST13690,Personal Loan,243284,6757.89,2023-05-16,36
LN23691,CUST13691,Credit Card,117973,9831.08,2023-03-09,12
LN23692,CUST13692,Credit Card,48937,4078.08,2024-09-03,12
LN23693,CUST13693,Personal Loan,340015,14167.29,2023-04-25,24
LN23694,CUST13694,Personal Loan,214988,8957.83,2023-10-13,24
LN23695,CUST13695,Credit Card,19658,1638.17,2023-04-04,12
LN23696,CUST13696,Credit Card,148002,12333.5,2023-02-20,12
LN23697,CUST13697,Consumer Durable,185729,15477.42,2023-07-11,12
LN23698,CUST13698,Consumer Durable,104124,5784.67,2024-11-13,18
LN23699,CUST13699,Credit Card,127488,10624.0,2024-06-18,12
LN23700,CUST13700,Consumer Durable,96448,16074.67,2023-01-26,6
LN23701,CUST13701,Consumer Durable,141228,11769.0,2023-05-23,12
LN23702,CUST13702,Consumer Durable,139073,23178.83,2023-08-25,6
LN23703,CUST13703,Personal Loan,432803,9016.73,2024-11-02,48
LN23704,CUST13704,Credit Card,120309,10025.75,2024-04-21,12
LN23705,CUST13705,Consumer Durable,163646,9091.44,2024-10-29,18
LN23706,CUST13706,Personal Loan,140745,2932.19,2024-04-27,48
LN23707,CUST13707,Credit Card,50170,4180.83,2024-11-24,12
LN23708,CUST13708,Personal Loan,375699,7827.06,2024-10-04,48
LN23709,CUST13709,Personal Loan,276199,23016.58,2024-06-21,12
LN23710,CUST13710,Credit Card,128012,10667.67,2024-02-01,12
LN23711,CUST13711,Consumer Durable,129420,10785.0,2024-11-19,12
LN23712,CUST13712,Consumer Durable,96858,5381.0,2024-02-12,18
LN23713,CUST13713,Credit Card,48789,4065.75,2024-09-15,12
LN23714,CUST13714,Consumer Durable,151369,25228.17,2024-06-11,6
LN23715,CUST13715,Personal Loan,223003,9291.79,2024-01-27,24
LN23716,CUST13716,Consumer Durable,52532,4377.67,2023-08-12,12
LN23717,CUST13717,Consumer Durable,196781,32796.83,2023-11-18,6
LN23718,CUST13718,Consumer Durable,93017,15502.83,2023-02-21,6
LN23719,CUST13719,Consumer Durable,23987,1332.61,2023-07-31,18
LN23720,CUST13720,Consumer Durable,179852,14987.67,2024-05-18,12
LN23721,CUST13721,Credit Card,93879,7823.25,2023-11-27,12
LN23722,CUST13722,Credit Card,69693,5807.75,2024-11-13,12
LN23723,CUST13723,Consumer Durable,191275,15939.58,2024-06-04,12
LN23724,CUST13724,Personal Loan,465435,19393.12,2023-01-21,24
LN23725,CUST13725,Consumer Durable,170174,28362.33,2023-08-16,6
LN23726,CUST13726,Credit Card,69483,5790.25,2023-06-26,12
LN23727,CUST13727,Consumer Durable,181974,15164.5,2023-04-16,12
LN23728,CUST13728,Personal Loan,347871,28989.25,2024-10-03,12
LN23729,CUST13729,Consumer Durable,188955,15746.25,2024-10-26,12
LN23730,CUST13730,Credit Card,66373,5531.08,2023-08-01,12
LN23731,CUST13731,Credit Card,62998,5249.83,2024-05-31,12
LN23732,CUST13732,Consumer Durable,166590,9255.0,2024-08-19,18
LN23733,CUST13733,Consumer Durable,75473,12578.83,2024-10-27,6
LN23734,CUST13734,Consumer Durable,60877,5073.08,2024-03-04,12
LN23735,CUST13735,Credit Card,26414,2201.17,2023-07-10,12
LN23736,CUST13736,Credit Card,132980,11081.67,2024-06-04,12
LN23737,CUST13737,Consumer Durable,181245,30207.5,2023-11-23,6
LN23738,CUST13738,Consumer Durable,134429,7468.28,2023-12-24,18
LN23739,CUST13739,Consumer Durable,61582,10263.67,2024-08-03,6
LN23740,CUST13740,Consumer Durable,102317,5684.28,2023-06-15,18
LN23741,CUST13741,Personal Loan,147516,3073.25,2024-09-17,48
LN23742,CUST13742,Personal Loan,142165,5923.54,2023-05-11,24
LN23743,CUST13743,Consumer Durable,113550,18925.0,2023-05-26,6
LN23744,CUST13744,Credit Card,31809,2650.75,2023-02-14,12
LN23745,CUST13745,Personal Loan,88252,1838.58,2024-04-13,48
LN23746,CUST13746,Personal Loan,334376,6966.17,2023-05-05,48
LN23747,CUST13747,Consumer Durable,152156,8453.11,2023-02-23,18
LN23748,CUST13748,Credit Card,130989,10915.75,2024-04-14,12
LN23749,CUST13749,Personal Loan,355147,9865.19,2024-07-07,36
LN23750,CUST13750,Consumer Durable,126876,7048.67,2024-03-08,18
LN23751,CUST13751,Personal Loan,246346,6842.94,2024-01-06,36
LN23752,CUST13752,Credit Card,19799,1649.92,2023-11-17,12
LN23753,CUST13753,Consumer Durable,100139,8344.92,2023-01-28,12
LN23754,CUST13754,Personal Loan,287689,5993.52,2023-11-21,48
LN23755,CUST13755,Credit Card,143581,11965.08,2023-10-25,12
LN23756,CUST13756,Consumer Durable,173315,14442.92,2024-11-19,12
LN23757,CUST13757,Consumer Durable,167057,13921.42,2024-08-22,12
LN23758,CUST13758,Consumer Durable,72576,4032.0,2024-01-29,18
LN23759,CUST13759,Consumer Durable,143820,23970.0,2024-06-05,6
LN23760,CUST13760,Credit Card,149201,12433.42,2024-10-14,12
LN23761,CUST13761,Consumer Durable,135159,11263.25,2024-01-27,12
LN23762,CUST13762,Credit Card,74778,6231.5,2024-11-11,12
LN23763,CUST13763,Personal Loan,497913,10373.19,2023-03-23,48
LN23764,CUST13764,Consumer Durable,156686,8704.78,2023-09-26,18
LN23765,CUST13765,Personal Loan,224791,4683.15,2024-05-10,48
LN23766,CUST13766,Credit Card,79369,6614.08,2024-05-08,12
LN23767,CUST13767,Credit Card,27490,2290.83,2024-08-05,12
LN23768,CUST13768,Credit Card,34024,2835.33,2023-11-18,12
LN23769,CUST13769,Personal Loan,170315,7096.46,2024-01-08,24
LN23770,CUST13770,Consumer Durable,86640,7220.0,2024-05-16,12
LN23771,CUST13771,Credit Card,116251,9687.58,2024-11-16,12
LN23772,CUST13772,Personal Loan,237242,6590.06,2023-05-28,36
LN23773,CUST13773,Consumer Durable,140081,11673.42,2023-07-11,12
LN23774,CUST13774,Consumer Durable,151234,12602.83,2024-06-09,12
LN23775,CUST13775,Credit Card,82522,6876.83,2024-04-27,12
LN23776,CUST13776,Personal Loan,127929,2665.19,2023-09-27,48
LN23777,CUST13777,Personal Loan,236865,9869.38,2023-11-06,24
LN23778,CUST13778,Credit Card,32218,2684.83,2023-09-02,12
LN23779,CUST13779,Credit Card,33909,2825.75,2024-10-19,12
LN23780,CUST13780,Credit Card,42010,3500.83,2024-11-15,12
LN23781,CUST13781,Personal Loan,146239,4062.19,2024-02-16,36
LN23782,CUST13782,Personal Loan,234019,9750.79,2023-04-08,24
LN23783,CUST13783,Credit Card,139139,11594.92,2023-03-05,12
LN23784,CUST13784,Consumer Durable,89046,14841.0,2024-10-22,6
LN23785,CUST13785,Credit Card,59568,4964.0,2023-03-26,12
LN23786,CUST13786,Credit Card,26180,2181.67,2023-01-03,12
LN23787,CUST13787,Personal Loan,164715,6863.12,2024-06-09,24
LN23788,CUST13788,Personal Loan,239534,19961.17,2023-01-25,12
LN23789,CUST13789,Credit Card,120289,10024.08,2024-07-11,12
LN23790,CUST13790,Credit Card,85347,7112.25,2024-07-01,12
LN23791,CUST13791,Personal Loan,112163,2336.73,2024-09-19,48
LN23792,CUST13792,Personal Loan,284003,11833.46,2023-02-04,24
LN23793,CUST13793,Personal Loan,359085,14961.88,2024-05-11,24
LN23794,CUST13794,Consumer Durable,191314,15942.83,2024-08-16,12
LN23795,CUST13795,Credit Card,20772,1731.0,2023-05-09,12
LN23796,CUST13796,Credit Card,104691,8724.25,2023-02-28,12
LN23797,CUST13797,Personal Loan,380463,10568.42,2023-07-10,36
LN23798,CUST13798,Personal Loan,281959,23496.58,2023-05-16,12
LN23799,CUST13799,Credit Card,82829,6902.42,2023-08-28,12
LN23800,CUST13800,Personal Loan,242299,5047.9,2023-03-03,48
LN23801,CUST13801,Credit Card,36572,3047.67,2024-07-27,12
LN23802,CUST13802,Consumer Durable,36074,3006.17,2024-04-20,12
LN23803,CUST13803,Consumer Durable,58870,9811.67,2023-05-01,6
LN23804,CUST13804,Consumer Durable,166710,27785.0,2024-05-02,6
LN23805,CUST13805,Consumer Durable,62826,3490.33,2023-01-24,18
LN23806,CUST13806,Credit Card,21761,1813.42,2024-01-16,12
LN23807,CUST13807,Consumer Durable,35205,5867.5,2024-11-07,6
LN23808,CUST13808,Personal Loan,273345,7592.92,2023-03-20,36
LN23809,CUST13809,Consumer Durable,158687,13223.92,2024-08-08,12
LN23810,CUST13810,Personal Loan,433292,18053.83,2024-11-30,24
LN23811,CUST13811,Personal Loan,134342,11195.17,2023-07-04,12
LN23812,CUST13812,Personal Loan,297547,6198.9,2023-09-09,48
LN23813,CUST13813,Personal Loan,108708,3019.67,2023-07-03,36
LN23814,CUST13814,Consumer Durable,34615,1923.06,2023-04-07,18
LN23815,CUST13815,Credit Card,135308,11275.67,2023-08-07,12
LN23816,CUST13816,Credit Card,149588,12465.67,2024-10-07,12
LN23817,CUST13817,Consumer Durable,185882,15490.17,2024-09-24,12
LN23818,CUST13818,Credit Card,81318,6776.5,2023-01-19,12
LN23819,CUST13819,Consumer Durable,149045,24840.83,2024-05-16,6
LN23820,CUST13820,Personal Loan,229365,9556.88,2023-10-11,24
LN23821,CUST13821,Personal Loan,55730,1548.06,2023-02-18,36
LN23822,CUST13822,Credit Card,126184,10515.33,2024-10-18,12
LN23823,CUST13823,Credit Card,86838,7236.5,2024-10-22,12
LN23824,CUST13824,Personal Loan,53510,1114.79,2023-12-14,48
LN23825,CUST13825,Personal Loan,348915,14538.12,2023-01-15,24
LN23826,CUST13826,Credit Card,143761,11980.08,2024-01-24,12
LN23827,CUST13827,Personal Loan,287018,7972.72,2023-06-03,36
LN23828,CUST13828,Credit Card,130957,10913.08,2024-10-14,12
LN23829,CUST13829,Consumer Durable,116417,19402.83,2023-01-28,6
LN23830,CUST13830,Personal Loan,346887,28907.25,2023-03-05,12
LN23831,CUST13831,Personal Loan,251158,5232.46,2024-07-07,48
LN23832,CUST13832,Consumer Durable,29090,4848.33,2024-04-30,6
LN23833,CUST13833,Credit Card,111643,9303.58,2023-10-13,12
LN23834,CUST13834,Credit Card,28538,2378.17,2024-06-20,12
LN23835,CUST13835,Credit Card,121291,10107.58,2023-05-30,12
LN23836,CUST13836,Credit Card,105810,8817.5,2024-03-16,12
LN23837,CUST13837,Personal Loan,422299,17595.79,2024-06-18,24
LN23838,CUST13838,Credit Card,78951,6579.25,2024-01-21,12
LN23839,CUST13839,Personal Loan,297549,6198.94,2024-01-25,48
LN23840,CUST13840,Consumer Durable,154496,12874.67,2023-08-11,12
LN23841,CUST13841,Consumer Durable,46268,7711.33,2023-06-28,6
LN23842,CUST13842,Personal Loan,184403,5122.31,2024-04-12,36
LN23843,CUST13843,Credit Card,106713,8892.75,2023-06-15,12
LN23844,CUST13844,Consumer Durable,29809,2484.08,2024-04-21,12
LN23845,CUST13845,Consumer Durable,93628,5201.56,2024-04-09,18
LN23846,CUST13846,Personal Loan,172870,7202.92,2023-10-21,24
LN23847,CUST13847,Personal Loan,274309,7619.69,2024-11-26,36
LN23848,CUST13848,Credit Card,146467,12205.58,2024-05-23,12
LN23849,CUST13849,Consumer Durable,126218,7012.11,2024-08-02,18
LN23850,CUST13850,Consumer Durable,113889,9490.75,2024-05-05,12
LN23851,CUST13851,Credit Card,65898,5491.5,2024-02-10,12
LN23852,CUST13852,Personal Loan,269895,7497.08,2023-03-26,36
LN23853,CUST13853,Credit Card,26767,2230.58,2023-07-02,12
LN23854,CUST13854,Credit Card,123394,10282.83,2024-04-01,12
LN23855,CUST13855,Credit Card,99393,8282.75,2023-09-12,12
LN23856,CUST13856,Credit Card,64106,5342.17,2024-06-21,12
LN23857,CUST13857,Consumer Durable,177841,29640.17,2023-06-04,6
LN23858,CUST13858,Credit Card,83236,6936.33,2023-03-03,12
LN23859,CUST13859,Credit Card,63492,5291.0,2024-05-14,12
LN23860,CUST13860,Consumer Durable,197318,10962.11,2023-11-15,18
LN23861,CUST13861,Personal Loan,52893,1101.94,2024-02-13,48
LN23862,CUST13862,Personal Loan,189161,3940.85,2024-06-17,48
LN23863,CUST13863,Consumer Durable,67560,5630.0,2023-05-28,12
LN23864,CUST13864,Credit Card,135626,11302.17,2023-10-03,12
LN23865,CUST13865,Consumer Durable,109920,6106.67,2024-01-09,18
LN23866,CUST13866,Consumer Durable,66327,5527.25,2023-09-12,12
LN23867,CUST13867,Consumer Durable,45726,2540.33,2023-05-25,18
LN23868,CUST13868,Consumer Durable,83971,13995.17,2023-12-19,6
LN23869,CUST13869,Consumer Durable,187291,31215.17,2024-01-08,6
LN23870,CUST13870,Credit Card,48218,4018.17,2024-03-13,12
LN23871,CUST13871,Consumer Durable,34415,5735.83,2023-09-15,6
LN23872,CUST13872,Personal Loan,443174,18465.58,2024-09-07,24
LN23873,CUST13873,Credit Card,53993,4499.42,2023-11-22,12
LN23874,CUST13874,Credit Card,53648,4470.67,2024-11-05,12
LN23875,CUST13875,Consumer Durable,24054,2004.5,2023-01-24,12
LN23876,CUST13876,Credit Card,134859,11238.25,2024-11-19,12
LN23877,CUST13877,Consumer Durable,196269,32711.5,2023-12-01,6
LN23878,CUST13878,Consumer Durable,53800,4483.33,2023-08-22,12
LN23879,CUST13879,Credit Card,17949,1495.75,2023-02-17,12
LN23880,CUST13880,Consumer Durable,111324,9277.0,2023-03-14,12
LN23881,CUST13881,Credit Card,25064,2088.67,2024-09-01,12
LN23882,CUST13882,Personal Loan,164443,13703.58,2024-07-09,12
LN23883,CUST13883,Personal Loan,56690,4724.17,2023-07-16,12
LN23884,CUST13884,Consumer Durable,181671,30278.5,2023-12-04,6
LN23885,CUST13885,Credit Card,111150,9262.5,2023-12-13,12
LN23886,CUST13886,Credit Card,47870,3989.17,2023-07-04,12
LN23887,CUST13887,Credit Card,101931,8494.25,2024-04-20,12
LN23888,CUST13888,Credit Card,124686,10390.5,2024-11-28,12
LN23889,CUST13889,Consumer Durable,100874,8406.17,2023-12-03,12
LN23890,CUST13890,Consumer Durable,116990,9749.17,2024-08-15,12
LN23891,CUST13891,Credit Card,21096,1758.0,2023-03-18,12
LN23892,CUST13892,Consumer Durable,102982,17163.67,2024-06-25,6
LN23893,CUST13893,Credit Card,63355,5279.58,2024-05-08,12
LN23894,CUST13894,Credit Card,66110,5509.17,2024-04-14,12
LN23895,CUST13895,Consumer Durable,144707,12058.92,2024-06-08,12
LN23896,CUST13896,Credit Card,63312,5276.0,2023-12-28,12
LN23897,CUST13897,Personal Loan,293357,8148.81,2023-03-01,36
LN23898,CUST13898,Consumer Durable,142595,7921.94,2023-01-30,18
LN23899,CUST13899,Consumer Durable,20106,1117.0,2023-08-09,18
LN23900,CUST13900,Credit Card,54402,4533.5,2024-05-17,12
LN23901,CUST13901,Credit Card,87210,7267.5,2023-07-22,12
LN23902,CUST13902,Credit Card,105868,8822.33,2023-09-12,12
LN23903,CUST13903,Consumer Durable,135708,22618.0,2024-04-02,6
LN23904,CUST13904,Credit Card,104422,8701.83,2024-07-12,12
LN23905,CUST13905,Consumer Durable,80231,13371.83,2024-03-24,6
LN23906,CUST13906,Personal Loan,255461,21288.42,2024-08-12,12
LN23907,CUST13907,Credit Card,113864,9488.67,2024-08-24,12
LN23908,CUST13908,Credit Card,35170,2930.83,2023-10-30,12
LN23909,CUST13909,Credit Card,74922,6243.5,2024-04-05,12
LN23910,CUST13910,Personal Loan,288890,12037.08,2023-03-12,24
LN23911,CUST13911,Credit Card,16522,1376.83,2024-02-20,12
LN23912,CUST13912,Personal Loan,315599,13149.96,2023-01-16,24
LN23913,CUST13913,Consumer Durable,29846,1658.11,2024-08-25,18
LN23914,CUST13914,Personal Loan,182124,7588.5,2024-04-09,24
LN23915,CUST13915,Credit Card,131393,10949.42,2024-07-15,12
LN23916,CUST13916,Consumer Durable,36733,6122.17,2024-04-24,6
LN23917,CUST13917,Personal Loan,467518,9739.96,2023-03-14,48
LN23918,CUST13918,Consumer Durable,198289,11016.06,2023-07-09,18
LN23919,CUST13919,Personal Loan,329513,13729.71,2024-08-15,24
LN23920,CUST13920,Personal Loan,472559,39379.92,2024-06-16,12
LN23921,CUST13921,Personal Loan,192944,4019.67,2023-04-14,48
LN23922,CUST13922,Consumer Durable,179417,9967.61,2023-02-19,18
LN23923,CUST13923,Credit Card,25664,2138.67,2023-12-21,12
LN23924,CUST13924,Personal Loan,473103,9856.31,2024-02-07,48
LN23925,CUST13925,Credit Card,57582,4798.5,2024-03-29,12
LN23926,CUST13926,Consumer Durable,143590,11965.83,2023-06-15,12
LN23927,CUST13927,Personal Loan,485845,13495.69,2024-10-17,36
LN23928,CUST13928,Personal Loan,499901,20829.21,2024-08-15,24
LN23929,CUST13929,Consumer Durable,102000,8500.0,2023-06-13,12
LN23930,CUST13930,Personal Loan,456886,9518.46,2023-02-21,48
LN23931,CUST13931,Personal Loan,318386,26532.17,2023-06-22,12
LN23932,CUST13932,Personal Loan,105533,8794.42,2023-08-13,12
LN23933,CUST13933,Credit Card,85332,7111.0,2024-05-29,12
LN23934,CUST13934,Personal Loan,393517,16396.54,2024-02-24,24
LN23935,CUST13935,Consumer Durable,72053,12008.83,2023-04-12,6
LN23936,CUST13936,Consumer Durable,120029,10002.42,2023-05-28,12
LN23937,CUST13937,Credit Card,143675,11972.92,2023-08-13,12
LN23938,CUST13938,Consumer Durable,95037,15839.5,2024-05-19,6
LN23939,CUST13939,Credit Card,94683,7890.25,2024-01-26,12
LN23940,CUST13940,Personal Loan,418475,8718.23,2023-12-13,48
LN23941,CUST13941,Credit Card,21438,1786.5,2024-03-23,12
LN23942,CUST13942,Consumer Durable,49033,4086.08,2024-03-04,12
LN23943,CUST13943,Personal Loan,184181,5116.14,2023-11-11,36
LN23944,CUST13944,Credit Card,118264,9855.33,2023-11-23,12
LN23945,CUST13945,Personal Loan,206863,4309.65,2024-06-07,48
LN23946,CUST13946,Personal Loan,366074,7626.54,2023-12-04,48
LN23947,CUST13947,Consumer Durable,105309,5850.5,2023-09-11,18
LN23948,CUST13948,Personal Loan,427609,11878.03,2023-11-02,36
LN23949,CUST13949,Consumer Durable,186110,31018.33,2023-07-05,6
LN23950,CUST13950,Credit Card,140058,11671.5,2024-04-09,12
LN23951,CUST13951,Consumer Durable,46058,7676.33,2024-07-31,6
LN23952,CUST13952,Consumer Durable,167941,27990.17,2024-03-27,6
LN23953,CUST13953,Consumer Durable,20228,1123.78,2024-11-19,18
LN23954,CUST13954,Credit Card,79439,6619.92,2024-10-26,12
LN23955,CUST13955,Personal Loan,141004,3916.78,2024-08-06,36
LN23956,CUST13956,Credit Card,134409,11200.75,2023-02-18,12
LN23957,CUST13957,Credit Card,98208,8184.0,2023-01-05,12
LN23958,CUST13958,Consumer Durable,99901,5550.06,2024-11-04,18
LN23959,CUST13959,Consumer Durable,196397,16366.42,2024-12-01,12
LN23960,CUST13960,Consumer Durable,96277,16046.17,2024-07-28,6
LN23961,CUST13961,Personal Loan,188506,5236.28,2023-05-11,36
LN23962,CUST13962,Credit Card,69906,5825.5,2023-03-15,12
LN23963,CUST13963,Consumer Durable,63330,3518.33,2024-11-29,18
LN23964,CUST13964,Credit Card,60924,5077.0,2024-06-27,12
LN23965,CUST13965,Personal Loan,383893,10663.69,2024-01-01,36
LN23966,CUST13966,Credit Card,44708,3725.67,2023-04-07,12
LN23967,CUST13967,Personal Loan,274081,7613.36,2023-09-26,36
LN23968,CUST13968,Credit Card,35536,2961.33,2024-03-02,12
LN23969,CUST13969,Personal Loan,253389,10557.88,2023-08-14,24
LN23970,CUST13970,Consumer Durable,194287,32381.17,2024-11-30,6
LN23971,CUST13971,Personal Loan,261059,7251.64,2024-04-13,36
LN23972,CUST13972,Consumer Durable,104047,17341.17,2023-12-13,6
LN23973,CUST13973,Personal Loan,386814,32234.5,2023-06-10,12
LN23974,CUST13974,Credit Card,10942,911.83,2023-04-08,12
LN23975,CUST13975,Personal Loan,464315,38692.92,2024-05-20,12
LN23976,CUST13976,Personal Loan,493714,13714.28,2024-05-31,36
LN23977,CUST13977,Credit Card,48054,4004.5,2024-10-01,12
LN23978,CUST13978,Personal Loan,476042,9917.54,2024-11-28,48
LN23979,CUST13979,Credit Card,29470,2455.83,2024-06-23,12
LN23980,CUST13980,Consumer Durable,76395,6366.25,2024-05-05,12
LN23981,CUST13981,Credit Card,142336,11861.33,2024-06-09,12
LN23982,CUST13982,Credit Card,90884,7573.67,2023-05-16,12
LN23983,CUST13983,Personal Loan,177095,14757.92,2023-05-23,12
LN23984,CUST13984,Consumer Durable,163343,9074.61,2023-07-13,18
LN23985,CUST13985,Credit Card,126911,10575.92,2023-12-19,12
LN23986,CUST13986,Credit Card,126640,10553.33,2023-07-25,12
LN23987,CUST13987,Personal Loan,253363,10556.79,2024-04-12,24
LN23988,CUST13988,Consumer Durable,42933,3577.75,2023-02-23,12
LN23989,CUST13989,Personal Loan,140941,2936.27,2024-06-01,48
LN23990,CUST13990,Credit Card,37152,3096.0,2023-02-08,12
LN23991,CUST13991,Consumer Durable,95911,7992.58,2024-04-19,12
LN23992,CUST13992,Consumer Durable,183772,10209.56,2023-12-10,18
LN23993,CUST13993,Credit Card,119549,9962.42,2023-08-02,12
LN23994,CUST13994,Personal Loan,491128,20463.67,2023-12-22,24
LN23995,CUST13995,Personal Loan,365110,30425.83,2023-08-24,12
LN23996,CUST13996,Personal Loan,171871,3580.65,2023-09-21,48
LN23997,CUST13997,Personal Loan,460116,38343.0,2024-10-08,12
LN23998,CUST13998,Credit Card,49443,4120.25,2023-10-18,12
LN23999,CUST13999,Personal Loan,379230,7900.62,2023-09-25,48
LN24000,CUST14000,Consumer Durable,134701,11225.08,2023-09-28,12
LN24001,CUST14001,Credit Card,135197,11266.42,2023-08-21,12
LN24002,CUST14002,Consumer Durable,45921,7653.5,2024-04-08,6
LN24003,CUST14003,Personal Loan,139925,3886.81,2023-03-29,36
LN24004,CUST14004,Consumer Durable,152179,25363.17,2024-11-14,6
LN24005,CUST14005,Personal Loan,362304,7548.0,2024-03-16,48
LN24006,CUST14006,Consumer Durable,173591,9643.94,2024-11-24,18
LN24007,CUST14007,Consumer Durable,43233,2401.83,2024-02-04,18
LN24008,CUST14008,Personal Loan,429947,11942.97,2023-08-29,36
LN24009,CUST14009,Personal Loan,149170,3107.71,2023-06-25,48
LN24010,CUST14010,Personal Loan,460942,9602.96,2024-04-29,48
LN24011,CUST14011,Credit Card,41135,3427.92,2023-11-28,12
LN24012,CUST14012,Consumer Durable,28253,1569.61,2023-01-02,18
LN24013,CUST14013,Consumer Durable,55852,3102.89,2023-04-02,18
LN24014,CUST14014,Personal Loan,57919,4826.58,2024-08-12,12
LN24015,CUST14015,Personal Loan,395036,16459.83,2024-09-19,24
LN24016,CUST14016,Credit Card,77209,6434.08,2023-07-11,12
LN24017,CUST14017,Personal Loan,405757,8453.27,2024-04-27,48
LN24018,CUST14018,Personal Loan,479794,13327.61,2023-05-27,36
LN24019,CUST14019,Credit Card,90365,7530.42,2024-05-23,12
LN24020,CUST14020,Personal Loan,391380,8153.75,2024-04-19,48
LN24021,CUST14021,Credit Card,25536,2128.0,2024-07-29,12
LN24022,CUST14022,Consumer Durable,116483,6471.28,2023-01-28,18
LN24023,CUST14023,Personal Loan,382051,31837.58,2023-01-23,12
LN24024,CUST14024,Credit Card,73205,6100.42,2024-04-23,12
LN24025,CUST14025,Consumer Durable,167420,9301.11,2024-02-12,18
LN24026,CUST14026,Credit Card,28416,2368.0,2023-06-10,12
LN24027,CUST14027,Credit Card,96662,8055.17,2024-09-27,12
LN24028,CUST14028,Credit Card,54867,4572.25,2024-06-24,12
LN24029,CUST14029,Credit Card,52836,4403.0,2024-07-01,12
LN24030,CUST14030,Credit Card,108017,9001.42,2024-02-11,12
LN24031,CUST14031,Personal Loan,454072,18919.67,2024-10-01,24
LN24032,CUST14032,Personal Loan,348988,29082.33,2023-12-18,12
LN24033,CUST14033,Consumer Durable,153643,25607.17,2023-05-17,6
LN24034,CUST14034,Personal Loan,396438,33036.5,2023-10-27,12
LN24035,CUST14035,Consumer Durable,49115,2728.61,2023-07-06,18
LN24036,CUST14036,Credit Card,50068,4172.33,2024-09-24,12
LN24037,CUST14037,Consumer Durable,177340,9852.22,2023-04-04,18
LN24038,CUST14038,Personal Loan,345665,9601.81,2023-10-27,36
LN24039,CUST14039,Personal Loan,138696,3852.67,2024-04-18,36
LN24040,CUST14040,Personal Loan,50870,1059.79,2023-05-29,48
LN24041,CUST14041,Personal Loan,198135,8255.62,2023-12-29,24
LN24042,CUST14042,Personal Loan,428383,8924.65,2023-10-24,48
LN24043,CUST14043,Credit Card,80516,6709.67,2024-01-24,12
LN24044,CUST14044,Personal Loan,271470,11311.25,2023-09-29,24
LN24045,CUST14045,Consumer Durable,96380,8031.67,2023-06-11,12
LN24046,CUST14046,Credit Card,140901,11741.75,2024-06-02,12
LN24047,CUST14047,Consumer Durable,164760,13730.0,2023-12-14,12
LN24048,CUST14048,Personal Loan,412554,17189.75,2023-08-26,24
LN24049,CUST14049,Credit Card,57614,4801.17,2023-06-16,12
LN24050,CUST14050,Credit Card,71440,5953.33,2023-06-30,12
LN24051,CUST14051,Personal Loan,487526,13542.39,2023-03-11,36
LN24052,CUST14052,Credit Card,149357,12446.42,2024-06-04,12
LN24053,CUST14053,Personal Loan,55922,1553.39,2023-07-06,36
LN24054,CUST14054,Credit Card,10673,889.42,2023-10-03,12
LN24055,CUST14055,Personal Loan,396973,11027.03,2024-05-07,36
LN24056,CUST14056,Consumer Durable,163425,9079.17,2023-06-24,18
LN24057,CUST14057,Consumer Durable,161341,13445.08,2024-06-30,12
LN24058,CUST14058,Consumer Durable,95455,7954.58,2024-05-17,12
LN24059,CUST14059,Consumer Durable,138356,11529.67,2023-06-26,12
LN24060,CUST14060,Consumer Durable,168706,9372.56,2024-07-13,18
LN24061,CUST14061,Personal Loan,107908,2997.44,2024-07-14,36
LN24062,CUST14062,Personal Loan,154864,3226.33,2023-06-04,48
LN24063,CUST14063,Consumer Durable,68378,3798.78,2023-06-07,18
LN24064,CUST14064,Consumer Durable,27190,4531.67,2024-10-26,6
LN24065,CUST14065,Credit Card,46803,3900.25,2023-04-17,12
LN24066,CUST14066,Personal Loan,279915,5831.56,2023-02-02,48
LN24067,CUST14067,Consumer Durable,65288,10881.33,2023-07-22,6
LN24068,CUST14068,Consumer Durable,187607,10422.61,2023-05-03,18
LN24069,CUST14069,Credit Card,140588,11715.67,2023-08-19,12
LN24070,CUST14070,Credit Card,74250,6187.5,2023-12-24,12
LN24071,CUST14071,Consumer Durable,182214,10123.0,2023-03-29,18
LN24072,CUST14072,Consumer Durable,26837,1490.94,2023-10-31,18
LN24073,CUST14073,Consumer Durable,86220,4790.0,2024-05-25,18
LN24074,CUST14074,Credit Card,42492,3541.0,2024-06-22,12
LN24075,CUST14075,Credit Card,92821,7735.08,2023-06-17,12
LN24076,CUST14076,Personal Loan,315231,13134.62,2023-12-12,24
LN24077,CUST14077,Consumer Durable,36529,2029.39,2024-09-20,18
LN24078,CUST14078,Personal Loan,118649,4943.71,2024-02-11,24
LN24079,CUST14079,Consumer Durable,160656,8925.33,2023-01-28,18
LN24080,CUST14080,Consumer Durable,83857,4658.72,2023-10-10,18
LN24081,CUST14081,Personal Loan,484016,13444.89,2024-01-24,36
LN24082,CUST14082,Personal Loan,257363,5361.73,2023-09-25,48
LN24083,CUST14083,Personal Loan,171858,4773.83,2024-10-08,36
LN24084,CUST14084,Consumer Durable,172309,9572.72,2023-06-01,18
LN24085,CUST14085,Personal Loan,152461,4235.03,2024-06-15,36
LN24086,CUST14086,Credit Card,113274,9439.5,2024-11-08,12
LN24087,CUST14087,Credit Card,85084,7090.33,2023-09-24,12
LN24088,CUST14088,Personal Loan,114004,3166.78,2023-03-18,36
LN24089,CUST14089,Consumer Durable,39741,2207.83,2023-11-29,18
LN24090,CUST14090,Consumer Durable,158481,8804.5,2024-03-19,18
LN24091,CUST14091,Credit Card,138053,11504.42,2024-01-20,12
LN24092,CUST14092,Credit Card,119865,9988.75,2023-10-15,12
LN24093,CUST14093,Personal Loan,170712,3556.5,2024-04-27,48
LN24094,CUST14094,Credit Card,46592,3882.67,2024-03-02,12
LN24095,CUST14095,Consumer Durable,154861,25810.17,2024-08-05,6
LN24096,CUST14096,Personal Loan,385893,16078.88,2024-05-15,24
LN24097,CUST14097,Personal Loan,457266,12701.83,2023-02-10,36
LN24098,CUST14098,Consumer Durable,195086,16257.17,2023-12-02,12
LN24099,CUST14099,Consumer Durable,106659,5925.5,2024-02-19,18
LN24100,CUST14100,Consumer Durable,143797,23966.17,2024-04-03,6
LN24101,CUST14101,Credit Card,32517,2709.75,2024-08-30,12
LN24102,CUST14102,Personal Loan,485682,20236.75,2024-08-28,24
LN24103,CUST14103,Consumer Durable,108565,9047.08,2023-07-01,12
LN24104,CUST14104,Consumer Durable,23325,1295.83,2024-06-06,18
LN24105,CUST14105,Consumer Durable,76447,6370.58,2024-08-29,12
LN24106,CUST14106,Credit Card,146507,12208.92,2023-12-13,12
LN24107,CUST14107,Credit Card,100525,8377.08,2024-01-10,12
LN24108,CUST14108,Personal Loan,365669,15236.21,2023-06-17,24
LN24109,CUST14109,Personal Loan,67437,1404.94,2023-09-07,48
LN24110,CUST14110,Credit Card,18945,1578.75,2023-11-05,12
LN24111,CUST14111,Personal Loan,486191,13505.31,2023-11-07,36
LN24112,CUST14112,Consumer Durable,181447,30241.17,2023-02-14,6
LN24113,CUST14113,Personal Loan,466377,12954.92,2023-08-23,36
LN24114,CUST14114,Consumer Durable,107904,8992.0,2023-08-24,12
LN24115,CUST14115,Consumer Durable,57093,3171.83,2023-12-10,18
LN24116,CUST14116,Personal Loan,416858,8684.54,2024-10-21,48
LN24117,CUST14117,Consumer Durable,70490,3916.11,2023-06-26,18
LN24118,CUST14118,Personal Loan,320967,6686.81,2023-07-10,48
LN24119,CUST14119,Consumer Durable,156522,13043.5,2024-07-01,12
LN24120,CUST14120,Credit Card,68414,5701.17,2023-09-30,12
LN24121,CUST14121,Consumer Durable,199547,16628.92,2024-06-07,12
LN24122,CUST14122,Credit Card,33146,2762.17,2023-07-19,12
LN24123,CUST14123,Credit Card,48508,4042.33,2024-08-23,12
LN24124,CUST14124,Credit Card,119912,9992.67,2023-10-09,12
LN24125,CUST14125,Consumer Durable,36894,3074.5,2024-01-25,12
LN24126,CUST14126,Credit Card,90088,7507.33,2023-04-21,12
LN24127,CUST14127,Personal Loan,335106,27925.5,2024-11-26,12
LN24128,CUST14128,Credit Card,111263,9271.92,2024-07-21,12
LN24129,CUST14129,Credit Card,39397,3283.08,2023-12-02,12
LN24130,CUST14130,Consumer Durable,68912,5742.67,2024-10-30,12
LN24131,CUST14131,Credit Card,42364,3530.33,2023-11-07,12
LN24132,CUST14132,Personal Loan,365565,7615.94,2023-05-10,48
LN24133,CUST14133,Consumer Durable,71374,5947.83,2024-01-24,12
LN24134,CUST14134,Credit Card,123572,10297.67,2024-07-09,12
LN24135,CUST14135,Credit Card,21172,1764.33,2023-07-28,12
LN24136,CUST14136,Consumer Durable,190389,15865.75,2023-03-24,12
LN24137,CUST14137,Credit Card,31660,2638.33,2024-10-20,12
LN24138,CUST14138,Consumer Durable,145390,8077.22,2023-01-22,18
LN24139,CUST14139,Credit Card,59460,4955.0,2023-09-24,12
LN24140,CUST14140,Consumer Durable,118959,19826.5,2023-08-17,6
LN24141,CUST14141,Personal Loan,407197,8483.27,2023-02-14,48
LN24142,CUST14142,Credit Card,25443,2120.25,2024-03-16,12
LN24143,CUST14143,Personal Loan,58318,2429.92,2024-09-10,24
LN24144,CUST14144,Consumer Durable,158210,26368.33,2023-03-11,6
LN24145,CUST14145,Credit Card,124770,10397.5,2024-05-09,12
LN24146,CUST14146,Consumer Durable,128359,7131.06,2023-11-29,18
LN24147,CUST14147,Credit Card,82557,6879.75,2023-09-16,12
LN24148,CUST14148,Consumer Durable,141833,7879.61,2024-09-12,18
LN24149,CUST14149,Personal Loan,482742,10057.12,2023-01-25,48
LN24150,CUST14150,Credit Card,71084,5923.67,2024-01-16,12
LN24151,CUST14151,Credit Card,118073,9839.42,2023-02-17,12
LN24152,CUST14152,Credit Card,77442,6453.5,2023-02-19,12
LN24153,CUST14153,Credit Card,38752,3229.33,2023-12-25,12
LN24154,CUST14154,Personal Loan,274337,7620.47,2024-10-13,36
LN24155,CUST14155,Consumer Durable,21609,1800.75,2024-09-24,12
LN24156,CUST14156,Personal Loan,298850,24904.17,2024-01-10,12
LN24157,CUST14157,Credit Card,51185,4265.42,2023-12-01,12
LN24158,CUST14158,Consumer Durable,31781,1765.61,2024-09-06,18
LN24159,CUST14159,Credit Card,39844,3320.33,2023-10-26,12
LN24160,CUST14160,Consumer Durable,130894,10907.83,2024-05-06,12
LN24161,CUST14161,Consumer Durable,51363,2853.5,2024-09-16,18
LN24162,CUST14162,Credit Card,30425,2535.42,2023-09-03,12
LN24163,CUST14163,Personal Loan,175220,3650.42,2023-03-26,48
LN24164,CUST14164,Personal Loan,453929,37827.42,2023-03-02,12
LN24165,CUST14165,Credit Card,94973,7914.42,2024-01-22,12
LN24166,CUST14166,Consumer Durable,55554,4629.5,2023-06-26,12
LN24167,CUST14167,Credit Card,100846,8403.83,2023-02-07,12
LN24168,CUST14168,Personal Loan,202672,4222.33,2023-02-04,48
LN24169,CUST14169,Personal Loan,51484,1430.11,2024-06-25,36
LN24170,CUST14170,Consumer Durable,192346,32057.67,2024-03-28,6
LN24171,CUST14171,Consumer Durable,72201,6016.75,2024-02-29,12
LN24172,CUST14172,Credit Card,124278,10356.5,2023-11-16,12
LN24173,CUST14173,Personal Loan,131352,5473.0,2023-04-03,24
LN24174,CUST14174,Credit Card,102096,8508.0,2023-07-21,12
LN24175,CUST14175,Personal Loan,265555,11064.79,2023-02-19,24
LN24176,CUST14176,Consumer Durable,102729,8560.75,2024-05-28,12
LN24177,CUST14177,Credit Card,77136,6428.0,2023-04-15,12
LN24178,CUST14178,Personal Loan,322161,6711.69,2023-02-06,48
LN24179,CUST14179,Personal Loan,72954,2026.5,2023-08-13,36
LN24180,CUST14180,Consumer Durable,67172,11195.33,2024-07-25,6
LN24181,CUST14181,Consumer Durable,166473,27745.5,2023-05-09,6
LN24182,CUST14182,Consumer Durable,39253,6542.17,2023-10-27,6
LN24183,CUST14183,Consumer Durable,96361,16060.17,2023-08-29,6
LN24184,CUST14184,Personal Loan,388373,10788.14,2024-07-12,36
LN24185,CUST14185,Consumer Durable,178075,9893.06,2023-01-04,18
LN24186,CUST14186,Personal Loan,222872,4643.17,2023-07-11,48
LN24187,CUST14187,Consumer Durable,105787,5877.06,2024-02-21,18
LN24188,CUST14188,Personal Loan,132027,11002.25,2024-09-26,12
LN24189,CUST14189,Credit Card,65944,5495.33,2023-07-16,12
LN24190,CUST14190,Personal Loan,470660,39221.67,2024-04-11,12
LN24191,CUST14191,Credit Card,17349,1445.75,2024-02-26,12
LN24192,CUST14192,Credit Card,126150,10512.5,2023-12-17,12
LN24193,CUST14193,Credit Card,37817,3151.42,2024-02-17,12
LN24194,CUST14194,Credit Card,66709,5559.08,2023-05-20,12
LN24195,CUST14195,Personal Loan,290362,24196.83,2023-11-30,12
LN24196,CUST14196,Credit Card,141554,11796.17,2023-11-12,12
LN24197,CUST14197,Personal Loan,83028,3459.5,2024-10-11,24
LN24198,CUST14198,Personal Loan,123374,5140.58,2023-09-09,24
LN24199,CUST14199,Personal Loan,367974,10221.5,2024-08-05,36
LN24200,CUST14200,Consumer Durable,55045,3058.06,2024-05-25,18
LN24201,CUST14201,Consumer Durable,194017,10778.72,2023-04-28,18
LN24202,CUST14202,Consumer Durable,40789,6798.17,2023-12-18,6
LN24203,CUST14203,Credit Card,37198,3099.83,2024-09-13,12
LN24204,CUST14204,Personal Loan,231134,19261.17,2024-08-26,12
LN24205,CUST14205,Consumer Durable,40117,3343.08,2023-05-06,12
LN24206,CUST14206,Credit Card,117572,9797.67,2024-03-28,12
LN24207,CUST14207,Consumer Durable,100536,16756.0,2024-04-02,6
LN24208,CUST14208,Personal Loan,233054,9710.58,2024-04-20,24
LN24209,CUST14209,Personal Loan,243309,5068.94,2023-08-12,48
LN24210,CUST14210,Personal Loan,66291,5524.25,2024-09-17,12
LN24211,CUST14211,Credit Card,95280,7940.0,2023-02-08,12
LN24212,CUST14212,Personal Loan,478156,13282.11,2024-09-17,36
LN24213,CUST14213,Personal Loan,132964,11080.33,2024-09-02,12
LN24214,CUST14214,Consumer Durable,97236,8103.0,2024-03-27,12
LN24215,CUST14215,Personal Loan,273003,11375.12,2024-11-05,24
LN24216,CUST14216,Credit Card,36019,3001.58,2024-05-04,12
LN24217,CUST14217,Personal Loan,385471,16061.29,2023-03-19,24
LN24218,CUST14218,Consumer Durable,102863,17143.83,2024-03-09,6
LN24219,CUST14219,Consumer Durable,118051,9837.58,2023-01-23,12
LN24220,CUST14220,Credit Card,77036,6419.67,2023-03-30,12
LN24221,CUST14221,Consumer Durable,66996,11166.0,2024-03-02,6
LN24222,CUST14222,Credit Card,130507,10875.58,2023-07-07,12
LN24223,CUST14223,Consumer Durable,142225,7901.39,2023-10-19,18
LN24224,CUST14224,Personal Loan,236509,19709.08,2023-03-29,12
LN24225,CUST14225,Personal Loan,390863,32571.92,2024-08-04,12
LN24226,CUST14226,Personal Loan,417608,8700.17,2023-06-08,48
LN24227,CUST14227,Credit Card,91250,7604.17,2023-01-01,12
LN24228,CUST14228,Credit Card,72029,6002.42,2024-10-20,12
LN24229,CUST14229,Credit Card,69332,5777.67,2024-07-05,12
LN24230,CUST14230,Personal Loan,308855,12868.96,2024-04-21,24
LN24231,CUST14231,Personal Loan,282740,23561.67,2023-10-20,12
LN24232,CUST14232,Credit Card,139462,11621.83,2023-05-26,12
LN24233,CUST14233,Consumer Durable,39766,6627.67,2023-03-23,6
LN24234,CUST14234,Credit Card,64485,5373.75,2024-07-26,12
LN24235,CUST14235,Personal Loan,63065,5255.42,2024-01-28,12
LN24236,CUST14236,Credit Card,10182,848.5,2024-03-18,12
LN24237,CUST14237,Credit Card,139069,11589.08,2024-11-29,12
LN24238,CUST14238,Personal Loan,325506,9041.83,2023-04-22,36
LN24239,CUST14239,Consumer Durable,65597,3644.28,2024-01-22,18
LN24240,CUST14240,Personal Loan,77484,2152.33,2024-09-28,36
LN24241,CUST14241,Consumer Durable,181082,30180.33,2023-05-27,6
LN24242,CUST14242,Consumer Durable,20909,3484.83,2023-09-30,6
LN24243,CUST14243,Personal Loan,101144,2809.56,2023-05-05,36
LN24244,CUST14244,Credit Card,144976,12081.33,2024-09-25,12
LN24245,CUST14245,Personal Loan,361469,10040.81,2024-02-28,36
LN24246,CUST14246,Credit Card,108706,9058.83,2023-11-23,12
LN24247,CUST14247,Personal Loan,265015,11042.29,2024-05-19,24
LN24248,CUST14248,Consumer Durable,157270,8737.22,2023-12-22,18
LN24249,CUST14249,Consumer Durable,56714,4726.17,2023-05-17,12
LN24250,CUST14250,Credit Card,111585,9298.75,2024-09-05,12
LN24251,CUST14251,Credit Card,51201,4266.75,2023-03-21,12
LN24252,CUST14252,Personal Loan,256277,7118.81,2023-10-12,36
LN24253,CUST14253,Personal Loan,278778,11615.75,2023-10-17,24
LN24254,CUST14254,Credit Card,62844,5237.0,2023-10-09,12
LN24255,CUST14255,Credit Card,17386,1448.83,2023-09-26,12
LN24256,CUST14256,Personal Loan,81048,3377.0,2023-06-30,24
LN24257,CUST14257,Consumer Durable,66486,5540.5,2023-05-23,12
LN24258,CUST14258,Consumer Durable,74167,12361.17,2024-01-13,6
LN24259,CUST14259,Credit Card,34271,2855.92,2024-08-01,12
LN24260,CUST14260,Credit Card,122937,10244.75,2024-07-20,12
LN24261,CUST14261,Credit Card,71283,5940.25,2024-11-12,12
LN24262,CUST14262,Credit Card,21420,1785.0,2023-08-31,12
LN24263,CUST14263,Credit Card,143861,11988.42,2023-03-26,12
LN24264,CUST14264,Credit Card,104252,8687.67,2023-07-21,12
LN24265,CUST14265,Credit Card,89827,7485.58,2024-10-27,12
LN24266,CUST14266,Credit Card,143757,11979.75,2024-04-01,12
LN24267,CUST14267,Credit Card,31539,2628.25,2023-02-28,12
LN24268,CUST14268,Credit Card,87154,7262.83,2024-09-25,12
LN24269,CUST14269,Credit Card,97788,8149.0,2024-08-01,12
LN24270,CUST14270,Consumer Durable,51219,8536.5,2023-12-25,6
LN24271,CUST14271,Consumer Durable,112857,9404.75,2023-07-20,12
LN24272,CUST14272,Personal Loan,345437,28786.42,2024-07-10,12
LN24273,CUST14273,Consumer Durable,164430,9135.0,2024-10-29,18
LN24274,CUST14274,Credit Card,110751,9229.25,2024-09-08,12
LN24275,CUST14275,Consumer Durable,23150,3858.33,2023-06-15,6
LN24276,CUST14276,Credit Card,28667,2388.92,2024-03-23,12
LN24277,CUST14277,Personal Loan,220423,6122.86,2024-10-14,36
LN24278,CUST14278,Credit Card,107104,8925.33,2024-04-19,12
LN24279,CUST14279,Credit Card,114353,9529.42,2023-11-24,12
LN24280,CUST14280,Credit Card,149887,12490.58,2024-07-04,12
LN24281,CUST14281,Credit Card,128896,10741.33,2024-08-17,12
LN24282,CUST14282,Credit Card,143357,11946.42,2024-04-20,12
LN24283,CUST14283,Consumer Durable,108600,6033.33,2023-07-17,18
LN24284,CUST14284,Credit Card,56616,4718.0,2023-02-15,12
LN24285,CUST14285,Consumer Durable,134915,7495.28,2023-05-27,18
LN24286,CUST14286,Credit Card,25161,2096.75,2023-11-07,12
LN24287,CUST14287,Consumer Durable,64610,5384.17,2024-08-10,12
LN24288,CUST14288,Personal Loan,217534,18127.83,2023-06-26,12
LN24289,CUST14289,Personal Loan,332359,27696.58,2024-08-14,12
LN24290,CUST14290,Credit Card,78336,6528.0,2023-04-06,12
LN24291,CUST14291,Consumer Durable,124754,20792.33,2024-02-13,6
LN24292,CUST14292,Credit Card,63372,5281.0,2024-03-24,12
LN24293,CUST14293,Credit Card,62164,5180.33,2023-12-25,12
LN24294,CUST14294,Credit Card,75269,6272.42,2023-01-18,12
LN24295,CUST14295,Credit Card,14955,1246.25,2024-09-23,12
LN24296,CUST14296,Personal Loan,482941,40245.08,2023-11-08,12
LN24297,CUST14297,Consumer Durable,45503,7583.83,2023-09-30,6
LN24298,CUST14298,Personal Loan,130947,10912.25,2023-10-05,12
LN24299,CUST14299,Consumer Durable,186607,10367.06,2024-08-27,18
LN24300,CUST14300,Credit Card,132787,11065.58,2024-06-19,12
LN24301,CUST14301,Personal Loan,114299,2381.23,2024-08-29,48
LN24302,CUST14302,Credit Card,45539,3794.92,2023-06-22,12
LN24303,CUST14303,Personal Loan,52674,1097.38,2023-12-12,48
LN24304,CUST14304,Personal Loan,467145,9732.19,2023-12-15,48
LN24305,CUST14305,Consumer Durable,50374,2798.56,2023-05-17,18
LN24306,CUST14306,Consumer Durable,151405,25234.17,2024-03-12,6
LN24307,CUST14307,Consumer Durable,89703,4983.5,2023-06-14,18
LN24308,CUST14308,Personal Loan,212956,8873.17,2023-09-13,24
LN24309,CUST14309,Credit Card,49457,4121.42,2023-05-24,12
LN24310,CUST14310,Personal Loan,194996,5416.56,2023-02-08,36
LN24311,CUST14311,Credit Card,145202,12100.17,2023-08-19,12
LN24312,CUST14312,Credit Card,42858,3571.5,2023-01-10,12
LN24313,CUST14313,Personal Loan,408933,8519.44,2024-07-12,48
LN24314,CUST14314,Credit Card,145605,12133.75,2024-05-09,12
LN24315,CUST14315,Personal Loan,498967,41580.58,2023-08-20,12
LN24316,CUST14316,Personal Loan,481331,40110.92,2023-10-15,12
LN24317,CUST14317,Personal Loan,402667,11185.19,2024-10-06,36
LN24318,CUST14318,Credit Card,100027,8335.58,2023-03-20,12
LN24319,CUST14319,Consumer Durable,162279,27046.5,2023-05-11,6
LN24320,CUST14320,Personal Loan,409307,8527.23,2024-05-26,48
LN24321,CUST14321,Personal Loan,262508,10937.83,2024-11-12,24
LN24322,CUST14322,Personal Loan,460995,12805.42,2023-02-28,36
LN24323,CUST14323,Personal Loan,139587,3877.42,2023-01-26,36
LN24324,CUST14324,Credit Card,56927,4743.92,2024-05-14,12
LN24325,CUST14325,Personal Loan,326044,27170.33,2024-08-26,12
LN24326,CUST14326,Consumer Durable,82150,6845.83,2024-10-27,12
LN24327,CUST14327,Consumer Durable,194534,10807.44,2024-08-24,18
LN24328,CUST14328,Credit Card,63188,5265.67,2024-09-22,12
LN24329,CUST14329,Consumer Durable,53396,2966.44,2023-02-14,18
LN24330,CUST14330,Personal Loan,222319,4631.65,2023-05-18,48
LN24331,CUST14331,Credit Card,43237,3603.08,2023-08-22,12
LN24332,CUST14332,Consumer Durable,131153,10929.42,2023-06-10,12
LN24333,CUST14333,Consumer Durable,192047,16003.92,2023-11-27,12
LN24334,CUST14334,Credit Card,147398,12283.17,2023-03-26,12
LN24335,CUST14335,Credit Card,85733,7144.42,2023-06-07,12
LN24336,CUST14336,Credit Card,78282,6523.5,2023-04-29,12
LN24337,CUST14337,Credit Card,105908,8825.67,2024-06-01,12
LN24338,CUST14338,Credit Card,74641,6220.08,2023-11-10,12
LN24339,CUST14339,Credit Card,138496,11541.33,2024-07-07,12
LN24340,CUST14340,Personal Loan,144648,3013.5,2024-11-18,48
LN24341,CUST14341,Personal Loan,185786,15482.17,2023-11-09,12
LN24342,CUST14342,Credit Card,60357,5029.75,2023-03-02,12
LN24343,CUST14343,Personal Loan,210995,8791.46,2024-07-21,24
LN24344,CUST14344,Credit Card,119504,9958.67,2023-08-16,12
LN24345,CUST14345,Credit Card,89706,7475.5,2024-04-15,12
LN24346,CUST14346,Credit Card,90752,7562.67,2023-09-04,12
LN24347,CUST14347,Consumer Durable,18354,1529.5,2024-05-18,12
LN24348,CUST14348,Credit Card,83673,6972.75,2023-12-20,12
LN24349,CUST14349,Consumer Durable,181730,10096.11,2023-07-02,18
LN24350,CUST14350,Personal Loan,408260,17010.83,2023-08-21,24
LN24351,CUST14351,Credit Card,75970,6330.83,2024-10-31,12
LN24352,CUST14352,Personal Loan,359968,29997.33,2024-09-13,12
LN24353,CUST14353,Personal Loan,289563,24130.25,2023-09-11,12
LN24354,CUST14354,Personal Loan,230866,19238.83,2023-03-27,12
LN24355,CUST14355,Consumer Durable,25520,2126.67,2023-03-16,12
LN24356,CUST14356,Personal Loan,142516,3958.78,2023-04-07,36
LN24357,CUST14357,Credit Card,130312,10859.33,2024-06-17,12
LN24358,CUST14358,Consumer Durable,40373,3364.42,2024-06-04,12
LN24359,CUST14359,Credit Card,83821,6985.08,2024-04-22,12
LN24360,CUST14360,Personal Loan,74225,6185.42,2024-04-14,12
LN24361,CUST14361,Personal Loan,121170,5048.75,2023-07-31,24
LN24362,CUST14362,Personal Loan,242158,5044.96,2024-06-13,48
LN24363,CUST14363,Credit Card,89428,7452.33,2023-05-10,12
LN24364,CUST14364,Personal Loan,460274,19178.08,2024-07-10,24
LN24365,CUST14365,Personal Loan,119184,4966.0,2023-04-17,24
LN24366,CUST14366,Consumer Durable,84186,7015.5,2023-11-19,12
LN24367,CUST14367,Credit Card,83850,6987.5,2023-05-27,12
LN24368,CUST14368,Credit Card,142486,11873.83,2023-07-06,12
LN24369,CUST14369,Personal Loan,398837,8309.1,2023-11-13,48
LN24370,CUST14370,Consumer Durable,137554,7641.89,2024-12-01,18
LN24371,CUST14371,Consumer Durable,34539,5756.5,2024-11-19,6
LN24372,CUST14372,Credit Card,31482,2623.5,2023-11-02,12
LN24373,CUST14373,Personal Loan,110763,2307.56,2024-10-13,48
LN24374,CUST14374,Personal Loan,444723,37060.25,2024-01-07,12
LN24375,CUST14375,Personal Loan,82483,2291.19,2023-03-17,36
LN24376,CUST14376,Consumer Durable,160294,26715.67,2024-06-09,6
LN24377,CUST14377,Credit Card,129342,10778.5,2024-07-22,12
LN24378,CUST14378,Credit Card,47277,3939.75,2023-04-21,12
LN24379,CUST14379,Consumer Durable,22968,3828.0,2024-01-02,6
LN24380,CUST14380,Personal Loan,76370,1591.04,2024-07-10,48
LN24381,CUST14381,Personal Loan,242987,5062.23,2023-12-15,48
LN24382,CUST14382,Personal Loan,160510,3343.96,2023-12-17,48
LN24383,CUST14383,Consumer Durable,158170,8787.22,2024-08-04,18
LN24384,CUST14384,Consumer Durable,114364,6353.56,2024-02-27,18
LN24385,CUST14385,Consumer Durable,54914,9152.33,2024-08-31,6
LN24386,CUST14386,Personal Loan,95856,7988.0,2023-09-18,12
LN24387,CUST14387,Personal Loan,304250,8451.39,2024-04-26,36
LN24388,CUST14388,Consumer Durable,175822,9767.89,2024-03-23,18
LN24389,CUST14389,Personal Loan,429407,8945.98,2024-02-10,48
LN24390,CUST14390,Consumer Durable,15843,880.17,2023-07-01,18
LN24391,CUST14391,Credit Card,65696,5474.67,2024-11-05,12
LN24392,CUST14392,Personal Loan,333106,13879.42,2024-06-15,24
LN24393,CUST14393,Consumer Durable,177941,29656.83,2024-07-11,6
LN24394,CUST14394,Credit Card,138145,11512.08,2023-09-16,12
LN24395,CUST14395,Credit Card,64154,5346.17,2023-02-04,12
LN24396,CUST14396,Credit Card,33088,2757.33,2024-01-04,12
LN24397,CUST14397,Consumer Durable,114367,19061.17,2024-06-09,6
LN24398,CUST14398,Credit Card,56294,4691.17,2023-12-07,12
LN24399,CUST14399,Credit Card,106915,8909.58,2024-01-03,12
LN24400,CUST14400,Personal Loan,188391,5233.08,2023-03-27,36
LN24401,CUST14401,Consumer Durable,25667,2138.92,2023-12-18,12
LN24402,CUST14402,Personal Loan,209182,8715.92,2024-04-14,24
LN24403,CUST14403,Consumer Durable,92420,5134.44,2023-05-01,18
LN24404,CUST14404,Consumer Durable,58866,3270.33,2024-01-15,18
LN24405,CUST14405,Consumer Durable,107494,8957.83,2023-12-09,12
LN24406,CUST14406,Personal Loan,418974,11638.17,2024-09-23,36
LN24407,CUST14407,Consumer Durable,132257,22042.83,2024-07-30,6
LN24408,CUST14408,Personal Loan,303075,6314.06,2024-08-25,48
LN24409,CUST14409,Consumer Durable,109629,9135.75,2023-05-21,12
LN24410,CUST14410,Personal Loan,125300,3480.56,2024-08-06,36
LN24411,CUST14411,Credit Card,101910,8492.5,2024-01-01,12
LN24412,CUST14412,Credit Card,52385,4365.42,2023-09-11,12
LN24413,CUST14413,Personal Loan,221664,6157.33,2023-01-01,36
LN24414,CUST14414,Consumer Durable,166496,13874.67,2023-12-14,12
LN24415,CUST14415,Personal Loan,129972,3610.33,2023-06-19,36
LN24416,CUST14416,Credit Card,86979,7248.25,2023-05-26,12
LN24417,CUST14417,Personal Loan,383953,7999.02,2023-06-16,48
LN24418,CUST14418,Credit Card,132287,11023.92,2024-05-25,12
LN24419,CUST14419,Consumer Durable,79921,6660.08,2023-06-16,12
LN24420,CUST14420,Credit Card,30981,2581.75,2023-08-01,12
LN24421,CUST14421,Consumer Durable,181755,30292.5,2024-01-11,6
LN24422,CUST14422,Consumer Durable,160842,13403.5,2024-01-21,12
LN24423,CUST14423,Credit Card,125092,10424.33,2023-09-15,12
LN24424,CUST14424,Credit Card,27598,2299.83,2024-08-03,12
LN24425,CUST14425,Credit Card,114306,9525.5,2023-07-21,12
LN24426,CUST14426,Consumer Durable,146009,24334.83,2023-05-17,6
LN24427,CUST14427,Consumer Durable,148422,8245.67,2024-02-12,18
LN24428,CUST14428,Personal Loan,235284,6535.67,2023-05-16,36
LN24429,CUST14429,Consumer Durable,16308,2718.0,2023-07-14,6
LN24430,CUST14430,Credit Card,43432,3619.33,2023-11-14,12
LN24431,CUST14431,Credit Card,45923,3826.92,2023-06-14,12
LN24432,CUST14432,Consumer Durable,166474,9248.56,2023-04-11,18
LN24433,CUST14433,Credit Card,42830,3569.17,2023-10-24,12
LN24434,CUST14434,Credit Card,16750,1395.83,2023-03-11,12
LN24435,CUST14435,Credit Card,140772,11731.0,2023-06-03,12
LN24436,CUST14436,Consumer Durable,52348,8724.67,2023-06-30,6
LN24437,CUST14437,Consumer Durable,93124,5173.56,2023-08-16,18
LN24438,CUST14438,Consumer Durable,18929,1577.42,2023-11-24,12
LN24439,CUST14439,Consumer Durable,159198,26533.0,2024-07-02,6
LN24440,CUST14440,Personal Loan,242836,20236.33,2023-10-29,12
LN24441,CUST14441,Consumer Durable,170305,14192.08,2024-11-03,12
LN24442,CUST14442,Consumer Durable,39947,6657.83,2023-10-02,6
LN24443,CUST14443,Credit Card,28752,2396.0,2024-07-10,12
LN24444,CUST14444,Credit Card,136609,11384.08,2023-05-27,12
LN24445,CUST14445,Credit Card,147032,12252.67,2024-03-24,12
LN24446,CUST14446,Personal Loan,165001,4583.36,2024-04-17,36
LN24447,CUST14447,Consumer Durable,190686,10593.67,2023-10-14,18
LN24448,CUST14448,Personal Loan,466612,38884.33,2023-04-04,12
LN24449,CUST14449,Credit Card,73439,6119.92,2023-04-30,12
LN24450,CUST14450,Credit Card,36023,3001.92,2023-02-09,12
LN24451,CUST14451,Personal Loan,265579,7377.19,2023-08-14,36
LN24452,CUST14452,Consumer Durable,155941,25990.17,2024-02-09,6
LN24453,CUST14453,Credit Card,106933,8911.08,2023-06-14,12
LN24454,CUST14454,Consumer Durable,177554,14796.17,2024-05-04,12
LN24455,CUST14455,Credit Card,143960,11996.67,2024-09-24,12
LN24456,CUST14456,Consumer Durable,89899,7491.58,2023-04-08,12
LN24457,CUST14457,Personal Loan,81809,1704.35,2023-10-27,48
LN24458,CUST14458,Credit Card,35578,2964.83,2024-02-01,12
LN24459,CUST14459,Credit Card,125892,10491.0,2024-10-25,12
LN24460,CUST14460,Personal Loan,150395,4177.64,2023-03-07,36
LN24461,CUST14461,Credit Card,43122,3593.5,2023-11-12,12
LN24462,CUST14462,Credit Card,66948,5579.0,2024-11-19,12
LN24463,CUST14463,Consumer Durable,108416,9034.67,2023-05-05,12
LN24464,CUST14464,Consumer Durable,119331,9944.25,2024-05-14,12
LN24465,CUST14465,Credit Card,102572,8547.67,2024-09-18,12
LN24466,CUST14466,Consumer Durable,81047,4502.61,2023-12-06,18
LN24467,CUST14467,Consumer Durable,68369,11394.83,2024-08-09,6
LN24468,CUST14468,Personal Loan,371044,30920.33,2023-10-01,12
LN24469,CUST14469,Personal Loan,171768,14314.0,2024-06-29,12
LN24470,CUST14470,Credit Card,98118,8176.5,2023-07-25,12
LN24471,CUST14471,Credit Card,133808,11150.67,2023-01-10,12
LN24472,CUST14472,Personal Loan,133526,2781.79,2024-03-24,48
LN24473,CUST14473,Consumer Durable,63315,5276.25,2023-09-24,12
LN24474,CUST14474,Personal Loan,207399,4320.81,2023-01-17,48
LN24475,CUST14475,Consumer Durable,126570,10547.5,2023-09-14,12
LN24476,CUST14476,Credit Card,39374,3281.17,2024-03-21,12
LN24477,CUST14477,Consumer Durable,104742,8728.5,2024-10-26,12
LN24478,CUST14478,Consumer Durable,124921,20820.17,2023-04-09,6
LN24479,CUST14479,Credit Card,130926,10910.5,2024-07-13,12
LN24480,CUST14480,Credit Card,10494,874.5,2024-05-13,12
LN24481,CUST14481,Credit Card,77781,6481.75,2023-05-13,12
LN24482,CUST14482,Personal Loan,223332,4652.75,2024-03-31,48
LN24483,CUST14483,Personal Loan,495505,13764.03,2023-06-03,36
LN24484,CUST14484,Credit Card,13769,1147.42,2024-07-04,12
LN24485,CUST14485,Personal Loan,157056,13088.0,2023-02-22,12
LN24486,CUST14486,Credit Card,88885,7407.08,2024-01-30,12
LN24487,CUST14487,Consumer Durable,47980,2665.56,2023-06-25,18
LN24488,CUST14488,Credit Card,78756,6563.0,2023-01-10,12
LN24489,CUST14489,Consumer Durable,119057,19842.83,2023-11-09,6
LN24490,CUST14490,Personal Loan,494445,13734.58,2023-06-02,36
LN24491,CUST14491,Personal Loan,444114,12336.5,2024-02-19,36
LN24492,CUST14492,Credit Card,102292,8524.33,2023-04-11,12
LN24493,CUST14493,Consumer Durable,158806,26467.67,2023-05-23,6
LN24494,CUST14494,Consumer Durable,58981,9830.17,2024-03-10,6
LN24495,CUST14495,Personal Loan,236409,4925.19,2024-03-08,48
LN24496,CUST14496,Consumer Durable,121008,20168.0,2023-10-20,6
LN24497,CUST14497,Consumer Durable,170326,9462.56,2024-01-01,18
LN24498,CUST14498,Personal Loan,129983,3610.64,2023-09-25,36
LN24499,CUST14499,Personal Loan,293640,24470.0,2024-08-25,12
LN24500,CUST14500,Consumer Durable,92328,15388.0,2024-07-27,6
LN24501,CUST14501,Credit Card,62173,5181.08,2023-05-28,12
LN24502,CUST14502,Personal Loan,417461,8697.1,2023-11-21,48
LN24503,CUST14503,Personal Loan,495460,20644.17,2023-03-15,24
LN24504,CUST14504,Consumer Durable,104262,17377.0,2023-04-19,6
LN24505,CUST14505,Consumer Durable,190291,31715.17,2023-04-14,6
LN24506,CUST14506,Consumer Durable,25035,2086.25,2024-07-29,12
LN24507,CUST14507,Credit Card,58906,4908.83,2024-11-29,12
LN24508,CUST14508,Credit Card,98840,8236.67,2024-05-28,12
LN24509,CUST14509,Personal Loan,405820,8454.58,2023-05-02,48
LN24510,CUST14510,Consumer Durable,170504,14208.67,2024-04-08,12
LN24511,CUST14511,Consumer Durable,156794,26132.33,2024-01-10,6
LN24512,CUST14512,Consumer Durable,71228,11871.33,2023-09-24,6
LN24513,CUST14513,Personal Loan,62930,5244.17,2023-09-30,12
LN24514,CUST14514,Personal Loan,444551,37045.92,2024-08-05,12
LN24515,CUST14515,Consumer Durable,100829,8402.42,2024-09-13,12
LN24516,CUST14516,Credit Card,148258,12354.83,2023-01-26,12
LN24517,CUST14517,Credit Card,94978,7914.83,2023-06-02,12
LN24518,CUST14518,Credit Card,127641,10636.75,2023-10-06,12
LN24519,CUST14519,Consumer Durable,143927,11993.92,2023-02-20,12
LN24520,CUST14520,Personal Loan,397155,11032.08,2023-05-02,36
LN24521,CUST14521,Consumer Durable,113748,9479.0,2024-04-08,12
LN24522,CUST14522,Personal Loan,475690,39640.83,2023-03-20,12
LN24523,CUST14523,Credit Card,15655,1304.58,2024-05-06,12
LN24524,CUST14524,Credit Card,18350,1529.17,2023-05-01,12
LN24525,CUST14525,Consumer Durable,130904,21817.33,2023-10-12,6
LN24526,CUST14526,Personal Loan,71237,2968.21,2024-06-06,24
LN24527,CUST14527,Credit Card,118174,9847.83,2023-07-30,12
LN24528,CUST14528,Personal Loan,279817,23318.08,2023-08-26,12
LN24529,CUST14529,Credit Card,116753,9729.42,2024-07-05,12
LN24530,CUST14530,Personal Loan,470603,13072.31,2024-06-15,36
LN24531,CUST14531,Personal Loan,387653,32304.42,2024-09-03,12
LN24532,CUST14532,Consumer Durable,96337,16056.17,2024-03-03,6
LN24533,CUST14533,Consumer Durable,195885,10882.5,2024-01-31,18
LN24534,CUST14534,Credit Card,136170,11347.5,2023-06-26,12
LN24535,CUST14535,Personal Loan,246103,10254.29,2024-06-14,24
LN24536,CUST14536,Personal Loan,119292,9941.0,2024-05-04,12
LN24537,CUST14537,Credit Card,34559,2879.92,2023-11-18,12
LN24538,CUST14538,Credit Card,36289,3024.08,2023-03-28,12
LN24539,CUST14539,Credit Card,109408,9117.33,2023-12-21,12
LN24540,CUST14540,Credit Card,122641,10220.08,2023-08-02,12
LN24541,CUST14541,Personal Loan,190416,5289.33,2024-05-27,36
LN24542,CUST14542,Consumer Durable,64778,3598.78,2023-10-11,18
LN24543,CUST14543,Credit Card,16271,1355.92,2023-03-12,12
LN24544,CUST14544,Personal Loan,410004,11389.0,2023-09-22,36
LN24545,CUST14545,Consumer Durable,168777,28129.5,2024-10-15,6
LN24546,CUST14546,Consumer Durable,154790,8599.44,2024-07-21,18
LN24547,CUST14547,Personal Loan,459831,12773.08,2023-12-10,36
LN24548,CUST14548,Credit Card,25366,2113.83,2023-03-03,12
LN24549,CUST14549,Personal Loan,151718,4214.39,2023-06-02,36
LN24550,CUST14550,Consumer Durable,22761,1896.75,2024-03-19,12
LN24551,CUST14551,Credit Card,110148,9179.0,2023-10-01,12
LN24552,CUST14552,Consumer Durable,20762,1153.44,2023-09-22,18
LN24553,CUST14553,Personal Loan,215094,8962.25,2023-07-10,24
LN24554,CUST14554,Consumer Durable,53773,4481.08,2024-02-09,12
LN24555,CUST14555,Consumer Durable,63116,3506.44,2024-06-14,18
LN24556,CUST14556,Credit Card,45900,3825.0,2023-12-02,12
LN24557,CUST14557,Personal Loan,258065,5376.35,2023-12-19,48
LN24558,CUST14558,Personal Loan,468335,13009.31,2024-10-10,36
LN24559,CUST14559,Consumer Durable,176633,29438.83,2024-05-28,6
LN24560,CUST14560,Credit Card,18769,1564.08,2023-03-16,12
LN24561,CUST14561,Personal Loan,475475,9905.73,2023-11-01,48
LN24562,CUST14562,Personal Loan,344567,7178.48,2023-02-23,48
LN24563,CUST14563,Personal Loan,97876,2039.08,2023-04-22,48
LN24564,CUST14564,Consumer Durable,21965,1830.42,2023-04-09,12
LN24565,CUST14565,Consumer Durable,129168,7176.0,2024-12-01,18
LN24566,CUST14566,Personal Loan,194933,16244.42,2024-07-27,12
LN24567,CUST14567,Credit Card,74963,6246.92,2024-02-03,12
LN24568,CUST14568,Credit Card,98966,8247.17,2023-11-25,12
LN24569,CUST14569,Personal Loan,285917,11913.21,2023-06-12,24
LN24570,CUST14570,Consumer Durable,192481,10693.39,2023-05-07,18
LN24571,CUST14571,Consumer Durable,132495,11041.25,2023-03-22,12
LN24572,CUST14572,Credit Card,66103,5508.58,2023-05-08,12
LN24573,CUST14573,Personal Loan,292173,8115.92,2023-08-25,36
LN24574,CUST14574,Consumer Durable,187985,10443.61,2023-04-28,18
LN24575,CUST14575,Personal Loan,428295,35691.25,2023-11-16,12
LN24576,CUST14576,Personal Loan,189388,15782.33,2024-09-30,12
LN24577,CUST14577,Credit Card,66426,5535.5,2023-04-10,12
LN24578,CUST14578,Personal Loan,85298,7108.17,2023-10-01,12
LN24579,CUST14579,Consumer Durable,151411,12617.58,2023-06-18,12
LN24580,CUST14580,Credit Card,111827,9318.92,2024-08-20,12
LN24581,CUST14581,Personal Loan,89776,3740.67,2023-03-04,24
LN24582,CUST14582,Personal Loan,377287,15720.29,2023-08-06,24
LN24583,CUST14583,Credit Card,61883,5156.92,2023-11-06,12
LN24584,CUST14584,Personal Loan,140309,11692.42,2024-11-12,12
LN24585,CUST14585,Consumer Durable,140756,11729.67,2023-04-27,12
LN24586,CUST14586,Personal Loan,151767,6323.62,2024-06-16,24
LN24587,CUST14587,Credit Card,52158,4346.5,2024-11-29,12
LN24588,CUST14588,Consumer Durable,157379,8743.28,2024-03-03,18
LN24589,CUST14589,Credit Card,45014,3751.17,2023-02-25,12
LN24590,CUST14590,Personal Loan,357036,9917.67,2023-05-09,36
LN24591,CUST14591,Consumer Durable,115334,6407.44,2023-05-19,18
LN24592,CUST14592,Personal Loan,261195,10883.12,2024-04-26,24
LN24593,CUST14593,Credit Card,72619,6051.58,2023-09-23,12
LN24594,CUST14594,Consumer Durable,45045,7507.5,2023-11-05,6
LN24595,CUST14595,Consumer Durable,17945,1495.42,2024-06-06,12
LN24596,CUST14596,Credit Card,79566,6630.5,2024-01-10,12
LN24597,CUST14597,Credit Card,16850,1404.17,2024-11-20,12
LN24598,CUST14598,Personal Loan,244162,5086.71,2023-03-12,48
LN24599,CUST14599,Credit Card,113458,9454.83,2023-01-27,12
LN24600,CUST14600,Personal Loan,195652,4076.08,2023-05-30,48
LN24601,CUST14601,Personal Loan,207637,5767.69,2024-01-05,36
LN24602,CUST14602,Credit Card,117319,9776.58,2024-08-23,12
LN24603,CUST14603,Personal Loan,226053,18837.75,2023-10-21,12
LN24604,CUST14604,Consumer Durable,15610,1300.83,2024-08-28,12
LN24605,CUST14605,Consumer Durable,63705,3539.17,2024-02-13,18
LN24606,CUST14606,Consumer Durable,137347,7630.39,2024-08-06,18
LN24607,CUST14607,Credit Card,20574,1714.5,2023-03-04,12
LN24608,CUST14608,Credit Card,52378,4364.83,2023-12-30,12
LN24609,CUST14609,Credit Card,100112,8342.67,2023-05-19,12
LN24610,CUST14610,Credit Card,70448,5870.67,2023-03-08,12
LN24611,CUST14611,Personal Loan,84553,3523.04,2023-03-21,24
LN24612,CUST14612,Consumer Durable,177341,9852.28,2024-02-08,18
LN24613,CUST14613,Credit Card,62112,5176.0,2023-06-20,12
LN24614,CUST14614,Credit Card,32214,2684.5,2023-06-29,12
LN24615,CUST14615,Consumer Durable,39614,3301.17,2024-08-23,12
LN24616,CUST14616,Consumer Durable,30952,2579.33,2024-01-04,12
LN24617,CUST14617,Credit Card,108188,9015.67,2024-09-13,12
LN24618,CUST14618,Consumer Durable,59391,9898.5,2024-06-19,6
LN24619,CUST14619,Consumer Durable,46238,2568.78,2023-10-03,18
LN24620,CUST14620,Credit Card,126828,10569.0,2023-10-31,12
LN24621,CUST14621,Credit Card,92583,7715.25,2024-09-10,12
LN24622,CUST14622,Consumer Durable,81641,13606.83,2023-01-06,6
LN24623,CUST14623,Credit Card,113118,9426.5,2024-07-19,12
LN24624,CUST14624,Credit Card,22091,1840.92,2024-06-19,12
LN24625,CUST14625,Consumer Durable,123991,6888.39,2023-03-01,18
LN24626,CUST14626,Credit Card,108524,9043.67,2024-11-14,12
LN24627,CUST14627,Credit Card,121138,10094.83,2024-10-30,12
LN24628,CUST14628,Personal Loan,136593,11382.75,2024-02-10,12
LN24629,CUST14629,Credit Card,92531,7710.92,2024-08-27,12
LN24630,CUST14630,Credit Card,115466,9622.17,2024-09-03,12
LN24631,CUST14631,Personal Loan,247488,6874.67,2024-11-10,36
LN24632,CUST14632,Personal Loan,301974,8388.17,2023-08-19,36
LN24633,CUST14633,Consumer Durable,71530,5960.83,2023-09-04,12
LN24634,CUST14634,Credit Card,104877,8739.75,2024-08-13,12
LN24635,CUST14635,Consumer Durable,158239,26373.17,2024-01-28,6
LN24636,CUST14636,Consumer Durable,117151,6508.39,2024-11-12,18
LN24637,CUST14637,Consumer Durable,165559,13796.58,2024-10-07,12
LN24638,CUST14638,Consumer Durable,67480,5623.33,2023-04-04,12
LN24639,CUST14639,Consumer Durable,17418,2903.0,2023-04-05,6
LN24640,CUST14640,Credit Card,28051,2337.58,2023-05-09,12
LN24641,CUST14641,Credit Card,12332,1027.67,2024-01-22,12
LN24642,CUST14642,Credit Card,11324,943.67,2024-05-12,12
LN24643,CUST14643,Personal Loan,313213,6525.27,2023-12-08,48
LN24644,CUST14644,Consumer Durable,145761,12146.75,2023-10-22,12
LN24645,CUST14645,Consumer Durable,159496,26582.67,2024-11-29,6
LN24646,CUST14646,Consumer Durable,21082,1756.83,2023-09-19,12
LN24647,CUST14647,Personal Loan,361609,7533.52,2023-10-16,48
LN24648,CUST14648,Consumer Durable,35654,1980.78,2023-11-20,18
LN24649,CUST14649,Personal Loan,440875,12246.53,2023-05-10,36
LN24650,CUST14650,Credit Card,112417,9368.08,2023-05-17,12
LN24651,CUST14651,Personal Loan,358747,29895.58,2024-09-02,12
LN24652,CUST14652,Personal Loan,201016,5583.78,2023-06-01,36
LN24653,CUST14653,Consumer Durable,116793,6488.5,2023-03-26,18
LN24654,CUST14654,Credit Card,76198,6349.83,2024-11-20,12
LN24655,CUST14655,Credit Card,44087,3673.92,2024-07-27,12
LN24656,CUST14656,Consumer Durable,60335,5027.92,2024-02-20,12
LN24657,CUST14657,Consumer Durable,186807,31134.5,2023-09-06,6
LN24658,CUST14658,Personal Loan,428068,8918.08,2023-12-13,48
LN24659,CUST14659,Personal Loan,383828,31985.67,2024-07-02,12
LN24660,CUST14660,Consumer Durable,18145,3024.17,2024-10-09,6
LN24661,CUST14661,Credit Card,18933,1577.75,2023-01-15,12
LN24662,CUST14662,Credit Card,19417,1618.08,2023-02-19,12
LN24663,CUST14663,Consumer Durable,63639,3535.5,2024-03-18,18
LN24664,CUST14664,Consumer Durable,80607,13434.5,2023-09-09,6
LN24665,CUST14665,Personal Loan,149384,6224.33,2023-07-10,24
LN24666,CUST14666,Credit Card,98570,8214.17,2024-04-09,12
LN24667,CUST14667,Personal Loan,432267,9005.56,2023-12-31,48
LN24668,CUST14668,Personal Loan,345215,9589.31,2024-11-15,36
LN24669,CUST14669,Personal Loan,375488,10430.22,2024-10-26,36
LN24670,CUST14670,Consumer Durable,174723,14560.25,2023-11-15,12
LN24671,CUST14671,Credit Card,55272,4606.0,2024-11-01,12
LN24672,CUST14672,Consumer Durable,118832,9902.67,2023-10-19,12
LN24673,CUST14673,Consumer Durable,150507,8361.5,2023-08-21,18
LN24674,CUST14674,Consumer Durable,74746,12457.67,2023-07-19,6
LN24675,CUST14675,Personal Loan,254921,21243.42,2024-10-27,12
LN24676,CUST14676,Consumer Durable,172084,28680.67,2023-12-25,6
LN24677,CUST14677,Personal Loan,359865,29988.75,2024-05-11,12
LN24678,CUST14678,Credit Card,114630,9552.5,2023-09-27,12
LN24679,CUST14679,Consumer Durable,76149,4230.5,2023-04-16,18
LN24680,CUST14680,Credit Card,44236,3686.33,2024-09-18,12
LN24681,CUST14681,Credit Card,146630,12219.17,2023-06-30,12
LN24682,CUST14682,Personal Loan,326608,13608.67,2023-10-16,24
LN24683,CUST14683,Personal Loan,64424,2684.33,2024-02-29,24
LN24684,CUST14684,Personal Loan,371699,15487.46,2023-10-18,24
LN24685,CUST14685,Credit Card,88643,7386.92,2024-08-07,12
LN24686,CUST14686,Personal Loan,442525,18438.54,2024-09-16,24
LN24687,CUST14687,Consumer Durable,72426,6035.5,2024-09-06,12
LN24688,CUST14688,Personal Loan,475798,13216.61,2024-07-04,36
LN24689,CUST14689,Consumer Durable,135209,7511.61,2024-12-01,18
LN24690,CUST14690,Consumer Durable,19904,3317.33,2023-09-21,6
LN24691,CUST14691,Personal Loan,292977,12207.38,2024-07-26,24
LN24692,CUST14692,Consumer Durable,133272,7404.0,2024-10-31,18
LN24693,CUST14693,Personal Loan,353693,7368.6,2023-03-17,48
LN24694,CUST14694,Personal Loan,414237,34519.75,2024-04-07,12
LN24695,CUST14695,Credit Card,137241,11436.75,2024-08-01,12
LN24696,CUST14696,Personal Loan,211607,4408.48,2024-08-07,48
LN24697,CUST14697,Consumer Durable,127750,21291.67,2023-01-24,6
LN24698,CUST14698,Credit Card,29590,2465.83,2024-08-22,12
LN24699,CUST14699,Credit Card,118433,9869.42,2023-04-12,12
LN24700,CUST14700,Credit Card,62255,5187.92,2023-06-08,12
LN24701,CUST14701,Credit Card,125827,10485.58,2024-08-19,12
LN24702,CUST14702,Credit Card,118085,9840.42,2024-11-10,12
LN24703,CUST14703,Consumer Durable,195252,16271.0,2024-08-18,12
LN24704,CUST14704,Personal Loan,465853,19410.54,2024-01-27,24
LN24705,CUST14705,Consumer Durable,28555,1586.39,2023-11-02,18
LN24706,CUST14706,Credit Card,74102,6175.17,2023-07-05,12
LN24707,CUST14707,Consumer Durable,105172,8764.33,2024-08-08,12
LN24708,CUST14708,Consumer Durable,84487,7040.58,2024-04-27,12
LN24709,CUST14709,Personal Loan,493684,20570.17,2024-06-11,24
LN24710,CUST14710,Consumer Durable,136156,11346.33,2024-10-27,12
LN24711,CUST14711,Consumer Durable,15838,2639.67,2023-04-12,6
LN24712,CUST14712,Credit Card,90925,7577.08,2024-10-29,12
LN24713,CUST14713,Credit Card,122347,10195.58,2023-06-18,12
LN24714,CUST14714,Consumer Durable,60895,10149.17,2024-07-01,6
LN24715,CUST14715,Personal Loan,352715,14696.46,2024-04-22,24
LN24716,CUST14716,Consumer Durable,115852,9654.33,2023-01-17,12
LN24717,CUST14717,Consumer Durable,93418,5189.89,2024-06-19,18
LN24718,CUST14718,Personal Loan,455046,37920.5,2024-09-27,12
LN24719,CUST14719,Consumer Durable,107960,5997.78,2024-09-29,18
LN24720,CUST14720,Credit Card,89385,7448.75,2024-09-16,12
LN24721,CUST14721,Personal Loan,369025,15376.04,2024-10-28,24
LN24722,CUST14722,Credit Card,112293,9357.75,2023-06-01,12
LN24723,CUST14723,Personal Loan,342520,9514.44,2023-10-25,36
LN24724,CUST14724,Personal Loan,279059,5813.73,2024-07-11,48
LN24725,CUST14725,Personal Loan,484259,10088.73,2024-10-20,48
LN24726,CUST14726,Personal Loan,442912,9227.33,2023-07-28,48
LN24727,CUST14727,Consumer Durable,98990,16498.33,2024-03-28,6
LN24728,CUST14728,Personal Loan,381468,10596.33,2023-07-25,36
LN24729,CUST14729,Personal Loan,194488,4051.83,2024-10-03,48
LN24730,CUST14730,Consumer Durable,52671,4389.25,2024-01-16,12
LN24731,CUST14731,Credit Card,19490,1624.17,2023-09-08,12
LN24732,CUST14732,Personal Loan,116519,9709.92,2024-06-28,12
LN24733,CUST14733,Personal Loan,232427,4842.23,2024-06-22,48
LN24734,CUST14734,Personal Loan,121242,3367.83,2023-07-30,36
LN24735,CUST14735,Credit Card,138621,11551.75,2023-04-23,12
LN24736,CUST14736,Credit Card,79856,6654.67,2023-11-09,12
LN24737,CUST14737,Credit Card,84562,7046.83,2024-09-15,12
LN24738,CUST14738,Personal Loan,138696,3852.67,2023-02-02,36
LN24739,CUST14739,Credit Card,22721,1893.42,2024-02-26,12
LN24740,CUST14740,Consumer Durable,38430,2135.0,2024-06-27,18
LN24741,CUST14741,Personal Loan,198117,4127.44,2023-05-05,48
LN24742,CUST14742,Credit Card,147778,12314.83,2024-02-05,12
LN24743,CUST14743,Personal Loan,238114,4960.71,2023-08-19,48
LN24744,CUST14744,Consumer Durable,182492,15207.67,2023-09-18,12
LN24745,CUST14745,Personal Loan,442271,12285.31,2023-10-07,36
LN24746,CUST14746,Personal Loan,452356,9424.08,2023-02-20,48
LN24747,CUST14747,Credit Card,72690,6057.5,2024-05-02,12
LN24748,CUST14748,Consumer Durable,53395,2966.39,2023-06-12,18
LN24749,CUST14749,Personal Loan,474140,9877.92,2024-10-03,48
LN24750,CUST14750,Personal Loan,298473,12436.38,2023-04-30,24
LN24751,CUST14751,Consumer Durable,64768,10794.67,2024-01-04,6
LN24752,CUST14752,Consumer Durable,17371,1447.58,2024-03-30,12
LN24753,CUST14753,Credit Card,46968,3914.0,2023-12-18,12
LN24754,CUST14754,Consumer Durable,117890,9824.17,2024-03-25,12
LN24755,CUST14755,Personal Loan,201191,16765.92,2024-09-08,12
LN24756,CUST14756,Consumer Durable,27912,4652.0,2023-10-12,6
LN24757,CUST14757,Credit Card,139736,11644.67,2024-08-26,12
LN24758,CUST14758,Credit Card,26413,2201.08,2024-02-09,12
LN24759,CUST14759,Consumer Durable,170201,9455.61,2024-01-28,18
LN24760,CUST14760,Credit Card,118052,9837.67,2024-04-09,12
LN24761,CUST14761,Consumer Durable,46570,3880.83,2024-03-16,12
LN24762,CUST14762,Credit Card,76372,6364.33,2024-09-13,12
LN24763,CUST14763,Consumer Durable,190739,10596.61,2024-04-07,18
LN24764,CUST14764,Credit Card,125019,10418.25,2024-11-22,12
LN24765,CUST14765,Consumer Durable,139080,11590.0,2024-06-01,12
LN24766,CUST14766,Personal Loan,379363,10537.86,2023-07-15,36
LN24767,CUST14767,Credit Card,128612,10717.67,2023-09-05,12
LN24768,CUST14768,Credit Card,74315,6192.92,2023-07-18,12
LN24769,CUST14769,Personal Loan,174335,4842.64,2023-03-21,36
LN24770,CUST14770,Consumer Durable,162507,27084.5,2023-01-25,6
LN24771,CUST14771,Consumer Durable,34210,2850.83,2023-10-29,12
LN24772,CUST14772,Consumer Durable,184190,10232.78,2024-01-31,18
LN24773,CUST14773,Credit Card,147772,12314.33,2024-05-12,12
LN24774,CUST14774,Personal Loan,99110,2753.06,2023-02-25,36
LN24775,CUST14775,Personal Loan,61878,2578.25,2024-03-29,24
LN24776,CUST14776,Credit Card,90644,7553.67,2023-04-12,12
LN24777,CUST14777,Consumer Durable,157208,13100.67,2023-08-11,12
LN24778,CUST14778,Personal Loan,330225,9172.92,2024-01-14,36
LN24779,CUST14779,Consumer Durable,180639,10035.5,2023-09-20,18
LN24780,CUST14780,Consumer Durable,126565,7031.39,2024-01-05,18
LN24781,CUST14781,Personal Loan,321241,6692.52,2024-01-06,48
LN24782,CUST14782,Personal Loan,222236,6173.22,2023-05-05,36
LN24783,CUST14783,Consumer Durable,164432,13702.67,2023-12-09,12
LN24784,CUST14784,Personal Loan,449755,12493.19,2023-04-12,36
LN24785,CUST14785,Credit Card,44896,3741.33,2023-01-01,12
LN24786,CUST14786,Personal Loan,464273,19344.71,2023-11-28,24
LN24787,CUST14787,Personal Loan,75039,6253.25,2024-04-02,12
LN24788,CUST14788,Personal Loan,179989,14999.08,2023-09-06,12
LN24789,CUST14789,Personal Loan,485407,13483.53,2024-03-12,36
LN24790,CUST14790,Consumer Durable,58400,4866.67,2024-09-11,12
LN24791,CUST14791,Consumer Durable,126795,21132.5,2023-01-21,6
LN24792,CUST14792,Personal Loan,469005,19541.88,2023-01-11,24
LN24793,CUST14793,Personal Loan,329355,13723.12,2024-01-01,24
LN24794,CUST14794,Personal Loan,109552,3043.11,2024-11-27,36
LN24795,CUST14795,Consumer Durable,15601,1300.08,2023-12-12,12
LN24796,CUST14796,Consumer Durable,176190,9788.33,2024-01-26,18
LN24797,CUST14797,Consumer Durable,133089,22181.5,2024-04-29,6
LN24798,CUST14798,Credit Card,47345,3945.42,2023-01-05,12
LN24799,CUST14799,Credit Card,128979,10748.25,2023-08-22,12
LN24800,CUST14800,Credit Card,31802,2650.17,2023-05-26,12
LN24801,CUST14801,Consumer Durable,135134,11261.17,2023-03-30,12
LN24802,CUST14802,Personal Loan,314567,6553.48,2023-08-26,48
LN24803,CUST14803,Credit Card,27265,2272.08,2024-03-01,12
LN24804,CUST14804,Consumer Durable,43928,2440.44,2023-10-27,18
LN24805,CUST14805,Consumer Durable,28806,2400.5,2023-12-27,12
LN24806,CUST14806,Credit Card,145078,12089.83,2023-10-21,12
LN24807,CUST14807,Consumer Durable,59640,3313.33,2024-01-24,18
LN24808,CUST14808,Personal Loan,321556,13398.17,2023-11-24,24
LN24809,CUST14809,Credit Card,104930,8744.17,2024-01-14,12
LN24810,CUST14810,Credit Card,75063,6255.25,2024-01-18,12
LN24811,CUST14811,Credit Card,62136,5178.0,2024-08-18,12
LN24812,CUST14812,Credit Card,128972,10747.67,2024-05-23,12
LN24813,CUST14813,Personal Loan,486230,20259.58,2023-06-19,24
LN24814,CUST14814,Consumer Durable,116788,9732.33,2023-03-25,12
LN24815,CUST14815,Consumer Durable,190828,31804.67,2024-06-08,6
LN24816,CUST14816,Personal Loan,465526,12931.28,2024-10-27,36
LN24817,CUST14817,Credit Card,20035,1669.58,2023-01-28,12
LN24818,CUST14818,Personal Loan,220288,9178.67,2024-08-24,24
LN24819,CUST14819,Credit Card,122904,10242.0,2024-07-21,12
LN24820,CUST14820,Consumer Durable,175907,14658.92,2024-10-30,12
LN24821,CUST14821,Consumer Durable,125515,20919.17,2024-10-08,6
LN24822,CUST14822,Consumer Durable,177363,14780.25,2023-07-14,12
LN24823,CUST14823,Consumer Durable,130295,10857.92,2023-06-23,12
LN24824,CUST14824,Personal Loan,213180,8882.5,2024-07-10,24
LN24825,CUST14825,Consumer Durable,181912,10106.22,2023-11-05,18
LN24826,CUST14826,Personal Loan,299301,24941.75,2024-05-29,12
LN24827,CUST14827,Personal Loan,115307,2402.23,2023-09-18,48
LN24828,CUST14828,Consumer Durable,140500,7805.56,2024-02-01,18
LN24829,CUST14829,Personal Loan,232040,19336.67,2024-03-29,12
LN24830,CUST14830,Personal Loan,245320,5110.83,2024-05-05,48
LN24831,CUST14831,Credit Card,10761,896.75,2023-10-19,12
LN24832,CUST14832,Consumer Durable,71433,3968.5,2024-03-08,18
LN24833,CUST14833,Consumer Durable,87340,4852.22,2024-04-17,18
LN24834,CUST14834,Personal Loan,163891,13657.58,2023-04-02,12
LN24835,CUST14835,Consumer Durable,41548,6924.67,2023-01-10,6
LN24836,CUST14836,Consumer Durable,188960,31493.33,2024-07-17,6
LN24837,CUST14837,Credit Card,102318,8526.5,2023-03-14,12
LN24838,CUST14838,Credit Card,65918,5493.17,2023-01-07,12
LN24839,CUST14839,Consumer Durable,168240,28040.0,2023-06-19,6
LN24840,CUST14840,Consumer Durable,153880,12823.33,2024-09-17,12
LN24841,CUST14841,Personal Loan,451280,9401.67,2024-02-04,48
LN24842,CUST14842,Consumer Durable,46389,3865.75,2024-01-12,12
LN24843,CUST14843,Personal Loan,225981,18831.75,2024-01-04,12
LN24844,CUST14844,Consumer Durable,190513,15876.08,2024-11-28,12
LN24845,CUST14845,Personal Loan,194504,8104.33,2023-10-13,24
LN24846,CUST14846,Consumer Durable,117722,19620.33,2024-05-14,6
LN24847,CUST14847,Consumer Durable,194092,10782.89,2023-06-14,18
LN24848,CUST14848,Credit Card,116159,9679.92,2023-02-08,12
LN24849,CUST14849,Personal Loan,253862,5288.79,2024-02-09,48
LN24850,CUST14850,Personal Loan,273581,5699.6,2024-04-18,48
LN24851,CUST14851,Personal Loan,493137,20547.38,2024-05-05,24
LN24852,CUST14852,Credit Card,129944,10828.67,2024-06-14,12
LN24853,CUST14853,Credit Card,60275,5022.92,2023-05-24,12
LN24854,CUST14854,Credit Card,47174,3931.17,2024-02-11,12
LN24855,CUST14855,Credit Card,13872,1156.0,2023-04-26,12
LN24856,CUST14856,Credit Card,143966,11997.17,2024-07-31,12
LN24857,CUST14857,Personal Loan,137167,11430.58,2023-04-30,12
LN24858,CUST14858,Personal Loan,388081,8085.02,2023-12-09,48
LN24859,CUST14859,Credit Card,147822,12318.5,2023-07-15,12
LN24860,CUST14860,Consumer Durable,191747,15978.92,2024-08-30,12
LN24861,CUST14861,Personal Loan,406874,11302.06,2024-08-14,36
LN24862,CUST14862,Consumer Durable,184106,15342.17,2023-09-08,12
LN24863,CUST14863,Personal Loan,325810,9050.28,2024-03-24,36
LN24864,CUST14864,Consumer Durable,159950,13329.17,2023-03-09,12
LN24865,CUST14865,Personal Loan,472841,13134.47,2024-11-12,36
LN24866,CUST14866,Consumer Durable,23764,1980.33,2023-12-02,12
LN24867,CUST14867,Personal Loan,57948,1207.25,2023-02-02,48
LN24868,CUST14868,Personal Loan,60376,5031.33,2024-11-08,12
LN24869,CUST14869,Consumer Durable,106638,8886.5,2024-07-14,12
LN24870,CUST14870,Personal Loan,416638,34719.83,2023-09-05,12
LN24871,CUST14871,Consumer Durable,28525,1584.72,2023-12-06,18
LN24872,CUST14872,Personal Loan,391681,16320.04,2023-06-09,24
LN24873,CUST14873,Credit Card,62709,5225.75,2024-01-03,12
LN24874,CUST14874,Credit Card,86520,7210.0,2023-11-07,12
LN24875,CUST14875,Personal Loan,150659,3138.73,2024-05-16,48
LN24876,CUST14876,Personal Loan,82200,6850.0,2024-09-11,12
LN24877,CUST14877,Credit Card,30480,2540.0,2023-10-30,12
LN24878,CUST14878,Personal Loan,336367,9343.53,2024-06-18,36
LN24879,CUST14879,Personal Loan,496511,20687.96,2023-10-08,24
LN24880,CUST14880,Personal Loan,461050,38420.83,2023-05-16,12
LN24881,CUST14881,Credit Card,95511,7959.25,2024-01-09,12
LN24882,CUST14882,Consumer Durable,134209,11184.08,2024-02-13,12
LN24883,CUST14883,Consumer Durable,130132,7229.56,2024-08-20,18
LN24884,CUST14884,Personal Loan,491733,10244.44,2024-05-09,48
LN24885,CUST14885,Personal Loan,259147,5398.9,2024-03-16,48
LN24886,CUST14886,Personal Loan,140606,2929.29,2024-08-08,48
LN24887,CUST14887,Consumer Durable,160824,13402.0,2024-08-03,12
LN24888,CUST14888,Consumer Durable,83545,13924.17,2023-08-12,6
LN24889,CUST14889,Consumer Durable,109599,9133.25,2024-01-01,12
LN24890,CUST14890,Consumer Durable,196746,10930.33,2024-11-28,18
LN24891,CUST14891,Consumer Durable,175583,9754.61,2023-11-30,18
LN24892,CUST14892,Credit Card,131921,10993.42,2024-09-02,12
LN24893,CUST14893,Credit Card,99615,8301.25,2024-10-16,12
LN24894,CUST14894,Personal Loan,204784,5688.44,2024-03-22,36
LN24895,CUST14895,Consumer Durable,24945,4157.5,2023-01-11,6
LN24896,CUST14896,Credit Card,122908,10242.33,2024-04-03,12
LN24897,CUST14897,Credit Card,106455,8871.25,2024-04-23,12
LN24898,CUST14898,Credit Card,30311,2525.92,2024-09-08,12
LN24899,CUST14899,Personal Loan,391156,16298.17,2023-08-04,24
LN24900,CUST14900,Consumer Durable,68117,11352.83,2024-11-13,6
LN24901,CUST14901,Consumer Durable,77223,6435.25,2024-06-18,12
LN24902,CUST14902,Consumer Durable,91294,5071.89,2024-01-24,18
LN24903,CUST14903,Credit Card,70755,5896.25,2024-10-15,12
LN24904,CUST14904,Consumer Durable,183469,10192.72,2024-07-29,18
LN24905,CUST14905,Consumer Durable,33490,2790.83,2023-01-05,12
LN24906,CUST14906,Personal Loan,288056,8001.56,2024-07-15,36
LN24907,CUST14907,Credit Card,137017,11418.08,2023-08-28,12
LN24908,CUST14908,Consumer Durable,84880,7073.33,2023-10-27,12
LN24909,CUST14909,Personal Loan,102906,8575.5,2024-01-08,12
LN24910,CUST14910,Credit Card,124637,10386.42,2024-02-25,12
LN24911,CUST14911,Personal Loan,209727,8738.62,2023-05-25,24
LN24912,CUST14912,Credit Card,79410,6617.5,2023-03-11,12
LN24913,CUST14913,Consumer Durable,143175,11931.25,2023-07-05,12
LN24914,CUST14914,Personal Loan,450287,37523.92,2024-07-30,12
LN24915,CUST14915,Consumer Durable,57708,9618.0,2024-11-19,6
LN24916,CUST14916,Credit Card,140324,11693.67,2024-06-07,12
LN24917,CUST14917,Credit Card,90287,7523.92,2023-05-27,12
LN24918,CUST14918,Personal Loan,117795,3272.08,2023-06-29,36
LN24919,CUST14919,Credit Card,15727,1310.58,2023-03-23,12
LN24920,CUST14920,Consumer Durable,73126,6093.83,2024-09-27,12
LN24921,CUST14921,Consumer Durable,140242,11686.83,2023-08-06,12
LN24922,CUST14922,Personal Loan,122193,2545.69,2023-12-15,48
LN24923,CUST14923,Personal Loan,70957,1971.03,2023-04-29,36
LN24924,CUST14924,Personal Loan,448417,9342.02,2024-03-30,48
LN24925,CUST14925,Consumer Durable,102216,17036.0,2023-09-13,6
LN24926,CUST14926,Consumer Durable,17295,1441.25,2024-10-27,12
LN24927,CUST14927,Consumer Durable,45776,7629.33,2023-11-22,6
LN24928,CUST14928,Personal Loan,359518,9986.61,2024-08-01,36
LN24929,CUST14929,Credit Card,125313,10442.75,2023-06-08,12
LN24930,CUST14930,Credit Card,89367,7447.25,2023-02-26,12
LN24931,CUST14931,Personal Loan,428752,17864.67,2024-09-23,24
LN24932,CUST14932,Personal Loan,321505,13396.04,2023-09-08,24
LN24933,CUST14933,Personal Loan,69620,1933.89,2023-04-26,36
LN24934,CUST14934,Credit Card,99535,8294.58,2024-09-15,12
LN24935,CUST14935,Personal Loan,61329,2555.38,2024-04-04,24
LN24936,CUST14936,Credit Card,136550,11379.17,2024-01-13,12
LN24937,CUST14937,Personal Loan,477197,13255.47,2023-08-03,36
LN24938,CUST14938,Credit Card,34883,2906.92,2024-01-22,12
LN24939,CUST14939,Consumer Durable,115266,9605.5,2023-05-10,12
LN24940,CUST14940,Consumer Durable,177184,29530.67,2024-02-22,6
LN24941,CUST14941,Consumer Durable,128038,7113.22,2023-08-25,18
LN24942,CUST14942,Personal Loan,178005,14833.75,2024-11-06,12
LN24943,CUST14943,Consumer Durable,165639,9202.17,2024-03-28,18
LN24944,CUST14944,Consumer Durable,123716,20619.33,2024-04-01,6
LN24945,CUST14945,Consumer Durable,171361,28560.17,2023-06-11,6
LN24946,CUST14946,Personal Loan,149902,12491.83,2023-03-16,12
LN24947,CUST14947,Credit Card,56519,4709.92,2023-08-08,12
LN24948,CUST14948,Credit Card,71808,5984.0,2024-09-17,12
LN24949,CUST14949,Credit Card,69838,5819.83,2023-10-24,12
LN24950,CUST14950,Consumer Durable,58694,9782.33,2023-06-19,6
LN24951,CUST14951,Personal Loan,273518,11396.58,2024-10-16,24
LN24952,CUST14952,Credit Card,102041,8503.42,2023-06-29,12
LN24953,CUST14953,Consumer Durable,20363,3393.83,2024-07-16,6
LN24954,CUST14954,Personal Loan,116804,2433.42,2023-03-25,48
LN24955,CUST14955,Consumer Durable,31187,1732.61,2023-01-24,18
LN24956,CUST14956,Credit Card,98500,8208.33,2023-10-01,12
LN24957,CUST14957,Credit Card,41987,3498.92,2023-09-30,12
LN24958,CUST14958,Personal Loan,148401,3091.69,2024-07-30,48
LN24959,CUST14959,Consumer Durable,74196,6183.0,2023-11-12,12
LN24960,CUST14960,Personal Loan,289133,24094.42,2023-12-03,12
LN24961,CUST14961,Personal Loan,432701,18029.21,2023-11-24,24
LN24962,CUST14962,Personal Loan,81904,3412.67,2023-08-09,24
LN24963,CUST14963,Credit Card,121342,10111.83,2024-03-22,12
LN24964,CUST14964,Personal Loan,422195,8795.73,2024-01-14,48
LN24965,CUST14965,Credit Card,111897,9324.75,2024-11-29,12
LN24966,CUST14966,Personal Loan,225246,6256.83,2024-03-18,36
LN24967,CUST14967,Personal Loan,319854,26654.5,2023-05-19,12
LN24968,CUST14968,Personal Loan,219515,9146.46,2024-09-14,24
LN24969,CUST14969,Personal Loan,189642,5267.83,2024-09-01,36
LN24970,CUST14970,Consumer Durable,173346,28891.0,2024-05-03,6
LN24971,CUST14971,Consumer Durable,176176,29362.67,2024-11-23,6
LN24972,CUST14972,Consumer Durable,190128,10562.67,2023-07-29,18
LN24973,CUST14973,Personal Loan,447382,9320.46,2023-01-10,48
LN24974,CUST14974,Personal Loan,393557,10932.14,2023-09-28,36
LN24975,CUST14975,Consumer Durable,142251,11854.25,2023-03-31,12
LN24976,CUST14976,Personal Loan,84003,1750.06,2024-05-16,48
LN24977,CUST14977,Consumer Durable,198418,16534.83,2023-12-30,12
LN24978,CUST14978,Personal Loan,440191,12227.53,2023-07-27,36
LN24979,CUST14979,Consumer Durable,63470,5289.17,2023-11-26,12
LN24980,CUST14980,Credit Card,65207,5433.92,2023-10-24,12
LN24981,CUST14981,Credit Card,124955,10412.92,2023-11-11,12
LN24982,CUST14982,Personal Loan,92771,3865.46,2023-10-09,24
LN24983,CUST14983,Personal Loan,344606,7179.29,2023-06-26,48
LN24984,CUST14984,Consumer Durable,61777,10296.17,2023-07-09,6
LN24985,CUST14985,Personal Loan,269931,22494.25,2023-04-12,12
LN24986,CUST14986,Personal Loan,179903,4997.31,2024-11-23,36
LN24987,CUST14987,Credit Card,119775,9981.25,2024-09-19,12
LN24988,CUST14988,Consumer Durable,195130,10840.56,2023-01-30,18
LN24989,CUST14989,Personal Loan,166279,3464.15,2023-09-17,48
LN24990,CUST14990,Credit Card,74649,6220.75,2023-06-27,12
LN24991,CUST14991,Credit Card,64273,5356.08,2023-12-02,12
LN24992,CUST14992,Personal Loan,418028,17417.83,2024-11-07,24
LN24993,CUST14993,Credit Card,114363,9530.25,2023-07-09,12
LN24994,CUST14994,Consumer Durable,176304,9794.67,2024-04-23,18
LN24995,CUST14995,Credit Card,60132,5011.0,2023-10-11,12
LN24996,CUST14996,Credit Card,86473,7206.08,2024-08-28,12
LN24997,CUST14997,Personal Loan,322320,8953.33,2023-01-03,36
LN24998,CUST14998,Credit Card,64085,5340.42,2024-03-15,12
LN24999,CUST14999,Personal Loan,481216,10025.33,2024-06-21,48
LN25000,CUST15000,Personal Loan,343574,14315.58,2023-02-24,24
LN25001,CUST15001,Credit Card,66115,5509.58,2023-07-06,12
LN25002,CUST15002,Personal Loan,278520,7736.67,2024-04-05,36
LN25003,CUST15003,Credit Card,115854,9654.5,2023-01-10,12
LN25004,CUST15004,Credit Card,123356,10279.67,2023-09-23,12
LN25005,CUST15005,Consumer Durable,130917,21819.5,2023-07-23,6
LN25006,CUST15006,Credit Card,53411,4450.92,2024-09-05,12
LN25007,CUST15007,Personal Loan,426499,17770.79,2024-06-05,24
LN25008,CUST15008,Consumer Durable,92900,15483.33,2024-07-30,6
LN25009,CUST15009,Consumer Durable,85057,14176.17,2024-07-25,6
LN25010,CUST15010,Consumer Durable,145037,24172.83,2023-06-11,6
LN25011,CUST15011,Consumer Durable,126707,7039.28,2024-02-15,18
LN25012,CUST15012,Consumer Durable,104753,8729.42,2024-05-17,12
LN25013,CUST15013,Personal Loan,372288,31024.0,2024-05-09,12
LN25014,CUST15014,Credit Card,26658,2221.5,2024-10-17,12
LN25015,CUST15015,Consumer Durable,114564,19094.0,2023-10-24,6
LN25016,CUST15016,Consumer Durable,29351,2445.92,2024-01-06,12
LN25017,CUST15017,Personal Loan,180214,3754.46,2023-06-12,48
LN25018,CUST15018,Credit Card,129462,10788.5,2023-12-26,12
LN25019,CUST15019,Credit Card,148424,12368.67,2024-06-12,12
LN25020,CUST15020,Consumer Durable,60079,3337.72,2023-01-29,18
LN25021,CUST15021,Credit Card,39537,3294.75,2023-06-05,12
LN25022,CUST15022,Consumer Durable,112408,18734.67,2023-06-02,6
LN25023,CUST15023,Credit Card,24305,2025.42,2024-04-07,12
LN25024,CUST15024,Credit Card,63975,5331.25,2024-02-07,12
LN25025,CUST15025,Personal Loan,220679,6129.97,2024-01-11,36
LN25026,CUST15026,Credit Card,90684,7557.0,2024-03-11,12
LN25027,CUST15027,Personal Loan,468381,9757.94,2023-03-25,48
LN25028,CUST15028,Consumer Durable,142353,23725.5,2024-01-29,6
LN25029,CUST15029,Consumer Durable,130292,7238.44,2024-06-21,18
LN25030,CUST15030,Credit Card,18510,1542.5,2024-02-23,12
LN25031,CUST15031,Credit Card,25229,2102.42,2024-05-18,12
LN25032,CUST15032,Personal Loan,170150,7089.58,2023-02-23,24
LN25033,CUST15033,Credit Card,122381,10198.42,2023-06-09,12
LN25034,CUST15034,Consumer Durable,199742,16645.17,2023-09-24,12
LN25035,CUST15035,Consumer Durable,144671,12055.92,2024-06-17,12
LN25036,CUST15036,Credit Card,135212,11267.67,2023-10-28,12
LN25037,CUST15037,Personal Loan,388266,32355.5,2023-01-24,12
LN25038,CUST15038,Consumer Durable,56837,9472.83,2024-07-22,6
LN25039,CUST15039,Credit Card,32256,2688.0,2023-07-28,12
LN25040,CUST15040,Consumer Durable,77435,12905.83,2023-09-09,6
LN25041,CUST15041,Consumer Durable,100055,8337.92,2024-11-09,12
LN25042,CUST15042,Consumer Durable,60843,5070.25,2023-02-04,12
LN25043,CUST15043,Personal Loan,81628,3401.17,2024-10-04,24
LN25044,CUST15044,Consumer Durable,75822,6318.5,2023-06-15,12
LN25045,CUST15045,Credit Card,137961,11496.75,2024-07-28,12
LN25046,CUST15046,Consumer Durable,92321,15386.83,2024-08-11,6
LN25047,CUST15047,Personal Loan,125291,2610.23,2023-08-18,48
LN25048,CUST15048,Consumer Durable,181344,30224.0,2023-01-08,6
LN25049,CUST15049,Personal Loan,403050,33587.5,2023-08-31,12
LN25050,CUST15050,Credit Card,24495,2041.25,2024-07-27,12
LN25051,CUST15051,Personal Loan,307278,25606.5,2024-08-10,12
LN25052,CUST15052,Consumer Durable,20750,1152.78,2023-02-27,18
LN25053,CUST15053,Personal Loan,204521,8521.71,2023-10-09,24
LN25054,CUST15054,Personal Loan,98605,2054.27,2023-08-16,48
LN25055,CUST15055,Credit Card,22835,1902.92,2024-07-26,12
LN25056,CUST15056,Consumer Durable,45545,2530.28,2024-05-06,18
LN25057,CUST15057,Credit Card,94892,7907.67,2024-09-26,12
LN25058,CUST15058,Consumer Durable,46365,2575.83,2024-01-07,18
LN25059,CUST15059,Credit Card,83261,6938.42,2024-10-14,12
LN25060,CUST15060,Credit Card,147702,12308.5,2023-05-09,12
LN25061,CUST15061,Personal Loan,182000,3791.67,2023-10-03,48
LN25062,CUST15062,Consumer Durable,146732,12227.67,2023-03-24,12
LN25063,CUST15063,Personal Loan,155860,12988.33,2023-10-09,12
LN25064,CUST15064,Personal Loan,435570,9074.38,2023-06-21,48
LN25065,CUST15065,Personal Loan,214086,17840.5,2024-11-20,12
LN25066,CUST15066,Consumer Durable,178469,29744.83,2024-10-12,6
LN25067,CUST15067,Credit Card,46635,3886.25,2023-05-19,12
LN25068,CUST15068,Personal Loan,272250,22687.5,2024-01-21,12
LN25069,CUST15069,Personal Loan,272954,7582.06,2023-09-10,36
LN25070,CUST15070,Credit Card,40128,3344.0,2024-01-16,12
LN25071,CUST15071,Personal Loan,270820,11284.17,2023-07-07,24
LN25072,CUST15072,Personal Loan,102623,2850.64,2023-06-17,36
LN25073,CUST15073,Consumer Durable,25368,1409.33,2024-06-01,18
LN25074,CUST15074,Consumer Durable,61555,5129.58,2023-10-31,12
LN25075,CUST15075,Consumer Durable,36608,6101.33,2023-10-13,6
LN25076,CUST15076,Credit Card,67487,5623.92,2023-01-09,12
LN25077,CUST15077,Consumer Durable,92620,7718.33,2024-06-10,12
LN25078,CUST15078,Credit Card,107026,8918.83,2023-03-19,12
LN25079,CUST15079,Consumer Durable,147848,12320.67,2023-10-14,12
LN25080,CUST15080,Personal Loan,223686,6213.5,2023-05-25,36
LN25081,CUST15081,Credit Card,92062,7671.83,2024-06-07,12
LN25082,CUST15082,Personal Loan,413816,11494.89,2024-09-07,36
LN25083,CUST15083,Personal Loan,106637,2221.6,2023-03-21,48
LN25084,CUST15084,Credit Card,69528,5794.0,2024-06-20,12
LN25085,CUST15085,Consumer Durable,146806,12233.83,2023-10-08,12
LN25086,CUST15086,Credit Card,114386,9532.17,2023-08-31,12
LN25087,CUST15087,Credit Card,110101,9175.08,2023-06-27,12
LN25088,CUST15088,Personal Loan,337203,9366.75,2023-08-29,36
LN25089,CUST15089,Consumer Durable,93573,15595.5,2023-06-04,6
LN25090,CUST15090,Personal Loan,340134,7086.12,2024-10-27,48
LN25091,CUST15091,Personal Loan,302534,6302.79,2023-08-06,48
LN25092,CUST15092,Credit Card,12397,1033.08,2023-05-13,12
LN25093,CUST15093,Personal Loan,283700,23641.67,2024-05-22,12
LN25094,CUST15094,Consumer Durable,159995,26665.83,2023-03-31,6
LN25095,CUST15095,Credit Card,84995,7082.92,2023-12-23,12
LN25096,CUST15096,Personal Loan,159139,13261.58,2023-10-08,12
LN25097,CUST15097,Credit Card,73560,6130.0,2023-07-07,12
LN25098,CUST15098,Consumer Durable,38228,3185.67,2024-07-04,12
LN25099,CUST15099,Personal Loan,332412,27701.0,2023-10-28,12
LN25100,CUST15100,Consumer Durable,69362,11560.33,2023-02-23,6
LN25101,CUST15101,Personal Loan,351685,7326.77,2024-09-20,48
LN25102,CUST15102,Credit Card,141694,11807.83,2023-11-14,12
LN25103,CUST15103,Personal Loan,266473,22206.08,2024-09-07,12
LN25104,CUST15104,Personal Loan,256191,10674.62,2023-01-05,24
LN25105,CUST15105,Personal Loan,496403,20683.46,2023-07-20,24
LN25106,CUST15106,Consumer Durable,108834,9069.5,2024-04-01,12
LN25107,CUST15107,Credit Card,25713,2142.75,2024-11-27,12
LN25108,CUST15108,Personal Loan,258005,7166.81,2024-08-12,36
LN25109,CUST15109,Personal Loan,469438,9779.96,2024-08-19,48
LN25110,CUST15110,Personal Loan,351418,14642.42,2024-02-10,24
LN25111,CUST15111,Consumer Durable,102232,5679.56,2024-10-31,18
LN25112,CUST15112,Personal Loan,156000,4333.33,2023-09-13,36
LN25113,CUST15113,Consumer Durable,29681,4946.83,2024-07-11,6
LN25114,CUST15114,Credit Card,74007,6167.25,2023-03-20,12
LN25115,CUST15115,Consumer Durable,49803,2766.83,2023-02-16,18
LN25116,CUST15116,Credit Card,48489,4040.75,2024-05-06,12
LN25117,CUST15117,Personal Loan,455596,9491.58,2024-07-07,48
LN25118,CUST15118,Personal Loan,235995,19666.25,2023-06-04,12
LN25119,CUST15119,Consumer Durable,167710,13975.83,2023-03-09,12
LN25120,CUST15120,Credit Card,140462,11705.17,2023-03-31,12
LN25121,CUST15121,Credit Card,77113,6426.08,2023-11-15,12
LN25122,CUST15122,Consumer Durable,180166,15013.83,2024-10-27,12
LN25123,CUST15123,Consumer Durable,109394,18232.33,2024-01-13,6
LN25124,CUST15124,Credit Card,41780,3481.67,2024-04-29,12
LN25125,CUST15125,Personal Loan,240410,5008.54,2023-09-19,48
LN25126,CUST15126,Personal Loan,483477,10072.44,2024-05-30,48
LN25127,CUST15127,Consumer Durable,58219,3234.39,2024-01-20,18
LN25128,CUST15128,Credit Card,18769,1564.08,2023-02-26,12
LN25129,CUST15129,Credit Card,48199,4016.58,2024-03-05,12
LN25130,CUST15130,Consumer Durable,66425,5535.42,2024-01-31,12
LN25131,CUST15131,Personal Loan,100348,4181.17,2023-01-16,24
LN25132,CUST15132,Consumer Durable,128756,10729.67,2024-02-17,12
LN25133,CUST15133,Credit Card,144388,12032.33,2024-04-30,12
LN25134,CUST15134,Credit Card,49037,4086.42,2023-05-25,12
LN25135,CUST15135,Credit Card,54220,4518.33,2023-10-02,12
LN25136,CUST15136,Personal Loan,233642,9735.08,2023-09-18,24
LN25137,CUST15137,Consumer Durable,117664,9805.33,2024-08-21,12
LN25138,CUST15138,Consumer Durable,132439,7357.72,2023-03-27,18
LN25139,CUST15139,Personal Loan,340896,7102.0,2023-12-27,48
LN25140,CUST15140,Personal Loan,336550,28045.83,2024-10-07,12
LN25141,CUST15141,Credit Card,133684,11140.33,2024-04-15,12
LN25142,CUST15142,Consumer Durable,187083,10393.5,2023-12-29,18
LN25143,CUST15143,Personal Loan,149937,6247.38,2023-07-01,24
LN25144,CUST15144,Credit Card,95493,7957.75,2023-08-06,12
LN25145,CUST15145,Consumer Durable,100540,16756.67,2023-08-10,6
LN25146,CUST15146,Consumer Durable,57839,9639.83,2023-06-18,6
LN25147,CUST15147,Consumer Durable,45309,2517.17,2024-09-02,18
LN25148,CUST15148,Consumer Durable,156757,8708.72,2023-04-04,18
LN25149,CUST15149,Personal Loan,333465,9262.92,2023-05-20,36
LN25150,CUST15150,Credit Card,106786,8898.83,2023-03-14,12
LN25151,CUST15151,Personal Loan,472727,9848.48,2024-11-21,48
LN25152,CUST15152,Consumer Durable,25739,2144.92,2024-02-25,12
LN25153,CUST15153,Credit Card,135406,11283.83,2023-03-24,12
LN25154,CUST15154,Credit Card,59590,4965.83,2023-08-29,12
LN25155,CUST15155,Personal Loan,179092,3731.08,2024-05-28,48
LN25156,CUST15156,Credit Card,39097,3258.08,2023-12-08,12
LN25157,CUST15157,Personal Loan,266507,7402.97,2024-09-02,36
LN25158,CUST15158,Consumer Durable,52159,8693.17,2023-05-03,6
LN25159,CUST15159,Personal Loan,194793,16232.75,2024-11-22,12
LN25160,CUST15160,Personal Loan,83385,6948.75,2023-10-04,12
LN25161,CUST15161,Credit Card,140590,11715.83,2024-01-26,12
LN25162,CUST15162,Consumer Durable,157639,26273.17,2024-06-22,6
LN25163,CUST15163,Credit Card,24053,2004.42,2023-12-02,12
LN25164,CUST15164,Consumer Durable,29277,1626.5,2023-08-26,18
LN25165,CUST15165,Personal Loan,469760,13048.89,2023-05-17,36
LN25166,CUST15166,Credit Card,29035,2419.58,2023-01-22,12
LN25167,CUST15167,Credit Card,22455,1871.25,2024-08-27,12
LN25168,CUST15168,Personal Loan,330351,6882.31,2023-05-07,48
LN25169,CUST15169,Credit Card,27706,2308.83,2023-07-27,12
LN25170,CUST15170,Consumer Durable,101402,8450.17,2024-11-12,12
LN25171,CUST15171,Personal Loan,306979,8527.19,2023-10-30,36
LN25172,CUST15172,Personal Loan,181290,7553.75,2023-03-17,24
LN25173,CUST15173,Credit Card,75208,6267.33,2023-05-28,12
LN25174,CUST15174,Credit Card,78365,6530.42,2023-02-28,12
LN25175,CUST15175,Credit Card,61681,5140.08,2024-10-06,12
LN25176,CUST15176,Credit Card,106342,8861.83,2023-04-12,12
LN25177,CUST15177,Personal Loan,386080,16086.67,2023-09-13,24
LN25178,CUST15178,Consumer Durable,134809,22468.17,2023-03-13,6
LN25179,CUST15179,Credit Card,17173,1431.08,2023-06-29,12
LN25180,CUST15180,Credit Card,67421,5618.42,2023-10-30,12
LN25181,CUST15181,Personal Loan,265977,5541.19,2024-04-04,48
LN25182,CUST15182,Consumer Durable,194577,32429.5,2024-07-24,6
LN25183,CUST15183,Credit Card,78776,6564.67,2023-09-07,12
LN25184,CUST15184,Consumer Durable,193644,10758.0,2023-04-05,18
LN25185,CUST15185,Consumer Durable,34106,1894.78,2023-12-26,18
LN25186,CUST15186,Personal Loan,299820,8328.33,2023-07-09,36
LN25187,CUST15187,Personal Loan,441034,36752.83,2023-09-16,12
LN25188,CUST15188,Personal Loan,437475,9114.06,2024-01-17,48
LN25189,CUST15189,Personal Loan,150964,3145.08,2024-09-12,48
LN25190,CUST15190,Credit Card,72306,6025.5,2023-01-18,12
LN25191,CUST15191,Consumer Durable,92160,7680.0,2024-02-05,12
LN25192,CUST15192,Personal Loan,381219,15884.12,2024-10-01,24
LN25193,CUST15193,Consumer Durable,97221,5401.17,2023-08-29,18
LN25194,CUST15194,Consumer Durable,82220,13703.33,2024-04-26,6
LN25195,CUST15195,Credit Card,109879,9156.58,2024-02-01,12
LN25196,CUST15196,Personal Loan,495012,20625.5,2024-11-27,24
LN25197,CUST15197,Personal Loan,482649,20110.38,2024-04-28,24
LN25198,CUST15198,Consumer Durable,94766,15794.33,2023-07-09,6
LN25199,CUST15199,Credit Card,23650,1970.83,2023-02-24,12
LN25200,CUST15200,Personal Loan,195991,8166.29,2024-08-05,24
LN25201,CUST15201,Personal Loan,332716,6931.58,2023-03-28,48
LN25202,CUST15202,Credit Card,53606,4467.17,2024-08-15,12
LN25203,CUST15203,Personal Loan,388639,8096.65,2023-12-28,48
LN25204,CUST15204,Personal Loan,376965,7853.44,2024-08-24,48
LN25205,CUST15205,Credit Card,31741,2645.08,2024-10-16,12
LN25206,CUST15206,Consumer Durable,110828,6157.11,2023-03-03,18
LN25207,CUST15207,Personal Loan,328044,6834.25,2023-01-14,48
LN25208,CUST15208,Personal Loan,156477,3259.94,2023-08-12,48
LN25209,CUST15209,Credit Card,63090,5257.5,2024-02-25,12
LN25210,CUST15210,Credit Card,48127,4010.58,2023-12-29,12
LN25211,CUST15211,Consumer Durable,89140,7428.33,2024-09-27,12
LN25212,CUST15212,Credit Card,22084,1840.33,2023-09-06,12
LN25213,CUST15213,Personal Loan,461483,38456.92,2023-09-24,12
LN25214,CUST15214,Personal Loan,366111,10169.75,2024-10-09,36
LN25215,CUST15215,Credit Card,20049,1670.75,2023-09-04,12
LN25216,CUST15216,Credit Card,145309,12109.08,2023-10-12,12
LN25217,CUST15217,Personal Loan,346629,14442.88,2023-08-26,24
LN25218,CUST15218,Credit Card,61692,5141.0,2024-07-07,12
LN25219,CUST15219,Credit Card,120694,10057.83,2024-11-06,12
LN25220,CUST15220,Consumer Durable,78404,4355.78,2024-08-10,18
LN25221,CUST15221,Personal Loan,430290,8964.38,2023-12-05,48
LN25222,CUST15222,Consumer Durable,54040,4503.33,2023-01-08,12
LN25223,CUST15223,Consumer Durable,73731,6144.25,2024-05-24,12
LN25224,CUST15224,Credit Card,117289,9774.08,2023-12-07,12
LN25225,CUST15225,Consumer Durable,100233,16705.5,2024-10-31,6
LN25226,CUST15226,Personal Loan,178946,3728.04,2024-03-08,48
LN25227,CUST15227,Credit Card,92634,7719.5,2023-07-31,12
LN25228,CUST15228,Consumer Durable,87068,7255.67,2023-07-11,12
LN25229,CUST15229,Consumer Durable,126169,7009.39,2024-10-07,18
LN25230,CUST15230,Consumer Durable,51478,2859.89,2023-03-23,18
LN25231,CUST15231,Credit Card,82563,6880.25,2023-09-11,12
LN25232,CUST15232,Consumer Durable,102766,17127.67,2023-02-25,6
LN25233,CUST15233,Credit Card,41844,3487.0,2024-05-31,12
LN25234,CUST15234,Consumer Durable,146525,12210.42,2023-03-20,12
LN25235,CUST15235,Personal Loan,446003,9291.73,2023-02-20,48
LN25236,CUST15236,Personal Loan,155290,6470.42,2024-08-26,24
LN25237,CUST15237,Consumer Durable,60285,10047.5,2024-07-17,6
LN25238,CUST15238,Credit Card,66489,5540.75,2024-04-27,12
LN25239,CUST15239,Consumer Durable,25102,4183.67,2023-01-09,6
LN25240,CUST15240,Credit Card,88116,7343.0,2023-06-10,12
LN25241,CUST15241,Credit Card,55299,4608.25,2024-11-13,12
LN25242,CUST15242,Personal Loan,342578,28548.17,2024-09-11,12
LN25243,CUST15243,Consumer Durable,121021,6723.39,2024-06-27,18
LN25244,CUST15244,Consumer Durable,26691,2224.25,2023-12-29,12
LN25245,CUST15245,Consumer Durable,64607,3589.28,2023-08-28,18
LN25246,CUST15246,Consumer Durable,47968,3997.33,2023-08-01,12
LN25247,CUST15247,Personal Loan,224377,18698.08,2024-11-21,12
LN25248,CUST15248,Personal Loan,340644,7096.75,2024-07-01,48
LN25249,CUST15249,Consumer Durable,50873,4239.42,2024-01-26,12
LN25250,CUST15250,Personal Loan,367401,15308.38,2024-09-21,24
LN25251,CUST15251,Consumer Durable,17955,2992.5,2023-10-21,6
LN25252,CUST15252,Consumer Durable,146149,12179.08,2023-05-10,12
LN25253,CUST15253,Personal Loan,246143,5127.98,2023-07-16,48
LN25254,CUST15254,Credit Card,80850,6737.5,2024-05-07,12
LN25255,CUST15255,Credit Card,32113,2676.08,2023-12-27,12
LN25256,CUST15256,Personal Loan,122492,2551.92,2023-08-15,48
LN25257,CUST15257,Personal Loan,483000,20125.0,2023-06-15,24
LN25258,CUST15258,Credit Card,71293,5941.08,2023-02-18,12
LN25259,CUST15259,Consumer Durable,178244,14853.67,2024-01-01,12
LN25260,CUST15260,Consumer Durable,46394,7732.33,2024-07-12,6
LN25261,CUST15261,Credit Card,146819,12234.92,2023-12-30,12
LN25262,CUST15262,Consumer Durable,63335,5277.92,2023-08-29,12
LN25263,CUST15263,Consumer Durable,85033,7086.08,2024-06-03,12
LN25264,CUST15264,Consumer Durable,43281,2404.5,2023-09-21,18
LN25265,CUST15265,Credit Card,90286,7523.83,2024-08-28,12
LN25266,CUST15266,Consumer Durable,78624,4368.0,2024-01-25,18
LN25267,CUST15267,Consumer Durable,148174,24695.67,2024-04-09,6
LN25268,CUST15268,Credit Card,52879,4406.58,2024-03-13,12
LN25269,CUST15269,Credit Card,26217,2184.75,2024-05-25,12
LN25270,CUST15270,Credit Card,78666,6555.5,2024-09-19,12
LN25271,CUST15271,Personal Loan,357001,7437.52,2023-06-08,48
LN25272,CUST15272,Personal Loan,497223,41435.25,2023-06-13,12
LN25273,CUST15273,Credit Card,12014,1001.17,2024-08-21,12
LN25274,CUST15274,Consumer Durable,80547,4474.83,2024-01-18,18
LN25275,CUST15275,Credit Card,103754,8646.17,2023-09-26,12
LN25276,CUST15276,Personal Loan,188132,15677.67,2023-04-15,12
LN25277,CUST15277,Credit Card,142712,11892.67,2024-08-30,12
LN25278,CUST15278,Credit Card,122892,10241.0,2024-06-23,12
LN25279,CUST15279,Consumer Durable,69995,11665.83,2023-09-15,6
LN25280,CUST15280,Personal Loan,187738,5214.94,2023-12-20,36
LN25281,CUST15281,Consumer Durable,68325,11387.5,2024-08-01,6
LN25282,CUST15282,Personal Loan,348435,14518.12,2024-04-09,24
LN25283,CUST15283,Personal Loan,65978,2749.08,2024-09-05,24
LN25284,CUST15284,Credit Card,99723,8310.25,2024-05-19,12
LN25285,CUST15285,Consumer Durable,91289,5071.61,2023-09-04,18
LN25286,CUST15286,Personal Loan,420187,11671.86,2023-06-14,36
LN25287,CUST15287,Personal Loan,431752,8994.83,2023-12-23,48
LN25288,CUST15288,Consumer Durable,66089,11014.83,2024-01-08,6
LN25289,CUST15289,Consumer Durable,79361,4408.94,2024-09-17,18
LN25290,CUST15290,Personal Loan,66661,5555.08,2024-10-08,12
LN25291,CUST15291,Consumer Durable,158893,8827.39,2023-03-27,18
LN25292,CUST15292,Personal Loan,406686,8472.62,2024-04-03,48
LN25293,CUST15293,Credit Card,101627,8468.92,2023-02-16,12
LN25294,CUST15294,Credit Card,39689,3307.42,2024-09-29,12
LN25295,CUST15295,Consumer Durable,137539,11461.58,2024-03-16,12
LN25296,CUST15296,Consumer Durable,57250,3180.56,2023-10-02,18
LN25297,CUST15297,Personal Loan,459243,19135.12,2023-03-27,24
LN25298,CUST15298,Credit Card,92456,7704.67,2024-09-02,12
LN25299,CUST15299,Personal Loan,158277,13189.75,2023-05-07,12
LN25300,CUST15300,Personal Loan,331600,9211.11,2024-10-18,36
LN25301,CUST15301,Personal Loan,127666,3546.28,2023-11-24,36
LN25302,CUST15302,Consumer Durable,72216,4012.0,2024-11-28,18
LN25303,CUST15303,Credit Card,74113,6176.08,2024-10-29,12
LN25304,CUST15304,Personal Loan,266390,11099.58,2024-05-06,24
LN25305,CUST15305,Credit Card,67775,5647.92,2023-10-09,12
LN25306,CUST15306,Personal Loan,72806,3033.58,2023-12-11,24
LN25307,CUST15307,Credit Card,82635,6886.25,2023-09-20,12
LN25308,CUST15308,Personal Loan,308142,6419.62,2023-12-18,48
LN25309,CUST15309,Consumer Durable,109552,9129.33,2024-11-11,12
LN25310,CUST15310,Personal Loan,308088,25674.0,2024-02-10,12
LN25311,CUST15311,Consumer Durable,110195,6121.94,2023-11-12,18
LN25312,CUST15312,Credit Card,99996,8333.0,2024-08-31,12
LN25313,CUST15313,Credit Card,27012,2251.0,2023-05-02,12
LN25314,CUST15314,Credit Card,89940,7495.0,2024-10-01,12
LN25315,CUST15315,Consumer Durable,171703,14308.58,2023-01-12,12
LN25316,CUST15316,Personal Loan,256490,21374.17,2023-02-24,12
LN25317,CUST15317,Consumer Durable,24674,4112.33,2023-05-10,6
LN25318,CUST15318,Credit Card,100082,8340.17,2024-01-29,12
LN25319,CUST15319,Credit Card,79725,6643.75,2024-02-26,12
LN25320,CUST15320,Personal Loan,150422,6267.58,2024-07-16,24
LN25321,CUST15321,Credit Card,138628,11552.33,2023-01-09,12
LN25322,CUST15322,Credit Card,118892,9907.67,2024-10-15,12
LN25323,CUST15323,Credit Card,106821,8901.75,2023-05-22,12
LN25324,CUST15324,Consumer Durable,197796,16483.0,2024-11-13,12
LN25325,CUST15325,Credit Card,148835,12402.92,2023-06-04,12
LN25326,CUST15326,Credit Card,80424,6702.0,2024-11-06,12
LN25327,CUST15327,Personal Loan,205198,17099.83,2024-02-10,12
LN25328,CUST15328,Credit Card,43147,3595.58,2024-06-27,12
LN25329,CUST15329,Personal Loan,291452,6071.92,2023-09-10,48
LN25330,CUST15330,Credit Card,94267,7855.58,2023-04-09,12
LN25331,CUST15331,Personal Loan,65421,2725.88,2023-12-01,24
LN25332,CUST15332,Credit Card,46498,3874.83,2024-02-14,12
LN25333,CUST15333,Personal Loan,327734,13655.58,2023-12-30,24
LN25334,CUST15334,Consumer Durable,71294,3960.78,2024-09-25,18
LN25335,CUST15335,Consumer Durable,86577,4809.83,2023-09-23,18
LN25336,CUST15336,Personal Loan,364561,7595.02,2023-05-27,48
LN25337,CUST15337,Credit Card,76622,6385.17,2024-03-06,12
LN25338,CUST15338,Consumer Durable,195913,16326.08,2024-09-17,12
LN25339,CUST15339,Credit Card,74572,6214.33,2024-11-17,12
LN25340,CUST15340,Personal Loan,82405,6867.08,2023-11-28,12
LN25341,CUST15341,Personal Loan,278516,11604.83,2024-02-08,24
LN25342,CUST15342,Personal Loan,259648,10818.67,2023-12-24,24
LN25343,CUST15343,Consumer Durable,79547,13257.83,2023-07-08,6
LN25344,CUST15344,Credit Card,138546,11545.5,2024-05-26,12
LN25345,CUST15345,Credit Card,94581,7881.75,2024-04-24,12
LN25346,CUST15346,Credit Card,68014,5667.83,2024-01-31,12
LN25347,CUST15347,Consumer Durable,16694,2782.33,2024-06-15,6
LN25348,CUST15348,Credit Card,45754,3812.83,2024-06-21,12
LN25349,CUST15349,Personal Loan,129418,2696.21,2023-04-16,48
LN25350,CUST15350,Personal Loan,414097,11502.69,2024-04-22,36
LN25351,CUST15351,Consumer Durable,172231,9568.39,2024-09-24,18
LN25352,CUST15352,Credit Card,83302,6941.83,2023-01-09,12
LN25353,CUST15353,Consumer Durable,22503,1875.25,2023-08-30,12
LN25354,CUST15354,Personal Loan,241083,6696.75,2024-04-08,36
LN25355,CUST15355,Consumer Durable,110559,18426.5,2023-08-24,6
LN25356,CUST15356,Consumer Durable,166335,13861.25,2023-10-16,12
LN25357,CUST15357,Consumer Durable,164856,9158.67,2024-08-08,18
LN25358,CUST15358,Personal Loan,145240,3025.83,2023-03-30,48
LN25359,CUST15359,Personal Loan,127531,3542.53,2023-10-08,36
LN25360,CUST15360,Consumer Durable,189942,10552.33,2024-01-10,18
LN25361,CUST15361,Credit Card,94669,7889.08,2023-06-04,12
LN25362,CUST15362,Personal Loan,287508,23959.0,2024-07-01,12
LN25363,CUST15363,Credit Card,39858,3321.5,2024-10-19,12
LN25364,CUST15364,Consumer Durable,116678,6482.11,2023-04-09,18
LN25365,CUST15365,Consumer Durable,113232,6290.67,2024-05-17,18
LN25366,CUST15366,Personal Loan,471811,13105.86,2023-04-27,36
LN25367,CUST15367,Credit Card,131955,10996.25,2024-08-17,12
LN25368,CUST15368,Credit Card,92786,7732.17,2023-09-10,12
LN25369,CUST15369,Credit Card,69892,5824.33,2023-04-07,12
LN25370,CUST15370,Personal Loan,153081,12756.75,2023-05-21,12
LN25371,CUST15371,Personal Loan,107047,2973.53,2023-04-28,36
LN25372,CUST15372,Credit Card,101555,8462.92,2023-04-30,12
LN25373,CUST15373,Personal Loan,243735,10155.62,2024-11-01,24
LN25374,CUST15374,Credit Card,116075,9672.92,2024-07-09,12
LN25375,CUST15375,Personal Loan,129011,10750.92,2024-08-15,12
LN25376,CUST15376,Credit Card,42864,3572.0,2023-01-25,12
LN25377,CUST15377,Credit Card,33669,2805.75,2024-10-18,12
LN25378,CUST15378,Credit Card,141293,11774.42,2023-10-21,12
LN25379,CUST15379,Personal Loan,341799,9494.42,2024-05-30,36
LN25380,CUST15380,Credit Card,123169,10264.08,2023-11-20,12
LN25381,CUST15381,Credit Card,108234,9019.5,2024-07-29,12
LN25382,CUST15382,Credit Card,138917,11576.42,2023-05-01,12
LN25383,CUST15383,Personal Loan,180694,3764.46,2023-04-24,48
LN25384,CUST15384,Personal Loan,377310,31442.5,2023-03-09,12
LN25385,CUST15385,Credit Card,106837,8903.08,2024-05-02,12
LN25386,CUST15386,Credit Card,66297,5524.75,2023-01-09,12
LN25387,CUST15387,Credit Card,98134,8177.83,2024-04-20,12
LN25388,CUST15388,Personal Loan,159677,6653.21,2024-11-05,24
LN25389,CUST15389,Consumer Durable,127544,21257.33,2024-08-02,6
LN25390,CUST15390,Consumer Durable,170989,28498.17,2024-02-11,6
LN25391,CUST15391,Credit Card,71043,5920.25,2024-05-31,12
LN25392,CUST15392,Consumer Durable,195921,10884.5,2024-01-24,18
LN25393,CUST15393,Credit Card,68081,5673.42,2023-07-04,12
LN25394,CUST15394,Credit Card,43970,3664.17,2024-06-22,12
LN25395,CUST15395,Personal Loan,311015,12958.96,2023-06-25,24
LN25396,CUST15396,Personal Loan,374349,31195.75,2023-06-13,12
LN25397,CUST15397,Consumer Durable,89221,4956.72,2024-10-16,18
LN25398,CUST15398,Consumer Durable,172550,14379.17,2023-11-06,12
LN25399,CUST15399,Personal Loan,246132,10255.5,2023-12-11,24
LN25400,CUST15400,Personal Loan,404855,8434.48,2023-02-22,48
LN25401,CUST15401,Credit Card,144613,12051.08,2023-12-07,12
LN25402,CUST15402,Credit Card,117204,9767.0,2024-05-11,12
LN25403,CUST15403,Personal Loan,364064,10112.89,2023-08-19,36
LN25404,CUST15404,Consumer Durable,133616,11134.67,2024-11-19,12
LN25405,CUST15405,Credit Card,76136,6344.67,2023-09-28,12
LN25406,CUST15406,Personal Loan,453532,37794.33,2023-07-18,12
LN25407,CUST15407,Personal Loan,370169,7711.85,2023-07-21,48
LN25408,CUST15408,Credit Card,28814,2401.17,2023-04-17,12
LN25409,CUST15409,Consumer Durable,135843,7546.83,2024-01-16,18
LN25410,CUST15410,Credit Card,132000,11000.0,2024-11-29,12
LN25411,CUST15411,Consumer Durable,83635,13939.17,2023-03-11,6
LN25412,CUST15412,Credit Card,68360,5696.67,2024-10-10,12
LN25413,CUST15413,Personal Loan,458512,38209.33,2024-03-04,12
LN25414,CUST15414,Consumer Durable,123433,10286.08,2023-02-05,12
LN25415,CUST15415,Personal Loan,220865,4601.35,2024-11-17,48
LN25416,CUST15416,Personal Loan,73222,1525.46,2024-05-21,48
LN25417,CUST15417,Personal Loan,476750,19864.58,2023-11-12,24
LN25418,CUST15418,Credit Card,116300,9691.67,2024-01-18,12
LN25419,CUST15419,Personal Loan,425515,11819.86,2023-07-13,36
LN25420,CUST15420,Consumer Durable,126532,7029.56,2023-07-19,18
LN25421,CUST15421,Personal Loan,266330,11097.08,2023-03-26,24
LN25422,CUST15422,Credit Card,70168,5847.33,2024-10-09,12
LN25423,CUST15423,Consumer Durable,48821,2712.28,2023-05-01,18
LN25424,CUST15424,Personal Loan,463421,38618.42,2024-09-18,12
LN25425,CUST15425,Consumer Durable,135769,22628.17,2024-04-21,6
LN25426,CUST15426,Consumer Durable,44914,3742.83,2024-11-16,12
LN25427,CUST15427,Credit Card,85336,7111.33,2024-06-27,12
LN25428,CUST15428,Consumer Durable,151732,8429.56,2023-05-27,18
LN25429,CUST15429,Credit Card,72312,6026.0,2024-02-13,12
LN25430,CUST15430,Consumer Durable,68416,11402.67,2024-07-29,6
LN25431,CUST15431,Personal Loan,245413,10225.54,2023-12-21,24
LN25432,CUST15432,Consumer Durable,130728,21788.0,2023-06-25,6
LN25433,CUST15433,Personal Loan,315750,8770.83,2023-04-29,36
LN25434,CUST15434,Personal Loan,477817,19909.04,2024-07-04,24
LN25435,CUST15435,Consumer Durable,169198,14099.83,2023-09-05,12
LN25436,CUST15436,Personal Loan,282775,5891.15,2023-05-10,48
LN25437,CUST15437,Consumer Durable,143093,11924.42,2023-04-25,12
LN25438,CUST15438,Personal Loan,393785,8203.85,2024-10-31,48
LN25439,CUST15439,Credit Card,48238,4019.83,2023-07-22,12
LN25440,CUST15440,Personal Loan,449318,18721.58,2023-06-28,24
LN25441,CUST15441,Personal Loan,250153,5211.52,2024-07-06,48
LN25442,CUST15442,Credit Card,132511,11042.58,2024-02-17,12
LN25443,CUST15443,Consumer Durable,167105,9283.61,2023-02-23,18
LN25444,CUST15444,Personal Loan,475844,39653.67,2024-11-06,12
LN25445,CUST15445,Personal Loan,305320,8481.11,2023-11-22,36
LN25446,CUST15446,Credit Card,34871,2905.92,2023-10-25,12
LN25447,CUST15447,Personal Loan,345729,9603.58,2023-05-07,36
LN25448,CUST15448,Consumer Durable,130949,7274.94,2023-10-28,18
LN25449,CUST15449,Credit Card,66322,5526.83,2024-05-07,12
LN25450,CUST15450,Personal Loan,369562,30796.83,2024-08-30,12
LN25451,CUST15451,Consumer Durable,167332,27888.67,2024-11-30,6
LN25452,CUST15452,Consumer Durable,31195,1733.06,2023-03-25,18
LN25453,CUST15453,Credit Card,105455,8787.92,2024-05-31,12
LN25454,CUST15454,Personal Loan,488662,10180.46,2023-03-21,48
LN25455,CUST15455,Consumer Durable,18737,1561.42,2024-11-21,12
LN25456,CUST15456,Credit Card,112471,9372.58,2023-06-07,12
LN25457,CUST15457,Consumer Durable,79310,13218.33,2024-04-04,6
LN25458,CUST15458,Personal Loan,170140,4726.11,2024-04-20,36
LN25459,CUST15459,Consumer Durable,112239,6235.5,2023-09-26,18
LN25460,CUST15460,Consumer Durable,192982,32163.67,2024-03-06,6
LN25461,CUST15461,Personal Loan,496348,20681.17,2023-12-27,24
LN25462,CUST15462,Personal Loan,339834,14159.75,2024-11-26,24
LN25463,CUST15463,Consumer Durable,48266,4022.17,2023-07-02,12
LN25464,CUST15464,Consumer Durable,55011,3056.17,2023-05-04,18
LN25465,CUST15465,Credit Card,39647,3303.92,2024-07-27,12
LN25466,CUST15466,Personal Loan,417332,34777.67,2023-02-07,12
LN25467,CUST15467,Credit Card,91282,7606.83,2023-06-06,12
LN25468,CUST15468,Personal Loan,342240,9506.67,2024-09-05,36
LN25469,CUST15469,Personal Loan,104816,2911.56,2024-06-11,36
LN25470,CUST15470,Credit Card,19422,1618.5,2024-05-09,12
LN25471,CUST15471,Credit Card,18497,1541.42,2023-07-26,12
LN25472,CUST15472,Consumer Durable,83821,6985.08,2024-03-19,12
LN25473,CUST15473,Credit Card,53970,4497.5,2023-03-11,12
LN25474,CUST15474,Consumer Durable,61458,5121.5,2024-07-01,12
LN25475,CUST15475,Consumer Durable,166234,9235.22,2024-04-20,18
LN25476,CUST15476,Consumer Durable,15314,2552.33,2024-05-24,6
LN25477,CUST15477,Personal Loan,201941,8414.21,2024-07-05,24
LN25478,CUST15478,Credit Card,140512,11709.33,2023-03-15,12
LN25479,CUST15479,Credit Card,144157,12013.08,2024-11-07,12
LN25480,CUST15480,Credit Card,149914,12492.83,2023-11-09,12
LN25481,CUST15481,Consumer Durable,182689,15224.08,2024-11-19,12
LN25482,CUST15482,Consumer Durable,45387,7564.5,2023-01-22,6
LN25483,CUST15483,Credit Card,63073,5256.08,2023-03-31,12
LN25484,CUST15484,Consumer Durable,159905,26650.83,2024-08-19,6
LN25485,CUST15485,Consumer Durable,78626,6552.17,2024-01-17,12
LN25486,CUST15486,Consumer Durable,157075,8726.39,2023-12-06,18
LN25487,CUST15487,Credit Card,45957,3829.75,2023-08-30,12
LN25488,CUST15488,Consumer Durable,137060,7614.44,2023-07-27,18
LN25489,CUST15489,Credit Card,40342,3361.83,2024-10-14,12
LN25490,CUST15490,Consumer Durable,29125,4854.17,2024-11-01,6
LN25491,CUST15491,Credit Card,46609,3884.08,2024-08-31,12
LN25492,CUST15492,Consumer Durable,15343,2557.17,2024-05-13,6
LN25493,CUST15493,Personal Loan,168182,7007.58,2023-04-17,24
LN25494,CUST15494,Personal Loan,161239,13436.58,2023-05-05,12
LN25495,CUST15495,Consumer Durable,65883,3660.17,2024-08-28,18
LN25496,CUST15496,Credit Card,105294,8774.5,2023-05-24,12
LN25497,CUST15497,Consumer Durable,123493,10291.08,2023-06-25,12
LN25498,CUST15498,Credit Card,94923,7910.25,2023-03-05,12
LN25499,CUST15499,Consumer Durable,131363,7297.94,2023-05-30,18
LN25500,CUST15500,Credit Card,74676,6223.0,2024-09-04,12
LN25501,CUST15501,Consumer Durable,91641,15273.5,2024-01-28,6
LN25502,CUST15502,Consumer Durable,133410,22235.0,2023-02-10,6
LN25503,CUST15503,Personal Loan,91174,3798.92,2023-05-17,24
LN25504,CUST15504,Consumer Durable,53758,8959.67,2024-10-17,6
LN25505,CUST15505,Credit Card,139412,11617.67,2023-12-27,12
LN25506,CUST15506,Credit Card,106910,8909.17,2024-10-15,12
LN25507,CUST15507,Personal Loan,107800,2994.44,2024-08-15,36
LN25508,CUST15508,Credit Card,145797,12149.75,2023-09-01,12
LN25509,CUST15509,Consumer Durable,106223,8851.92,2023-12-20,12
LN25510,CUST15510,Personal Loan,340939,7102.9,2023-08-12,48
LN25511,CUST15511,Credit Card,115097,9591.42,2024-03-30,12
LN25512,CUST15512,Consumer Durable,116777,6487.61,2023-10-22,18
LN25513,CUST15513,Personal Loan,92503,3854.29,2024-09-02,24
LN25514,CUST15514,Personal Loan,475666,19819.42,2024-06-12,24
LN25515,CUST15515,Personal Loan,408367,17015.29,2024-06-25,24
LN25516,CUST15516,Personal Loan,147527,6146.96,2023-01-10,24
LN25517,CUST15517,Credit Card,81578,6798.17,2024-08-12,12
LN25518,CUST15518,Personal Loan,128641,10720.08,2023-01-19,12
LN25519,CUST15519,Credit Card,73146,6095.5,2024-11-25,12
LN25520,CUST15520,Credit Card,32478,2706.5,2023-11-05,12
LN25521,CUST15521,Consumer Durable,156764,13063.67,2023-06-21,12
LN25522,CUST15522,Personal Loan,330812,27567.67,2023-04-30,12
LN25523,CUST15523,Consumer Durable,166535,27755.83,2023-06-04,6
LN25524,CUST15524,Consumer Durable,51189,8531.5,2024-05-08,6
LN25525,CUST15525,Consumer Durable,29593,2466.08,2024-06-03,12
LN25526,CUST15526,Personal Loan,190765,3974.27,2023-08-19,48
LN25527,CUST15527,Credit Card,80764,6730.33,2024-02-25,12
LN25528,CUST15528,Personal Loan,233363,4861.73,2024-02-06,48
LN25529,CUST15529,Consumer Durable,77522,4306.78,2023-07-11,18
LN25530,CUST15530,Personal Loan,128678,10723.17,2024-03-26,12
LN25531,CUST15531,Credit Card,24410,2034.17,2023-07-07,12
LN25532,CUST15532,Consumer Durable,63923,5326.92,2024-02-28,12
LN25533,CUST15533,Credit Card,48558,4046.5,2024-02-26,12
LN25534,CUST15534,Consumer Durable,46166,7694.33,2023-07-10,6
LN25535,CUST15535,Credit Card,109077,9089.75,2024-08-03,12
LN25536,CUST15536,Credit Card,89108,7425.67,2024-07-09,12
LN25537,CUST15537,Credit Card,141348,11779.0,2023-10-13,12
LN25538,CUST15538,Credit Card,76120,6343.33,2024-08-22,12
LN25539,CUST15539,Consumer Durable,76939,4274.39,2023-09-19,18
LN25540,CUST15540,Consumer Durable,129833,21638.83,2023-01-14,6
LN25541,CUST15541,Personal Loan,235353,9806.38,2024-03-18,24
LN25542,CUST15542,Credit Card,94071,7839.25,2024-04-09,12
LN25543,CUST15543,Personal Loan,90958,3789.92,2024-10-24,24
LN25544,CUST15544,Personal Loan,225331,6259.19,2024-09-30,36
LN25545,CUST15545,Consumer Durable,50856,4238.0,2023-03-28,12
LN25546,CUST15546,Credit Card,44255,3687.92,2023-09-04,12
LN25547,CUST15547,Consumer Durable,197853,32975.5,2024-03-07,6
LN25548,CUST15548,Personal Loan,361859,15077.46,2024-02-29,24
LN25549,CUST15549,Consumer Durable,33571,2797.58,2023-11-24,12
LN25550,CUST15550,Credit Card,36789,3065.75,2023-05-15,12
LN25551,CUST15551,Personal Loan,194800,8116.67,2023-09-08,24
LN25552,CUST15552,Credit Card,128091,10674.25,2024-07-30,12
LN25553,CUST15553,Credit Card,30473,2539.42,2024-10-06,12
LN25554,CUST15554,Personal Loan,140600,2929.17,2024-01-09,48
LN25555,CUST15555,Personal Loan,167824,4661.78,2023-11-22,36
LN25556,CUST15556,Personal Loan,422792,11744.22,2024-11-01,36
LN25557,CUST15557,Personal Loan,205617,8567.38,2023-05-11,24
LN25558,CUST15558,Credit Card,30033,2502.75,2024-01-17,12
LN25559,CUST15559,Credit Card,12357,1029.75,2024-08-07,12
LN25560,CUST15560,Consumer Durable,145468,12122.33,2024-10-22,12
LN25561,CUST15561,Personal Loan,141092,3919.22,2023-09-13,36
LN25562,CUST15562,Credit Card,67461,5621.75,2023-05-23,12
LN25563,CUST15563,Personal Loan,450254,12507.06,2024-05-03,36
LN25564,CUST15564,Personal Loan,264898,11037.42,2023-05-08,24
LN25565,CUST15565,Credit Card,147750,12312.5,2023-08-26,12
LN25566,CUST15566,Personal Loan,493139,10273.73,2023-02-17,48
LN25567,CUST15567,Consumer Durable,82991,4610.61,2023-08-17,18
LN25568,CUST15568,Personal Loan,310043,25836.92,2023-08-27,12
LN25569,CUST15569,Credit Card,110615,9217.92,2024-01-23,12
LN25570,CUST15570,Credit Card,45208,3767.33,2023-01-02,12
LN25571,CUST15571,Personal Loan,355400,7404.17,2023-04-05,48
LN25572,CUST15572,Credit Card,54858,4571.5,2024-04-26,12
LN25573,CUST15573,Personal Loan,295073,24589.42,2024-11-27,12
LN25574,CUST15574,Personal Loan,412387,17182.79,2024-09-13,24
LN25575,CUST15575,Personal Loan,413950,17247.92,2023-02-03,24
LN25576,CUST15576,Credit Card,73823,6151.92,2023-03-18,12
LN25577,CUST15577,Consumer Durable,34382,5730.33,2023-06-11,6
LN25578,CUST15578,Consumer Durable,168195,28032.5,2024-05-28,6
LN25579,CUST15579,Credit Card,88869,7405.75,2024-03-12,12
LN25580,CUST15580,Consumer Durable,156255,26042.5,2024-03-27,6
LN25581,CUST15581,Credit Card,41702,3475.17,2023-11-30,12
LN25582,CUST15582,Consumer Durable,187864,31310.67,2024-04-27,6
LN25583,CUST15583,Credit Card,130937,10911.42,2023-03-08,12
LN25584,CUST15584,Consumer Durable,66741,3707.83,2023-03-25,18
LN25585,CUST15585,Credit Card,81533,6794.42,2023-02-07,12
LN25586,CUST15586,Consumer Durable,142833,7935.17,2023-10-14,18
LN25587,CUST15587,Credit Card,117158,9763.17,2023-06-02,12
LN25588,CUST15588,Consumer Durable,141294,23549.0,2023-03-25,6
LN25589,CUST15589,Consumer Durable,52689,4390.75,2024-07-20,12
LN25590,CUST15590,Consumer Durable,25182,2098.5,2023-04-19,12
LN25591,CUST15591,Personal Loan,168734,3515.29,2024-10-04,48
LN25592,CUST15592,Credit Card,103212,8601.0,2023-02-11,12
LN25593,CUST15593,Credit Card,102985,8582.08,2023-03-07,12
LN25594,CUST15594,Consumer Durable,123597,6866.5,2023-02-23,18
LN25595,CUST15595,Credit Card,69551,5795.92,2024-01-30,12
LN25596,CUST15596,Personal Loan,215677,8986.54,2023-07-02,24
LN25597,CUST15597,Consumer Durable,69080,11513.33,2024-01-16,6
LN25598,CUST15598,Credit Card,24798,2066.5,2023-05-28,12
LN25599,CUST15599,Personal Loan,477703,9952.15,2024-08-27,48
LN25600,CUST15600,Consumer Durable,59258,9876.33,2024-07-14,6
LN25601,CUST15601,Credit Card,30761,2563.42,2024-02-25,12
LN25602,CUST15602,Credit Card,49444,4120.33,2024-08-06,12
LN25603,CUST15603,Consumer Durable,149291,8293.94,2024-06-14,18
LN25604,CUST15604,Credit Card,130389,10865.75,2024-01-03,12
LN25605,CUST15605,Credit Card,42878,3573.17,2024-09-03,12
LN25606,CUST15606,Personal Loan,302775,12615.62,2023-05-06,24
LN25607,CUST15607,Personal Loan,85997,3583.21,2023-03-06,24
LN25608,CUST15608,Credit Card,89715,7476.25,2024-06-22,12
LN25609,CUST15609,Consumer Durable,26745,2228.75,2023-06-21,12
LN25610,CUST15610,Credit Card,70573,5881.08,2023-10-09,12
LN25611,CUST15611,Consumer Durable,35162,2930.17,2023-05-16,12
LN25612,CUST15612,Personal Loan,106053,4418.88,2023-10-06,24
LN25613,CUST15613,Consumer Durable,74047,12341.17,2024-09-07,6
LN25614,CUST15614,Credit Card,110409,9200.75,2023-04-10,12
LN25615,CUST15615,Consumer Durable,175855,29309.17,2023-05-14,6
LN25616,CUST15616,Consumer Durable,176188,9788.22,2024-07-19,18
LN25617,CUST15617,Consumer Durable,34208,1900.44,2024-11-11,18
LN25618,CUST15618,Consumer Durable,117915,9826.25,2024-11-13,12
LN25619,CUST15619,Consumer Durable,151132,25188.67,2023-07-11,6
LN25620,CUST15620,Personal Loan,80430,6702.5,2023-07-18,12
LN25621,CUST15621,Personal Loan,336097,14004.04,2024-11-28,24
LN25622,CUST15622,Personal Loan,70679,1472.48,2023-02-16,48
LN25623,CUST15623,Consumer Durable,139627,11635.58,2023-06-28,12
LN25624,CUST15624,Personal Loan,168895,14074.58,2023-11-10,12
LN25625,CUST15625,Personal Loan,318756,13281.5,2024-08-12,24
LN25626,CUST15626,Personal Loan,90234,7519.5,2023-10-16,12
LN25627,CUST15627,Credit Card,111381,9281.75,2023-11-29,12
LN25628,CUST15628,Credit Card,147070,12255.83,2023-03-30,12
LN25629,CUST15629,Consumer Durable,169568,14130.67,2024-10-09,12
LN25630,CUST15630,Credit Card,67327,5610.58,2024-06-17,12
LN25631,CUST15631,Credit Card,36430,3035.83,2024-03-10,12
LN25632,CUST15632,Personal Loan,320197,6670.77,2023-04-27,48
LN25633,CUST15633,Credit Card,37746,3145.5,2023-04-02,12
LN25634,CUST15634,Personal Loan,424197,17674.88,2023-12-25,24
LN25635,CUST15635,Personal Loan,68941,1915.03,2024-01-19,36
LN25636,CUST15636,Consumer Durable,101988,5666.0,2024-05-15,18
LN25637,CUST15637,Consumer Durable,77579,12929.83,2024-01-03,6
LN25638,CUST15638,Personal Loan,325416,27118.0,2023-10-02,12
LN25639,CUST15639,Credit Card,106220,8851.67,2024-11-13,12
LN25640,CUST15640,Credit Card,103755,8646.25,2023-06-06,12
LN25641,CUST15641,Personal Loan,437123,9106.73,2023-08-04,48
LN25642,CUST15642,Consumer Durable,85178,14196.33,2023-09-09,6
LN25643,CUST15643,Personal Loan,354113,7377.35,2024-01-19,48
LN25644,CUST15644,Personal Loan,373829,31152.42,2024-03-19,12
LN25645,CUST15645,Credit Card,140214,11684.5,2023-01-26,12
LN25646,CUST15646,Personal Loan,324121,27010.08,2024-05-16,12
LN25647,CUST15647,Consumer Durable,155911,8661.72,2024-01-16,18
LN25648,CUST15648,Personal Loan,70663,5888.58,2024-06-25,12
LN25649,CUST15649,Personal Loan,208859,4351.23,2023-07-31,48
LN25650,CUST15650,Credit Card,108168,9014.0,2023-12-11,12
LN25651,CUST15651,Consumer Durable,173444,14453.67,2023-02-04,12
LN25652,CUST15652,Consumer Durable,136809,22801.5,2023-11-05,6
LN25653,CUST15653,Credit Card,118980,9915.0,2023-08-08,12
LN25654,CUST15654,Personal Loan,324225,13509.38,2024-03-16,24
LN25655,CUST15655,Personal Loan,171824,7159.33,2023-11-16,24
LN25656,CUST15656,Credit Card,65398,5449.83,2024-07-27,12
LN25657,CUST15657,Credit Card,89895,7491.25,2024-11-19,12
LN25658,CUST15658,Consumer Durable,66459,3692.17,2024-10-01,18
LN25659,CUST15659,Personal Loan,454428,12623.0,2023-11-09,36
LN25660,CUST15660,Consumer Durable,54513,3028.5,2023-08-04,18
LN25661,CUST15661,Credit Card,124176,10348.0,2024-01-06,12
LN25662,CUST15662,Credit Card,52399,4366.58,2023-12-15,12
LN25663,CUST15663,Credit Card,65528,5460.67,2023-10-08,12
LN25664,CUST15664,Personal Loan,73861,6155.08,2024-02-03,12
LN25665,CUST15665,Consumer Durable,48207,4017.25,2024-10-21,12
LN25666,CUST15666,Consumer Durable,24836,2069.67,2024-09-06,12
LN25667,CUST15667,Personal Loan,144301,4008.36,2024-10-12,36
LN25668,CUST15668,Consumer Durable,35338,5889.67,2024-04-27,6
LN25669,CUST15669,Consumer Durable,29377,2448.08,2023-05-15,12
LN25670,CUST15670,Credit Card,95681,7973.42,2023-07-11,12
LN25671,CUST15671,Credit Card,76141,6345.08,2023-02-01,12
LN25672,CUST15672,Personal Loan,305270,6359.79,2024-08-05,48
LN25673,CUST15673,Consumer Durable,41750,6958.33,2023-03-21,6
LN25674,CUST15674,Credit Card,62650,5220.83,2023-10-20,12
LN25675,CUST15675,Personal Loan,483945,40328.75,2023-12-07,12
LN25676,CUST15676,Personal Loan,357940,7457.08,2023-07-08,48
LN25677,CUST15677,Consumer Durable,89244,7437.0,2024-02-18,12
LN25678,CUST15678,Personal Loan,254822,10617.58,2024-05-26,24
LN25679,CUST15679,Credit Card,81587,6798.92,2024-07-22,12
LN25680,CUST15680,Credit Card,74542,6211.83,2023-12-24,12
LN25681,CUST15681,Personal Loan,444837,37069.75,2023-06-28,12
LN25682,CUST15682,Credit Card,36759,3063.25,2024-10-05,12
LN25683,CUST15683,Personal Loan,401465,33455.42,2023-01-16,12
LN25684,CUST15684,Consumer Durable,128170,7120.56,2023-01-30,18
LN25685,CUST15685,Consumer Durable,124456,10371.33,2024-08-28,12
LN25686,CUST15686,Personal Loan,448330,18680.42,2024-06-24,24
LN25687,CUST15687,Consumer Durable,32068,1781.56,2023-07-24,18
LN25688,CUST15688,Credit Card,61186,5098.83,2024-10-27,12
LN25689,CUST15689,Personal Loan,249268,20772.33,2023-08-13,12
LN25690,CUST15690,Credit Card,85509,7125.75,2024-07-23,12
LN25691,CUST15691,Personal Loan,476174,9920.29,2024-02-25,48
LN25692,CUST15692,Consumer Durable,107170,5953.89,2024-02-16,18
LN25693,CUST15693,Personal Loan,121658,10138.17,2024-05-28,12
LN25694,CUST15694,Consumer Durable,57191,9531.83,2024-08-29,6
LN25695,CUST15695,Consumer Durable,105729,8810.75,2024-04-10,12
LN25696,CUST15696,Consumer Durable,90276,7523.0,2024-05-31,12
LN25697,CUST15697,Consumer Durable,191846,10658.11,2024-12-01,18
LN25698,CUST15698,Credit Card,10480,873.33,2023-09-18,12
LN25699,CUST15699,Credit Card,119368,9947.33,2024-03-25,12
LN25700,CUST15700,Personal Loan,428738,17864.08,2024-09-17,24
LN25701,CUST15701,Personal Loan,455951,12665.31,2024-09-12,36
LN25702,CUST15702,Credit Card,141566,11797.17,2024-09-18,12
LN25703,CUST15703,Consumer Durable,108948,18158.0,2023-10-28,6
LN25704,CUST15704,Consumer Durable,16616,2769.33,2023-05-06,6
LN25705,CUST15705,Consumer Durable,33951,2829.25,2023-05-07,12
LN25706,CUST15706,Consumer Durable,18926,3154.33,2024-11-03,6
LN25707,CUST15707,Personal Loan,259460,5405.42,2023-04-20,48
LN25708,CUST15708,Credit Card,79183,6598.58,2023-02-12,12
LN25709,CUST15709,Personal Loan,306652,6388.58,2023-02-24,48
LN25710,CUST15710,Personal Loan,462198,19258.25,2024-11-22,24
LN25711,CUST15711,Personal Loan,127933,3553.69,2024-05-23,36
LN25712,CUST15712,Consumer Durable,169472,14122.67,2024-01-17,12
LN25713,CUST15713,Personal Loan,335945,13997.71,2024-05-19,24
LN25714,CUST15714,Credit Card,50578,4214.83,2024-08-19,12
LN25715,CUST15715,Credit Card,119233,9936.08,2023-01-12,12
LN25716,CUST15716,Personal Loan,142296,3952.67,2023-01-28,36
LN25717,CUST15717,Credit Card,148368,12364.0,2023-08-23,12
LN25718,CUST15718,Personal Loan,111859,3107.19,2023-07-09,36
LN25719,CUST15719,Consumer Durable,93340,5185.56,2024-11-01,18
LN25720,CUST15720,Consumer Durable,99832,8319.33,2023-12-27,12
LN25721,CUST15721,Credit Card,110206,9183.83,2024-01-18,12
LN25722,CUST15722,Personal Loan,468829,19534.54,2023-01-09,24
LN25723,CUST15723,Personal Loan,268420,11184.17,2023-08-05,24
LN25724,CUST15724,Consumer Durable,174559,29093.17,2024-01-07,6
LN25725,CUST15725,Consumer Durable,150765,12563.75,2023-07-13,12
LN25726,CUST15726,Consumer Durable,81444,6787.0,2024-06-06,12
LN25727,CUST15727,Consumer Durable,182311,10128.39,2023-03-20,18
LN25728,CUST15728,Personal Loan,266175,22181.25,2024-04-13,12
LN25729,CUST15729,Consumer Durable,95255,15875.83,2023-01-12,6
LN25730,CUST15730,Credit Card,84897,7074.75,2024-01-15,12
LN25731,CUST15731,Personal Loan,69113,1919.81,2023-03-18,36
LN25732,CUST15732,Consumer Durable,196188,10899.33,2023-03-23,18
LN25733,CUST15733,Consumer Durable,23549,1308.28,2023-11-06,18
LN25734,CUST15734,Consumer Durable,51439,2857.72,2023-12-01,18
LN25735,CUST15735,Consumer Durable,141424,23570.67,2023-10-05,6
LN25736,CUST15736,Consumer Durable,88437,14739.5,2023-03-06,6
LN25737,CUST15737,Credit Card,17624,1468.67,2024-07-13,12
LN25738,CUST15738,Consumer Durable,103510,17251.67,2024-06-07,6
LN25739,CUST15739,Credit Card,105542,8795.17,2023-02-07,12
LN25740,CUST15740,Credit Card,24078,2006.5,2024-01-18,12
LN25741,CUST15741,Personal Loan,57305,4775.42,2023-03-05,12
LN25742,CUST15742,Consumer Durable,197056,32842.67,2023-02-04,6
LN25743,CUST15743,Personal Loan,213232,5923.11,2023-07-09,36
LN25744,CUST15744,Consumer Durable,49985,2776.94,2023-10-31,18
LN25745,CUST15745,Credit Card,31074,2589.5,2023-11-15,12
LN25746,CUST15746,Personal Loan,226149,6281.92,2023-03-25,36
LN25747,CUST15747,Credit Card,69979,5831.58,2024-06-02,12
LN25748,CUST15748,Credit Card,106156,8846.33,2024-05-17,12
LN25749,CUST15749,Personal Loan,164105,3418.85,2023-12-23,48
LN25750,CUST15750,Credit Card,125105,10425.42,2024-02-03,12
LN25751,CUST15751,Credit Card,120154,10012.83,2024-02-26,12
LN25752,CUST15752,Personal Loan,474389,39532.42,2024-01-05,12
LN25753,CUST15753,Consumer Durable,95164,7930.33,2024-06-18,12
LN25754,CUST15754,Consumer Durable,187613,31268.83,2023-04-15,6
LN25755,CUST15755,Consumer Durable,94065,7838.75,2024-06-22,12
LN25756,CUST15756,Personal Loan,192457,4009.52,2023-10-14,48
LN25757,CUST15757,Credit Card,84372,7031.0,2023-03-22,12
LN25758,CUST15758,Consumer Durable,116831,19471.83,2024-05-22,6
LN25759,CUST15759,Credit Card,52208,4350.67,2024-01-26,12
LN25760,CUST15760,Personal Loan,69434,1446.54,2023-10-18,48
LN25761,CUST15761,Personal Loan,428477,17853.21,2023-09-06,24
LN25762,CUST15762,Personal Loan,202703,8445.96,2023-10-12,24
LN25763,CUST15763,Consumer Durable,135156,7508.67,2024-04-01,18
LN25764,CUST15764,Consumer Durable,33218,2768.17,2024-11-08,12
LN25765,CUST15765,Personal Loan,397375,33114.58,2024-09-24,12
LN25766,CUST15766,Consumer Durable,154654,12887.83,2023-02-18,12
LN25767,CUST15767,Credit Card,57859,4821.58,2023-04-05,12
LN25768,CUST15768,Personal Loan,147668,12305.67,2023-02-12,12
LN25769,CUST15769,Consumer Durable,156403,8689.06,2023-04-01,18
LN25770,CUST15770,Credit Card,145671,12139.25,2024-01-15,12
LN25771,CUST15771,Consumer Durable,153062,8503.44,2024-07-01,18
LN25772,CUST15772,Consumer Durable,59991,9998.5,2024-04-04,6
LN25773,CUST15773,Personal Loan,439139,18297.46,2024-05-05,24
LN25774,CUST15774,Consumer Durable,143856,7992.0,2023-10-31,18
LN25775,CUST15775,Credit Card,63857,5321.42,2023-03-05,12
LN25776,CUST15776,Personal Loan,235568,9815.33,2023-02-09,24
LN25777,CUST15777,Personal Loan,363892,15162.17,2023-05-30,24
LN25778,CUST15778,Credit Card,104094,8674.5,2023-12-16,12
LN25779,CUST15779,Consumer Durable,156637,26106.17,2023-04-20,6
LN25780,CUST15780,Credit Card,109129,9094.08,2024-08-07,12
LN25781,CUST15781,Personal Loan,92035,1917.4,2023-09-13,48
LN25782,CUST15782,Personal Loan,427601,35633.42,2023-07-18,12
LN25783,CUST15783,Consumer Durable,47971,3997.58,2024-04-30,12
LN25784,CUST15784,Personal Loan,239185,9966.04,2024-11-20,24
LN25785,CUST15785,Credit Card,105055,8754.58,2023-05-23,12
LN25786,CUST15786,Consumer Durable,44104,7350.67,2024-10-29,6
LN25787,CUST15787,Consumer Durable,126786,21131.0,2023-11-25,6
LN25788,CUST15788,Credit Card,28781,2398.42,2023-10-23,12
LN25789,CUST15789,Consumer Durable,195440,16286.67,2023-03-30,12
LN25790,CUST15790,Consumer Durable,97118,16186.33,2023-09-15,6
LN25791,CUST15791,Personal Loan,335317,13971.54,2024-03-04,24
LN25792,CUST15792,Consumer Durable,52501,2916.72,2023-07-27,18
LN25793,CUST15793,Personal Loan,233726,9738.58,2024-05-13,24
LN25794,CUST15794,Personal Loan,147102,6129.25,2023-11-03,24
LN25795,CUST15795,Personal Loan,191842,5328.94,2023-12-20,36
LN25796,CUST15796,Consumer Durable,94636,15772.67,2023-11-25,6
LN25797,CUST15797,Consumer Durable,38034,6339.0,2024-09-07,6
LN25798,CUST15798,Personal Loan,388536,16189.0,2024-08-01,24
LN25799,CUST15799,Personal Loan,368334,30694.5,2024-07-20,12
LN25800,CUST15800,Personal Loan,393306,8193.88,2024-10-01,48
LN25801,CUST15801,Consumer Durable,108176,18029.33,2023-07-22,6
LN25802,CUST15802,Personal Loan,267437,22286.42,2023-10-11,12
LN25803,CUST15803,Consumer Durable,152552,12712.67,2024-11-11,12
LN25804,CUST15804,Credit Card,129964,10830.33,2024-02-15,12
LN25805,CUST15805,Consumer Durable,98108,8175.67,2023-05-19,12
LN25806,CUST15806,Consumer Durable,101407,5633.72,2023-05-25,18
LN25807,CUST15807,Credit Card,55312,4609.33,2024-08-12,12
LN25808,CUST15808,Personal Loan,50156,4179.67,2024-06-19,12
LN25809,CUST15809,Consumer Durable,113768,6320.44,2023-03-23,18
LN25810,CUST15810,Credit Card,58278,4856.5,2024-02-12,12
LN25811,CUST15811,Consumer Durable,85106,4728.11,2024-10-28,18
LN25812,CUST15812,Personal Loan,239642,19970.17,2024-05-08,12
LN25813,CUST15813,Personal Loan,379200,10533.33,2023-02-21,36
LN25814,CUST15814,Consumer Durable,83950,4663.89,2024-06-27,18
LN25815,CUST15815,Consumer Durable,97885,8157.08,2023-04-08,12
LN25816,CUST15816,Consumer Durable,189382,15781.83,2024-11-12,12
LN25817,CUST15817,Consumer Durable,33342,2778.5,2024-04-16,12
LN25818,CUST15818,Personal Loan,302386,8399.61,2024-06-23,36
LN25819,CUST15819,Personal Loan,289762,12073.42,2023-01-10,24
LN25820,CUST15820,Credit Card,19113,1592.75,2024-08-16,12
LN25821,CUST15821,Personal Loan,126429,10535.75,2023-03-02,12
LN25822,CUST15822,Personal Loan,138243,11520.25,2023-06-02,12
LN25823,CUST15823,Consumer Durable,102460,5692.22,2024-05-09,18
LN25824,CUST15824,Credit Card,129479,10789.92,2023-03-04,12
LN25825,CUST15825,Personal Loan,158893,4413.69,2023-01-21,36
LN25826,CUST15826,Personal Loan,137015,2854.48,2024-06-06,48
LN25827,CUST15827,Consumer Durable,194010,16167.5,2024-09-04,12
LN25828,CUST15828,Personal Loan,385385,10705.14,2024-09-30,36
LN25829,CUST15829,Consumer Durable,132592,22098.67,2023-10-02,6
LN25830,CUST15830,Credit Card,68437,5703.08,2024-06-06,12
LN25831,CUST15831,Personal Loan,331797,13824.88,2024-09-11,24
LN25832,CUST15832,Credit Card,64847,5403.92,2023-08-11,12
LN25833,CUST15833,Credit Card,61564,5130.33,2024-02-26,12
LN25834,CUST15834,Consumer Durable,188381,31396.83,2023-04-08,6
LN25835,CUST15835,Credit Card,85342,7111.83,2023-09-14,12
LN25836,CUST15836,Personal Loan,170830,14235.83,2024-01-23,12
LN25837,CUST15837,Consumer Durable,120481,10040.08,2024-02-12,12
LN25838,CUST15838,Credit Card,50985,4248.75,2023-10-10,12
LN25839,CUST15839,Credit Card,103414,8617.83,2023-04-12,12
LN25840,CUST15840,Personal Loan,388364,16181.83,2024-10-05,24
LN25841,CUST15841,Personal Loan,474737,19780.71,2023-05-25,24
LN25842,CUST15842,Personal Loan,381733,15905.54,2024-11-22,24
LN25843,CUST15843,Credit Card,94352,7862.67,2024-06-25,12
LN25844,CUST15844,Credit Card,142494,11874.5,2024-02-15,12
LN25845,CUST15845,Consumer Durable,103620,17270.0,2023-08-22,6
LN25846,CUST15846,Consumer Durable,60993,3388.5,2023-10-21,18
LN25847,CUST15847,Credit Card,118581,9881.75,2024-04-12,12
LN25848,CUST15848,Personal Loan,270496,5635.33,2024-03-28,48
LN25849,CUST15849,Personal Loan,77302,1610.46,2024-04-27,48
LN25850,CUST15850,Credit Card,49557,4129.75,2024-05-24,12
LN25851,CUST15851,Credit Card,101798,8483.17,2023-09-27,12
LN25852,CUST15852,Credit Card,106816,8901.33,2024-09-05,12
LN25853,CUST15853,Personal Loan,494006,13722.39,2024-05-06,36
LN25854,CUST15854,Credit Card,145209,12100.75,2023-11-07,12
LN25855,CUST15855,Personal Loan,334678,27889.83,2023-06-17,12
LN25856,CUST15856,Consumer Durable,180500,10027.78,2024-08-14,18
LN25857,CUST15857,Credit Card,136013,11334.42,2023-06-10,12
LN25858,CUST15858,Consumer Durable,38916,6486.0,2024-02-19,6
LN25859,CUST15859,Personal Loan,122152,3393.11,2024-09-22,36
LN25860,CUST15860,Credit Card,33913,2826.08,2023-10-15,12
LN25861,CUST15861,Personal Loan,208325,8680.21,2024-02-28,24
LN25862,CUST15862,Consumer Durable,74263,12377.17,2024-05-16,6
LN25863,CUST15863,Credit Card,101765,8480.42,2023-07-16,12
LN25864,CUST15864,Personal Loan,485189,20216.21,2023-10-04,24
LN25865,CUST15865,Personal Loan,283249,23604.08,2023-11-07,12
LN25866,CUST15866,Personal Loan,160991,13415.92,2023-03-08,12
LN25867,CUST15867,Personal Loan,190385,7932.71,2024-02-15,24
LN25868,CUST15868,Consumer Durable,110421,18403.5,2023-03-16,6
LN25869,CUST15869,Personal Loan,236333,4923.6,2023-02-25,48
LN25870,CUST15870,Consumer Durable,167414,9300.78,2023-01-23,18
LN25871,CUST15871,Consumer Durable,128577,10714.75,2024-10-04,12
LN25872,CUST15872,Credit Card,111950,9329.17,2023-09-08,12
LN25873,CUST15873,Credit Card,60250,5020.83,2024-02-14,12
LN25874,CUST15874,Consumer Durable,53484,4457.0,2024-11-29,12
LN25875,CUST15875,Personal Loan,415101,8647.94,2024-02-21,48
LN25876,CUST15876,Personal Loan,412900,34408.33,2024-03-15,12
LN25877,CUST15877,Credit Card,55512,4626.0,2024-11-22,12
LN25878,CUST15878,Consumer Durable,59897,4991.42,2023-08-12,12
LN25879,CUST15879,Personal Loan,118711,9892.58,2024-02-01,12
LN25880,CUST15880,Personal Loan,401458,8363.71,2024-07-13,48
LN25881,CUST15881,Consumer Durable,82052,13675.33,2023-01-23,6
LN25882,CUST15882,Consumer Durable,129700,10808.33,2024-09-30,12
LN25883,CUST15883,Credit Card,54195,4516.25,2024-08-14,12
LN25884,CUST15884,Personal Loan,58944,4912.0,2023-04-19,12
LN25885,CUST15885,Consumer Durable,79125,6593.75,2023-08-03,12
LN25886,CUST15886,Credit Card,127079,10589.92,2024-01-26,12
LN25887,CUST15887,Credit Card,108620,9051.67,2024-05-23,12
LN25888,CUST15888,Personal Loan,404966,8436.79,2023-07-27,48
LN25889,CUST15889,Consumer Durable,164233,13686.08,2023-09-21,12
LN25890,CUST15890,Credit Card,21698,1808.17,2023-10-24,12
LN25891,CUST15891,Credit Card,65750,5479.17,2024-07-20,12
LN25892,CUST15892,Personal Loan,488034,10167.38,2023-09-13,48
LN25893,CUST15893,Credit Card,53790,4482.5,2023-05-17,12
LN25894,CUST15894,Consumer Durable,163302,27217.0,2023-04-15,6
LN25895,CUST15895,Credit Card,94792,7899.33,2023-11-06,12
LN25896,CUST15896,Credit Card,76320,6360.0,2023-07-28,12
LN25897,CUST15897,Personal Loan,349858,7288.71,2023-06-18,48
LN25898,CUST15898,Personal Loan,135100,11258.33,2024-06-17,12
LN25899,CUST15899,Consumer Durable,78874,13145.67,2023-08-12,6
LN25900,CUST15900,Credit Card,15648,1304.0,2023-02-15,12
LN25901,CUST15901,Consumer Durable,183511,15292.58,2024-02-12,12
LN25902,CUST15902,Consumer Durable,198905,16575.42,2023-07-19,12
LN25903,CUST15903,Personal Loan,124411,3455.86,2023-05-18,36
LN25904,CUST15904,Personal Loan,390535,16272.29,2023-03-12,24
LN25905,CUST15905,Credit Card,53814,4484.5,2024-09-17,12
LN25906,CUST15906,Personal Loan,391277,32606.42,2023-11-12,12
LN25907,CUST15907,Personal Loan,50042,2085.08,2023-08-11,24
LN25908,CUST15908,Consumer Durable,36155,6025.83,2024-10-30,6
LN25909,CUST15909,Credit Card,119520,9960.0,2024-07-11,12
LN25910,CUST15910,Consumer Durable,31306,1739.22,2024-04-24,18
LN25911,CUST15911,Consumer Durable,75827,4212.61,2024-10-05,18
LN25912,CUST15912,Consumer Durable,24736,2061.33,2023-08-02,12
LN25913,CUST15913,Consumer Durable,51709,2872.72,2024-09-01,18
LN25914,CUST15914,Personal Loan,178796,7449.83,2024-04-02,24
LN25915,CUST15915,Consumer Durable,168640,14053.33,2024-03-16,12
LN25916,CUST15916,Personal Loan,379387,7903.9,2024-03-24,48
LN25917,CUST15917,Personal Loan,150743,6280.96,2024-03-22,24
LN25918,CUST15918,Credit Card,50634,4219.5,2023-08-30,12
LN25919,CUST15919,Consumer Durable,163473,9081.83,2023-04-24,18
LN25920,CUST15920,Consumer Durable,58937,3274.28,2023-04-30,18
LN25921,CUST15921,Consumer Durable,158748,26458.0,2024-04-15,6
LN25922,CUST15922,Credit Card,35605,2967.08,2023-02-23,12
LN25923,CUST15923,Personal Loan,416641,17360.04,2023-02-24,24
LN25924,CUST15924,Consumer Durable,84730,14121.67,2024-01-09,6
LN25925,CUST15925,Consumer Durable,86573,4809.61,2024-04-10,18
LN25926,CUST15926,Personal Loan,61111,1697.53,2024-05-24,36
LN25927,CUST15927,Personal Loan,203464,4238.83,2023-01-22,48
LN25928,CUST15928,Consumer Durable,48892,4074.33,2024-01-30,12
LN25929,CUST15929,Consumer Durable,155525,12960.42,2023-05-10,12
LN25930,CUST15930,Consumer Durable,38294,3191.17,2023-02-27,12
LN25931,CUST15931,Personal Loan,435046,36253.83,2024-10-01,12
LN25932,CUST15932,Personal Loan,400082,8335.04,2024-03-21,48
LN25933,CUST15933,Personal Loan,437536,12153.78,2024-01-12,36
LN25934,CUST15934,Credit Card,142009,11834.08,2024-08-26,12
LN25935,CUST15935,Credit Card,138344,11528.67,2024-08-22,12
LN25936,CUST15936,Credit Card,133837,11153.08,2023-10-21,12
LN25937,CUST15937,Personal Loan,203891,5663.64,2024-05-26,36
LN25938,CUST15938,Personal Loan,88107,3671.12,2024-03-22,24
LN25939,CUST15939,Personal Loan,408699,8514.56,2024-04-08,48
LN25940,CUST15940,Personal Loan,132357,11029.75,2024-06-04,12
LN25941,CUST15941,Credit Card,11814,984.5,2023-08-28,12
LN25942,CUST15942,Personal Loan,259317,7203.25,2024-03-31,36
LN25943,CUST15943,Consumer Durable,15919,1326.58,2023-03-11,12
LN25944,CUST15944,Credit Card,40041,3336.75,2024-01-11,12
LN25945,CUST15945,Personal Loan,52064,2169.33,2024-06-23,24
LN25946,CUST15946,Personal Loan,219238,4567.46,2023-09-12,48
LN25947,CUST15947,Personal Loan,400306,16679.42,2024-07-29,24
LN25948,CUST15948,Consumer Durable,103347,17224.5,2023-03-13,6
LN25949,CUST15949,Consumer Durable,182618,30436.33,2024-07-13,6
LN25950,CUST15950,Credit Card,136065,11338.75,2023-03-29,12
LN25951,CUST15951,Personal Loan,104020,2167.08,2023-10-28,48
LN25952,CUST15952,Personal Loan,212872,5913.11,2023-06-03,36
LN25953,CUST15953,Consumer Durable,22774,1265.22,2024-01-14,18
LN25954,CUST15954,Credit Card,14115,1176.25,2023-05-24,12
LN25955,CUST15955,Personal Loan,306100,8502.78,2024-02-28,36
LN25956,CUST15956,Personal Loan,80038,6669.83,2023-02-01,12
LN25957,CUST15957,Personal Loan,488650,13573.61,2023-04-03,36
LN25958,CUST15958,Consumer Durable,73715,6142.92,2024-06-02,12
LN25959,CUST15959,Consumer Durable,31933,2661.08,2023-12-16,12
LN25960,CUST15960,Consumer Durable,112735,6263.06,2023-03-27,18
LN25961,CUST15961,Credit Card,80291,6690.92,2023-09-22,12
LN25962,CUST15962,Personal Loan,423439,11762.19,2024-04-05,36
LN25963,CUST15963,Credit Card,75732,6311.0,2023-04-03,12
LN25964,CUST15964,Consumer Durable,108545,9045.42,2024-04-28,12
LN25965,CUST15965,Personal Loan,335291,9313.64,2023-10-27,36
LN25966,CUST15966,Personal Loan,464469,9676.44,2024-04-29,48
LN25967,CUST15967,Personal Loan,177125,7380.21,2024-01-02,24
LN25968,CUST15968,Personal Loan,123825,10318.75,2023-07-13,12
LN25969,CUST15969,Credit Card,58232,4852.67,2024-11-23,12
LN25970,CUST15970,Consumer Durable,86055,4780.83,2024-06-13,18
LN25971,CUST15971,Credit Card,42311,3525.92,2023-10-07,12
LN25972,CUST15972,Credit Card,78394,6532.83,2024-02-06,12
LN25973,CUST15973,Consumer Durable,51852,4321.0,2023-09-14,12
LN25974,CUST15974,Consumer Durable,48457,4038.08,2024-10-04,12
LN25975,CUST15975,Personal Loan,485562,13487.83,2023-08-18,36
LN25976,CUST15976,Consumer Durable,49902,8317.0,2023-08-18,6
LN25977,CUST15977,Personal Loan,420454,17518.92,2023-09-17,24
LN25978,CUST15978,Personal Loan,202917,8454.88,2023-12-13,24
LN25979,CUST15979,Consumer Durable,40667,3388.92,2023-12-01,12
LN25980,CUST15980,Personal Loan,115766,3215.72,2024-08-09,36
LN25981,CUST15981,Personal Loan,284490,11853.75,2023-09-12,24
LN25982,CUST15982,Consumer Durable,164325,13693.75,2024-04-30,12
LN25983,CUST15983,Personal Loan,184351,5120.86,2024-02-13,36
LN25984,CUST15984,Personal Loan,70325,1953.47,2023-02-16,36
LN25985,CUST15985,Credit Card,101180,8431.67,2024-06-02,12
LN25986,CUST15986,Consumer Durable,171255,9514.17,2024-03-01,18
LN25987,CUST15987,Credit Card,129096,10758.0,2023-01-11,12
LN25988,CUST15988,Consumer Durable,158798,26466.33,2024-05-02,6
LN25989,CUST15989,Personal Loan,173462,3613.79,2023-10-10,48
LN25990,CUST15990,Consumer Durable,17305,2884.17,2023-12-02,6
LN25991,CUST15991,Personal Loan,462289,9631.02,2023-05-23,48
LN25992,CUST15992,Personal Loan,472113,9835.69,2023-05-03,48
LN25993,CUST15993,Personal Loan,284094,7891.5,2023-03-17,36
LN25994,CUST15994,Credit Card,68765,5730.42,2023-08-18,12
LN25995,CUST15995,Personal Loan,299637,12484.88,2023-10-24,24
LN25996,CUST15996,Personal Loan,118081,3280.03,2023-08-30,36
LN25997,CUST15997,Credit Card,76817,6401.42,2023-05-24,12
LN25998,CUST15998,Consumer Durable,22727,1893.92,2023-07-21,12
LN25999,CUST15999,Credit Card,73187,6098.92,2024-06-09,12
LN26000,CUST16000,Credit Card,120878,10073.17,2024-03-07,12
LN26001,CUST16001,Consumer Durable,140039,7779.94,2024-05-27,18
LN26002,CUST16002,Credit Card,141226,11768.83,2023-07-30,12
LN26003,CUST16003,Credit Card,74362,6196.83,2023-01-08,12
LN26004,CUST16004,Personal Loan,61406,1705.72,2024-08-27,36
LN26005,CUST16005,Personal Loan,317486,6614.29,2024-06-06,48
LN26006,CUST16006,Consumer Durable,22587,1882.25,2024-09-22,12
LN26007,CUST16007,Consumer Durable,123349,6852.72,2024-02-05,18
LN26008,CUST16008,Consumer Durable,124502,20750.33,2023-03-25,6
LN26009,CUST16009,Personal Loan,281145,11714.38,2024-11-30,24
LN26010,CUST16010,Consumer Durable,99646,16607.67,2023-11-22,6
LN26011,CUST16011,Credit Card,121567,10130.58,2023-11-08,12
LN26012,CUST16012,Personal Loan,218535,6070.42,2023-10-22,36
LN26013,CUST16013,Credit Card,113092,9424.33,2023-09-20,12
LN26014,CUST16014,Personal Loan,389813,32484.42,2024-10-14,12
LN26015,CUST16015,Personal Loan,278821,11617.54,2023-02-17,24
LN26016,CUST16016,Consumer Durable,55357,3075.39,2023-07-22,18
LN26017,CUST16017,Credit Card,107649,8970.75,2023-03-09,12
LN26018,CUST16018,Consumer Durable,76714,6392.83,2023-08-30,12
LN26019,CUST16019,Personal Loan,93298,2591.61,2023-01-01,36
LN26020,CUST16020,Consumer Durable,22018,3669.67,2024-05-31,6
LN26021,CUST16021,Personal Loan,336474,28039.5,2024-10-31,12
LN26022,CUST16022,Consumer Durable,112842,6269.0,2023-04-24,18
LN26023,CUST16023,Personal Loan,457198,9524.96,2023-01-05,48
LN26024,CUST16024,Personal Loan,179841,3746.69,2024-06-24,48
LN26025,CUST16025,Credit Card,78641,6553.42,2023-11-06,12
LN26026,CUST16026,Personal Loan,329142,6857.12,2024-10-28,48
LN26027,CUST16027,Credit Card,52807,4400.58,2024-03-11,12
LN26028,CUST16028,Personal Loan,107338,8944.83,2023-01-01,12
LN26029,CUST16029,Personal Loan,341010,28417.5,2023-02-19,12
LN26030,CUST16030,Consumer Durable,55249,9208.17,2024-09-08,6
LN26031,CUST16031,Credit Card,138418,11534.83,2023-11-19,12
LN26032,CUST16032,Consumer Durable,162898,9049.89,2023-07-10,18
LN26033,CUST16033,Consumer Durable,80017,4445.39,2023-02-21,18
LN26034,CUST16034,Personal Loan,70833,5902.75,2024-06-18,12
LN26035,CUST16035,Personal Loan,230083,9586.79,2024-09-23,24
LN26036,CUST16036,Credit Card,78014,6501.17,2023-10-21,12
LN26037,CUST16037,Credit Card,79701,6641.75,2023-04-25,12
LN26038,CUST16038,Consumer Durable,108965,9080.42,2024-05-18,12
LN26039,CUST16039,Consumer Durable,73540,4085.56,2023-07-05,18
LN26040,CUST16040,Personal Loan,204254,8510.58,2023-05-03,24
LN26041,CUST16041,Credit Card,137505,11458.75,2023-03-01,12
LN26042,CUST16042,Credit Card,47750,3979.17,2023-05-29,12
LN26043,CUST16043,Credit Card,125462,10455.17,2024-06-30,12
LN26044,CUST16044,Consumer Durable,33076,2756.33,2023-02-17,12
LN26045,CUST16045,Personal Loan,112566,4690.25,2024-10-29,24
LN26046,CUST16046,Personal Loan,421221,8775.44,2023-05-14,48
LN26047,CUST16047,Personal Loan,484582,40381.83,2024-03-07,12
LN26048,CUST16048,Consumer Durable,115738,6429.89,2024-04-07,18
LN26049,CUST16049,Credit Card,67958,5663.17,2023-09-26,12
LN26050,CUST16050,Credit Card,125550,10462.5,2024-01-05,12
LN26051,CUST16051,Credit Card,38417,3201.42,2024-10-01,12
LN26052,CUST16052,Credit Card,64811,5400.92,2023-03-27,12
LN26053,CUST16053,Credit Card,58732,4894.33,2023-08-19,12
LN26054,CUST16054,Credit Card,31572,2631.0,2023-10-09,12
LN26055,CUST16055,Credit Card,99613,8301.08,2023-08-22,12
LN26056,CUST16056,Consumer Durable,165451,27575.17,2024-11-26,6
LN26057,CUST16057,Personal Loan,409075,17044.79,2024-09-14,24
LN26058,CUST16058,Personal Loan,338225,14092.71,2024-02-13,24
LN26059,CUST16059,Consumer Durable,47331,3944.25,2023-02-08,12
LN26060,CUST16060,Credit Card,141146,11762.17,2023-03-15,12
LN26061,CUST16061,Consumer Durable,126333,21055.5,2024-06-08,6
LN26062,CUST16062,Consumer Durable,76120,12686.67,2023-02-09,6
LN26063,CUST16063,Personal Loan,475330,13203.61,2024-11-01,36
LN26064,CUST16064,Credit Card,106763,8896.92,2024-08-18,12
LN26065,CUST16065,Credit Card,104393,8699.42,2023-05-24,12
LN26066,CUST16066,Credit Card,116541,9711.75,2023-08-16,12
LN26067,CUST16067,Consumer Durable,89554,4975.22,2024-02-21,18
LN26068,CUST16068,Credit Card,15994,1332.83,2023-08-18,12
LN26069,CUST16069,Personal Loan,300464,6259.67,2024-05-13,48
LN26070,CUST16070,Credit Card,85155,7096.25,2023-11-11,12
LN26071,CUST16071,Credit Card,103999,8666.58,2023-05-30,12
LN26072,CUST16072,Credit Card,37635,3136.25,2023-03-12,12
LN26073,CUST16073,Consumer Durable,188664,31444.0,2023-01-10,6
LN26074,CUST16074,Personal Loan,304197,25349.75,2024-10-11,12
LN26075,CUST16075,Credit Card,89064,7422.0,2023-08-13,12
LN26076,CUST16076,Consumer Durable,43445,7240.83,2023-12-07,6
LN26077,CUST16077,Consumer Durable,164005,27334.17,2024-07-14,6
LN26078,CUST16078,Credit Card,87039,7253.25,2023-04-26,12
LN26079,CUST16079,Personal Loan,274765,22897.08,2024-11-17,12
LN26080,CUST16080,Personal Loan,207839,5773.31,2024-01-29,36
LN26081,CUST16081,Consumer Durable,23395,3899.17,2023-03-17,6
LN26082,CUST16082,Credit Card,35027,2918.92,2023-08-20,12
LN26083,CUST16083,Credit Card,115865,9655.42,2023-01-06,12
LN26084,CUST16084,Personal Loan,143294,11941.17,2023-07-03,12
LN26085,CUST16085,Consumer Durable,199508,16625.67,2023-01-21,12
LN26086,CUST16086,Credit Card,111124,9260.33,2023-11-06,12
LN26087,CUST16087,Consumer Durable,128105,10675.42,2024-11-09,12
LN26088,CUST16088,Personal Loan,158497,6604.04,2024-10-06,24
LN26089,CUST16089,Consumer Durable,92638,5146.56,2024-09-29,18
LN26090,CUST16090,Credit Card,98416,8201.33,2023-07-26,12
LN26091,CUST16091,Credit Card,63127,5260.58,2023-03-20,12
LN26092,CUST16092,Personal Loan,433189,18049.54,2023-03-07,24
LN26093,CUST16093,Consumer Durable,93960,5220.0,2023-12-30,18
LN26094,CUST16094,Personal Loan,443076,9230.75,2024-01-06,48
LN26095,CUST16095,Credit Card,65731,5477.58,2024-01-08,12
LN26096,CUST16096,Consumer Durable,51753,8625.5,2023-10-26,6
LN26097,CUST16097,Consumer Durable,124900,20816.67,2023-08-16,6
LN26098,CUST16098,Personal Loan,66904,1393.83,2023-11-13,48
LN26099,CUST16099,Personal Loan,124260,10355.0,2024-05-23,12
LN26100,CUST16100,Credit Card,88767,7397.25,2024-06-02,12
LN26101,CUST16101,Credit Card,62677,5223.08,2024-04-25,12
LN26102,CUST16102,Credit Card,127710,10642.5,2024-09-30,12
LN26103,CUST16103,Personal Loan,409270,8526.46,2023-05-11,48
LN26104,CUST16104,Consumer Durable,71673,5972.75,2023-12-06,12
LN26105,CUST16105,Consumer Durable,110154,6119.67,2024-04-20,18
LN26106,CUST16106,Credit Card,89457,7454.75,2023-04-10,12
LN26107,CUST16107,Consumer Durable,139502,7750.11,2024-09-12,18
LN26108,CUST16108,Credit Card,122362,10196.83,2024-11-25,12
LN26109,CUST16109,Consumer Durable,46783,7797.17,2024-08-22,6
LN26110,CUST16110,Personal Loan,421171,35097.58,2023-01-27,12
LN26111,CUST16111,Credit Card,130488,10874.0,2023-10-19,12
LN26112,CUST16112,Consumer Durable,16689,2781.5,2024-07-23,6
LN26113,CUST16113,Personal Loan,382982,15957.58,2024-01-11,24
LN26114,CUST16114,Credit Card,39540,3295.0,2023-01-16,12
LN26115,CUST16115,Consumer Durable,68715,11452.5,2023-05-27,6
LN26116,CUST16116,Credit Card,101633,8469.42,2023-05-09,12
LN26117,CUST16117,Personal Loan,455370,18973.75,2023-10-27,24
LN26118,CUST16118,Personal Loan,384973,10693.69,2024-03-07,36
LN26119,CUST16119,Personal Loan,490623,40885.25,2023-10-10,12
LN26120,CUST16120,Credit Card,92677,7723.08,2023-11-02,12
LN26121,CUST16121,Personal Loan,260131,5419.4,2023-03-13,48
LN26122,CUST16122,Consumer Durable,35470,5911.67,2024-05-18,6
LN26123,CUST16123,Credit Card,25240,2103.33,2023-07-09,12
LN26124,CUST16124,Personal Loan,446783,9307.98,2023-02-28,48
LN26125,CUST16125,Credit Card,23356,1946.33,2024-09-16,12
LN26126,CUST16126,Personal Loan,325373,6778.6,2023-10-21,48
LN26127,CUST16127,Personal Loan,362271,10063.08,2024-07-01,36
LN26128,CUST16128,Credit Card,34807,2900.58,2024-05-28,12
LN26129,CUST16129,Credit Card,79583,6631.92,2024-07-18,12
LN26130,CUST16130,Consumer Durable,139158,7731.0,2023-03-22,18
LN26131,CUST16131,Credit Card,91252,7604.33,2024-05-14,12
LN26132,CUST16132,Personal Loan,80344,1673.83,2023-04-17,48
LN26133,CUST16133,Personal Loan,237970,9915.42,2023-10-20,24
LN26134,CUST16134,Consumer Durable,35439,2953.25,2024-07-23,12
LN26135,CUST16135,Credit Card,91947,7662.25,2023-02-21,12
LN26136,CUST16136,Credit Card,71424,5952.0,2024-09-11,12
LN26137,CUST16137,Credit Card,29277,2439.75,2023-09-25,12
LN26138,CUST16138,Personal Loan,348050,29004.17,2024-03-12,12
LN26139,CUST16139,Credit Card,72960,6080.0,2023-05-19,12
LN26140,CUST16140,Credit Card,90556,7546.33,2023-10-30,12
LN26141,CUST16141,Personal Loan,328400,9122.22,2023-01-10,36
LN26142,CUST16142,Consumer Durable,99701,5538.94,2024-01-28,18
LN26143,CUST16143,Credit Card,31220,2601.67,2024-03-09,12
LN26144,CUST16144,Consumer Durable,187164,31194.0,2024-07-29,6
LN26145,CUST16145,Credit Card,122087,10173.92,2024-04-12,12
LN26146,CUST16146,Personal Loan,136473,3790.92,2023-09-30,36
LN26147,CUST16147,Consumer Durable,118924,6606.89,2023-03-30,18
LN26148,CUST16148,Personal Loan,496045,10334.27,2023-02-05,48
LN26149,CUST16149,Credit Card,45795,3816.25,2024-02-19,12
LN26150,CUST16150,Personal Loan,81611,1700.23,2024-09-05,48
LN26151,CUST16151,Consumer Durable,112924,18820.67,2023-07-06,6
LN26152,CUST16152,Consumer Durable,92905,7742.08,2024-07-16,12
LN26153,CUST16153,Credit Card,125405,10450.42,2023-08-02,12
LN26154,CUST16154,Credit Card,17964,1497.0,2024-11-15,12
LN26155,CUST16155,Credit Card,36851,3070.92,2024-05-12,12
LN26156,CUST16156,Personal Loan,107031,4459.62,2023-06-27,24
LN26157,CUST16157,Personal Loan,496352,10340.67,2024-11-23,48
LN26158,CUST16158,Personal Loan,441990,18416.25,2023-04-07,24
LN26159,CUST16159,Personal Loan,476273,39689.42,2023-03-14,12
LN26160,CUST16160,Personal Loan,469359,39113.25,2024-07-24,12
LN26161,CUST16161,Credit Card,90552,7546.0,2023-04-05,12
LN26162,CUST16162,Credit Card,128621,10718.42,2024-06-17,12
LN26163,CUST16163,Consumer Durable,115440,19240.0,2024-06-30,6
LN26164,CUST16164,Personal Loan,142463,11871.92,2024-09-16,12
LN26165,CUST16165,Consumer Durable,52021,8670.17,2023-03-07,6
LN26166,CUST16166,Consumer Durable,122315,6795.28,2023-09-03,18
LN26167,CUST16167,Consumer Durable,189294,10516.33,2024-03-11,18
LN26168,CUST16168,Credit Card,12403,1033.58,2023-06-16,12
LN26169,CUST16169,Personal Loan,455042,18960.08,2023-12-10,24
LN26170,CUST16170,Consumer Durable,191688,15974.0,2023-08-27,12
LN26171,CUST16171,Consumer Durable,180620,15051.67,2024-08-05,12
LN26172,CUST16172,Consumer Durable,23822,1985.17,2023-05-25,12
LN26173,CUST16173,Consumer Durable,116550,6475.0,2024-04-06,18
LN26174,CUST16174,Credit Card,21627,1802.25,2023-05-02,12
LN26175,CUST16175,Credit Card,60847,5070.58,2023-04-30,12
LN26176,CUST16176,Consumer Durable,199275,11070.83,2023-09-14,18
LN26177,CUST16177,Credit Card,50845,4237.08,2023-02-26,12
LN26178,CUST16178,Credit Card,39533,3294.42,2024-05-06,12
LN26179,CUST16179,Credit Card,94379,7864.92,2024-02-15,12
LN26180,CUST16180,Personal Loan,424681,8847.52,2024-06-21,48
LN26181,CUST16181,Consumer Durable,151825,25304.17,2024-09-21,6
LN26182,CUST16182,Credit Card,82430,6869.17,2024-01-28,12
LN26183,CUST16183,Personal Loan,241595,6710.97,2024-10-20,36
LN26184,CUST16184,Consumer Durable,145416,8078.67,2024-11-27,18
LN26185,CUST16185,Personal Loan,369408,15392.0,2023-08-21,24
LN26186,CUST16186,Consumer Durable,70829,3934.94,2023-03-19,18
LN26187,CUST16187,Consumer Durable,164940,27490.0,2023-02-04,6
LN26188,CUST16188,Credit Card,69108,5759.0,2024-03-13,12
LN26189,CUST16189,Consumer Durable,120111,10009.25,2023-12-17,12
LN26190,CUST16190,Credit Card,14336,1194.67,2023-01-14,12
LN26191,CUST16191,Consumer Durable,127639,10636.58,2023-01-26,12
LN26192,CUST16192,Personal Loan,458293,9547.77,2024-08-29,48
LN26193,CUST16193,Credit Card,109258,9104.83,2023-10-02,12
LN26194,CUST16194,Consumer Durable,105434,17572.33,2023-12-29,6
LN26195,CUST16195,Credit Card,138055,11504.58,2023-07-12,12
LN26196,CUST16196,Personal Loan,376861,31405.08,2023-04-21,12
LN26197,CUST16197,Consumer Durable,134498,11208.17,2024-10-02,12
LN26198,CUST16198,Consumer Durable,169013,14084.42,2023-12-16,12
LN26199,CUST16199,Consumer Durable,164315,9128.61,2024-04-30,18
LN26200,CUST16200,Consumer Durable,116738,19456.33,2024-11-22,6
LN26201,CUST16201,Credit Card,46069,3839.08,2024-08-30,12
LN26202,CUST16202,Personal Loan,71082,5923.5,2024-07-22,12
LN26203,CUST16203,Personal Loan,264970,11040.42,2024-05-03,24
LN26204,CUST16204,Personal Loan,53550,1115.62,2023-07-10,48
LN26205,CUST16205,Personal Loan,308512,8569.78,2024-04-09,36
LN26206,CUST16206,Credit Card,49006,4083.83,2023-12-02,12
LN26207,CUST16207,Credit Card,13705,1142.08,2023-05-27,12
LN26208,CUST16208,Credit Card,147972,12331.0,2023-07-31,12
LN26209,CUST16209,Personal Loan,140505,5854.38,2023-08-22,24
LN26210,CUST16210,Personal Loan,216763,9031.79,2024-01-31,24
LN26211,CUST16211,Consumer Durable,51262,2847.89,2023-11-18,18
LN26212,CUST16212,Consumer Durable,77211,6434.25,2023-05-10,12
LN26213,CUST16213,Credit Card,84127,7010.58,2023-11-27,12
LN26214,CUST16214,Credit Card,40124,3343.67,2023-07-08,12
LN26215,CUST16215,Credit Card,81598,6799.83,2024-06-17,12
LN26216,CUST16216,Consumer Durable,118328,19721.33,2024-09-23,6
LN26217,CUST16217,Personal Loan,273578,22798.17,2023-08-26,12
LN26218,CUST16218,Consumer Durable,128129,10677.42,2023-09-24,12
LN26219,CUST16219,Personal Loan,81922,3413.42,2024-02-18,24
LN26220,CUST16220,Consumer Durable,190390,31731.67,2023-02-12,6
LN26221,CUST16221,Personal Loan,455351,37945.92,2024-01-11,12
LN26222,CUST16222,Credit Card,145472,12122.67,2024-10-09,12
LN26223,CUST16223,Credit Card,40917,3409.75,2023-10-21,12
LN26224,CUST16224,Credit Card,91702,7641.83,2024-07-25,12
LN26225,CUST16225,Personal Loan,334062,9279.5,2024-03-28,36
LN26226,CUST16226,Credit Card,101198,8433.17,2023-04-20,12
LN26227,CUST16227,Credit Card,113707,9475.58,2024-09-19,12
LN26228,CUST16228,Consumer Durable,84409,4689.39,2023-12-22,18
LN26229,CUST16229,Credit Card,23802,1983.5,2024-07-13,12
LN26230,CUST16230,Credit Card,18666,1555.5,2024-05-19,12
LN26231,CUST16231,Credit Card,136442,11370.17,2024-09-02,12
LN26232,CUST16232,Personal Loan,310662,25888.5,2023-07-25,12
LN26233,CUST16233,Personal Loan,336207,9339.08,2023-11-01,36
LN26234,CUST16234,Consumer Durable,19348,1074.89,2024-04-27,18
LN26235,CUST16235,Credit Card,12542,1045.17,2024-07-12,12
LN26236,CUST16236,Consumer Durable,103261,17210.17,2024-08-06,6
LN26237,CUST16237,Personal Loan,413441,8613.35,2023-08-26,48
LN26238,CUST16238,Consumer Durable,129617,10801.42,2024-11-27,12
LN26239,CUST16239,Consumer Durable,70698,3927.67,2023-07-21,18
LN26240,CUST16240,Credit Card,118247,9853.92,2024-06-01,12
LN26241,CUST16241,Consumer Durable,188462,31410.33,2024-08-06,6
LN26242,CUST16242,Personal Loan,242690,6741.39,2024-01-04,36
LN26243,CUST16243,Personal Loan,152221,4228.36,2024-02-05,36
LN26244,CUST16244,Credit Card,81523,6793.58,2024-05-26,12
LN26245,CUST16245,Credit Card,129268,10772.33,2024-06-25,12
LN26246,CUST16246,Credit Card,148769,12397.42,2024-06-08,12
LN26247,CUST16247,Credit Card,72436,6036.33,2024-11-08,12
LN26248,CUST16248,Credit Card,133975,11164.58,2023-07-18,12
LN26249,CUST16249,Consumer Durable,53150,2952.78,2024-02-25,18
LN26250,CUST16250,Consumer Durable,144826,12068.83,2024-02-01,12
LN26251,CUST16251,Consumer Durable,169042,28173.67,2023-11-29,6
LN26252,CUST16252,Credit Card,49455,4121.25,2024-08-05,12
LN26253,CUST16253,Personal Loan,237237,4942.44,2024-04-14,48
LN26254,CUST16254,Personal Loan,200511,16709.25,2023-01-10,12
LN26255,CUST16255,Consumer Durable,86249,7187.42,2024-01-15,12
LN26256,CUST16256,Credit Card,46124,3843.67,2023-11-07,12
LN26257,CUST16257,Credit Card,69250,5770.83,2024-10-04,12
LN26258,CUST16258,Personal Loan,208158,17346.5,2024-10-31,12
LN26259,CUST16259,Credit Card,82812,6901.0,2024-08-06,12
LN26260,CUST16260,Credit Card,139519,11626.58,2023-08-16,12
LN26261,CUST16261,Consumer Durable,105474,8789.5,2024-01-21,12
LN26262,CUST16262,Consumer Durable,38980,3248.33,2024-07-13,12
LN26263,CUST16263,Personal Loan,161505,3364.69,2024-06-20,48
LN26264,CUST16264,Credit Card,107227,8935.58,2023-12-08,12
LN26265,CUST16265,Credit Card,59327,4943.92,2024-07-24,12
LN26266,CUST16266,Consumer Durable,15688,1307.33,2023-04-08,12
LN26267,CUST16267,Credit Card,82140,6845.0,2023-03-10,12
LN26268,CUST16268,Personal Loan,382638,31886.5,2024-10-18,12
LN26269,CUST16269,Credit Card,88180,7348.33,2023-10-18,12
LN26270,CUST16270,Credit Card,74229,6185.75,2023-04-21,12
LN26271,CUST16271,Consumer Durable,167243,9291.28,2024-02-23,18
LN26272,CUST16272,Consumer Durable,80030,13338.33,2023-06-01,6
LN26273,CUST16273,Personal Loan,374464,31205.33,2023-10-07,12
LN26274,CUST16274,Credit Card,98111,8175.92,2024-03-06,12
LN26275,CUST16275,Credit Card,128603,10716.92,2023-11-09,12
LN26276,CUST16276,Credit Card,40702,3391.83,2024-04-03,12
LN26277,CUST16277,Consumer Durable,120845,20140.83,2024-04-14,6
LN26278,CUST16278,Personal Loan,229418,19118.17,2023-03-07,12
LN26279,CUST16279,Consumer Durable,154392,25732.0,2023-06-04,6
LN26280,CUST16280,Personal Loan,118243,3284.53,2024-08-18,36
LN26281,CUST16281,Credit Card,65209,5434.08,2024-03-06,12
LN26282,CUST16282,Credit Card,147557,12296.42,2024-05-02,12
LN26283,CUST16283,Consumer Durable,105394,8782.83,2024-01-01,12
LN26284,CUST16284,Credit Card,134041,11170.08,2023-05-01,12
LN26285,CUST16285,Personal Loan,436972,18207.17,2024-04-03,24
LN26286,CUST16286,Personal Loan,123652,3434.78,2024-06-01,36
LN26287,CUST16287,Consumer Durable,31164,2597.0,2023-06-22,12
LN26288,CUST16288,Consumer Durable,82957,13826.17,2024-01-30,6
LN26289,CUST16289,Personal Loan,387738,10770.5,2024-10-15,36
LN26290,CUST16290,Personal Loan,196210,5450.28,2024-04-05,36
LN26291,CUST16291,Consumer Durable,130366,10863.83,2024-02-15,12
LN26292,CUST16292,Personal Loan,314338,26194.83,2024-07-19,12
LN26293,CUST16293,Consumer Durable,42667,7111.17,2024-10-18,6
LN26294,CUST16294,Personal Loan,129019,3583.86,2023-11-25,36
LN26295,CUST16295,Credit Card,127449,10620.75,2023-09-30,12
LN26296,CUST16296,Consumer Durable,114383,9531.92,2023-02-09,12
LN26297,CUST16297,Personal Loan,399019,16625.79,2024-11-07,24
LN26298,CUST16298,Credit Card,38882,3240.17,2024-07-01,12
LN26299,CUST16299,Personal Loan,60171,2507.12,2024-08-02,24
LN26300,CUST16300,Credit Card,75496,6291.33,2023-11-17,12
LN26301,CUST16301,Credit Card,15171,1264.25,2023-02-04,12
LN26302,CUST16302,Consumer Durable,97329,8110.75,2023-07-12,12
LN26303,CUST16303,Credit Card,52312,4359.33,2024-05-13,12
LN26304,CUST16304,Consumer Durable,175933,29322.17,2024-08-31,6
LN26305,CUST16305,Consumer Durable,163576,13631.33,2024-01-06,12
LN26306,CUST16306,Personal Loan,170055,7085.62,2023-10-10,24
LN26307,CUST16307,Credit Card,138575,11547.92,2023-12-30,12
LN26308,CUST16308,Consumer Durable,45723,3810.25,2023-09-06,12
LN26309,CUST16309,Personal Loan,356511,29709.25,2024-07-08,12
LN26310,CUST16310,Personal Loan,334452,6967.75,2024-06-02,48
LN26311,CUST16311,Credit Card,61654,5137.83,2023-06-07,12
LN26312,CUST16312,Personal Loan,150012,4167.0,2024-09-15,36
LN26313,CUST16313,Credit Card,45021,3751.75,2023-05-31,12
LN26314,CUST16314,Personal Loan,55004,4583.67,2024-07-02,12
LN26315,CUST16315,Personal Loan,388572,16190.5,2024-06-25,24
LN26316,CUST16316,Credit Card,25422,2118.5,2023-07-02,12
LN26317,CUST16317,Credit Card,35295,2941.25,2024-08-02,12
LN26318,CUST16318,Credit Card,49663,4138.58,2024-10-23,12
LN26319,CUST16319,Personal Loan,153990,12832.5,2024-01-27,12
LN26320,CUST16320,Consumer Durable,71742,11957.0,2023-11-04,6
LN26321,CUST16321,Personal Loan,479369,39947.42,2024-01-08,12
LN26322,CUST16322,Credit Card,40151,3345.92,2023-02-08,12
LN26323,CUST16323,Credit Card,47565,3963.75,2024-06-16,12
LN26324,CUST16324,Credit Card,149506,12458.83,2024-04-09,12
LN26325,CUST16325,Consumer Durable,15286,2547.67,2024-02-27,6
LN26326,CUST16326,Consumer Durable,53171,8861.83,2024-10-01,6
LN26327,CUST16327,Personal Loan,204264,4255.5,2024-09-28,48
LN26328,CUST16328,Consumer Durable,102763,17127.17,2024-09-18,6
LN26329,CUST16329,Consumer Durable,127471,7081.72,2024-07-08,18
LN26330,CUST16330,Personal Loan,370245,30853.75,2024-05-27,12
LN26331,CUST16331,Credit Card,106178,8848.17,2024-02-09,12
LN26332,CUST16332,Personal Loan,442047,36837.25,2023-03-28,12
LN26333,CUST16333,Personal Loan,211321,4402.52,2023-04-27,48
LN26334,CUST16334,Personal Loan,97017,2694.92,2023-09-29,36
LN26335,CUST16335,Personal Loan,57496,1597.11,2023-10-26,36
LN26336,CUST16336,Credit Card,13798,1149.83,2023-10-02,12
LN26337,CUST16337,Consumer Durable,34568,5761.33,2023-04-12,6
LN26338,CUST16338,Credit Card,108757,9063.08,2023-02-15,12
LN26339,CUST16339,Consumer Durable,42578,2365.44,2024-11-26,18
LN26340,CUST16340,Personal Loan,458840,38236.67,2024-06-24,12
LN26341,CUST16341,Personal Loan,217736,6048.22,2023-04-02,36
LN26342,CUST16342,Personal Loan,70294,2928.92,2023-10-23,24
LN26343,CUST16343,Consumer Durable,176583,9810.17,2024-01-14,18
LN26344,CUST16344,Personal Loan,356709,29725.75,2023-05-25,12
LN26345,CUST16345,Personal Loan,403167,16798.62,2023-03-11,24
LN26346,CUST16346,Credit Card,14239,1186.58,2024-06-03,12
LN26347,CUST16347,Credit Card,112562,9380.17,2024-06-03,12
LN26348,CUST16348,Personal Loan,165981,6915.88,2023-11-09,24
LN26349,CUST16349,Credit Card,53177,4431.42,2024-02-04,12
LN26350,CUST16350,Consumer Durable,152151,8452.83,2024-09-08,18
LN26351,CUST16351,Personal Loan,433564,36130.33,2024-01-11,12
LN26352,CUST16352,Consumer Durable,93156,5175.33,2023-07-08,18
LN26353,CUST16353,Personal Loan,282201,5879.19,2023-07-26,48
LN26354,CUST16354,Personal Loan,497305,10360.52,2023-10-02,48
LN26355,CUST16355,Personal Loan,491712,20488.0,2024-01-08,24
LN26356,CUST16356,Credit Card,108006,9000.5,2023-07-17,12
LN26357,CUST16357,Personal Loan,196768,8198.67,2023-11-17,24
LN26358,CUST16358,Consumer Durable,186529,10362.72,2023-05-21,18
LN26359,CUST16359,Credit Card,69153,5762.75,2023-04-22,12
LN26360,CUST16360,Credit Card,117920,9826.67,2024-10-11,12
LN26361,CUST16361,Consumer Durable,37742,2096.78,2023-03-01,18
LN26362,CUST16362,Credit Card,94603,7883.58,2023-05-10,12
LN26363,CUST16363,Personal Loan,393431,8196.48,2024-01-14,48
LN26364,CUST16364,Credit Card,136212,11351.0,2024-04-12,12
LN26365,CUST16365,Consumer Durable,39142,2174.56,2023-09-24,18
LN26366,CUST16366,Credit Card,85665,7138.75,2023-10-07,12
LN26367,CUST16367,Credit Card,60053,5004.42,2023-08-15,12
LN26368,CUST16368,Credit Card,112408,9367.33,2023-08-18,12
LN26369,CUST16369,Credit Card,132213,11017.75,2023-05-09,12
LN26370,CUST16370,Personal Loan,358971,9971.42,2023-10-07,36
LN26371,CUST16371,Consumer Durable,83287,13881.17,2024-08-14,6
LN26372,CUST16372,Consumer Durable,89036,4946.44,2024-10-19,18
LN26373,CUST16373,Personal Loan,402294,16762.25,2024-01-31,24
LN26374,CUST16374,Consumer Durable,35663,2971.92,2024-10-29,12
LN26375,CUST16375,Personal Loan,462583,38548.58,2023-03-06,12
LN26376,CUST16376,Personal Loan,286945,5978.02,2024-09-11,48
LN26377,CUST16377,Consumer Durable,61576,10262.67,2024-08-31,6
LN26378,CUST16378,Personal Loan,149200,4144.44,2024-08-21,36
LN26379,CUST16379,Consumer Durable,23805,1983.75,2023-10-13,12
LN26380,CUST16380,Personal Loan,61344,2556.0,2024-06-13,24
LN26381,CUST16381,Personal Loan,122422,2550.46,2023-08-31,48
LN26382,CUST16382,Personal Loan,334901,27908.42,2024-06-18,12
LN26383,CUST16383,Credit Card,91961,7663.42,2023-11-23,12
LN26384,CUST16384,Credit Card,35067,2922.25,2024-09-12,12
LN26385,CUST16385,Credit Card,35613,2967.75,2024-05-17,12
LN26386,CUST16386,Credit Card,59266,4938.83,2024-09-04,12
LN26387,CUST16387,Credit Card,98980,8248.33,2023-03-30,12
LN26388,CUST16388,Credit Card,122755,10229.58,2024-01-24,12
LN26389,CUST16389,Personal Loan,381022,15875.92,2024-08-16,24
LN26390,CUST16390,Credit Card,127002,10583.5,2024-05-14,12
LN26391,CUST16391,Personal Loan,248258,6896.06,2023-12-21,36
LN26392,CUST16392,Consumer Durable,64602,10767.0,2024-07-27,6
LN26393,CUST16393,Credit Card,107012,8917.67,2024-05-06,12
LN26394,CUST16394,Personal Loan,444569,18523.71,2024-08-12,24
LN26395,CUST16395,Credit Card,16563,1380.25,2024-06-30,12
LN26396,CUST16396,Personal Loan,241649,6712.47,2024-08-14,36
LN26397,CUST16397,Personal Loan,334911,6977.31,2024-09-24,48
LN26398,CUST16398,Consumer Durable,191326,31887.67,2024-11-21,6
LN26399,CUST16399,Personal Loan,273402,7594.5,2023-11-26,36
LN26400,CUST16400,Credit Card,37950,3162.5,2023-10-24,12
LN26401,CUST16401,Personal Loan,73466,2040.72,2023-08-27,36
LN26402,CUST16402,Personal Loan,198697,16558.08,2024-07-20,12
LN26403,CUST16403,Credit Card,142147,11845.58,2023-08-12,12
LN26404,CUST16404,Consumer Durable,79576,4420.89,2024-07-18,18
LN26405,CUST16405,Personal Loan,469232,19551.33,2023-11-29,24
LN26406,CUST16406,Personal Loan,402611,11183.64,2024-11-16,36
LN26407,CUST16407,Credit Card,103753,8646.08,2023-01-09,12
LN26408,CUST16408,Consumer Durable,20053,3342.17,2024-11-22,6
LN26409,CUST16409,Personal Loan,151866,12655.5,2024-10-16,12
LN26410,CUST16410,Personal Loan,458688,9556.0,2023-08-13,48
LN26411,CUST16411,Consumer Durable,173381,14448.42,2024-08-27,12
LN26412,CUST16412,Credit Card,101025,8418.75,2023-11-28,12
LN26413,CUST16413,Consumer Durable,131645,21940.83,2023-05-14,6
LN26414,CUST16414,Consumer Durable,118501,6583.39,2023-09-25,18
LN26415,CUST16415,Personal Loan,72258,6021.5,2024-01-16,12
LN26416,CUST16416,Personal Loan,179756,7489.83,2023-10-03,24
LN26417,CUST16417,Personal Loan,106557,2959.92,2023-08-10,36
LN26418,CUST16418,Consumer Durable,108940,9078.33,2023-05-02,12
LN26419,CUST16419,Consumer Durable,110673,6148.5,2024-06-05,18
LN26420,CUST16420,Credit Card,63066,5255.5,2023-09-23,12
LN26421,CUST16421,Credit Card,48813,4067.75,2024-03-10,12
LN26422,CUST16422,Personal Loan,145543,12128.58,2023-02-12,12
LN26423,CUST16423,Credit Card,62680,5223.33,2023-04-02,12
LN26424,CUST16424,Credit Card,32207,2683.92,2023-10-11,12
LN26425,CUST16425,Consumer Durable,111801,9316.75,2024-06-09,12
LN26426,CUST16426,Credit Card,123892,10324.33,2023-06-02,12
LN26427,CUST16427,Credit Card,80553,6712.75,2024-10-09,12
LN26428,CUST16428,Credit Card,130452,10871.0,2024-03-17,12
LN26429,CUST16429,Consumer Durable,193602,16133.5,2023-10-22,12
LN26430,CUST16430,Credit Card,102552,8546.0,2024-01-26,12
LN26431,CUST16431,Credit Card,46314,3859.5,2024-02-24,12
LN26432,CUST16432,Consumer Durable,128433,7135.17,2024-08-23,18
LN26433,CUST16433,Personal Loan,81706,2269.61,2023-08-02,36
LN26434,CUST16434,Personal Loan,466997,9729.1,2023-09-14,48
LN26435,CUST16435,Consumer Durable,192624,16052.0,2023-07-28,12
LN26436,CUST16436,Credit Card,35964,2997.0,2023-11-13,12
LN26437,CUST16437,Personal Loan,154245,12853.75,2023-07-22,12
LN26438,CUST16438,Personal Loan,421083,8772.56,2024-04-16,48
LN26439,CUST16439,Consumer Durable,81471,6789.25,2023-10-19,12
LN26440,CUST16440,Credit Card,75778,6314.83,2024-02-13,12
LN26441,CUST16441,Consumer Durable,35779,5963.17,2024-03-26,6
LN26442,CUST16442,Personal Loan,312080,8668.89,2024-02-09,36
LN26443,CUST16443,Credit Card,121931,10160.92,2023-04-30,12
LN26444,CUST16444,Credit Card,20527,1710.58,2023-10-10,12
LN26445,CUST16445,Credit Card,119692,9974.33,2023-01-11,12
LN26446,CUST16446,Consumer Durable,89270,7439.17,2024-01-07,12
LN26447,CUST16447,Personal Loan,188280,15690.0,2024-01-09,12
LN26448,CUST16448,Credit Card,123986,10332.17,2023-05-04,12
LN26449,CUST16449,Personal Loan,163482,3405.88,2024-09-16,48
LN26450,CUST16450,Credit Card,133533,11127.75,2024-02-09,12
LN26451,CUST16451,Consumer Durable,50225,4185.42,2024-07-04,12
LN26452,CUST16452,Consumer Durable,199099,16591.58,2024-10-27,12
LN26453,CUST16453,Consumer Durable,193783,16148.58,2023-07-17,12
LN26454,CUST16454,Personal Loan,462184,19257.67,2024-06-24,24
LN26455,CUST16455,Credit Card,31379,2614.92,2023-08-27,12
LN26456,CUST16456,Credit Card,27218,2268.17,2023-09-05,12
LN26457,CUST16457,Credit Card,74017,6168.08,2024-03-02,12
LN26458,CUST16458,Personal Loan,496239,13784.42,2024-02-05,36
LN26459,CUST16459,Credit Card,60473,5039.42,2023-04-08,12
LN26460,CUST16460,Credit Card,63744,5312.0,2024-05-22,12
LN26461,CUST16461,Personal Loan,475222,9900.46,2023-11-12,48
LN26462,CUST16462,Consumer Durable,98173,5454.06,2023-07-27,18
LN26463,CUST16463,Consumer Durable,103899,5772.17,2024-07-03,18
LN26464,CUST16464,Consumer Durable,38939,6489.83,2023-11-29,6
LN26465,CUST16465,Credit Card,56714,4726.17,2023-11-04,12
LN26466,CUST16466,Personal Loan,275046,11460.25,2024-10-12,24
LN26467,CUST16467,Personal Loan,456552,38046.0,2024-05-17,12
LN26468,CUST16468,Credit Card,121554,10129.5,2023-11-23,12
LN26469,CUST16469,Credit Card,92641,7720.08,2023-01-29,12
LN26470,CUST16470,Credit Card,58542,4878.5,2023-05-26,12
LN26471,CUST16471,Consumer Durable,151509,8417.17,2024-10-27,18
LN26472,CUST16472,Personal Loan,481119,13364.42,2024-03-24,36
LN26473,CUST16473,Credit Card,83238,6936.5,2023-10-09,12
LN26474,CUST16474,Personal Loan,86946,3622.75,2024-06-24,24
LN26475,CUST16475,Personal Loan,81995,2277.64,2023-04-29,36
LN26476,CUST16476,Personal Loan,211258,5868.28,2024-06-19,36
LN26477,CUST16477,Personal Loan,328384,9121.78,2023-05-24,36
LN26478,CUST16478,Consumer Durable,82014,6834.5,2023-05-12,12
LN26479,CUST16479,Credit Card,49272,4106.0,2024-03-31,12
LN26480,CUST16480,Personal Loan,499941,41661.75,2023-03-15,12
LN26481,CUST16481,Credit Card,31167,2597.25,2023-07-31,12
LN26482,CUST16482,Credit Card,83530,6960.83,2024-07-09,12
LN26483,CUST16483,Consumer Durable,124287,6904.83,2024-06-02,18
LN26484,CUST16484,Credit Card,32564,2713.67,2023-09-20,12
LN26485,CUST16485,Personal Loan,372014,7750.29,2023-11-06,48
LN26486,CUST16486,Consumer Durable,177687,14807.25,2024-10-07,12
LN26487,CUST16487,Consumer Durable,26830,2235.83,2023-09-17,12
LN26488,CUST16488,Personal Loan,418520,11625.56,2024-09-06,36
LN26489,CUST16489,Credit Card,26598,2216.5,2023-03-03,12
LN26490,CUST16490,Consumer Durable,190343,31723.83,2023-12-09,6
LN26491,CUST16491,Credit Card,121035,10086.25,2023-05-10,12
LN26492,CUST16492,Credit Card,108291,9024.25,2023-07-01,12
LN26493,CUST16493,Consumer Durable,57114,4759.5,2023-07-10,12
LN26494,CUST16494,Credit Card,31605,2633.75,2024-01-20,12
LN26495,CUST16495,Credit Card,136544,11378.67,2024-06-08,12
LN26496,CUST16496,Consumer Durable,103396,5744.22,2024-03-19,18
LN26497,CUST16497,Consumer Durable,184267,30711.17,2024-07-30,6
LN26498,CUST16498,Personal Loan,246761,5140.85,2024-03-05,48
LN26499,CUST16499,Credit Card,44625,3718.75,2024-05-04,12
LN26500,CUST16500,Personal Loan,132448,5518.67,2024-02-12,24
LN26501,CUST16501,Consumer Durable,23790,1982.5,2024-05-02,12
LN26502,CUST16502,Personal Loan,339784,14157.67,2023-08-11,24
LN26503,CUST16503,Consumer Durable,35280,2940.0,2023-12-07,12
LN26504,CUST16504,Personal Loan,466419,19434.12,2023-09-02,24
LN26505,CUST16505,Credit Card,82066,6838.83,2023-05-15,12
LN26506,CUST16506,Credit Card,74856,6238.0,2023-02-12,12
LN26507,CUST16507,Personal Loan,341756,14239.83,2024-06-09,24
LN26508,CUST16508,Personal Loan,365132,10142.56,2024-07-26,36
LN26509,CUST16509,Personal Loan,498037,20751.54,2023-01-11,24
LN26510,CUST16510,Consumer Durable,138243,11520.25,2023-01-05,12
LN26511,CUST16511,Consumer Durable,92594,15432.33,2024-04-15,6
LN26512,CUST16512,Personal Loan,395856,32988.0,2023-04-12,12
LN26513,CUST16513,Consumer Durable,116372,19395.33,2023-05-07,6
LN26514,CUST16514,Consumer Durable,83276,6939.67,2023-04-20,12
LN26515,CUST16515,Credit Card,45210,3767.5,2024-03-17,12
LN26516,CUST16516,Credit Card,18484,1540.33,2024-11-30,12
LN26517,CUST16517,Consumer Durable,21305,1183.61,2023-02-27,18
LN26518,CUST16518,Personal Loan,145892,6078.83,2024-05-26,24
LN26519,CUST16519,Personal Loan,383124,10642.33,2024-04-21,36
LN26520,CUST16520,Consumer Durable,189419,31569.83,2023-06-25,6
LN26521,CUST16521,Consumer Durable,152493,25415.5,2023-04-06,6
LN26522,CUST16522,Personal Loan,487521,40626.75,2023-07-07,12
LN26523,CUST16523,Credit Card,110617,9218.08,2023-08-18,12
LN26524,CUST16524,Consumer Durable,158208,8789.33,2024-06-06,18
LN26525,CUST16525,Consumer Durable,99855,5547.5,2024-05-21,18
LN26526,CUST16526,Consumer Durable,69616,5801.33,2024-06-18,12
LN26527,CUST16527,Personal Loan,170747,3557.23,2024-06-18,48
LN26528,CUST16528,Personal Loan,401627,33468.92,2024-01-30,12
LN26529,CUST16529,Personal Loan,339930,28327.5,2024-02-24,12
LN26530,CUST16530,Personal Loan,380820,31735.0,2023-04-04,12
LN26531,CUST16531,Personal Loan,225691,4701.9,2024-05-11,48
LN26532,CUST16532,Credit Card,64120,5343.33,2023-02-10,12
LN26533,CUST16533,Credit Card,96338,8028.17,2024-06-07,12
LN26534,CUST16534,Consumer Durable,146240,24373.33,2023-03-29,6
LN26535,CUST16535,Credit Card,119846,9987.17,2023-08-12,12
LN26536,CUST16536,Credit Card,95672,7972.67,2023-04-24,12
LN26537,CUST16537,Personal Loan,350773,29231.08,2024-02-12,12
LN26538,CUST16538,Credit Card,133313,11109.42,2023-04-16,12
LN26539,CUST16539,Credit Card,10219,851.58,2023-09-13,12
LN26540,CUST16540,Credit Card,88696,7391.33,2023-02-28,12
LN26541,CUST16541,Credit Card,55765,4647.08,2023-10-17,12
LN26542,CUST16542,Credit Card,13555,1129.58,2023-06-25,12
LN26543,CUST16543,Credit Card,120014,10001.17,2024-06-12,12
LN26544,CUST16544,Personal Loan,50706,2112.75,2023-03-11,24
LN26545,CUST16545,Consumer Durable,82671,4592.83,2023-09-17,18
LN26546,CUST16546,Consumer Durable,114073,6337.39,2024-03-21,18
LN26547,CUST16547,Credit Card,117828,9819.0,2024-04-24,12
LN26548,CUST16548,Personal Loan,73894,2052.61,2023-05-16,36
LN26549,CUST16549,Personal Loan,246215,10258.96,2024-01-27,24
LN26550,CUST16550,Consumer Durable,153073,25512.17,2023-04-10,6
LN26551,CUST16551,Credit Card,63268,5272.33,2024-08-21,12
LN26552,CUST16552,Personal Loan,86961,1811.69,2024-07-15,48
LN26553,CUST16553,Personal Loan,56400,1566.67,2023-12-31,36
LN26554,CUST16554,Consumer Durable,140484,11707.0,2024-07-26,12
LN26555,CUST16555,Personal Loan,99072,4128.0,2023-07-15,24
LN26556,CUST16556,Consumer Durable,70776,11796.0,2024-01-20,6
LN26557,CUST16557,Personal Loan,106623,2221.31,2023-12-04,48
LN26558,CUST16558,Consumer Durable,142762,23793.67,2023-07-18,6
LN26559,CUST16559,Personal Loan,148347,4120.75,2023-03-19,36
LN26560,CUST16560,Personal Loan,236536,4927.83,2023-07-21,48
LN26561,CUST16561,Credit Card,77530,6460.83,2024-05-22,12
LN26562,CUST16562,Credit Card,147423,12285.25,2024-03-29,12
LN26563,CUST16563,Consumer Durable,116238,19373.0,2024-10-21,6
LN26564,CUST16564,Credit Card,18653,1554.42,2023-06-03,12
LN26565,CUST16565,Consumer Durable,23823,1323.5,2023-11-25,18
LN26566,CUST16566,Credit Card,147645,12303.75,2024-06-14,12
LN26567,CUST16567,Personal Loan,376246,15676.92,2024-10-28,24
LN26568,CUST16568,Credit Card,85909,7159.08,2024-06-25,12
LN26569,CUST16569,Consumer Durable,196862,32810.33,2024-05-12,6
LN26570,CUST16570,Credit Card,31538,2628.17,2024-07-17,12
LN26571,CUST16571,Credit Card,125959,10496.58,2024-03-09,12
LN26572,CUST16572,Credit Card,128931,10744.25,2024-10-06,12
LN26573,CUST16573,Credit Card,80159,6679.92,2023-10-31,12
LN26574,CUST16574,Personal Loan,463199,9649.98,2023-06-04,48
LN26575,CUST16575,Consumer Durable,154711,8595.06,2023-12-11,18
LN26576,CUST16576,Consumer Durable,138703,7705.72,2024-11-18,18
LN26577,CUST16577,Personal Loan,186275,3880.73,2023-10-31,48
LN26578,CUST16578,Credit Card,40650,3387.5,2024-11-17,12
LN26579,CUST16579,Personal Loan,212383,8849.29,2023-10-01,24
LN26580,CUST16580,Credit Card,100552,8379.33,2023-06-15,12
LN26581,CUST16581,Personal Loan,98614,2739.28,2023-08-04,36
LN26582,CUST16582,Credit Card,136739,11394.92,2024-11-09,12
LN26583,CUST16583,Consumer Durable,16003,2667.17,2023-03-20,6
LN26584,CUST16584,Consumer Durable,26101,2175.08,2024-06-27,12
LN26585,CUST16585,Personal Loan,132399,11033.25,2024-04-04,12
LN26586,CUST16586,Credit Card,144016,12001.33,2023-10-31,12
LN26587,CUST16587,Credit Card,78577,6548.08,2023-05-13,12
LN26588,CUST16588,Personal Loan,243354,10139.75,2024-11-08,24
LN26589,CUST16589,Credit Card,97161,8096.75,2023-08-16,12
LN26590,CUST16590,Credit Card,100756,8396.33,2023-06-11,12
LN26591,CUST16591,Credit Card,114906,9575.5,2023-07-28,12
LN26592,CUST16592,Personal Loan,229815,6383.75,2024-01-31,36
LN26593,CUST16593,Consumer Durable,35281,5880.17,2023-07-17,6
LN26594,CUST16594,Credit Card,130171,10847.58,2024-02-25,12
LN26595,CUST16595,Personal Loan,364942,10137.28,2024-02-28,36
LN26596,CUST16596,Credit Card,36098,3008.17,2024-10-02,12
LN26597,CUST16597,Credit Card,22043,1836.92,2024-01-08,12
LN26598,CUST16598,Personal Loan,456576,12682.67,2023-10-29,36
LN26599,CUST16599,Credit Card,124337,10361.42,2023-05-27,12
LN26600,CUST16600,Consumer Durable,74014,6167.83,2023-09-10,12
LN26601,CUST16601,Consumer Durable,16005,1333.75,2023-09-14,12
LN26602,CUST16602,Consumer Durable,98100,16350.0,2023-05-22,6
LN26603,CUST16603,Personal Loan,467004,12972.33,2023-11-14,36
LN26604,CUST16604,Consumer Durable,199295,16607.92,2024-08-15,12
LN26605,CUST16605,Credit Card,24367,2030.58,2024-02-04,12
LN26606,CUST16606,Personal Loan,430647,11962.42,2024-02-18,36
LN26607,CUST16607,Consumer Durable,64612,3589.56,2024-08-12,18
LN26608,CUST16608,Consumer Durable,180413,30068.83,2024-07-06,6
LN26609,CUST16609,Personal Loan,460177,38348.08,2024-08-24,12
LN26610,CUST16610,Personal Loan,243401,10141.71,2024-08-27,24
LN26611,CUST16611,Personal Loan,301277,12553.21,2023-03-16,24
LN26612,CUST16612,Credit Card,64212,5351.0,2024-02-15,12
LN26613,CUST16613,Credit Card,24031,2002.58,2023-08-29,12
LN26614,CUST16614,Credit Card,12378,1031.5,2023-10-22,12
LN26615,CUST16615,Consumer Durable,163932,9107.33,2024-01-28,18
LN26616,CUST16616,Consumer Durable,173381,28896.83,2024-07-30,6
LN26617,CUST16617,Credit Card,42912,3576.0,2024-05-28,12
LN26618,CUST16618,Consumer Durable,128170,10680.83,2023-12-17,12
LN26619,CUST16619,Credit Card,146262,12188.5,2023-01-31,12
LN26620,CUST16620,Credit Card,66181,5515.08,2024-05-08,12
LN26621,CUST16621,Credit Card,77112,6426.0,2024-04-09,12
LN26622,CUST16622,Credit Card,16421,1368.42,2024-11-26,12
LN26623,CUST16623,Personal Loan,329148,13714.5,2023-02-01,24
LN26624,CUST16624,Credit Card,98042,8170.17,2024-02-09,12
LN26625,CUST16625,Consumer Durable,128898,7161.0,2023-12-24,18
LN26626,CUST16626,Personal Loan,179013,14917.75,2023-04-05,12
LN26627,CUST16627,Consumer Durable,168343,28057.17,2023-06-03,6
LN26628,CUST16628,Consumer Durable,57962,3220.11,2024-01-15,18
LN26629,CUST16629,Personal Loan,391056,16294.0,2023-02-12,24
LN26630,CUST16630,Consumer Durable,41890,6981.67,2023-04-01,6
LN26631,CUST16631,Personal Loan,97053,2695.92,2023-08-05,36
LN26632,CUST16632,Consumer Durable,114010,9500.83,2023-04-16,12
LN26633,CUST16633,Consumer Durable,154945,8608.06,2024-09-23,18
LN26634,CUST16634,Consumer Durable,15948,1329.0,2024-01-15,12
LN26635,CUST16635,Personal Loan,121908,10159.0,2023-01-10,12
LN26636,CUST16636,Personal Loan,416827,11578.53,2023-04-01,36
LN26637,CUST16637,Credit Card,130031,10835.92,2024-08-31,12
LN26638,CUST16638,Personal Loan,312221,8672.81,2024-01-13,36
LN26639,CUST16639,Credit Card,13701,1141.75,2024-04-23,12
LN26640,CUST16640,Consumer Durable,21748,1812.33,2024-09-10,12
LN26641,CUST16641,Credit Card,66893,5574.42,2024-05-18,12
LN26642,CUST16642,Consumer Durable,32659,5443.17,2023-09-11,6
LN26643,CUST16643,Personal Loan,74779,6231.58,2023-08-25,12
LN26644,CUST16644,Consumer Durable,174299,9683.28,2024-02-04,18
LN26645,CUST16645,Personal Loan,443640,9242.5,2024-10-14,48
LN26646,CUST16646,Personal Loan,66232,1839.78,2024-10-15,36
LN26647,CUST16647,Personal Loan,447315,12425.42,2023-03-18,36
LN26648,CUST16648,Credit Card,124630,10385.83,2024-05-14,12
LN26649,CUST16649,Credit Card,103777,8648.08,2023-08-05,12
LN26650,CUST16650,Credit Card,69559,5796.58,2024-10-15,12
LN26651,CUST16651,Personal Loan,441250,18385.42,2023-08-16,24
LN26652,CUST16652,Consumer Durable,143813,23968.83,2024-07-17,6
LN26653,CUST16653,Credit Card,122658,10221.5,2024-03-14,12
LN26654,CUST16654,Personal Loan,251819,5246.23,2023-02-03,48
LN26655,CUST16655,Credit Card,27819,2318.25,2024-09-11,12
LN26656,CUST16656,Personal Loan,156126,4336.83,2024-04-30,36
LN26657,CUST16657,Credit Card,63311,5275.92,2023-06-30,12
LN26658,CUST16658,Personal Loan,330376,9177.11,2023-01-22,36
LN26659,CUST16659,Consumer Durable,193680,10760.0,2024-09-01,18
LN26660,CUST16660,Credit Card,84456,7038.0,2023-06-03,12
LN26661,CUST16661,Consumer Durable,18892,1049.56,2024-10-30,18
LN26662,CUST16662,Credit Card,62840,5236.67,2023-04-30,12
LN26663,CUST16663,Credit Card,126458,10538.17,2023-07-06,12
LN26664,CUST16664,Credit Card,68544,5712.0,2023-09-07,12
LN26665,CUST16665,Personal Loan,341783,28481.92,2024-02-09,12
LN26666,CUST16666,Consumer Durable,28056,1558.67,2023-08-31,18
LN26667,CUST16667,Credit Card,92167,7680.58,2024-11-05,12
LN26668,CUST16668,Credit Card,24271,2022.58,2023-08-08,12
LN26669,CUST16669,Personal Loan,73269,1526.44,2023-08-21,48
LN26670,CUST16670,Consumer Durable,107362,17893.67,2023-01-09,6
LN26671,CUST16671,Personal Loan,313447,13060.29,2023-10-13,24
LN26672,CUST16672,Personal Loan,299439,12476.62,2023-12-05,24
LN26673,CUST16673,Credit Card,45684,3807.0,2023-01-07,12
LN26674,CUST16674,Personal Loan,307707,25642.25,2024-10-02,12
LN26675,CUST16675,Consumer Durable,129685,7204.72,2024-11-18,18
LN26676,CUST16676,Personal Loan,170728,3556.83,2024-05-27,48
LN26677,CUST16677,Credit Card,106582,8881.83,2024-04-23,12
LN26678,CUST16678,Credit Card,47690,3974.17,2023-09-04,12
LN26679,CUST16679,Credit Card,37064,3088.67,2024-10-21,12
LN26680,CUST16680,Credit Card,111100,9258.33,2024-04-11,12
LN26681,CUST16681,Credit Card,115530,9627.5,2024-03-19,12
LN26682,CUST16682,Credit Card,147612,12301.0,2024-09-10,12
LN26683,CUST16683,Credit Card,15414,1284.5,2023-04-03,12
LN26684,CUST16684,Credit Card,15275,1272.92,2024-01-30,12
LN26685,CUST16685,Personal Loan,77438,3226.58,2024-02-03,24
LN26686,CUST16686,Personal Loan,202799,4224.98,2023-03-31,48
LN26687,CUST16687,Consumer Durable,45940,7656.67,2024-12-01,6
LN26688,CUST16688,Personal Loan,95374,1986.96,2023-11-13,48
LN26689,CUST16689,Consumer Durable,91561,5086.72,2024-10-18,18
LN26690,CUST16690,Credit Card,105509,8792.42,2024-09-24,12
LN26691,CUST16691,Credit Card,16367,1363.92,2023-11-22,12
LN26692,CUST16692,Personal Loan,145290,6053.75,2023-01-01,24
LN26693,CUST16693,Personal Loan,178043,4945.64,2023-06-16,36
LN26694,CUST16694,Credit Card,26851,2237.58,2023-03-24,12
LN26695,CUST16695,Consumer Durable,92839,5157.72,2023-11-18,18
LN26696,CUST16696,Credit Card,11726,977.17,2023-09-03,12
LN26697,CUST16697,Personal Loan,359243,9978.97,2024-11-03,36
LN26698,CUST16698,Consumer Durable,55961,4663.42,2023-10-16,12
LN26699,CUST16699,Consumer Durable,102583,8548.58,2023-11-07,12
LN26700,CUST16700,Personal Loan,57091,4757.58,2023-10-27,12
LN26701,CUST16701,Personal Loan,334582,9293.94,2024-07-16,36
LN26702,CUST16702,Credit Card,26643,2220.25,2023-11-17,12
LN26703,CUST16703,Credit Card,13448,1120.67,2024-10-12,12
LN26704,CUST16704,Consumer Durable,169351,28225.17,2023-05-04,6
LN26705,CUST16705,Personal Loan,114983,4790.96,2023-02-24,24
LN26706,CUST16706,Consumer Durable,49179,4098.25,2024-04-06,12
LN26707,CUST16707,Personal Loan,126196,5258.17,2023-09-05,24
LN26708,CUST16708,Consumer Durable,45795,2544.17,2023-09-08,18
LN26709,CUST16709,Consumer Durable,99511,8292.58,2023-07-20,12
LN26710,CUST16710,Personal Loan,469185,13032.92,2024-03-05,36
LN26711,CUST16711,Consumer Durable,118333,6574.06,2023-11-23,18
LN26712,CUST16712,Credit Card,104652,8721.0,2023-08-03,12
LN26713,CUST16713,Personal Loan,209935,17494.58,2024-11-10,12
LN26714,CUST16714,Personal Loan,197044,16420.33,2024-10-27,12
LN26715,CUST16715,Consumer Durable,88834,7402.83,2024-05-07,12
LN26716,CUST16716,Personal Loan,104172,8681.0,2024-08-06,12
LN26717,CUST16717,Personal Loan,439994,36666.17,2024-01-21,12
LN26718,CUST16718,Personal Loan,364216,15175.67,2024-01-02,24
LN26719,CUST16719,Personal Loan,336171,9338.08,2023-07-01,36
LN26720,CUST16720,Credit Card,133132,11094.33,2024-01-07,12
LN26721,CUST16721,Personal Loan,196241,8176.71,2024-09-05,24
LN26722,CUST16722,Personal Loan,210884,5857.89,2024-03-14,36
LN26723,CUST16723,Credit Card,51586,4298.83,2024-05-17,12
LN26724,CUST16724,Consumer Durable,181245,15103.75,2023-03-04,12
LN26725,CUST16725,Personal Loan,139339,5805.79,2023-02-07,24
LN26726,CUST16726,Consumer Durable,116778,9731.5,2023-07-21,12
LN26727,CUST16727,Consumer Durable,75329,4184.94,2024-03-28,18
LN26728,CUST16728,Personal Loan,213389,8891.21,2024-01-06,24
LN26729,CUST16729,Consumer Durable,123638,20606.33,2024-06-27,6
LN26730,CUST16730,Credit Card,51063,4255.25,2024-04-09,12
LN26731,CUST16731,Consumer Durable,135067,7503.72,2023-11-13,18
LN26732,CUST16732,Consumer Durable,138537,11544.75,2023-12-23,12
LN26733,CUST16733,Credit Card,111532,9294.33,2024-03-20,12
LN26734,CUST16734,Consumer Durable,154635,25772.5,2023-11-04,6
LN26735,CUST16735,Credit Card,31626,2635.5,2024-04-03,12
LN26736,CUST16736,Personal Loan,212968,5915.78,2023-11-04,36
LN26737,CUST16737,Personal Loan,489474,13596.5,2023-04-09,36
LN26738,CUST16738,Personal Loan,421270,11701.94,2024-06-21,36
LN26739,CUST16739,Credit Card,39372,3281.0,2024-03-01,12
LN26740,CUST16740,Personal Loan,300890,8358.06,2023-06-13,36
LN26741,CUST16741,Consumer Durable,16600,1383.33,2023-06-11,12
LN26742,CUST16742,Consumer Durable,108739,6041.06,2023-10-11,18
LN26743,CUST16743,Credit Card,48810,4067.5,2023-04-09,12
LN26744,CUST16744,Consumer Durable,92816,5156.44,2024-05-05,18
LN26745,CUST16745,Credit Card,139422,11618.5,2024-10-22,12
LN26746,CUST16746,Personal Loan,483810,10079.38,2023-07-26,48
LN26747,CUST16747,Consumer Durable,54544,4545.33,2023-03-27,12
LN26748,CUST16748,Consumer Durable,164856,13738.0,2023-01-11,12
LN26749,CUST16749,Personal Loan,417921,17413.38,2023-11-30,24
LN26750,CUST16750,Credit Card,31767,2647.25,2024-03-21,12
LN26751,CUST16751,Consumer Durable,51120,4260.0,2023-07-12,12
LN26752,CUST16752,Personal Loan,104865,2912.92,2024-07-20,36
LN26753,CUST16753,Consumer Durable,20973,3495.5,2023-09-23,6
LN26754,CUST16754,Personal Loan,85311,2369.75,2024-01-18,36
LN26755,CUST16755,Personal Loan,350668,7305.58,2024-08-22,48
LN26756,CUST16756,Credit Card,88920,7410.0,2023-12-14,12
LN26757,CUST16757,Credit Card,23479,1956.58,2024-10-06,12
LN26758,CUST16758,Credit Card,101455,8454.58,2024-07-08,12
LN26759,CUST16759,Consumer Durable,79284,6607.0,2024-02-02,12
LN26760,CUST16760,Personal Loan,54730,1520.28,2024-10-19,36
LN26761,CUST16761,Consumer Durable,40030,6671.67,2024-10-19,6
LN26762,CUST16762,Credit Card,145317,12109.75,2023-01-01,12
LN26763,CUST16763,Credit Card,59583,4965.25,2023-05-06,12
LN26764,CUST16764,Credit Card,98373,8197.75,2023-11-08,12
LN26765,CUST16765,Consumer Durable,94786,7898.83,2024-01-18,12
LN26766,CUST16766,Personal Loan,96047,2000.98,2023-03-17,48
LN26767,CUST16767,Personal Loan,245604,5116.75,2024-09-19,48
LN26768,CUST16768,Personal Loan,328542,9126.17,2024-09-15,36
LN26769,CUST16769,Credit Card,37037,3086.42,2023-06-17,12
LN26770,CUST16770,Personal Loan,164256,3422.0,2024-03-11,48
LN26771,CUST16771,Personal Loan,260826,5433.88,2024-11-22,48
LN26772,CUST16772,Personal Loan,178165,3711.77,2024-09-13,48
LN26773,CUST16773,Credit Card,64417,5368.08,2023-09-22,12
LN26774,CUST16774,Credit Card,59694,4974.5,2024-05-12,12
LN26775,CUST16775,Consumer Durable,137759,11479.92,2023-07-04,12
LN26776,CUST16776,Consumer Durable,107755,17959.17,2024-02-27,6
LN26777,CUST16777,Credit Card,15469,1289.08,2024-03-11,12
LN26778,CUST16778,Credit Card,108712,9059.33,2024-09-20,12
LN26779,CUST16779,Consumer Durable,159872,26645.33,2024-08-20,6
LN26780,CUST16780,Consumer Durable,21439,1191.06,2024-07-10,18
LN26781,CUST16781,Credit Card,94562,7880.17,2023-04-22,12
LN26782,CUST16782,Credit Card,101824,8485.33,2023-08-08,12
LN26783,CUST16783,Credit Card,79657,6638.08,2023-01-10,12
LN26784,CUST16784,Personal Loan,381632,7950.67,2024-02-12,48
LN26785,CUST16785,Consumer Durable,184075,15339.58,2024-07-28,12
LN26786,CUST16786,Personal Loan,199487,16623.92,2023-07-28,12
LN26787,CUST16787,Consumer Durable,122348,6797.11,2024-11-05,18
LN26788,CUST16788,Personal Loan,487425,13539.58,2024-11-18,36
LN26789,CUST16789,Consumer Durable,167397,9299.83,2023-04-29,18
LN26790,CUST16790,Personal Loan,74006,1541.79,2024-02-28,48
LN26791,CUST16791,Consumer Durable,189527,15793.92,2023-03-29,12
LN26792,CUST16792,Consumer Durable,180082,30013.67,2023-11-23,6
LN26793,CUST16793,Consumer Durable,90677,15112.83,2023-12-22,6
LN26794,CUST16794,Personal Loan,234123,4877.56,2024-06-12,48
LN26795,CUST16795,Personal Loan,370848,30904.0,2023-10-22,12
LN26796,CUST16796,Personal Loan,488399,13566.64,2023-08-22,36
LN26797,CUST16797,Consumer Durable,193127,16093.92,2023-11-16,12
LN26798,CUST16798,Consumer Durable,113245,6291.39,2024-06-24,18
LN26799,CUST16799,Credit Card,114882,9573.5,2023-07-28,12
LN26800,CUST16800,Personal Loan,81400,3391.67,2024-04-06,24
LN26801,CUST16801,Consumer Durable,60367,10061.17,2023-03-17,6
LN26802,CUST16802,Consumer Durable,47801,7966.83,2023-09-08,6
LN26803,CUST16803,Personal Loan,144203,6008.46,2024-11-20,24
LN26804,CUST16804,Consumer Durable,187466,15622.17,2023-03-11,12
LN26805,CUST16805,Credit Card,48578,4048.17,2024-07-09,12
LN26806,CUST16806,Credit Card,126750,10562.5,2023-10-25,12
LN26807,CUST16807,Consumer Durable,151364,25227.33,2024-01-24,6
LN26808,CUST16808,Personal Loan,78265,6522.08,2023-05-30,12
LN26809,CUST16809,Consumer Durable,136045,7558.06,2023-08-13,18
LN26810,CUST16810,Consumer Durable,166179,13848.25,2024-01-16,12
LN26811,CUST16811,Consumer Durable,147528,8196.0,2024-01-01,18
LN26812,CUST16812,Credit Card,31511,2625.92,2023-05-17,12
LN26813,CUST16813,Consumer Durable,33896,5649.33,2023-04-08,6
LN26814,CUST16814,Credit Card,37645,3137.08,2024-02-28,12
LN26815,CUST16815,Consumer Durable,184763,15396.92,2024-02-03,12
LN26816,CUST16816,Consumer Durable,81892,13648.67,2024-04-30,6
LN26817,CUST16817,Personal Loan,345893,28824.42,2024-06-09,12
LN26818,CUST16818,Credit Card,84889,7074.08,2023-11-24,12
LN26819,CUST16819,Credit Card,148306,12358.83,2024-06-24,12
LN26820,CUST16820,Consumer Durable,90494,7541.17,2024-10-26,12
LN26821,CUST16821,Consumer Durable,183429,10190.5,2023-12-08,18
LN26822,CUST16822,Consumer Durable,84851,14141.83,2024-09-05,6
LN26823,CUST16823,Personal Loan,114581,2387.1,2023-01-25,48
LN26824,CUST16824,Credit Card,60763,5063.58,2023-06-07,12
LN26825,CUST16825,Credit Card,96743,8061.92,2024-11-10,12
LN26826,CUST16826,Consumer Durable,59520,3306.67,2024-02-09,18
LN26827,CUST16827,Consumer Durable,82386,4577.0,2023-01-02,18
LN26828,CUST16828,Credit Card,83645,6970.42,2024-11-08,12
LN26829,CUST16829,Personal Loan,236169,19680.75,2023-12-04,12
LN26830,CUST16830,Personal Loan,113083,9423.58,2023-07-25,12
LN26831,CUST16831,Personal Loan,297330,12388.75,2024-07-02,24
LN26832,CUST16832,Personal Loan,237541,19795.08,2023-07-01,12
LN26833,CUST16833,Credit Card,32589,2715.75,2024-05-15,12
LN26834,CUST16834,Personal Loan,327791,13657.96,2023-09-03,24
LN26835,CUST16835,Credit Card,140054,11671.17,2024-07-03,12
LN26836,CUST16836,Credit Card,58068,4839.0,2023-10-30,12
LN26837,CUST16837,Consumer Durable,137288,22881.33,2023-12-26,6
LN26838,CUST16838,Consumer Durable,41027,3418.92,2023-05-02,12
LN26839,CUST16839,Credit Card,29874,2489.5,2023-11-04,12
LN26840,CUST16840,Consumer Durable,72618,4034.33,2024-04-27,18
LN26841,CUST16841,Personal Loan,214108,8921.17,2023-08-07,24
LN26842,CUST16842,Consumer Durable,18179,1514.92,2024-02-19,12
LN26843,CUST16843,Personal Loan,253342,10555.92,2024-03-06,24
LN26844,CUST16844,Credit Card,95274,7939.5,2023-11-20,12
LN26845,CUST16845,Consumer Durable,47937,7989.5,2024-08-25,6
LN26846,CUST16846,Consumer Durable,41479,6913.17,2024-03-23,6
LN26847,CUST16847,Credit Card,22385,1865.42,2023-10-26,12
LN26848,CUST16848,Consumer Durable,152796,12733.0,2023-11-17,12
LN26849,CUST16849,Consumer Durable,140463,7803.5,2024-08-06,18
LN26850,CUST16850,Consumer Durable,108953,9079.42,2023-06-04,12
LN26851,CUST16851,Personal Loan,420230,11673.06,2024-01-27,36
LN26852,CUST16852,Personal Loan,453412,37784.33,2024-10-14,12
LN26853,CUST16853,Credit Card,126634,10552.83,2023-05-20,12
LN26854,CUST16854,Credit Card,124150,10345.83,2024-11-17,12
LN26855,CUST16855,Consumer Durable,163550,9086.11,2023-11-13,18
LN26856,CUST16856,Personal Loan,209931,4373.56,2023-10-22,48
LN26857,CUST16857,Credit Card,58649,4887.42,2024-02-15,12
LN26858,CUST16858,Consumer Durable,24463,1359.06,2024-11-18,18
LN26859,CUST16859,Personal Loan,385660,16069.17,2023-02-15,24
LN26860,CUST16860,Personal Loan,148980,3103.75,2023-03-01,48
LN26861,CUST16861,Personal Loan,385698,8035.38,2024-04-06,48
LN26862,CUST16862,Consumer Durable,179116,14926.33,2024-03-20,12
LN26863,CUST16863,Personal Loan,81989,3416.21,2024-03-13,24
LN26864,CUST16864,Credit Card,126902,10575.17,2023-06-04,12
LN26865,CUST16865,Personal Loan,199946,8331.08,2023-05-12,24
LN26866,CUST16866,Consumer Durable,181392,15116.0,2024-09-29,12
LN26867,CUST16867,Consumer Durable,20198,1122.11,2023-07-23,18
LN26868,CUST16868,Consumer Durable,44920,3743.33,2024-04-17,12
LN26869,CUST16869,Consumer Durable,43591,2421.72,2024-09-05,18
LN26870,CUST16870,Credit Card,32491,2707.58,2023-09-06,12
LN26871,CUST16871,Consumer Durable,104795,8732.92,2023-03-02,12
LN26872,CUST16872,Consumer Durable,149317,12443.08,2024-04-15,12
LN26873,CUST16873,Credit Card,63638,5303.17,2024-03-23,12
LN26874,CUST16874,Personal Loan,115128,9594.0,2024-06-16,12
LN26875,CUST16875,Consumer Durable,146423,12201.92,2023-01-30,12
LN26876,CUST16876,Credit Card,118674,9889.5,2023-04-05,12
LN26877,CUST16877,Credit Card,22550,1879.17,2024-10-31,12
LN26878,CUST16878,Credit Card,38339,3194.92,2024-05-16,12
LN26879,CUST16879,Personal Loan,211340,4402.92,2024-02-01,48
LN26880,CUST16880,Personal Loan,179604,4989.0,2024-08-20,36
LN26881,CUST16881,Consumer Durable,93275,5181.94,2024-10-03,18
LN26882,CUST16882,Personal Loan,494887,13746.86,2023-02-27,36
LN26883,CUST16883,Credit Card,38498,3208.17,2024-10-21,12
LN26884,CUST16884,Credit Card,91217,7601.42,2023-08-05,12
LN26885,CUST16885,Credit Card,140182,11681.83,2024-10-15,12
LN26886,CUST16886,Credit Card,117990,9832.5,2023-06-15,12
LN26887,CUST16887,Consumer Durable,185769,10320.5,2024-04-25,18
LN26888,CUST16888,Personal Loan,213553,17796.08,2024-07-25,12
LN26889,CUST16889,Consumer Durable,118479,19746.5,2024-11-08,6
LN26890,CUST16890,Consumer Durable,125534,6974.11,2024-01-26,18
LN26891,CUST16891,Personal Loan,470698,9806.21,2024-07-02,48
LN26892,CUST16892,Consumer Durable,121967,10163.92,2023-07-23,12
LN26893,CUST16893,Personal Loan,62245,1729.03,2023-09-28,36
LN26894,CUST16894,Personal Loan,167788,6991.17,2023-07-26,24
LN26895,CUST16895,Credit Card,125381,10448.42,2023-12-28,12
LN26896,CUST16896,Personal Loan,291383,6070.48,2023-04-22,48
LN26897,CUST16897,Credit Card,70094,5841.17,2024-02-22,12
LN26898,CUST16898,Consumer Durable,182108,30351.33,2024-10-12,6
LN26899,CUST16899,Consumer Durable,26426,2202.17,2024-04-10,12
LN26900,CUST16900,Personal Loan,53313,1480.92,2023-07-08,36
LN26901,CUST16901,Personal Loan,88565,1845.1,2024-07-15,48
LN26902,CUST16902,Consumer Durable,166823,9267.94,2023-09-15,18
LN26903,CUST16903,Consumer Durable,50416,4201.33,2024-04-17,12
LN26904,CUST16904,Consumer Durable,103718,8643.17,2023-08-21,12
LN26905,CUST16905,Credit Card,81872,6822.67,2024-03-07,12
LN26906,CUST16906,Credit Card,78999,6583.25,2023-01-10,12
LN26907,CUST16907,Credit Card,91454,7621.17,2023-07-18,12
LN26908,CUST16908,Personal Loan,161340,3361.25,2024-09-26,48
LN26909,CUST16909,Personal Loan,183670,5101.94,2024-04-10,36
LN26910,CUST16910,Credit Card,79020,6585.0,2024-08-29,12
LN26911,CUST16911,Personal Loan,53626,2234.42,2024-11-16,24
LN26912,CUST16912,Consumer Durable,119921,19986.83,2023-10-30,6
LN26913,CUST16913,Credit Card,148609,12384.08,2023-04-12,12
LN26914,CUST16914,Credit Card,29316,2443.0,2024-09-18,12
LN26915,CUST16915,Personal Loan,170876,3559.92,2023-12-29,48
LN26916,CUST16916,Credit Card,42900,3575.0,2023-03-28,12
LN26917,CUST16917,Credit Card,82236,6853.0,2024-05-20,12
LN26918,CUST16918,Consumer Durable,23383,3897.17,2024-11-14,6
LN26919,CUST16919,Credit Card,119545,9962.08,2024-11-06,12
LN26920,CUST16920,Personal Loan,193327,8055.29,2024-09-18,24
LN26921,CUST16921,Personal Loan,408738,8515.38,2024-05-31,48
LN26922,CUST16922,Credit Card,133480,11123.33,2024-08-08,12
LN26923,CUST16923,Personal Loan,356913,29742.75,2023-06-26,12
LN26924,CUST16924,Credit Card,45070,3755.83,2024-11-02,12
LN26925,CUST16925,Consumer Durable,167743,9319.06,2023-09-11,18
LN26926,CUST16926,Consumer Durable,74042,6170.17,2023-04-17,12
LN26927,CUST16927,Credit Card,121311,10109.25,2024-04-16,12
LN26928,CUST16928,Personal Loan,396094,8251.96,2024-07-28,48
LN26929,CUST16929,Credit Card,124653,10387.75,2023-04-15,12
LN26930,CUST16930,Credit Card,20509,1709.08,2023-01-22,12
LN26931,CUST16931,Consumer Durable,42160,2342.22,2023-05-15,18
LN26932,CUST16932,Credit Card,113922,9493.5,2023-03-30,12
LN26933,CUST16933,Personal Loan,327252,13635.5,2024-09-15,24
LN26934,CUST16934,Credit Card,95655,7971.25,2023-12-31,12
LN26935,CUST16935,Personal Loan,130369,10864.08,2024-02-11,12
LN26936,CUST16936,Consumer Durable,169223,28203.83,2024-10-28,6
LN26937,CUST16937,Credit Card,131418,10951.5,2023-09-04,12
LN26938,CUST16938,Credit Card,36426,3035.5,2024-09-15,12
LN26939,CUST16939,Credit Card,106486,8873.83,2023-10-16,12
LN26940,CUST16940,Credit Card,112944,9412.0,2024-09-23,12
LN26941,CUST16941,Credit Card,126101,10508.42,2024-11-08,12
LN26942,CUST16942,Credit Card,17245,1437.08,2024-09-05,12
LN26943,CUST16943,Personal Loan,338508,14104.5,2023-02-27,24
LN26944,CUST16944,Consumer Durable,49686,8281.0,2024-04-12,6
LN26945,CUST16945,Personal Loan,480991,20041.29,2023-12-20,24
LN26946,CUST16946,Personal Loan,197323,5481.19,2024-07-25,36
LN26947,CUST16947,Consumer Durable,164492,13707.67,2024-05-12,12
LN26948,CUST16948,Consumer Durable,176987,14748.92,2024-07-04,12
LN26949,CUST16949,Consumer Durable,67292,5607.67,2023-01-08,12
LN26950,CUST16950,Consumer Durable,62225,5185.42,2024-01-20,12
LN26951,CUST16951,Personal Loan,61163,1274.23,2024-11-19,48
LN26952,CUST16952,Personal Loan,50428,4202.33,2023-02-04,12
LN26953,CUST16953,Credit Card,113069,9422.42,2024-01-28,12
LN26954,CUST16954,Personal Loan,291491,24290.92,2024-11-19,12
LN26955,CUST16955,Credit Card,108156,9013.0,2023-01-16,12
LN26956,CUST16956,Credit Card,90195,7516.25,2023-04-12,12
LN26957,CUST16957,Credit Card,41866,3488.83,2024-02-12,12
LN26958,CUST16958,Consumer Durable,92955,15492.5,2023-01-18,6
LN26959,CUST16959,Personal Loan,152150,3169.79,2024-07-29,48
LN26960,CUST16960,Consumer Durable,24637,4106.17,2023-10-04,6
LN26961,CUST16961,Personal Loan,82230,2284.17,2024-05-26,36
LN26962,CUST16962,Credit Card,80024,6668.67,2024-07-28,12
LN26963,CUST16963,Personal Loan,138226,11518.83,2023-06-14,12
LN26964,CUST16964,Credit Card,99170,8264.17,2023-05-30,12
LN26965,CUST16965,Personal Loan,286994,5979.04,2024-06-22,48
LN26966,CUST16966,Personal Loan,112909,9409.08,2024-08-03,12
LN26967,CUST16967,Credit Card,141345,11778.75,2024-08-22,12
LN26968,CUST16968,Credit Card,94587,7882.25,2024-05-29,12
LN26969,CUST16969,Consumer Durable,151503,12625.25,2023-06-05,12
LN26970,CUST16970,Personal Loan,117054,9754.5,2024-01-14,12
LN26971,CUST16971,Consumer Durable,185149,15429.08,2023-07-18,12
LN26972,CUST16972,Credit Card,20571,1714.25,2024-09-10,12
LN26973,CUST16973,Personal Loan,216694,4514.46,2023-05-07,48
LN26974,CUST16974,Consumer Durable,25186,1399.22,2024-10-16,18
LN26975,CUST16975,Consumer Durable,73010,6084.17,2023-01-13,12
LN26976,CUST16976,Consumer Durable,81320,6776.67,2023-12-12,12
LN26977,CUST16977,Consumer Durable,73488,4082.67,2024-04-19,18
LN26978,CUST16978,Personal Loan,266353,7398.69,2024-04-30,36
LN26979,CUST16979,Credit Card,30641,2553.42,2024-04-04,12
LN26980,CUST16980,Personal Loan,263576,5491.17,2023-11-29,48
LN26981,CUST16981,Credit Card,66700,5558.33,2024-06-23,12
LN26982,CUST16982,Personal Loan,208932,4352.75,2024-09-24,48
LN26983,CUST16983,Consumer Durable,72281,4015.61,2023-03-04,18
LN26984,CUST16984,Consumer Durable,22688,1890.67,2024-11-20,12
LN26985,CUST16985,Credit Card,87892,7324.33,2023-01-02,12
LN26986,CUST16986,Personal Loan,477226,19884.42,2024-09-15,24
LN26987,CUST16987,Credit Card,43159,3596.58,2024-03-30,12
LN26988,CUST16988,Credit Card,23137,1928.08,2023-04-02,12
LN26989,CUST16989,Consumer Durable,178054,29675.67,2024-08-17,6
LN26990,CUST16990,Consumer Durable,137731,11477.58,2023-04-02,12
LN26991,CUST16991,Credit Card,93672,7806.0,2023-11-05,12
LN26992,CUST16992,Credit Card,72416,6034.67,2023-10-15,12
LN26993,CUST16993,Credit Card,24420,2035.0,2023-07-27,12
LN26994,CUST16994,Consumer Durable,81801,13633.5,2023-12-16,6
LN26995,CUST16995,Credit Card,121059,10088.25,2024-01-01,12
LN26996,CUST16996,Personal Loan,435695,9076.98,2023-01-17,48
LN26997,CUST16997,Credit Card,149680,12473.33,2023-04-25,12
LN26998,CUST16998,Personal Loan,137267,2859.73,2024-05-24,48
LN26999,CUST16999,Consumer Durable,110836,9236.33,2024-02-29,12
LN27000,CUST17000,Consumer Durable,63714,10619.0,2023-09-20,6
LN27001,CUST17001,Credit Card,123738,10311.5,2023-02-10,12
LN27002,CUST17002,Credit Card,97711,8142.58,2023-02-10,12
LN27003,CUST17003,Consumer Durable,124642,6924.56,2023-10-02,18
LN27004,CUST17004,Consumer Durable,117543,9795.25,2023-08-08,12
LN27005,CUST17005,Consumer Durable,194740,16228.33,2024-10-10,12
LN27006,CUST17006,Consumer Durable,117939,9828.25,2023-04-11,12
LN27007,CUST17007,Consumer Durable,129208,7178.22,2023-08-09,18
LN27008,CUST17008,Consumer Durable,43789,2432.72,2024-05-03,18
LN27009,CUST17009,Personal Loan,388719,32393.25,2023-05-05,12
LN27010,CUST17010,Personal Loan,320231,6671.48,2023-02-07,48
LN27011,CUST17011,Personal Loan,305665,8490.69,2023-10-02,36
LN27012,CUST17012,Personal Loan,299207,6233.48,2024-03-16,48
LN27013,CUST17013,Personal Loan,252987,5270.56,2024-04-05,48
LN27014,CUST17014,Consumer Durable,60122,10020.33,2024-09-28,6
LN27015,CUST17015,Credit Card,92690,7724.17,2023-01-22,12
LN27016,CUST17016,Consumer Durable,86820,4823.33,2024-06-30,18
LN27017,CUST17017,Credit Card,117645,9803.75,2024-07-18,12
LN27018,CUST17018,Consumer Durable,115198,9599.83,2023-05-30,12
LN27019,CUST17019,Credit Card,33213,2767.75,2023-07-02,12
LN27020,CUST17020,Personal Loan,152065,4224.03,2023-02-20,36
LN27021,CUST17021,Credit Card,103241,8603.42,2023-09-29,12
LN27022,CUST17022,Credit Card,101412,8451.0,2023-09-25,12
LN27023,CUST17023,Credit Card,139094,11591.17,2023-03-28,12
LN27024,CUST17024,Credit Card,17990,1499.17,2024-06-20,12
LN27025,CUST17025,Consumer Durable,77854,6487.83,2024-07-05,12
LN27026,CUST17026,Credit Card,60567,5047.25,2024-04-05,12
LN27027,CUST17027,Personal Loan,134970,11247.5,2023-03-21,12
LN27028,CUST17028,Credit Card,76185,6348.75,2024-08-20,12
LN27029,CUST17029,Personal Loan,219668,18305.67,2023-06-26,12
LN27030,CUST17030,Credit Card,33490,2790.83,2023-09-22,12
LN27031,CUST17031,Credit Card,122188,10182.33,2023-08-11,12
LN27032,CUST17032,Consumer Durable,93531,15588.5,2024-08-16,6
LN27033,CUST17033,Personal Loan,394873,16453.04,2024-03-04,24
LN27034,CUST17034,Consumer Durable,153726,25621.0,2024-07-02,6
LN27035,CUST17035,Personal Loan,233410,6483.61,2024-09-11,36
LN27036,CUST17036,Consumer Durable,48049,8008.17,2024-12-01,6
LN27037,CUST17037,Credit Card,49692,4141.0,2023-11-27,12
LN27038,CUST17038,Consumer Durable,174660,29110.0,2023-04-26,6
LN27039,CUST17039,Credit Card,40478,3373.17,2023-02-18,12
LN27040,CUST17040,Personal Loan,378955,10526.53,2023-08-31,36
LN27041,CUST17041,Consumer Durable,71271,11878.5,2024-07-14,6
LN27042,CUST17042,Consumer Durable,144227,12018.92,2023-08-08,12
LN27043,CUST17043,Personal Loan,313556,6532.42,2024-06-20,48
LN27044,CUST17044,Consumer Durable,102155,8512.92,2023-03-21,12
LN27045,CUST17045,Consumer Durable,195765,16313.75,2023-11-02,12
LN27046,CUST17046,Consumer Durable,34711,1928.39,2023-08-08,18
LN27047,CUST17047,Credit Card,118387,9865.58,2023-06-13,12
LN27048,CUST17048,Consumer Durable,15280,848.89,2024-11-25,18
LN27049,CUST17049,Consumer Durable,35272,1959.56,2023-03-10,18
LN27050,CUST17050,Credit Card,49792,4149.33,2023-12-07,12
LN27051,CUST17051,Personal Loan,242120,10088.33,2023-06-08,24
LN27052,CUST17052,Credit Card,82753,6896.08,2023-06-19,12
LN27053,CUST17053,Consumer Durable,91235,7602.92,2024-11-09,12
LN27054,CUST17054,Consumer Durable,193480,32246.67,2024-01-11,6
LN27055,CUST17055,Credit Card,45178,3764.83,2024-03-09,12
LN27056,CUST17056,Consumer Durable,188875,10493.06,2024-05-18,18
LN27057,CUST17057,Personal Loan,96839,8069.92,2024-06-14,12
LN27058,CUST17058,Credit Card,15807,1317.25,2023-10-23,12
LN27059,CUST17059,Consumer Durable,57639,9606.5,2024-08-29,6
LN27060,CUST17060,Consumer Durable,188639,31439.83,2024-10-10,6
LN27061,CUST17061,Consumer Durable,17069,1422.42,2023-08-11,12
LN27062,CUST17062,Credit Card,48780,4065.0,2023-03-27,12
LN27063,CUST17063,Personal Loan,239142,4982.12,2024-01-04,48
LN27064,CUST17064,Personal Loan,258487,5385.15,2023-12-14,48
LN27065,CUST17065,Consumer Durable,49584,2754.67,2023-08-07,18
LN27066,CUST17066,Consumer Durable,137744,7652.44,2024-06-15,18
LN27067,CUST17067,Personal Loan,484322,13453.39,2024-02-17,36
LN27068,CUST17068,Consumer Durable,114280,19046.67,2023-10-16,6
LN27069,CUST17069,Personal Loan,463874,38656.17,2024-04-15,12
LN27070,CUST17070,Consumer Durable,59879,4989.92,2023-04-01,12
LN27071,CUST17071,Personal Loan,271687,7546.86,2023-04-05,36
LN27072,CUST17072,Personal Loan,235777,19648.08,2023-10-15,12
LN27073,CUST17073,Consumer Durable,141357,7853.17,2023-10-23,18
LN27074,CUST17074,Personal Loan,323135,13463.96,2023-02-15,24
LN27075,CUST17075,Consumer Durable,189721,31620.17,2023-03-29,6
LN27076,CUST17076,Consumer Durable,35937,5989.5,2023-06-12,6
LN27077,CUST17077,Credit Card,42592,3549.33,2024-10-19,12
LN27078,CUST17078,Personal Loan,369506,10264.06,2024-08-06,36
LN27079,CUST17079,Credit Card,56978,4748.17,2024-11-26,12
LN27080,CUST17080,Personal Loan,281875,7829.86,2023-12-16,36
LN27081,CUST17081,Consumer Durable,192435,10690.83,2023-11-06,18
LN27082,CUST17082,Personal Loan,62489,1735.81,2023-03-16,36
LN27083,CUST17083,Consumer Durable,197742,32957.0,2024-03-10,6
LN27084,CUST17084,Consumer Durable,91905,15317.5,2024-02-23,6
LN27085,CUST17085,Personal Loan,70647,1471.81,2023-08-10,48
LN27086,CUST17086,Consumer Durable,107268,8939.0,2023-04-08,12
LN27087,CUST17087,Consumer Durable,148288,12357.33,2023-04-04,12
LN27088,CUST17088,Personal Loan,388694,32391.17,2024-04-01,12
LN27089,CUST17089,Consumer Durable,89473,14912.17,2023-04-21,6
LN27090,CUST17090,Personal Loan,355281,29606.75,2024-01-05,12
LN27091,CUST17091,Consumer Durable,192930,16077.5,2023-11-03,12
LN27092,CUST17092,Credit Card,20914,1742.83,2023-07-05,12
LN27093,CUST17093,Personal Loan,414765,11521.25,2024-01-20,36
LN27094,CUST17094,Credit Card,110457,9204.75,2024-09-30,12
LN27095,CUST17095,Consumer Durable,117942,19657.0,2023-05-08,6
LN27096,CUST17096,Consumer Durable,105109,17518.17,2023-10-02,6
LN27097,CUST17097,Personal Loan,312464,26038.67,2023-09-26,12
LN27098,CUST17098,Personal Loan,155555,3240.73,2024-01-04,48
LN27099,CUST17099,Consumer Durable,88369,4909.39,2023-09-24,18
LN27100,CUST17100,Consumer Durable,64069,10678.17,2023-07-11,6
LN27101,CUST17101,Personal Loan,385623,32135.25,2024-10-19,12
LN27102,CUST17102,Credit Card,60060,5005.0,2023-06-24,12
LN27103,CUST17103,Credit Card,66169,5514.08,2023-01-17,12
LN27104,CUST17104,Credit Card,63039,5253.25,2023-11-27,12
LN27105,CUST17105,Personal Loan,340703,9463.97,2023-03-08,36
LN27106,CUST17106,Credit Card,27084,2257.0,2023-12-22,12
LN27107,CUST17107,Personal Loan,61820,1287.92,2024-11-28,48
LN27108,CUST17108,Consumer Durable,158160,8786.67,2023-07-22,18
LN27109,CUST17109,Personal Loan,485407,40450.58,2023-08-16,12
LN27110,CUST17110,Personal Loan,484810,13466.94,2024-05-01,36
LN27111,CUST17111,Consumer Durable,37825,6304.17,2023-08-01,6
LN27112,CUST17112,Consumer Durable,124336,20722.67,2024-07-28,6
LN27113,CUST17113,Personal Loan,191338,7972.42,2024-02-14,24
LN27114,CUST17114,Credit Card,41005,3417.08,2023-11-05,12
LN27115,CUST17115,Consumer Durable,46297,7716.17,2023-01-24,6
LN27116,CUST17116,Consumer Durable,105911,8825.92,2023-03-06,12
LN27117,CUST17117,Personal Loan,287150,11964.58,2023-08-29,24
LN27118,CUST17118,Consumer Durable,38676,3223.0,2024-01-30,12
LN27119,CUST17119,Consumer Durable,185620,10312.22,2023-02-21,18
LN27120,CUST17120,Personal Loan,464892,12913.67,2024-11-06,36
LN27121,CUST17121,Credit Card,78314,6526.17,2024-08-05,12
LN27122,CUST17122,Consumer Durable,81567,13594.5,2024-04-21,6
LN27123,CUST17123,Credit Card,28129,2344.08,2023-04-04,12
LN27124,CUST17124,Credit Card,105904,8825.33,2023-10-16,12
LN27125,CUST17125,Personal Loan,285523,5948.4,2024-01-24,48
LN27126,CUST17126,Personal Loan,229506,6375.17,2023-09-19,36
LN27127,CUST17127,Consumer Durable,70180,11696.67,2023-01-13,6
LN27128,CUST17128,Personal Loan,353284,14720.17,2023-07-20,24
LN27129,CUST17129,Personal Loan,406624,33885.33,2024-03-25,12
LN27130,CUST17130,Credit Card,40266,3355.5,2024-05-04,12
LN27131,CUST17131,Credit Card,56848,4737.33,2023-10-17,12
LN27132,CUST17132,Personal Loan,291059,24254.92,2023-03-11,12
LN27133,CUST17133,Consumer Durable,160560,26760.0,2024-04-12,6
LN27134,CUST17134,Credit Card,12490,1040.83,2024-08-15,12
LN27135,CUST17135,Consumer Durable,107358,8946.5,2024-09-02,12
LN27136,CUST17136,Personal Loan,75944,1582.17,2023-12-23,48
LN27137,CUST17137,Consumer Durable,133643,7424.61,2023-04-23,18
LN27138,CUST17138,Personal Loan,442084,18420.17,2024-01-10,24
LN27139,CUST17139,Personal Loan,408378,11343.83,2023-10-07,36
LN27140,CUST17140,Credit Card,16104,1342.0,2023-12-07,12
LN27141,CUST17141,Credit Card,88068,7339.0,2023-05-21,12
LN27142,CUST17142,Consumer Durable,128853,21475.5,2024-01-10,6
LN27143,CUST17143,Consumer Durable,30791,1710.61,2024-07-11,18
LN27144,CUST17144,Credit Card,139573,11631.08,2024-03-24,12
LN27145,CUST17145,Consumer Durable,61955,5162.92,2024-06-03,12
LN27146,CUST17146,Consumer Durable,141996,23666.0,2023-04-10,6
LN27147,CUST17147,Personal Loan,348290,9674.72,2024-07-06,36
LN27148,CUST17148,Consumer Durable,19317,3219.5,2023-04-23,6
LN27149,CUST17149,Personal Loan,371144,10309.56,2024-08-01,36
LN27150,CUST17150,Consumer Durable,28089,4681.5,2023-11-01,6
LN27151,CUST17151,Consumer Durable,133028,7390.44,2024-01-27,18
LN27152,CUST17152,Credit Card,47831,3985.92,2023-01-08,12
LN27153,CUST17153,Personal Loan,204994,4270.71,2024-01-04,48
LN27154,CUST17154,Credit Card,28027,2335.58,2024-11-13,12
LN27155,CUST17155,Consumer Durable,142197,7899.83,2023-06-30,18
LN27156,CUST17156,Personal Loan,72125,3005.21,2023-01-27,24
LN27157,CUST17157,Personal Loan,417794,34816.17,2023-07-19,12
LN27158,CUST17158,Credit Card,122858,10238.17,2023-04-14,12
LN27159,CUST17159,Consumer Durable,131485,7304.72,2023-05-02,18
LN27160,CUST17160,Consumer Durable,177708,14809.0,2024-02-06,12
LN27161,CUST17161,Credit Card,80933,6744.42,2024-02-01,12
LN27162,CUST17162,Consumer Durable,125649,10470.75,2024-09-16,12
LN27163,CUST17163,Consumer Durable,46204,7700.67,2024-07-03,6
LN27164,CUST17164,Personal Loan,482805,40233.75,2023-03-28,12
LN27165,CUST17165,Credit Card,145753,12146.08,2024-10-30,12
LN27166,CUST17166,Personal Loan,181534,15127.83,2024-09-19,12
LN27167,CUST17167,Personal Loan,247102,20591.83,2023-08-21,12
LN27168,CUST17168,Credit Card,146897,12241.42,2023-05-20,12
LN27169,CUST17169,Consumer Durable,143400,11950.0,2024-11-29,12
LN27170,CUST17170,Credit Card,14682,1223.5,2024-05-30,12
LN27171,CUST17171,Personal Loan,354595,29549.58,2024-05-25,12
LN27172,CUST17172,Consumer Durable,77455,12909.17,2024-05-07,6
LN27173,CUST17173,Credit Card,114578,9548.17,2023-05-13,12
LN27174,CUST17174,Consumer Durable,61074,5089.5,2023-10-15,12
LN27175,CUST17175,Consumer Durable,136157,7564.28,2023-04-27,18
LN27176,CUST17176,Credit Card,39330,3277.5,2023-02-14,12
LN27177,CUST17177,Consumer Durable,183660,15305.0,2023-09-14,12
LN27178,CUST17178,Credit Card,30502,2541.83,2024-10-31,12
LN27179,CUST17179,Personal Loan,461306,38442.17,2023-11-01,12
LN27180,CUST17180,Credit Card,136767,11397.25,2023-01-12,12
LN27181,CUST17181,Credit Card,124362,10363.5,2024-03-03,12
LN27182,CUST17182,Personal Loan,227060,9460.83,2023-08-30,24
LN27183,CUST17183,Consumer Durable,169830,9435.0,2023-07-31,18
LN27184,CUST17184,Personal Loan,180076,3751.58,2024-01-07,48
LN27185,CUST17185,Personal Loan,238808,6633.56,2023-05-18,36
LN27186,CUST17186,Credit Card,97730,8144.17,2024-03-29,12
LN27187,CUST17187,Credit Card,14196,1183.0,2024-09-02,12
LN27188,CUST17188,Personal Loan,258898,10787.42,2024-01-27,24
LN27189,CUST17189,Consumer Durable,178322,9906.78,2023-10-06,18
LN27190,CUST17190,Personal Loan,337231,28102.58,2023-06-09,12
LN27191,CUST17191,Credit Card,27438,2286.5,2023-11-06,12
LN27192,CUST17192,Consumer Durable,76419,12736.5,2024-05-31,6
LN27193,CUST17193,Personal Loan,87044,7253.67,2023-04-02,12
LN27194,CUST17194,Personal Loan,356154,29679.5,2023-12-02,12
LN27195,CUST17195,Consumer Durable,144020,24003.33,2023-02-02,6
LN27196,CUST17196,Personal Loan,70575,5881.25,2023-01-05,12
LN27197,CUST17197,Personal Loan,114659,9554.92,2024-05-06,12
LN27198,CUST17198,Credit Card,82071,6839.25,2024-10-15,12
LN27199,CUST17199,Personal Loan,222481,18540.08,2024-06-26,12
LN27200,CUST17200,Consumer Durable,21294,1774.5,2024-10-30,12
LN27201,CUST17201,Consumer Durable,187511,31251.83,2023-05-15,6
LN27202,CUST17202,Personal Loan,498688,41557.33,2024-08-16,12
LN27203,CUST17203,Personal Loan,429219,8942.06,2024-03-25,48
LN27204,CUST17204,Credit Card,23360,1946.67,2023-07-01,12
LN27205,CUST17205,Consumer Durable,108854,18142.33,2024-01-15,6
LN27206,CUST17206,Credit Card,103314,8609.5,2024-11-06,12
LN27207,CUST17207,Consumer Durable,27109,1506.06,2023-04-06,18
LN27208,CUST17208,Consumer Durable,146284,12190.33,2023-05-21,12
LN27209,CUST17209,Personal Loan,165453,6893.88,2024-08-27,24
LN27210,CUST17210,Consumer Durable,92235,7686.25,2024-05-20,12
LN27211,CUST17211,Credit Card,116122,9676.83,2024-11-12,12
LN27212,CUST17212,Consumer Durable,136905,11408.75,2024-08-21,12
LN27213,CUST17213,Credit Card,28340,2361.67,2023-12-30,12
LN27214,CUST17214,Credit Card,17611,1467.58,2023-12-28,12
LN27215,CUST17215,Credit Card,42795,3566.25,2023-07-27,12
LN27216,CUST17216,Credit Card,89329,7444.08,2024-07-17,12
LN27217,CUST17217,Credit Card,64478,5373.17,2023-03-08,12
LN27218,CUST17218,Personal Loan,57380,4781.67,2024-10-23,12
LN27219,CUST17219,Personal Loan,154538,4292.72,2024-06-10,36
LN27220,CUST17220,Consumer Durable,74969,12494.83,2023-07-12,6
LN27221,CUST17221,Consumer Durable,194297,10794.28,2024-09-15,18
LN27222,CUST17222,Personal Loan,91495,1906.15,2024-04-26,48
LN27223,CUST17223,Consumer Durable,33733,5622.17,2024-03-28,6
LN27224,CUST17224,Consumer Durable,90698,5038.78,2024-06-18,18
LN27225,CUST17225,Personal Loan,76132,1586.08,2023-09-02,48
LN27226,CUST17226,Credit Card,52722,4393.5,2023-06-18,12
LN27227,CUST17227,Consumer Durable,69762,3875.67,2023-09-30,18
LN27228,CUST17228,Consumer Durable,123559,20593.17,2024-07-28,6
LN27229,CUST17229,Consumer Durable,45422,7570.33,2024-03-24,6
LN27230,CUST17230,Personal Loan,264602,22050.17,2023-02-05,12
LN27231,CUST17231,Personal Loan,57049,1584.69,2024-06-08,36
LN27232,CUST17232,Credit Card,83496,6958.0,2023-07-27,12
LN27233,CUST17233,Consumer Durable,169625,28270.83,2024-06-10,6
LN27234,CUST17234,Personal Loan,296582,24715.17,2024-02-15,12
LN27235,CUST17235,Credit Card,43545,3628.75,2024-01-09,12
LN27236,CUST17236,Credit Card,76083,6340.25,2024-11-22,12
LN27237,CUST17237,Consumer Durable,36215,3017.92,2024-07-27,12
LN27238,CUST17238,Personal Loan,50091,4174.25,2023-04-14,12
LN27239,CUST17239,Personal Loan,357630,29802.5,2024-01-03,12
LN27240,CUST17240,Consumer Durable,149801,24966.83,2023-07-01,6
LN27241,CUST17241,Consumer Durable,166853,9269.61,2023-02-01,18
LN27242,CUST17242,Credit Card,42903,3575.25,2024-09-05,12
LN27243,CUST17243,Consumer Durable,94163,7846.92,2024-01-21,12
LN27244,CUST17244,Personal Loan,420502,35041.83,2024-07-29,12
LN27245,CUST17245,Consumer Durable,62602,5216.83,2024-02-03,12
LN27246,CUST17246,Personal Loan,200062,8335.92,2024-11-30,24
LN27247,CUST17247,Credit Card,15470,1289.17,2023-10-12,12
LN27248,CUST17248,Credit Card,72450,6037.5,2023-11-04,12
LN27249,CUST17249,Credit Card,118783,9898.58,2023-04-20,12
LN27250,CUST17250,Personal Loan,132469,2759.77,2024-06-01,48
LN27251,CUST17251,Consumer Durable,101637,8469.75,2024-05-04,12
LN27252,CUST17252,Credit Card,69470,5789.17,2024-07-18,12
LN27253,CUST17253,Credit Card,39925,3327.08,2024-08-29,12
LN27254,CUST17254,Consumer Durable,43108,7184.67,2024-06-13,6
LN27255,CUST17255,Personal Loan,342838,28569.83,2024-03-19,12
LN27256,CUST17256,Personal Loan,62871,2619.62,2023-11-10,24
LN27257,CUST17257,Credit Card,77696,6474.67,2024-02-23,12
LN27258,CUST17258,Credit Card,58831,4902.58,2024-10-19,12
LN27259,CUST17259,Consumer Durable,183987,30664.5,2023-09-12,6
LN27260,CUST17260,Credit Card,24789,2065.75,2024-01-01,12
LN27261,CUST17261,Consumer Durable,130349,21724.83,2024-06-01,6
LN27262,CUST17262,Credit Card,17969,1497.42,2023-07-17,12
LN27263,CUST17263,Consumer Durable,190471,31745.17,2023-03-25,6
LN27264,CUST17264,Credit Card,45905,3825.42,2023-04-26,12
LN27265,CUST17265,Credit Card,138521,11543.42,2023-11-23,12
LN27266,CUST17266,Consumer Durable,22871,3811.83,2023-07-25,6
LN27267,CUST17267,Personal Loan,126134,3503.72,2023-07-04,36
LN27268,CUST17268,Personal Loan,345592,28799.33,2023-01-17,12
LN27269,CUST17269,Consumer Durable,185779,10321.06,2024-09-11,18
LN27270,CUST17270,Consumer Durable,56229,4685.75,2023-10-07,12
LN27271,CUST17271,Consumer Durable,152178,12681.5,2023-04-17,12
LN27272,CUST17272,Personal Loan,464152,12893.11,2024-05-29,36
LN27273,CUST17273,Consumer Durable,109470,9122.5,2023-02-28,12
LN27274,CUST17274,Consumer Durable,120734,6707.44,2023-11-04,18
LN27275,CUST17275,Credit Card,115174,9597.83,2024-04-27,12
LN27276,CUST17276,Personal Loan,98557,8213.08,2024-09-15,12
LN27277,CUST17277,Personal Loan,493856,20577.33,2024-03-08,24
LN27278,CUST17278,Consumer Durable,62093,10348.83,2023-01-08,6
LN27279,CUST17279,Credit Card,100294,8357.83,2023-06-03,12
LN27280,CUST17280,Credit Card,101450,8454.17,2023-07-28,12
LN27281,CUST17281,Personal Loan,207358,5759.94,2023-11-01,36
LN27282,CUST17282,Personal Loan,374477,31206.42,2024-05-31,12
LN27283,CUST17283,Consumer Durable,119243,9936.92,2024-03-04,12
LN27284,CUST17284,Credit Card,127183,10598.58,2023-10-05,12
LN27285,CUST17285,Personal Loan,178876,14906.33,2024-07-30,12
LN27286,CUST17286,Consumer Durable,23480,1956.67,2024-08-31,12
LN27287,CUST17287,Personal Loan,104983,2187.15,2023-05-04,48
LN27288,CUST17288,Credit Card,74844,6237.0,2024-06-15,12
LN27289,CUST17289,Personal Loan,498215,10379.48,2023-04-08,48
LN27290,CUST17290,Personal Loan,472090,13113.61,2024-03-30,36
LN27291,CUST17291,Personal Loan,62155,1294.9,2023-02-19,48
LN27292,CUST17292,Credit Card,90087,7507.25,2024-11-19,12
LN27293,CUST17293,Consumer Durable,61325,10220.83,2023-01-11,6
LN27294,CUST17294,Personal Loan,454372,9466.08,2023-09-30,48
LN27295,CUST17295,Consumer Durable,73054,12175.67,2024-04-27,6
LN27296,CUST17296,Credit Card,68275,5689.58,2023-04-07,12
LN27297,CUST17297,Credit Card,37714,3142.83,2024-04-20,12
LN27298,CUST17298,Consumer Durable,31634,2636.17,2023-08-05,12
LN27299,CUST17299,Credit Card,36818,3068.17,2023-11-09,12
LN27300,CUST17300,Consumer Durable,145983,12165.25,2023-05-31,12
LN27301,CUST17301,Credit Card,16864,1405.33,2024-10-15,12
LN27302,CUST17302,Credit Card,98315,8192.92,2023-11-28,12
LN27303,CUST17303,Personal Loan,435884,36323.67,2024-11-18,12
LN27304,CUST17304,Consumer Durable,118397,6577.61,2023-11-19,18
LN27305,CUST17305,Credit Card,137219,11434.92,2023-03-29,12
LN27306,CUST17306,Credit Card,71823,5985.25,2024-10-26,12
LN27307,CUST17307,Consumer Durable,168463,14038.58,2023-06-03,12
LN27308,CUST17308,Credit Card,78657,6554.75,2024-07-30,12
LN27309,CUST17309,Personal Loan,427875,17828.12,2023-04-05,24
LN27310,CUST17310,Credit Card,110419,9201.58,2023-03-11,12
LN27311,CUST17311,Credit Card,88831,7402.58,2023-03-08,12
LN27312,CUST17312,Credit Card,47688,3974.0,2023-11-02,12
LN27313,CUST17313,Credit Card,86370,7197.5,2024-03-31,12
LN27314,CUST17314,Personal Loan,123583,10298.58,2023-05-27,12
LN27315,CUST17315,Personal Loan,381601,15900.04,2024-03-09,24
LN27316,CUST17316,Credit Card,56302,4691.83,2023-02-07,12
LN27317,CUST17317,Personal Loan,291404,24283.67,2024-06-27,12
LN27318,CUST17318,Personal Loan,368987,30748.92,2024-09-15,12
LN27319,CUST17319,Consumer Durable,199371,33228.5,2024-10-11,6
LN27320,CUST17320,Personal Loan,225574,18797.83,2024-02-08,12
LN27321,CUST17321,Consumer Durable,169680,14140.0,2024-02-28,12
LN27322,CUST17322,Personal Loan,290268,8063.0,2024-06-18,36
LN27323,CUST17323,Personal Loan,92181,3840.88,2023-02-18,24
LN27324,CUST17324,Credit Card,67520,5626.67,2023-05-04,12
LN27325,CUST17325,Credit Card,146708,12225.67,2024-03-18,12
LN27326,CUST17326,Personal Loan,56814,1183.62,2024-01-22,48
LN27327,CUST17327,Personal Loan,408894,17037.25,2024-01-31,24
LN27328,CUST17328,Consumer Durable,42696,7116.0,2023-07-19,6
LN27329,CUST17329,Credit Card,120657,10054.75,2024-04-17,12
LN27330,CUST17330,Personal Loan,111495,2322.81,2024-10-12,48
LN27331,CUST17331,Consumer Durable,65864,3659.11,2023-07-21,18
LN27332,CUST17332,Credit Card,99345,8278.75,2023-02-07,12
LN27333,CUST17333,Personal Loan,382030,7958.96,2024-01-06,48
LN27334,CUST17334,Credit Card,128183,10681.92,2024-03-22,12
LN27335,CUST17335,Consumer Durable,101249,5624.94,2024-08-12,18
LN27336,CUST17336,Personal Loan,103901,2886.14,2024-07-20,36
LN27337,CUST17337,Credit Card,102199,8516.58,2023-07-03,12
LN27338,CUST17338,Personal Loan,278176,5795.33,2023-04-19,48
LN27339,CUST17339,Personal Loan,428424,17851.0,2023-08-06,24
LN27340,CUST17340,Personal Loan,265004,5520.92,2024-07-23,48
LN27341,CUST17341,Credit Card,44279,3689.92,2023-06-05,12
LN27342,CUST17342,Personal Loan,276218,23018.17,2023-11-15,12
LN27343,CUST17343,Personal Loan,157392,13116.0,2024-03-08,12
LN27344,CUST17344,Credit Card,58527,4877.25,2023-06-18,12
LN27345,CUST17345,Personal Loan,482364,10049.25,2024-09-25,48
LN27346,CUST17346,Personal Loan,307104,25592.0,2023-04-29,12
LN27347,CUST17347,Personal Loan,277911,11579.62,2023-02-17,24
LN27348,CUST17348,Credit Card,10536,878.0,2024-05-18,12
LN27349,CUST17349,Consumer Durable,122940,20490.0,2024-06-05,6
LN27350,CUST17350,Credit Card,74371,6197.58,2024-07-03,12
LN27351,CUST17351,Consumer Durable,161718,26953.0,2023-07-12,6
LN27352,CUST17352,Personal Loan,204686,17057.17,2024-11-11,12
LN27353,CUST17353,Consumer Durable,131121,10926.75,2023-01-18,12
LN27354,CUST17354,Credit Card,66337,5528.08,2023-12-23,12
LN27355,CUST17355,Credit Card,40243,3353.58,2023-11-10,12
LN27356,CUST17356,Personal Loan,112812,2350.25,2023-08-28,48
LN27357,CUST17357,Personal Loan,66113,1377.35,2023-08-07,48
LN27358,CUST17358,Personal Loan,192934,16077.83,2023-11-06,12
LN27359,CUST17359,Credit Card,44546,3712.17,2024-09-12,12
LN27360,CUST17360,Consumer Durable,49367,4113.92,2023-10-28,12
LN27361,CUST17361,Consumer Durable,193710,32285.0,2023-04-07,6
LN27362,CUST17362,Credit Card,134204,11183.67,2023-09-16,12
LN27363,CUST17363,Personal Loan,141229,5884.54,2023-10-04,24
LN27364,CUST17364,Consumer Durable,159770,13314.17,2023-10-14,12
LN27365,CUST17365,Personal Loan,369312,15388.0,2024-08-27,24
LN27366,CUST17366,Credit Card,44875,3739.58,2023-12-09,12
LN27367,CUST17367,Personal Loan,298061,8279.47,2023-08-15,36
LN27368,CUST17368,Personal Loan,78139,2170.53,2024-04-25,36
LN27369,CUST17369,Credit Card,60850,5070.83,2023-10-09,12
LN27370,CUST17370,Credit Card,94903,7908.58,2024-04-22,12
LN27371,CUST17371,Personal Loan,335680,6993.33,2023-10-19,48
LN27372,CUST17372,Personal Loan,407028,33919.0,2024-05-05,12
LN27373,CUST17373,Credit Card,25502,2125.17,2023-02-10,12
LN27374,CUST17374,Credit Card,120309,10025.75,2024-07-06,12
LN27375,CUST17375,Consumer Durable,125079,10423.25,2024-10-16,12
LN27376,CUST17376,Credit Card,44692,3724.33,2024-10-10,12
LN27377,CUST17377,Consumer Durable,195751,16312.58,2024-09-03,12
LN27378,CUST17378,Consumer Durable,15345,1278.75,2023-07-18,12
LN27379,CUST17379,Consumer Durable,79529,6627.42,2024-08-14,12
LN27380,CUST17380,Credit Card,83164,6930.33,2024-01-07,12
LN27381,CUST17381,Credit Card,90494,7541.17,2023-03-15,12
LN27382,CUST17382,Personal Loan,93336,3889.0,2023-09-08,24
LN27383,CUST17383,Consumer Durable,169572,9420.67,2024-04-02,18
LN27384,CUST17384,Personal Loan,462252,9630.25,2023-01-09,48
LN27385,CUST17385,Personal Loan,204124,5670.11,2024-06-20,36
LN27386,CUST17386,Consumer Durable,69428,5785.67,2023-03-08,12
LN27387,CUST17387,Personal Loan,452754,9432.38,2024-09-20,48
LN27388,CUST17388,Credit Card,85632,7136.0,2023-03-29,12
LN27389,CUST17389,Personal Loan,433828,18076.17,2024-03-29,24
LN27390,CUST17390,Consumer Durable,77957,12992.83,2024-09-10,6
LN27391,CUST17391,Personal Loan,173924,3623.42,2023-03-18,48
LN27392,CUST17392,Personal Loan,392565,10904.58,2024-04-29,36
LN27393,CUST17393,Consumer Durable,168838,14069.83,2023-12-12,12
LN27394,CUST17394,Consumer Durable,104932,8744.33,2024-11-21,12
LN27395,CUST17395,Consumer Durable,82547,13757.83,2024-06-06,6
LN27396,CUST17396,Credit Card,40210,3350.83,2024-06-22,12
LN27397,CUST17397,Personal Loan,58737,1223.69,2023-01-01,48
LN27398,CUST17398,Consumer Durable,20022,3337.0,2023-07-18,6
LN27399,CUST17399,Personal Loan,145828,3038.08,2023-02-26,48
LN27400,CUST17400,Credit Card,62782,5231.83,2023-10-21,12
LN27401,CUST17401,Credit Card,73284,6107.0,2023-05-07,12
LN27402,CUST17402,Consumer Durable,182626,10145.89,2023-06-08,18
LN27403,CUST17403,Personal Loan,96965,2693.47,2024-01-26,36
LN27404,CUST17404,Consumer Durable,126391,7021.72,2023-08-21,18
LN27405,CUST17405,Consumer Durable,97219,5401.06,2023-02-01,18
LN27406,CUST17406,Consumer Durable,35624,2968.67,2024-07-29,12
LN27407,CUST17407,Consumer Durable,37551,3129.25,2023-01-14,12
LN27408,CUST17408,Credit Card,61649,5137.42,2024-03-02,12
LN27409,CUST17409,Personal Loan,282789,5891.44,2024-04-25,48
LN27410,CUST17410,Personal Loan,414334,11509.28,2024-07-17,36
LN27411,CUST17411,Personal Loan,394744,16447.67,2023-04-20,24
LN27412,CUST17412,Consumer Durable,95549,7962.42,2024-11-17,12
LN27413,CUST17413,Credit Card,16907,1408.92,2023-10-25,12
LN27414,CUST17414,Credit Card,76821,6401.75,2024-10-13,12
LN27415,CUST17415,Consumer Durable,95366,7947.17,2023-02-16,12
LN27416,CUST17416,Consumer Durable,83548,4641.56,2023-12-29,18
LN27417,CUST17417,Credit Card,136234,11352.83,2024-10-22,12
LN27418,CUST17418,Consumer Durable,161571,26928.5,2024-02-19,6
LN27419,CUST17419,Personal Loan,219302,9137.58,2023-04-02,24
LN27420,CUST17420,Credit Card,44231,3685.92,2024-11-24,12
LN27421,CUST17421,Credit Card,17320,1443.33,2024-03-26,12
LN27422,CUST17422,Personal Loan,394321,10953.36,2024-02-17,36
LN27423,CUST17423,Personal Loan,262752,7298.67,2024-08-08,36
LN27424,CUST17424,Credit Card,54237,4519.75,2024-07-15,12
LN27425,CUST17425,Consumer Durable,147641,8202.28,2023-12-16,18
LN27426,CUST17426,Consumer Durable,134588,22431.33,2024-07-19,6
LN27427,CUST17427,Credit Card,142444,11870.33,2023-07-31,12
LN27428,CUST17428,Credit Card,103782,8648.5,2023-10-11,12
LN27429,CUST17429,Consumer Durable,59438,4953.17,2023-06-27,12
LN27430,CUST17430,Personal Loan,134215,3728.19,2023-06-04,36
LN27431,CUST17431,Credit Card,132520,11043.33,2023-01-26,12
LN27432,CUST17432,Personal Loan,166163,13846.92,2023-02-12,12
LN27433,CUST17433,Personal Loan,412122,8585.88,2024-11-17,48
LN27434,CUST17434,Personal Loan,467887,19495.29,2023-12-14,24
LN27435,CUST17435,Consumer Durable,66566,5547.17,2023-08-03,12
LN27436,CUST17436,Personal Loan,164323,4564.53,2023-09-28,36
LN27437,CUST17437,Credit Card,131661,10971.75,2024-08-12,12
LN27438,CUST17438,Consumer Durable,93424,5190.22,2023-10-21,18
LN27439,CUST17439,Consumer Durable,53926,4493.83,2023-05-13,12
LN27440,CUST17440,Personal Loan,217938,4540.38,2023-05-13,48
LN27441,CUST17441,Personal Loan,279108,7753.0,2023-09-25,36
LN27442,CUST17442,Personal Loan,480373,10007.77,2023-02-21,48
LN27443,CUST17443,Consumer Durable,92531,5140.61,2023-06-16,18
LN27444,CUST17444,Credit Card,40469,3372.42,2023-11-17,12
LN27445,CUST17445,Consumer Durable,174770,9709.44,2023-01-18,18
LN27446,CUST17446,Credit Card,49013,4084.42,2023-07-14,12
LN27447,CUST17447,Consumer Durable,92143,5119.06,2023-08-17,18
LN27448,CUST17448,Personal Loan,156077,6503.21,2023-03-23,24
LN27449,CUST17449,Credit Card,20305,1692.08,2024-06-05,12
LN27450,CUST17450,Personal Loan,286024,7945.11,2024-03-02,36
LN27451,CUST17451,Consumer Durable,162287,27047.83,2023-08-02,6
LN27452,CUST17452,Credit Card,36153,3012.75,2024-09-08,12
LN27453,CUST17453,Personal Loan,260564,10856.83,2023-02-04,24
LN27454,CUST17454,Credit Card,137371,11447.58,2024-06-01,12
LN27455,CUST17455,Consumer Durable,17788,988.22,2023-12-26,18
LN27456,CUST17456,Credit Card,18060,1505.0,2023-05-03,12
LN27457,CUST17457,Personal Loan,400492,8343.58,2023-01-02,48
LN27458,CUST17458,Consumer Durable,147985,24664.17,2024-05-20,6
LN27459,CUST17459,Consumer Durable,120996,10083.0,2023-03-14,12
LN27460,CUST17460,Consumer Durable,47876,7979.33,2024-07-12,6
LN27461,CUST17461,Credit Card,39924,3327.0,2023-10-29,12
LN27462,CUST17462,Consumer Durable,26070,2172.5,2023-01-22,12
LN27463,CUST17463,Personal Loan,244305,20358.75,2023-07-03,12
LN27464,CUST17464,Consumer Durable,78052,6504.33,2024-04-10,12
LN27465,CUST17465,Personal Loan,54460,4538.33,2023-03-28,12
LN27466,CUST17466,Credit Card,141155,11762.92,2024-05-04,12
LN27467,CUST17467,Personal Loan,132269,2755.6,2023-07-10,48
LN27468,CUST17468,Consumer Durable,173575,9643.06,2024-07-08,18
LN27469,CUST17469,Consumer Durable,138147,23024.5,2023-12-25,6
LN27470,CUST17470,Consumer Durable,45682,2537.89,2024-09-27,18
LN27471,CUST17471,Credit Card,133140,11095.0,2023-10-05,12
LN27472,CUST17472,Credit Card,63983,5331.92,2024-05-15,12
LN27473,CUST17473,Consumer Durable,43363,3613.58,2024-07-30,12
LN27474,CUST17474,Personal Loan,57634,2401.42,2024-04-30,24
LN27475,CUST17475,Personal Loan,449119,18713.29,2023-07-13,24
LN27476,CUST17476,Consumer Durable,198992,11055.11,2023-06-08,18
LN27477,CUST17477,Personal Loan,359604,9989.0,2024-02-07,36
LN27478,CUST17478,Consumer Durable,78576,4365.33,2024-11-30,18
LN27479,CUST17479,Personal Loan,468402,19516.75,2024-06-06,24
LN27480,CUST17480,Consumer Durable,116166,19361.0,2023-09-16,6
LN27481,CUST17481,Consumer Durable,57521,3195.61,2023-01-13,18
LN27482,CUST17482,Personal Loan,336356,28029.67,2024-02-16,12
LN27483,CUST17483,Credit Card,125283,10440.25,2024-06-10,12
LN27484,CUST17484,Credit Card,14341,1195.08,2023-10-06,12
LN27485,CUST17485,Credit Card,103607,8633.92,2023-08-10,12
LN27486,CUST17486,Credit Card,73108,6092.33,2023-01-14,12
LN27487,CUST17487,Personal Loan,186933,7788.88,2023-06-21,24
LN27488,CUST17488,Credit Card,57174,4764.5,2024-08-21,12
LN27489,CUST17489,Credit Card,32429,2702.42,2024-04-20,12
LN27490,CUST17490,Credit Card,135905,11325.42,2023-11-06,12
LN27491,CUST17491,Credit Card,104466,8705.5,2023-09-07,12
LN27492,CUST17492,Consumer Durable,74313,12385.5,2024-09-04,6
LN27493,CUST17493,Personal Loan,342969,7145.19,2024-10-06,48
LN27494,CUST17494,Credit Card,61720,5143.33,2023-04-28,12
LN27495,CUST17495,Credit Card,41403,3450.25,2023-07-10,12
LN27496,CUST17496,Credit Card,23556,1963.0,2023-10-18,12
LN27497,CUST17497,Personal Loan,206746,4307.21,2023-10-20,48
LN27498,CUST17498,Personal Loan,413096,34424.67,2024-04-04,12
LN27499,CUST17499,Credit Card,23826,1985.5,2024-07-01,12
LN27500,CUST17500,Consumer Durable,131414,21902.33,2024-01-17,6
LN27501,CUST17501,Credit Card,88030,7335.83,2023-08-24,12
LN27502,CUST17502,Consumer Durable,72244,4013.56,2023-11-17,18
LN27503,CUST17503,Consumer Durable,169592,9421.78,2023-01-27,18
LN27504,CUST17504,Personal Loan,340509,7093.94,2023-03-16,48
LN27505,CUST17505,Personal Loan,423705,11769.58,2023-03-13,36
LN27506,CUST17506,Credit Card,86191,7182.58,2023-11-30,12
LN27507,CUST17507,Personal Loan,64845,2701.88,2023-12-13,24
LN27508,CUST17508,Consumer Durable,180751,30125.17,2024-06-20,6
LN27509,CUST17509,Credit Card,145416,12118.0,2024-01-13,12
LN27510,CUST17510,Consumer Durable,192521,32086.83,2023-06-10,6
LN27511,CUST17511,Personal Loan,112022,9335.17,2024-09-09,12
LN27512,CUST17512,Personal Loan,350941,14622.54,2024-09-18,24
LN27513,CUST17513,Personal Loan,119584,3321.78,2024-02-12,36
LN27514,CUST17514,Personal Loan,189224,15768.67,2023-02-16,12
LN27515,CUST17515,Consumer Durable,29538,1641.0,2024-01-29,18
LN27516,CUST17516,Personal Loan,359105,9975.14,2023-07-30,36
LN27517,CUST17517,Credit Card,63325,5277.08,2023-05-23,12
LN27518,CUST17518,Credit Card,43225,3602.08,2024-07-20,12
LN27519,CUST17519,Personal Loan,371813,10328.14,2024-11-10,36
LN27520,CUST17520,Consumer Durable,171824,9545.78,2023-06-05,18
LN27521,CUST17521,Personal Loan,308820,12867.5,2023-10-21,24
LN27522,CUST17522,Consumer Durable,59905,4992.08,2024-04-22,12
LN27523,CUST17523,Credit Card,54431,4535.92,2024-05-07,12
LN27524,CUST17524,Personal Loan,391556,8157.42,2024-01-30,48
LN27525,CUST17525,Credit Card,133740,11145.0,2024-10-03,12
LN27526,CUST17526,Credit Card,53929,4494.08,2024-03-22,12
LN27527,CUST17527,Consumer Durable,83841,4657.83,2024-05-24,18
LN27528,CUST17528,Personal Loan,184252,3838.58,2023-01-24,48
LN27529,CUST17529,Personal Loan,200354,5565.39,2023-06-02,36
LN27530,CUST17530,Personal Loan,194585,16215.42,2023-11-12,12
LN27531,CUST17531,Personal Loan,395104,16462.67,2023-03-14,24
LN27532,CUST17532,Personal Loan,207940,5776.11,2023-08-16,36
LN27533,CUST17533,Consumer Durable,151090,8393.89,2024-05-27,18
LN27534,CUST17534,Consumer Durable,171692,9538.44,2024-08-22,18
LN27535,CUST17535,Personal Loan,189800,3954.17,2024-10-04,48
LN27536,CUST17536,Personal Loan,393684,16403.5,2024-04-09,24
LN27537,CUST17537,Credit Card,123151,10262.58,2024-05-08,12
LN27538,CUST17538,Credit Card,128890,10740.83,2024-03-11,12
LN27539,CUST17539,Credit Card,55629,4635.75,2024-04-21,12
LN27540,CUST17540,Personal Loan,231355,19279.58,2023-02-27,12
LN27541,CUST17541,Credit Card,34072,2839.33,2024-11-19,12
LN27542,CUST17542,Consumer Durable,84296,14049.33,2024-10-19,6
LN27543,CUST17543,Consumer Durable,171087,14257.25,2023-06-18,12
LN27544,CUST17544,Credit Card,123212,10267.67,2024-09-27,12
LN27545,CUST17545,Personal Loan,383124,15963.5,2023-09-22,24
LN27546,CUST17546,Credit Card,142872,11906.0,2024-02-12,12
LN27547,CUST17547,Consumer Durable,34369,1909.39,2023-11-13,18
LN27548,CUST17548,Consumer Durable,127671,10639.25,2023-06-30,12
LN27549,CUST17549,Personal Loan,141770,11814.17,2024-05-30,12
LN27550,CUST17550,Personal Loan,398067,8293.06,2024-07-02,48
LN27551,CUST17551,Credit Card,125156,10429.67,2023-08-09,12
LN27552,CUST17552,Personal Loan,182505,7604.38,2024-05-13,24
LN27553,CUST17553,Consumer Durable,128674,7148.56,2023-05-01,18
LN27554,CUST17554,Consumer Durable,115430,19238.33,2023-07-12,6
LN27555,CUST17555,Credit Card,93423,7785.25,2024-01-18,12
LN27556,CUST17556,Consumer Durable,179435,29905.83,2024-02-02,6
LN27557,CUST17557,Consumer Durable,197054,32842.33,2023-09-07,6
LN27558,CUST17558,Credit Card,75890,6324.17,2024-04-13,12
LN27559,CUST17559,Personal Loan,92219,3842.46,2023-04-20,24
LN27560,CUST17560,Credit Card,102308,8525.67,2023-08-19,12
LN27561,CUST17561,Credit Card,26203,2183.58,2024-10-03,12
LN27562,CUST17562,Consumer Durable,77648,4313.78,2023-03-05,18
LN27563,CUST17563,Consumer Durable,140046,11670.5,2024-01-14,12
LN27564,CUST17564,Consumer Durable,179147,29857.83,2024-10-09,6
LN27565,CUST17565,Credit Card,90785,7565.42,2024-01-14,12
LN27566,CUST17566,Credit Card,20810,1734.17,2023-02-22,12
LN27567,CUST17567,Personal Loan,230056,9585.67,2024-01-30,24
LN27568,CUST17568,Credit Card,121721,10143.42,2023-12-13,12
LN27569,CUST17569,Personal Loan,200962,5582.28,2023-01-20,36
LN27570,CUST17570,Personal Loan,442857,18452.38,2023-10-20,24
LN27571,CUST17571,Consumer Durable,173819,14484.92,2023-04-19,12
LN27572,CUST17572,Credit Card,19153,1596.08,2023-09-16,12
LN27573,CUST17573,Credit Card,55128,4594.0,2024-07-25,12
LN27574,CUST17574,Consumer Durable,127084,21180.67,2023-06-02,6
LN27575,CUST17575,Personal Loan,309696,6452.0,2023-01-14,48
LN27576,CUST17576,Personal Loan,83416,3475.67,2023-04-22,24
LN27577,CUST17577,Personal Loan,414895,11524.86,2024-01-06,36
LN27578,CUST17578,Credit Card,67548,5629.0,2023-04-12,12
LN27579,CUST17579,Credit Card,19887,1657.25,2024-04-29,12
LN27580,CUST17580,Credit Card,10560,880.0,2024-07-10,12
LN27581,CUST17581,Personal Loan,361262,15052.58,2024-03-08,24
LN27582,CUST17582,Consumer Durable,181176,10065.33,2023-12-22,18
LN27583,CUST17583,Consumer Durable,145607,24267.83,2023-11-25,6
LN27584,CUST17584,Credit Card,77047,6420.58,2023-11-19,12
LN27585,CUST17585,Credit Card,113846,9487.17,2023-05-13,12
LN27586,CUST17586,Consumer Durable,123838,6879.89,2023-01-28,18
LN27587,CUST17587,Personal Loan,451956,12554.33,2023-01-07,36
LN27588,CUST17588,Consumer Durable,198043,11002.39,2024-02-23,18
LN27589,CUST17589,Credit Card,101499,8458.25,2023-09-12,12
LN27590,CUST17590,Consumer Durable,153931,25655.17,2024-10-07,6
LN27591,CUST17591,Personal Loan,469846,19576.92,2024-02-06,24
LN27592,CUST17592,Personal Loan,341788,7120.58,2023-12-23,48
LN27593,CUST17593,Personal Loan,255705,10654.38,2023-06-26,24
LN27594,CUST17594,Consumer Durable,176135,14677.92,2024-03-27,12
LN27595,CUST17595,Credit Card,125288,10440.67,2024-06-09,12
LN27596,CUST17596,Credit Card,41435,3452.92,2024-11-25,12
LN27597,CUST17597,Consumer Durable,54739,3041.06,2024-03-05,18
LN27598,CUST17598,Personal Loan,143864,5994.33,2024-09-23,24
LN27599,CUST17599,Consumer Durable,120588,20098.0,2023-08-01,6
LN27600,CUST17600,Consumer Durable,137931,22988.5,2023-06-06,6
LN27601,CUST17601,Personal Loan,404832,33736.0,2024-01-28,12
LN27602,CUST17602,Consumer Durable,96357,16059.5,2024-07-12,6
LN27603,CUST17603,Consumer Durable,45069,2503.83,2023-04-04,18
LN27604,CUST17604,Personal Loan,187945,5220.69,2024-05-15,36
LN27605,CUST17605,Personal Loan,468789,13021.92,2024-06-30,36
LN27606,CUST17606,Personal Loan,168366,7015.25,2024-03-20,24
LN27607,CUST17607,Consumer Durable,71722,3984.56,2023-08-13,18
LN27608,CUST17608,Personal Loan,241936,20161.33,2023-10-27,12
LN27609,CUST17609,Consumer Durable,24855,2071.25,2023-10-18,12
LN27610,CUST17610,Consumer Durable,150478,12539.83,2024-06-06,12
LN27611,CUST17611,Consumer Durable,33467,2788.92,2023-03-28,12
LN27612,CUST17612,Credit Card,85661,7138.42,2023-10-04,12
LN27613,CUST17613,Credit Card,15148,1262.33,2023-11-23,12
LN27614,CUST17614,Consumer Durable,166756,13896.33,2024-10-26,12
LN27615,CUST17615,Credit Card,125851,10487.58,2024-03-24,12
LN27616,CUST17616,Consumer Durable,61334,10222.33,2023-05-26,6
LN27617,CUST17617,Personal Loan,108562,9046.83,2023-05-09,12
LN27618,CUST17618,Credit Card,10229,852.42,2024-11-20,12
LN27619,CUST17619,Personal Loan,371262,10312.83,2023-11-07,36
LN27620,CUST17620,Personal Loan,289890,6039.38,2023-03-25,48
LN27621,CUST17621,Personal Loan,272249,5671.85,2024-09-27,48
LN27622,CUST17622,Credit Card,76029,6335.75,2024-07-13,12
LN27623,CUST17623,Personal Loan,226887,4726.81,2024-01-10,48
LN27624,CUST17624,Credit Card,19460,1621.67,2023-08-02,12
LN27625,CUST17625,Credit Card,79555,6629.58,2024-10-25,12
LN27626,CUST17626,Personal Loan,313019,13042.46,2024-01-02,24
LN27627,CUST17627,Consumer Durable,175595,14632.92,2023-04-13,12
LN27628,CUST17628,Consumer Durable,185766,10320.33,2024-04-01,18
LN27629,CUST17629,Personal Loan,492173,20507.21,2024-04-27,24
LN27630,CUST17630,Consumer Durable,86018,14336.33,2023-05-17,6
LN27631,CUST17631,Credit Card,35325,2943.75,2024-06-30,12
LN27632,CUST17632,Credit Card,63239,5269.92,2024-02-18,12
LN27633,CUST17633,Personal Loan,201276,5591.0,2023-12-08,36
LN27634,CUST17634,Credit Card,110673,9222.75,2023-04-22,12
LN27635,CUST17635,Consumer Durable,56931,9488.5,2024-03-23,6
LN27636,CUST17636,Personal Loan,348214,29017.83,2024-05-26,12
LN27637,CUST17637,Credit Card,143198,11933.17,2024-01-21,12
LN27638,CUST17638,Consumer Durable,176618,14718.17,2023-02-26,12
LN27639,CUST17639,Personal Loan,392983,8187.15,2024-04-22,48
LN27640,CUST17640,Consumer Durable,60750,10125.0,2023-11-18,6
LN27641,CUST17641,Credit Card,19403,1616.92,2024-09-27,12
LN27642,CUST17642,Personal Loan,280132,23344.33,2023-02-21,12
LN27643,CUST17643,Consumer Durable,94421,7868.42,2024-05-08,12
LN27644,CUST17644,Consumer Durable,176271,29378.5,2023-11-12,6
LN27645,CUST17645,Personal Loan,286062,7946.17,2023-01-26,36
LN27646,CUST17646,Consumer Durable,122602,10216.83,2024-11-10,12
LN27647,CUST17647,Credit Card,109597,9133.08,2024-06-20,12
LN27648,CUST17648,Credit Card,63276,5273.0,2024-02-20,12
LN27649,CUST17649,Credit Card,19763,1646.92,2024-08-12,12
LN27650,CUST17650,Credit Card,42214,3517.83,2023-09-14,12
LN27651,CUST17651,Consumer Durable,177299,29549.83,2024-06-01,6
LN27652,CUST17652,Personal Loan,424212,17675.5,2023-05-24,24
LN27653,CUST17653,Credit Card,133256,11104.67,2023-08-06,12
LN27654,CUST17654,Credit Card,117225,9768.75,2024-07-27,12
LN27655,CUST17655,Personal Loan,399763,16656.79,2024-11-20,24
LN27656,CUST17656,Credit Card,109938,9161.5,2024-03-07,12
LN27657,CUST17657,Credit Card,111438,9286.5,2024-05-07,12
LN27658,CUST17658,Credit Card,130348,10862.33,2024-09-11,12
LN27659,CUST17659,Personal Loan,466536,38878.0,2023-05-26,12
LN27660,CUST17660,Consumer Durable,105220,17536.67,2023-06-02,6
LN27661,CUST17661,Credit Card,42249,3520.75,2023-07-13,12
LN27662,CUST17662,Consumer Durable,163440,13620.0,2023-11-06,12
LN27663,CUST17663,Consumer Durable,20425,3404.17,2023-02-22,6
LN27664,CUST17664,Credit Card,15119,1259.92,2023-10-01,12
LN27665,CUST17665,Personal Loan,482588,13405.22,2023-03-15,36
LN27666,CUST17666,Credit Card,133472,11122.67,2023-02-11,12
LN27667,CUST17667,Consumer Durable,179388,29898.0,2023-03-19,6
LN27668,CUST17668,Consumer Durable,150747,25124.5,2024-04-18,6
LN27669,CUST17669,Consumer Durable,179377,14948.08,2023-02-20,12
LN27670,CUST17670,Consumer Durable,144826,8045.89,2024-04-12,18
LN27671,CUST17671,Consumer Durable,60193,10032.17,2024-09-11,6
LN27672,CUST17672,Credit Card,32557,2713.08,2023-06-19,12
LN27673,CUST17673,Personal Loan,172634,14386.17,2023-06-27,12
LN27674,CUST17674,Consumer Durable,179146,9952.56,2024-11-16,18
LN27675,CUST17675,Personal Loan,159002,4416.72,2024-07-12,36
LN27676,CUST17676,Personal Loan,429188,8941.42,2024-03-29,48
LN27677,CUST17677,Credit Card,105091,8757.58,2024-06-02,12
LN27678,CUST17678,Credit Card,86969,7247.42,2023-03-07,12
LN27679,CUST17679,Consumer Durable,31575,5262.5,2023-08-02,6
LN27680,CUST17680,Personal Loan,195035,4063.23,2024-11-07,48
LN27681,CUST17681,Credit Card,109695,9141.25,2024-03-22,12
LN27682,CUST17682,Credit Card,113018,9418.17,2024-11-15,12
LN27683,CUST17683,Consumer Durable,71872,11978.67,2024-08-14,6
LN27684,CUST17684,Credit Card,76190,6349.17,2023-02-09,12
LN27685,CUST17685,Credit Card,44304,3692.0,2024-06-08,12
LN27686,CUST17686,Personal Loan,75177,2088.25,2023-03-23,36
LN27687,CUST17687,Credit Card,30641,2553.42,2024-05-09,12
LN27688,CUST17688,Personal Loan,189042,5251.17,2024-07-01,36
LN27689,CUST17689,Personal Loan,314543,26211.92,2023-06-10,12
LN27690,CUST17690,Credit Card,76502,6375.17,2024-08-15,12
LN27691,CUST17691,Personal Loan,95950,2665.28,2023-09-11,36
LN27692,CUST17692,Personal Loan,256597,5345.77,2024-08-07,48
LN27693,CUST17693,Credit Card,62733,5227.75,2024-08-06,12
LN27694,CUST17694,Credit Card,54807,4567.25,2023-03-20,12
LN27695,CUST17695,Credit Card,101789,8482.42,2023-03-18,12
LN27696,CUST17696,Consumer Durable,29334,1629.67,2024-10-30,18
LN27697,CUST17697,Personal Loan,347769,9660.25,2024-03-14,36
LN27698,CUST17698,Credit Card,47077,3923.08,2024-06-24,12
LN27699,CUST17699,Personal Loan,305601,8488.92,2023-02-05,36
LN27700,CUST17700,Personal Loan,269976,7499.33,2023-03-26,36
LN27701,CUST17701,Credit Card,141570,11797.5,2024-09-13,12
LN27702,CUST17702,Personal Loan,467358,9736.62,2024-02-21,48
LN27703,CUST17703,Consumer Durable,26338,4389.67,2023-10-17,6
LN27704,CUST17704,Personal Loan,189324,7888.5,2024-07-13,24
LN27705,CUST17705,Personal Loan,176279,3672.48,2023-04-08,48
LN27706,CUST17706,Credit Card,130551,10879.25,2024-08-16,12
LN27707,CUST17707,Credit Card,23962,1996.83,2023-01-23,12
LN27708,CUST17708,Personal Loan,270790,22565.83,2024-03-10,12
LN27709,CUST17709,Consumer Durable,98985,8248.75,2024-11-27,12
LN27710,CUST17710,Consumer Durable,121890,10157.5,2023-04-11,12
LN27711,CUST17711,Personal Loan,396043,8250.9,2024-05-18,48
LN27712,CUST17712,Consumer Durable,58849,4904.08,2024-10-12,12
LN27713,CUST17713,Personal Loan,198806,8283.58,2024-09-23,24
LN27714,CUST17714,Credit Card,36463,3038.58,2024-02-12,12
LN27715,CUST17715,Personal Loan,175639,4878.86,2024-04-04,36
LN27716,CUST17716,Personal Loan,86535,7211.25,2023-04-07,12
LN27717,CUST17717,Personal Loan,442004,18416.83,2024-10-16,24
LN27718,CUST17718,Credit Card,49232,4102.67,2023-10-25,12
LN27719,CUST17719,Personal Loan,64285,1339.27,2023-05-27,48
LN27720,CUST17720,Personal Loan,478993,9979.02,2024-05-06,48
LN27721,CUST17721,Personal Loan,248171,5170.23,2023-11-19,48
LN27722,CUST17722,Consumer Durable,24948,4158.0,2024-01-23,6
LN27723,CUST17723,Consumer Durable,143476,7970.89,2023-11-18,18
LN27724,CUST17724,Consumer Durable,116871,19478.5,2024-08-12,6
LN27725,CUST17725,Credit Card,33855,2821.25,2024-08-01,12
LN27726,CUST17726,Credit Card,65035,5419.58,2024-07-07,12
LN27727,CUST17727,Personal Loan,124734,3464.83,2024-08-21,36
LN27728,CUST17728,Consumer Durable,94282,15713.67,2024-12-01,6
LN27729,CUST17729,Credit Card,60756,5063.0,2023-06-08,12
LN27730,CUST17730,Consumer Durable,117266,6514.78,2024-09-22,18
LN27731,CUST17731,Consumer Durable,164742,27457.0,2024-08-23,6
LN27732,CUST17732,Credit Card,86374,7197.83,2023-01-24,12
LN27733,CUST17733,Personal Loan,448333,18680.54,2024-04-16,24
LN27734,CUST17734,Consumer Durable,57336,9556.0,2023-12-25,6
LN27735,CUST17735,Credit Card,95081,7923.42,2023-02-23,12
LN27736,CUST17736,Personal Loan,148527,3094.31,2023-04-22,48
LN27737,CUST17737,Credit Card,135052,11254.33,2024-04-26,12
LN27738,CUST17738,Personal Loan,221689,6158.03,2023-12-01,36
LN27739,CUST17739,Credit Card,33704,2808.67,2023-11-24,12
LN27740,CUST17740,Personal Loan,364784,10132.89,2023-11-19,36
LN27741,CUST17741,Consumer Durable,52240,2902.22,2023-04-21,18
LN27742,CUST17742,Personal Loan,352986,29415.5,2024-02-25,12
LN27743,CUST17743,Personal Loan,56348,1173.92,2023-06-09,48
LN27744,CUST17744,Personal Loan,339490,28290.83,2024-11-19,12
LN27745,CUST17745,Credit Card,109404,9117.0,2024-08-03,12
LN27746,CUST17746,Personal Loan,137428,5726.17,2023-04-30,24
LN27747,CUST17747,Consumer Durable,24960,1386.67,2023-07-17,18
LN27748,CUST17748,Credit Card,85603,7133.58,2023-12-23,12
LN27749,CUST17749,Credit Card,39964,3330.33,2023-05-12,12
LN27750,CUST17750,Personal Loan,439319,36609.92,2023-01-18,12
LN27751,CUST17751,Credit Card,107328,8944.0,2023-05-03,12
LN27752,CUST17752,Personal Loan,319715,26642.92,2023-03-28,12
LN27753,CUST17753,Personal Loan,155869,6494.54,2024-06-17,24
LN27754,CUST17754,Consumer Durable,154339,25723.17,2024-07-05,6
LN27755,CUST17755,Personal Loan,142419,5934.12,2024-03-27,24
LN27756,CUST17756,Credit Card,63031,5252.58,2023-08-11,12
LN27757,CUST17757,Credit Card,73423,6118.58,2023-04-01,12
LN27758,CUST17758,Personal Loan,404128,16838.67,2023-03-15,24
LN27759,CUST17759,Credit Card,44508,3709.0,2024-08-30,12
LN27760,CUST17760,Personal Loan,256741,10697.54,2023-10-02,24
LN27761,CUST17761,Credit Card,143088,11924.0,2023-02-22,12
LN27762,CUST17762,Consumer Durable,43631,7271.83,2023-05-23,6
LN27763,CUST17763,Credit Card,28648,2387.33,2023-10-13,12
LN27764,CUST17764,Consumer Durable,34720,2893.33,2023-09-14,12
LN27765,CUST17765,Credit Card,103469,8622.42,2023-03-30,12
LN27766,CUST17766,Credit Card,37656,3138.0,2024-06-02,12
LN27767,CUST17767,Personal Loan,284161,7893.36,2024-05-20,36
LN27768,CUST17768,Personal Loan,115824,3217.33,2024-06-23,36
LN27769,CUST17769,Consumer Durable,110351,6130.61,2024-07-26,18
LN27770,CUST17770,Credit Card,99931,8327.58,2024-11-07,12
LN27771,CUST17771,Personal Loan,416069,34672.42,2023-05-29,12
LN27772,CUST17772,Consumer Durable,187008,31168.0,2023-11-27,6
LN27773,CUST17773,Consumer Durable,150122,25020.33,2024-11-03,6
LN27774,CUST17774,Consumer Durable,148798,24799.67,2024-02-05,6
LN27775,CUST17775,Credit Card,25089,2090.75,2023-02-23,12
LN27776,CUST17776,Personal Loan,411066,34255.5,2024-07-31,12
LN27777,CUST17777,Credit Card,13257,1104.75,2023-08-05,12
LN27778,CUST17778,Personal Loan,68807,5733.92,2023-01-12,12
LN27779,CUST17779,Personal Loan,274936,11455.67,2024-11-20,24
LN27780,CUST17780,Credit Card,98278,8189.83,2024-06-20,12
LN27781,CUST17781,Consumer Durable,28059,2338.25,2023-11-08,12
LN27782,CUST17782,Consumer Durable,59385,4948.75,2024-07-04,12
LN27783,CUST17783,Personal Loan,150527,6271.96,2023-12-03,24
LN27784,CUST17784,Consumer Durable,112067,9338.92,2024-01-25,12
LN27785,CUST17785,Consumer Durable,195618,10867.67,2023-06-13,18
LN27786,CUST17786,Credit Card,90919,7576.58,2023-01-26,12
LN27787,CUST17787,Credit Card,97104,8092.0,2024-06-04,12
LN27788,CUST17788,Consumer Durable,91437,7619.75,2024-05-25,12
LN27789,CUST17789,Consumer Durable,61812,10302.0,2024-11-13,6
LN27790,CUST17790,Personal Loan,310959,25913.25,2023-08-23,12
LN27791,CUST17791,Consumer Durable,52015,8669.17,2023-06-26,6
LN27792,CUST17792,Consumer Durable,87287,4849.28,2024-07-29,18
LN27793,CUST17793,Personal Loan,94782,7898.5,2024-09-21,12
LN27794,CUST17794,Personal Loan,467252,9734.42,2023-03-04,48
LN27795,CUST17795,Consumer Durable,197953,32992.17,2023-11-09,6
LN27796,CUST17796,Credit Card,17564,1463.67,2023-10-02,12
LN27797,CUST17797,Consumer Durable,114980,19163.33,2024-03-05,6
LN27798,CUST17798,Consumer Durable,96250,16041.67,2023-12-21,6
LN27799,CUST17799,Personal Loan,464857,38738.08,2024-11-09,12
LN27800,CUST17800,Credit Card,12322,1026.83,2023-11-06,12
LN27801,CUST17801,Credit Card,67024,5585.33,2024-05-21,12
LN27802,CUST17802,Credit Card,93837,7819.75,2024-10-09,12
LN27803,CUST17803,Personal Loan,207889,5774.69,2024-03-29,36
LN27804,CUST17804,Consumer Durable,67797,5649.75,2023-09-02,12
LN27805,CUST17805,Consumer Durable,36319,2017.72,2023-02-23,18
LN27806,CUST17806,Credit Card,64761,5396.75,2024-04-18,12
LN27807,CUST17807,Credit Card,131982,10998.5,2023-08-16,12
LN27808,CUST17808,Consumer Durable,171048,14254.0,2024-05-28,12
LN27809,CUST17809,Consumer Durable,34818,2901.5,2024-01-10,12
LN27810,CUST17810,Credit Card,49579,4131.58,2024-03-26,12
LN27811,CUST17811,Consumer Durable,75254,4180.78,2023-04-03,18
LN27812,CUST17812,Personal Loan,209518,8729.92,2024-03-15,24
LN27813,CUST17813,Credit Card,145051,12087.58,2024-04-17,12
LN27814,CUST17814,Credit Card,82322,6860.17,2024-03-02,12
LN27815,CUST17815,Credit Card,72926,6077.17,2024-10-12,12
LN27816,CUST17816,Consumer Durable,111478,9289.83,2023-04-10,12
LN27817,CUST17817,Consumer Durable,54858,3047.67,2023-11-25,18
LN27818,CUST17818,Consumer Durable,41390,6898.33,2023-08-02,6
LN27819,CUST17819,Credit Card,75204,6267.0,2023-09-14,12
LN27820,CUST17820,Consumer Durable,41023,2279.06,2023-03-17,18
LN27821,CUST17821,Credit Card,50568,4214.0,2023-12-20,12
LN27822,CUST17822,Personal Loan,188201,7841.71,2023-02-04,24
LN27823,CUST17823,Consumer Durable,17912,995.11,2024-09-07,18
LN27824,CUST17824,Credit Card,91169,7597.42,2024-06-24,12
LN27825,CUST17825,Personal Loan,485201,20216.71,2024-02-27,24
LN27826,CUST17826,Credit Card,37586,3132.17,2023-07-01,12
LN27827,CUST17827,Credit Card,107581,8965.08,2023-04-19,12
LN27828,CUST17828,Credit Card,104041,8670.08,2023-11-19,12
LN27829,CUST17829,Personal Loan,117170,9764.17,2023-07-03,12
LN27830,CUST17830,Personal Loan,254742,10614.25,2023-09-23,24
LN27831,CUST17831,Credit Card,103031,8585.92,2024-02-12,12
LN27832,CUST17832,Credit Card,145414,12117.83,2024-03-01,12
LN27833,CUST17833,Credit Card,125281,10440.08,2023-05-14,12
LN27834,CUST17834,Personal Loan,319534,6656.96,2024-11-12,48
LN27835,CUST17835,Consumer Durable,121206,20201.0,2024-01-11,6
LN27836,CUST17836,Credit Card,102758,8563.17,2024-10-25,12
LN27837,CUST17837,Personal Loan,136198,2837.46,2023-02-15,48
LN27838,CUST17838,Personal Loan,471991,19666.29,2024-07-26,24
LN27839,CUST17839,Consumer Durable,178899,9938.83,2024-01-16,18
LN27840,CUST17840,Credit Card,60612,5051.0,2024-07-01,12
LN27841,CUST17841,Credit Card,36460,3038.33,2024-11-09,12
LN27842,CUST17842,Consumer Durable,50210,2789.44,2024-04-10,18
LN27843,CUST17843,Credit Card,58881,4906.75,2023-07-27,12
LN27844,CUST17844,Personal Loan,402526,8385.96,2024-09-03,48
LN27845,CUST17845,Consumer Durable,106199,17699.83,2024-06-26,6
LN27846,CUST17846,Consumer Durable,156514,8695.22,2024-07-01,18
LN27847,CUST17847,Personal Loan,167405,4650.14,2023-05-23,36
LN27848,CUST17848,Credit Card,13021,1085.08,2023-09-15,12
LN27849,CUST17849,Consumer Durable,26592,4432.0,2024-08-31,6
LN27850,CUST17850,Personal Loan,319606,6658.46,2024-10-02,48
LN27851,CUST17851,Consumer Durable,92479,5137.72,2024-02-02,18
LN27852,CUST17852,Credit Card,55231,4602.58,2024-07-23,12
LN27853,CUST17853,Consumer Durable,196334,16361.17,2024-07-30,12
LN27854,CUST17854,Consumer Durable,73365,6113.75,2023-02-16,12
LN27855,CUST17855,Personal Loan,176024,7334.33,2024-03-14,24
LN27856,CUST17856,Consumer Durable,24447,2037.25,2024-03-30,12
LN27857,CUST17857,Personal Loan,250933,10455.54,2024-09-07,24
LN27858,CUST17858,Credit Card,72399,6033.25,2024-02-08,12
LN27859,CUST17859,Credit Card,56958,4746.5,2024-11-30,12
LN27860,CUST17860,Personal Loan,309325,8592.36,2023-10-24,36
LN27861,CUST17861,Credit Card,70448,5870.67,2023-02-20,12
LN27862,CUST17862,Credit Card,76814,6401.17,2023-06-07,12
LN27863,CUST17863,Consumer Durable,91392,15232.0,2023-06-22,6
LN27864,CUST17864,Consumer Durable,99142,8261.83,2024-04-20,12
LN27865,CUST17865,Consumer Durable,103547,5752.61,2023-04-16,18
LN27866,CUST17866,Personal Loan,124003,3444.53,2023-03-07,36
LN27867,CUST17867,Personal Loan,424850,11801.39,2023-05-20,36
LN27868,CUST17868,Credit Card,38888,3240.67,2023-12-15,12
LN27869,CUST17869,Personal Loan,93927,2609.08,2023-01-25,36
LN27870,CUST17870,Credit Card,71248,5937.33,2023-02-11,12
LN27871,CUST17871,Personal Loan,73234,2034.28,2023-04-20,36
LN27872,CUST17872,Credit Card,70213,5851.08,2024-10-04,12
LN27873,CUST17873,Credit Card,48888,4074.0,2023-01-10,12
LN27874,CUST17874,Personal Loan,454602,18941.75,2023-08-02,24
LN27875,CUST17875,Consumer Durable,196175,16347.92,2024-04-22,12
LN27876,CUST17876,Consumer Durable,103798,8649.83,2024-06-07,12
LN27877,CUST17877,Consumer Durable,109521,18253.5,2024-07-09,6
LN27878,CUST17878,Credit Card,58650,4887.5,2024-11-17,12
LN27879,CUST17879,Personal Loan,473431,39452.58,2023-09-09,12
LN27880,CUST17880,Credit Card,14661,1221.75,2023-11-07,12
LN27881,CUST17881,Personal Loan,68263,1896.19,2024-08-17,36
LN27882,CUST17882,Personal Loan,138102,5754.25,2024-02-10,24
LN27883,CUST17883,Consumer Durable,132954,22159.0,2024-05-14,6
LN27884,CUST17884,Credit Card,46413,3867.75,2023-02-01,12
LN27885,CUST17885,Consumer Durable,38223,6370.5,2024-01-12,6
LN27886,CUST17886,Consumer Durable,114464,9538.67,2023-05-02,12
LN27887,CUST17887,Consumer Durable,153990,25665.0,2023-09-13,6
LN27888,CUST17888,Consumer Durable,138391,7688.39,2023-07-20,18
LN27889,CUST17889,Credit Card,66144,5512.0,2024-08-17,12
LN27890,CUST17890,Credit Card,107475,8956.25,2023-04-22,12
LN27891,CUST17891,Personal Loan,280851,11702.12,2024-06-28,24
LN27892,CUST17892,Personal Loan,268075,11169.79,2023-07-31,24
LN27893,CUST17893,Consumer Durable,86917,7243.08,2024-03-09,12
LN27894,CUST17894,Personal Loan,375841,10440.03,2023-05-11,36
LN27895,CUST17895,Credit Card,28736,2394.67,2023-08-18,12
LN27896,CUST17896,Personal Loan,235057,9794.04,2023-05-06,24
LN27897,CUST17897,Consumer Durable,77319,6443.25,2024-06-18,12
LN27898,CUST17898,Consumer Durable,22116,1843.0,2024-10-26,12
LN27899,CUST17899,Credit Card,49292,4107.67,2024-05-21,12
LN27900,CUST17900,Personal Loan,274101,22841.75,2023-08-04,12
LN27901,CUST17901,Consumer Durable,50376,8396.0,2024-10-20,6
LN27902,CUST17902,Personal Loan,438518,12181.06,2023-01-12,36
LN27903,CUST17903,Personal Loan,283678,23639.83,2024-07-11,12
LN27904,CUST17904,Credit Card,143653,11971.08,2024-02-19,12
LN27905,CUST17905,Personal Loan,228781,4766.27,2023-07-18,48
LN27906,CUST17906,Credit Card,15725,1310.42,2024-03-11,12
LN27907,CUST17907,Credit Card,60354,5029.5,2023-07-06,12
LN27908,CUST17908,Consumer Durable,59750,3319.44,2024-05-10,18
LN27909,CUST17909,Personal Loan,480358,40029.83,2024-01-14,12
LN27910,CUST17910,Personal Loan,247289,20607.42,2024-02-19,12
LN27911,CUST17911,Personal Loan,71227,1978.53,2024-04-26,36
LN27912,CUST17912,Consumer Durable,49922,4160.17,2024-07-20,12
LN27913,CUST17913,Credit Card,68732,5727.67,2023-09-27,12
LN27914,CUST17914,Personal Loan,160963,6706.79,2023-06-09,24
LN27915,CUST17915,Credit Card,134343,11195.25,2023-02-24,12
LN27916,CUST17916,Consumer Durable,107374,5965.22,2024-10-31,18
LN27917,CUST17917,Credit Card,116089,9674.08,2024-11-06,12
LN27918,CUST17918,Personal Loan,288257,6005.35,2023-05-02,48
LN27919,CUST17919,Credit Card,147683,12306.92,2024-05-06,12
LN27920,CUST17920,Consumer Durable,102521,8543.42,2023-07-30,12
LN27921,CUST17921,Consumer Durable,177332,9851.78,2024-05-27,18
LN27922,CUST17922,Consumer Durable,36768,3064.0,2024-10-26,12
LN27923,CUST17923,Credit Card,117610,9800.83,2023-08-27,12
LN27924,CUST17924,Consumer Durable,188862,31477.0,2024-03-09,6
LN27925,CUST17925,Consumer Durable,126669,21111.5,2023-02-17,6
LN27926,CUST17926,Consumer Durable,107257,17876.17,2023-02-04,6
LN27927,CUST17927,Credit Card,122144,10178.67,2024-09-04,12
LN27928,CUST17928,Personal Loan,438394,18266.42,2023-04-28,24
LN27929,CUST17929,Credit Card,84729,7060.75,2023-04-01,12
LN27930,CUST17930,Credit Card,81526,6793.83,2024-09-11,12
LN27931,CUST17931,Personal Loan,323073,8974.25,2024-08-03,36
LN27932,CUST17932,Consumer Durable,161264,26877.33,2024-10-09,6
LN27933,CUST17933,Credit Card,78615,6551.25,2024-06-26,12
LN27934,CUST17934,Credit Card,25910,2159.17,2024-02-16,12
LN27935,CUST17935,Personal Loan,205163,17096.92,2024-10-19,12
LN27936,CUST17936,Consumer Durable,186933,31155.5,2023-03-10,6
LN27937,CUST17937,Credit Card,60921,5076.75,2023-08-13,12
LN27938,CUST17938,Personal Loan,438264,9130.5,2024-09-05,48
LN27939,CUST17939,Personal Loan,494951,10311.48,2024-02-16,48
LN27940,CUST17940,Consumer Durable,166086,13840.5,2024-02-29,12
LN27941,CUST17941,Consumer Durable,112325,9360.42,2023-02-09,12
LN27942,CUST17942,Personal Loan,274428,22869.0,2024-09-09,12
LN27943,CUST17943,Credit Card,112196,9349.67,2024-09-08,12
LN27944,CUST17944,Consumer Durable,175914,9773.0,2024-05-18,18
LN27945,CUST17945,Personal Loan,272968,11373.67,2024-08-27,24
LN27946,CUST17946,Personal Loan,278010,11583.75,2024-06-30,24
LN27947,CUST17947,Credit Card,87850,7320.83,2024-05-08,12
LN27948,CUST17948,Personal Loan,271854,7551.5,2023-01-25,36
LN27949,CUST17949,Credit Card,134397,11199.75,2024-01-15,12
LN27950,CUST17950,Consumer Durable,29693,2474.42,2023-11-01,12
LN27951,CUST17951,Personal Loan,472291,39357.58,2024-06-06,12
LN27952,CUST17952,Consumer Durable,25376,1409.78,2024-08-09,18
LN27953,CUST17953,Personal Loan,173205,7216.88,2023-09-06,24
LN27954,CUST17954,Credit Card,87226,7268.83,2024-11-13,12
LN27955,CUST17955,Personal Loan,166847,3475.98,2024-10-15,48
LN27956,CUST17956,Personal Loan,89334,2481.5,2024-10-27,36
LN27957,CUST17957,Credit Card,62119,5176.58,2023-07-09,12
LN27958,CUST17958,Credit Card,50774,4231.17,2024-01-24,12
LN27959,CUST17959,Credit Card,10518,876.5,2024-02-26,12
LN27960,CUST17960,Consumer Durable,56072,4672.67,2024-08-31,12
LN27961,CUST17961,Credit Card,93194,7766.17,2023-05-11,12
LN27962,CUST17962,Personal Loan,260615,7239.31,2024-01-10,36
LN27963,CUST17963,Personal Loan,99947,4164.46,2023-05-22,24
LN27964,CUST17964,Credit Card,20784,1732.0,2023-02-16,12
LN27965,CUST17965,Credit Card,66430,5535.83,2024-05-10,12
LN27966,CUST17966,Consumer Durable,139445,7746.94,2024-11-04,18
LN27967,CUST17967,Consumer Durable,16956,942.0,2023-10-29,18
LN27968,CUST17968,Consumer Durable,137319,11443.25,2023-09-10,12
LN27969,CUST17969,Consumer Durable,187870,15655.83,2024-11-19,12
LN27970,CUST17970,Consumer Durable,125449,6969.39,2023-05-29,18
LN27971,CUST17971,Credit Card,149856,12488.0,2024-08-02,12
LN27972,CUST17972,Credit Card,137362,11446.83,2024-11-28,12
LN27973,CUST17973,Personal Loan,216290,9012.08,2024-09-17,24
LN27974,CUST17974,Consumer Durable,102874,17145.67,2024-03-23,6
LN27975,CUST17975,Consumer Durable,20538,1141.0,2023-08-04,18
LN27976,CUST17976,Personal Loan,439405,36617.08,2023-01-05,12
LN27977,CUST17977,Consumer Durable,84836,4713.11,2024-11-28,18
LN27978,CUST17978,Credit Card,83177,6931.42,2023-12-16,12
LN27979,CUST17979,Consumer Durable,53116,8852.67,2023-10-13,6
LN27980,CUST17980,Personal Loan,210566,8773.58,2024-08-27,24
LN27981,CUST17981,Credit Card,78364,6530.33,2024-10-10,12
LN27982,CUST17982,Personal Loan,226361,6287.81,2024-03-07,36
LN27983,CUST17983,Personal Loan,301996,8388.78,2024-01-06,36
LN27984,CUST17984,Consumer Durable,60033,10005.5,2024-11-19,6
LN27985,CUST17985,Personal Loan,158480,6603.33,2024-08-07,24
LN27986,CUST17986,Credit Card,42338,3528.17,2024-07-11,12
LN27987,CUST17987,Consumer Durable,95330,7944.17,2023-10-13,12
LN27988,CUST17988,Personal Loan,407338,33944.83,2023-03-16,12
LN27989,CUST17989,Personal Loan,101773,2120.27,2024-06-11,48
LN27990,CUST17990,Personal Loan,320696,26724.67,2024-10-14,12
LN27991,CUST17991,Consumer Durable,175290,29215.0,2023-11-03,6
LN27992,CUST17992,Consumer Durable,54535,9089.17,2024-04-26,6
LN27993,CUST17993,Consumer Durable,84206,14034.33,2023-05-17,6
LN27994,CUST17994,Personal Loan,150119,6254.96,2023-02-02,24
LN27995,CUST17995,Consumer Durable,185377,15448.08,2023-05-20,12
LN27996,CUST17996,Credit Card,128436,10703.0,2023-06-16,12
LN27997,CUST17997,Personal Loan,193561,5376.69,2023-02-24,36
LN27998,CUST17998,Credit Card,35861,2988.42,2024-04-29,12
LN27999,CUST17999,Consumer Durable,84382,7031.83,2024-07-30,12
LN28000,CUST18000,Credit Card,95765,7980.42,2023-07-29,12
LN28001,CUST18001,Personal Loan,337824,28152.0,2024-06-28,12
LN28002,CUST18002,Consumer Durable,184337,10240.94,2023-06-28,18
LN28003,CUST18003,Consumer Durable,69713,11618.83,2023-01-12,6
LN28004,CUST18004,Personal Loan,265189,5524.77,2023-04-22,48
LN28005,CUST18005,Personal Loan,388411,8091.9,2024-08-20,48
LN28006,CUST18006,Consumer Durable,161563,26927.17,2024-06-12,6
LN28007,CUST18007,Credit Card,145144,12095.33,2023-09-11,12
LN28008,CUST18008,Credit Card,106410,8867.5,2024-05-29,12
LN28009,CUST18009,Consumer Durable,190360,31726.67,2024-05-07,6
LN28010,CUST18010,Consumer Durable,29478,1637.67,2023-08-17,18
LN28011,CUST18011,Personal Loan,364163,15173.46,2023-11-07,24
LN28012,CUST18012,Personal Loan,137441,11453.42,2024-01-11,12
LN28013,CUST18013,Personal Loan,356152,9893.11,2024-03-15,36
LN28014,CUST18014,Personal Loan,88268,1838.92,2024-02-23,48
LN28015,CUST18015,Personal Loan,289210,6025.21,2024-01-27,48
LN28016,CUST18016,Credit Card,128670,10722.5,2023-01-24,12
LN28017,CUST18017,Consumer Durable,63061,5255.08,2023-08-21,12
LN28018,CUST18018,Personal Loan,66327,2763.62,2024-09-30,24
LN28019,CUST18019,Personal Loan,148706,6196.08,2023-04-21,24
LN28020,CUST18020,Credit Card,94609,7884.08,2023-07-17,12
LN28021,CUST18021,Personal Loan,313881,8718.92,2024-01-01,36
LN28022,CUST18022,Personal Loan,376765,10465.69,2024-09-20,36
LN28023,CUST18023,Consumer Durable,80269,6689.08,2024-03-25,12
LN28024,CUST18024,Personal Loan,394565,8220.1,2024-04-11,48
LN28025,CUST18025,Credit Card,66552,5546.0,2023-09-16,12
LN28026,CUST18026,Credit Card,35162,2930.17,2024-02-13,12
LN28027,CUST18027,Consumer Durable,127552,7086.22,2023-02-08,18
LN28028,CUST18028,Consumer Durable,71565,11927.5,2023-11-16,6
LN28029,CUST18029,Personal Loan,272973,22747.75,2024-04-30,12
LN28030,CUST18030,Consumer Durable,66001,5500.08,2024-09-16,12
LN28031,CUST18031,Personal Loan,337153,9365.36,2023-05-04,36
LN28032,CUST18032,Credit Card,67657,5638.08,2024-08-16,12
LN28033,CUST18033,Consumer Durable,191119,15926.58,2023-10-05,12
LN28034,CUST18034,Personal Loan,235362,19613.5,2024-08-29,12
LN28035,CUST18035,Personal Loan,296291,8230.31,2024-10-13,36
LN28036,CUST18036,Personal Loan,109897,9158.08,2024-02-08,12
LN28037,CUST18037,Consumer Durable,75968,4220.44,2024-05-03,18
LN28038,CUST18038,Personal Loan,329562,27463.5,2024-06-11,12
LN28039,CUST18039,Credit Card,13803,1150.25,2024-03-18,12
LN28040,CUST18040,Consumer Durable,153795,25632.5,2023-05-24,6
LN28041,CUST18041,Personal Loan,323341,26945.08,2024-01-19,12
LN28042,CUST18042,Consumer Durable,43357,3613.08,2024-05-20,12
LN28043,CUST18043,Personal Loan,381762,15906.75,2023-12-18,24
LN28044,CUST18044,Credit Card,77921,6493.42,2024-06-22,12
LN28045,CUST18045,Personal Loan,329249,27437.42,2024-08-26,12
LN28046,CUST18046,Personal Loan,488265,10172.19,2024-11-20,48
LN28047,CUST18047,Credit Card,132921,11076.75,2024-02-15,12
LN28048,CUST18048,Credit Card,144280,12023.33,2024-01-21,12
LN28049,CUST18049,Credit Card,26525,2210.42,2024-06-23,12
LN28050,CUST18050,Credit Card,31599,2633.25,2024-10-21,12
LN28051,CUST18051,Consumer Durable,175516,29252.67,2024-02-13,6
LN28052,CUST18052,Consumer Durable,42677,2370.94,2024-02-26,18
LN28053,CUST18053,Personal Loan,491884,13663.44,2023-02-15,36
LN28054,CUST18054,Credit Card,62226,5185.5,2023-07-14,12
LN28055,CUST18055,Consumer Durable,169956,9442.0,2024-02-10,18
LN28056,CUST18056,Credit Card,126474,10539.5,2023-11-08,12
LN28057,CUST18057,Consumer Durable,162291,13524.25,2024-01-19,12
LN28058,CUST18058,Credit Card,10559,879.92,2023-04-25,12
LN28059,CUST18059,Personal Loan,272038,7556.61,2023-02-05,36
LN28060,CUST18060,Personal Loan,246986,20582.17,2024-02-23,12
LN28061,CUST18061,Personal Loan,244718,20393.17,2023-06-22,12
LN28062,CUST18062,Personal Loan,449343,9361.31,2023-11-13,48
LN28063,CUST18063,Consumer Durable,186698,15558.17,2023-03-10,12
LN28064,CUST18064,Personal Loan,358389,14932.88,2023-02-18,24
LN28065,CUST18065,Personal Loan,181774,3786.96,2023-04-20,48
LN28066,CUST18066,Credit Card,99079,8256.58,2023-12-11,12
LN28067,CUST18067,Consumer Durable,30910,2575.83,2023-03-06,12
LN28068,CUST18068,Personal Loan,245056,20421.33,2023-09-01,12
LN28069,CUST18069,Consumer Durable,146533,12211.08,2024-06-05,12
LN28070,CUST18070,Credit Card,111031,9252.58,2024-06-13,12
LN28071,CUST18071,Credit Card,71082,5923.5,2024-07-22,12
LN28072,CUST18072,Personal Loan,85502,7125.17,2023-01-05,12
LN28073,CUST18073,Credit Card,66172,5514.33,2023-12-31,12
LN28074,CUST18074,Personal Loan,480242,40020.17,2023-02-28,12
LN28075,CUST18075,Credit Card,101889,8490.75,2024-01-29,12
LN28076,CUST18076,Consumer Durable,198384,16532.0,2024-03-29,12
LN28077,CUST18077,Credit Card,147558,12296.5,2024-04-22,12
LN28078,CUST18078,Credit Card,102289,8524.08,2024-06-18,12
LN28079,CUST18079,Consumer Durable,107959,17993.17,2023-01-16,6
LN28080,CUST18080,Consumer Durable,122109,20351.5,2023-02-21,6
LN28081,CUST18081,Consumer Durable,144234,24039.0,2023-06-23,6
LN28082,CUST18082,Credit Card,23391,1949.25,2024-06-04,12
LN28083,CUST18083,Credit Card,47903,3991.92,2023-02-14,12
LN28084,CUST18084,Credit Card,51345,4278.75,2024-02-08,12
LN28085,CUST18085,Personal Loan,194854,8118.92,2024-06-18,24
LN28086,CUST18086,Personal Loan,275690,22974.17,2024-07-27,12
LN28087,CUST18087,Personal Loan,468965,13026.81,2024-09-07,36
LN28088,CUST18088,Personal Loan,437409,9112.69,2023-07-25,48
LN28089,CUST18089,Personal Loan,125369,3482.47,2024-07-08,36
LN28090,CUST18090,Consumer Durable,118856,6603.11,2023-08-13,18
LN28091,CUST18091,Personal Loan,96286,2005.96,2024-03-20,48
LN28092,CUST18092,Personal Loan,231751,19312.58,2024-09-27,12
LN28093,CUST18093,Consumer Durable,195121,16260.08,2023-06-19,12
LN28094,CUST18094,Consumer Durable,110912,6161.78,2023-07-04,18
LN28095,CUST18095,Credit Card,84901,7075.08,2023-09-26,12
LN28096,CUST18096,Personal Loan,310734,25894.5,2024-08-06,12
LN28097,CUST18097,Credit Card,143645,11970.42,2024-09-19,12
LN28098,CUST18098,Credit Card,143284,11940.33,2024-10-12,12
LN28099,CUST18099,Consumer Durable,62038,10339.67,2023-07-09,6
LN28100,CUST18100,Credit Card,65476,5456.33,2023-04-02,12
LN28101,CUST18101,Personal Loan,311097,25924.75,2024-01-09,12
LN28102,CUST18102,Credit Card,119115,9926.25,2023-05-30,12
LN28103,CUST18103,Consumer Durable,67511,5625.92,2024-09-19,12
LN28104,CUST18104,Personal Loan,92845,7737.08,2024-02-27,12
LN28105,CUST18105,Personal Loan,156812,6533.83,2024-02-27,24
LN28106,CUST18106,Personal Loan,274314,7619.83,2023-02-03,36
LN28107,CUST18107,Credit Card,95500,7958.33,2023-07-08,12
LN28108,CUST18108,Credit Card,33736,2811.33,2024-10-15,12
LN28109,CUST18109,Consumer Durable,58165,9694.17,2024-06-29,6
LN28110,CUST18110,Credit Card,67165,5597.08,2024-04-01,12
LN28111,CUST18111,Consumer Durable,89685,14947.5,2023-11-27,6
LN28112,CUST18112,Credit Card,143515,11959.58,2024-04-03,12
LN28113,CUST18113,Credit Card,47686,3973.83,2024-02-15,12
LN28114,CUST18114,Personal Loan,371001,10305.58,2024-03-14,36
LN28115,CUST18115,Consumer Durable,187077,31179.5,2024-05-25,6
LN28116,CUST18116,Consumer Durable,28407,1578.17,2024-09-27,18
LN28117,CUST18117,Consumer Durable,94856,15809.33,2023-11-04,6
LN28118,CUST18118,Credit Card,46978,3914.83,2024-05-11,12
LN28119,CUST18119,Consumer Durable,22942,1911.83,2023-06-06,12
LN28120,CUST18120,Personal Loan,84890,1768.54,2023-05-24,48
LN28121,CUST18121,Personal Loan,459172,9566.08,2024-07-03,48
LN28122,CUST18122,Consumer Durable,185089,30848.17,2023-08-27,6
LN28123,CUST18123,Consumer Durable,80378,6698.17,2023-10-23,12
LN28124,CUST18124,Consumer Durable,28341,4723.5,2024-09-13,6
LN28125,CUST18125,Personal Loan,279859,5830.4,2024-05-19,48
LN28126,CUST18126,Personal Loan,172399,7183.29,2024-11-25,24
LN28127,CUST18127,Personal Loan,263523,7320.08,2024-03-17,36
LN28128,CUST18128,Consumer Durable,35593,5932.17,2023-06-13,6
LN28129,CUST18129,Credit Card,88846,7403.83,2023-01-17,12
LN28130,CUST18130,Credit Card,28840,2403.33,2023-11-20,12
LN28131,CUST18131,Consumer Durable,81407,6783.92,2024-10-30,12
LN28132,CUST18132,Personal Loan,327591,9099.75,2024-06-30,36
LN28133,CUST18133,Consumer Durable,135180,7510.0,2024-04-27,18
LN28134,CUST18134,Credit Card,60475,5039.58,2023-09-30,12
LN28135,CUST18135,Credit Card,131537,10961.42,2024-04-19,12
LN28136,CUST18136,Consumer Durable,89394,14899.0,2023-04-08,6
LN28137,CUST18137,Credit Card,61243,5103.58,2024-04-05,12
LN28138,CUST18138,Credit Card,30992,2582.67,2024-01-18,12
LN28139,CUST18139,Personal Loan,170431,3550.65,2023-12-09,48
LN28140,CUST18140,Credit Card,25181,2098.42,2023-11-16,12
LN28141,CUST18141,Consumer Durable,50779,8463.17,2024-04-14,6
LN28142,CUST18142,Consumer Durable,122265,6792.5,2024-08-24,18
LN28143,CUST18143,Credit Card,142873,11906.08,2024-08-23,12
LN28144,CUST18144,Credit Card,10818,901.5,2023-02-01,12
LN28145,CUST18145,Consumer Durable,77385,12897.5,2023-04-04,6
LN28146,CUST18146,Personal Loan,424141,35345.08,2024-04-05,12
LN28147,CUST18147,Credit Card,13181,1098.42,2023-05-20,12
LN28148,CUST18148,Credit Card,54540,4545.0,2023-04-27,12
LN28149,CUST18149,Personal Loan,474062,19752.58,2023-05-18,24
LN28150,CUST18150,Credit Card,45682,3806.83,2023-03-02,12
LN28151,CUST18151,Personal Loan,194775,4057.81,2023-11-22,48
LN28152,CUST18152,Credit Card,128882,10740.17,2023-08-20,12
LN28153,CUST18153,Credit Card,100133,8344.42,2023-02-24,12
LN28154,CUST18154,Personal Loan,415525,11542.36,2024-06-12,36
LN28155,CUST18155,Personal Loan,459527,9573.48,2023-02-26,48
LN28156,CUST18156,Personal Loan,320732,8909.22,2024-04-04,36
LN28157,CUST18157,Credit Card,33601,2800.08,2023-09-05,12
LN28158,CUST18158,Credit Card,131190,10932.5,2023-07-12,12
LN28159,CUST18159,Consumer Durable,99113,16518.83,2024-08-25,6
LN28160,CUST18160,Consumer Durable,150826,12568.83,2023-04-30,12
LN28161,CUST18161,Personal Loan,77040,1605.0,2023-11-15,48
LN28162,CUST18162,Credit Card,59714,4976.17,2024-04-05,12
LN28163,CUST18163,Personal Loan,147979,4110.53,2023-01-05,36
LN28164,CUST18164,Credit Card,75064,6255.33,2023-08-28,12
LN28165,CUST18165,Personal Loan,238054,6612.61,2024-11-17,36
LN28166,CUST18166,Credit Card,100023,8335.25,2024-10-02,12
LN28167,CUST18167,Personal Loan,448363,9340.9,2023-10-30,48
LN28168,CUST18168,Personal Loan,147342,6139.25,2024-03-24,24
LN28169,CUST18169,Credit Card,63094,5257.83,2023-12-21,12
LN28170,CUST18170,Consumer Durable,48745,2708.06,2023-08-16,18
LN28171,CUST18171,Credit Card,98235,8186.25,2023-12-15,12
LN28172,CUST18172,Credit Card,100714,8392.83,2024-06-24,12
LN28173,CUST18173,Consumer Durable,87434,14572.33,2023-11-09,6
LN28174,CUST18174,Credit Card,48519,4043.25,2023-02-07,12
LN28175,CUST18175,Consumer Durable,145462,24243.67,2023-05-12,6
LN28176,CUST18176,Consumer Durable,143709,11975.75,2024-06-25,12
LN28177,CUST18177,Personal Loan,460389,12788.58,2023-05-05,36
LN28178,CUST18178,Credit Card,71442,5953.5,2023-09-17,12
LN28179,CUST18179,Consumer Durable,41301,3441.75,2023-07-27,12
LN28180,CUST18180,Personal Loan,216336,18028.0,2023-03-24,12
LN28181,CUST18181,Consumer Durable,152817,25469.5,2024-03-11,6
LN28182,CUST18182,Personal Loan,429029,11917.47,2023-02-28,36
LN28183,CUST18183,Credit Card,71579,5964.92,2023-12-07,12
LN28184,CUST18184,Credit Card,70014,5834.5,2024-03-12,12
LN28185,CUST18185,Consumer Durable,189084,15757.0,2024-05-30,12
LN28186,CUST18186,Credit Card,54608,4550.67,2024-05-09,12
LN28187,CUST18187,Credit Card,125761,10480.08,2023-12-28,12
LN28188,CUST18188,Consumer Durable,94688,5260.44,2024-05-25,18
LN28189,CUST18189,Consumer Durable,124216,20702.67,2023-03-17,6
LN28190,CUST18190,Personal Loan,379135,7898.65,2024-09-27,48
LN28191,CUST18191,Credit Card,64281,5356.75,2023-06-24,12
LN28192,CUST18192,Credit Card,92017,7668.08,2024-07-09,12
LN28193,CUST18193,Consumer Durable,94599,7883.25,2023-01-12,12
LN28194,CUST18194,Credit Card,54073,4506.08,2024-02-12,12
LN28195,CUST18195,Personal Loan,438707,18279.46,2023-10-26,24
LN28196,CUST18196,Credit Card,145270,12105.83,2023-07-28,12
LN28197,CUST18197,Consumer Durable,146071,24345.17,2024-05-08,6
LN28198,CUST18198,Credit Card,15413,1284.42,2023-06-01,12
LN28199,CUST18199,Credit Card,60018,5001.5,2024-01-04,12
LN28200,CUST18200,Personal Loan,272439,7567.75,2023-04-04,36
LN28201,CUST18201,Personal Loan,98074,2043.21,2024-11-22,48
LN28202,CUST18202,Personal Loan,88719,7393.25,2024-06-05,12
LN28203,CUST18203,Credit Card,93716,7809.67,2023-04-23,12
LN28204,CUST18204,Credit Card,114339,9528.25,2023-08-25,12
LN28205,CUST18205,Personal Loan,357014,29751.17,2023-10-12,12
LN28206,CUST18206,Credit Card,66153,5512.75,2024-10-24,12
LN28207,CUST18207,Credit Card,46280,3856.67,2023-04-06,12
LN28208,CUST18208,Personal Loan,55949,1554.14,2024-01-07,36
LN28209,CUST18209,Consumer Durable,187951,15662.58,2024-06-05,12
LN28210,CUST18210,Personal Loan,494758,10307.46,2023-07-08,48
LN28211,CUST18211,Consumer Durable,142063,11838.58,2024-09-12,12
LN28212,CUST18212,Consumer Durable,135445,7524.72,2024-03-06,18
LN28213,CUST18213,Personal Loan,373321,15555.04,2023-04-07,24
LN28214,CUST18214,Credit Card,117405,9783.75,2023-07-06,12
LN28215,CUST18215,Personal Loan,187806,3912.62,2023-12-09,48
LN28216,CUST18216,Credit Card,86874,7239.5,2024-08-18,12
LN28217,CUST18217,Consumer Durable,48082,4006.83,2024-01-30,12
LN28218,CUST18218,Personal Loan,379780,15824.17,2024-05-18,24
LN28219,CUST18219,Credit Card,41660,3471.67,2023-10-10,12
LN28220,CUST18220,Consumer Durable,57745,9624.17,2024-06-28,6
LN28221,CUST18221,Consumer Durable,111476,6193.11,2024-08-01,18
LN28222,CUST18222,Credit Card,139497,11624.75,2023-08-09,12
LN28223,CUST18223,Consumer Durable,160940,13411.67,2023-07-09,12
LN28224,CUST18224,Credit Card,119003,9916.92,2023-10-22,12
LN28225,CUST18225,Personal Loan,468651,39054.25,2023-09-23,12
LN28226,CUST18226,Credit Card,148775,12397.92,2023-02-14,12
LN28227,CUST18227,Personal Loan,272605,7572.36,2024-07-25,36
LN28228,CUST18228,Credit Card,84986,7082.17,2024-06-14,12
LN28229,CUST18229,Credit Card,74303,6191.92,2023-12-27,12
LN28230,CUST18230,Consumer Durable,157751,13145.92,2024-08-17,12
LN28231,CUST18231,Consumer Durable,30990,1721.67,2024-04-27,18
LN28232,CUST18232,Personal Loan,118165,4923.54,2024-02-29,24
LN28233,CUST18233,Personal Loan,495743,13770.64,2024-06-05,36
LN28234,CUST18234,Personal Loan,178334,7430.58,2023-09-05,24
LN28235,CUST18235,Consumer Durable,84605,4700.28,2023-07-12,18
LN28236,CUST18236,Personal Loan,115542,9628.5,2024-03-15,12
LN28237,CUST18237,Personal Loan,324985,27082.08,2024-09-13,12
LN28238,CUST18238,Personal Loan,362753,7557.35,2023-11-14,48
LN28239,CUST18239,Consumer Durable,109538,6085.44,2023-10-04,18
LN28240,CUST18240,Credit Card,75110,6259.17,2024-06-05,12
LN28241,CUST18241,Personal Loan,136769,11397.42,2024-10-21,12
LN28242,CUST18242,Consumer Durable,74025,6168.75,2023-03-26,12
LN28243,CUST18243,Personal Loan,347862,28988.5,2023-02-25,12
LN28244,CUST18244,Consumer Durable,91291,15215.17,2023-11-03,6
LN28245,CUST18245,Consumer Durable,165396,9188.67,2023-03-05,18
LN28246,CUST18246,Credit Card,134819,11234.92,2024-07-07,12
LN28247,CUST18247,Credit Card,20508,1709.0,2023-07-15,12
LN28248,CUST18248,Consumer Durable,176793,9821.83,2023-07-17,18
LN28249,CUST18249,Personal Loan,298367,6215.98,2023-03-14,48
LN28250,CUST18250,Personal Loan,269133,5606.94,2024-09-14,48
LN28251,CUST18251,Personal Loan,221796,18483.0,2024-06-15,12
LN28252,CUST18252,Personal Loan,448156,18673.17,2023-05-04,24
LN28253,CUST18253,Credit Card,63770,5314.17,2023-03-24,12
LN28254,CUST18254,Consumer Durable,15427,1285.58,2023-12-06,12
LN28255,CUST18255,Personal Loan,440841,12245.58,2024-04-28,36
LN28256,CUST18256,Consumer Durable,179986,14998.83,2023-10-08,12
LN28257,CUST18257,Consumer Durable,131158,10929.83,2023-12-06,12
LN28258,CUST18258,Consumer Durable,151346,12612.17,2024-06-11,12
LN28259,CUST18259,Personal Loan,235103,9795.96,2023-08-08,24
LN28260,CUST18260,Consumer Durable,133670,11139.17,2023-05-11,12
LN28261,CUST18261,Personal Loan,196228,16352.33,2023-06-04,12
LN28262,CUST18262,Personal Loan,452966,18873.58,2024-07-14,24
LN28263,CUST18263,Personal Loan,334089,6960.19,2024-11-23,48
LN28264,CUST18264,Personal Loan,135571,3765.86,2023-05-16,36
LN28265,CUST18265,Personal Loan,269131,7475.86,2024-01-04,36
LN28266,CUST18266,Personal Loan,110318,2298.29,2023-06-25,48
LN28267,CUST18267,Consumer Durable,26001,1444.5,2023-02-16,18
LN28268,CUST18268,Consumer Durable,184373,15364.42,2024-02-02,12
LN28269,CUST18269,Credit Card,91511,7625.92,2023-02-19,12
LN28270,CUST18270,Consumer Durable,94999,15833.17,2023-10-23,6
LN28271,CUST18271,Credit Card,59640,4970.0,2023-04-11,12
LN28272,CUST18272,Personal Loan,198263,4130.48,2024-08-23,48
LN28273,CUST18273,Credit Card,99318,8276.5,2023-04-15,12
LN28274,CUST18274,Personal Loan,387739,32311.58,2023-06-25,12
LN28275,CUST18275,Personal Loan,65041,5420.08,2023-01-25,12
LN28276,CUST18276,Consumer Durable,57029,9504.83,2024-05-19,6
LN28277,CUST18277,Credit Card,88075,7339.58,2023-02-04,12
LN28278,CUST18278,Credit Card,133677,11139.75,2024-02-05,12
LN28279,CUST18279,Personal Loan,115030,2396.46,2024-02-20,48
LN28280,CUST18280,Credit Card,39043,3253.58,2024-05-17,12
LN28281,CUST18281,Credit Card,132057,11004.75,2024-06-01,12
LN28282,CUST18282,Consumer Durable,173071,14422.58,2024-04-28,12
LN28283,CUST18283,Credit Card,33925,2827.08,2024-08-18,12
LN28284,CUST18284,Credit Card,135026,11252.17,2023-09-02,12
LN28285,CUST18285,Credit Card,52812,4401.0,2024-10-28,12
LN28286,CUST18286,Personal Loan,225508,9396.17,2024-07-02,24
LN28287,CUST18287,Consumer Durable,44898,7483.0,2023-12-15,6
LN28288,CUST18288,Personal Loan,461211,19217.12,2023-08-05,24
LN28289,CUST18289,Consumer Durable,31304,5217.33,2024-01-03,6
LN28290,CUST18290,Credit Card,29399,2449.92,2024-02-05,12
LN28291,CUST18291,Credit Card,41802,3483.5,2023-05-24,12
LN28292,CUST18292,Credit Card,74189,6182.42,2023-07-18,12
LN28293,CUST18293,Personal Loan,195783,4078.81,2024-07-06,48
LN28294,CUST18294,Consumer Durable,19699,3283.17,2024-11-06,6
LN28295,CUST18295,Credit Card,52750,4395.83,2024-08-07,12
LN28296,CUST18296,Personal Loan,356926,29743.83,2024-02-10,12
LN28297,CUST18297,Credit Card,92136,7678.0,2024-04-08,12
LN28298,CUST18298,Consumer Durable,182722,10151.22,2023-03-21,18
LN28299,CUST18299,Personal Loan,454367,9465.98,2024-03-19,48
LN28300,CUST18300,Consumer Durable,180467,30077.83,2023-12-22,6
LN28301,CUST18301,Credit Card,66758,5563.17,2023-03-26,12
LN28302,CUST18302,Credit Card,84022,7001.83,2024-10-31,12
LN28303,CUST18303,Consumer Durable,174777,14564.75,2024-06-21,12
LN28304,CUST18304,Consumer Durable,90606,15101.0,2024-10-02,6
LN28305,CUST18305,Credit Card,52377,4364.75,2024-03-19,12
LN28306,CUST18306,Credit Card,25322,2110.17,2023-02-05,12
LN28307,CUST18307,Credit Card,102299,8524.92,2023-06-21,12
LN28308,CUST18308,Consumer Durable,105890,17648.33,2024-11-29,6
LN28309,CUST18309,Personal Loan,85781,7148.42,2024-08-23,12
LN28310,CUST18310,Credit Card,92420,7701.67,2023-03-16,12
LN28311,CUST18311,Consumer Durable,141094,23515.67,2023-11-30,6
LN28312,CUST18312,Consumer Durable,133873,22312.17,2024-07-23,6
LN28313,CUST18313,Personal Loan,422901,8810.44,2024-08-18,48
LN28314,CUST18314,Credit Card,138636,11553.0,2024-11-03,12
LN28315,CUST18315,Credit Card,99341,8278.42,2023-06-26,12
LN28316,CUST18316,Credit Card,12811,1067.58,2023-08-25,12
LN28317,CUST18317,Credit Card,137188,11432.33,2023-08-11,12
LN28318,CUST18318,Credit Card,92545,7712.08,2024-07-03,12
LN28319,CUST18319,Personal Loan,258928,10788.67,2024-10-11,24
LN28320,CUST18320,Credit Card,50566,4213.83,2023-01-04,12
LN28321,CUST18321,Credit Card,42791,3565.92,2024-01-09,12
LN28322,CUST18322,Personal Loan,84452,3518.83,2024-06-25,24
LN28323,CUST18323,Consumer Durable,198530,33088.33,2024-10-05,6
LN28324,CUST18324,Consumer Durable,36737,6122.83,2023-11-24,6
LN28325,CUST18325,Credit Card,50513,4209.42,2024-10-23,12
LN28326,CUST18326,Credit Card,29346,2445.5,2024-07-01,12
LN28327,CUST18327,Credit Card,132663,11055.25,2024-11-24,12
LN28328,CUST18328,Consumer Durable,95784,7982.0,2023-09-19,12
LN28329,CUST18329,Consumer Durable,43484,7247.33,2024-09-11,6
LN28330,CUST18330,Credit Card,140464,11705.33,2023-04-01,12
LN28331,CUST18331,Personal Loan,207397,5761.03,2024-07-21,36
LN28332,CUST18332,Consumer Durable,70389,5865.75,2023-04-24,12
LN28333,CUST18333,Consumer Durable,158094,8783.0,2023-08-22,18
LN28334,CUST18334,Credit Card,136085,11340.42,2023-05-09,12
LN28335,CUST18335,Personal Loan,377602,31466.83,2023-02-09,12
LN28336,CUST18336,Consumer Durable,56362,3131.22,2023-07-08,18
LN28337,CUST18337,Personal Loan,203420,16951.67,2024-01-07,12
LN28338,CUST18338,Personal Loan,270963,7526.75,2024-08-26,36
LN28339,CUST18339,Credit Card,108603,9050.25,2023-10-18,12
LN28340,CUST18340,Personal Loan,408979,34081.58,2023-09-08,12
LN28341,CUST18341,Credit Card,52128,4344.0,2023-06-24,12
LN28342,CUST18342,Credit Card,89579,7464.92,2023-01-14,12
LN28343,CUST18343,Credit Card,95982,7998.5,2023-11-19,12
LN28344,CUST18344,Consumer Durable,145258,8069.89,2023-04-26,18
LN28345,CUST18345,Credit Card,103965,8663.75,2024-02-22,12
LN28346,CUST18346,Consumer Durable,132481,7360.06,2024-10-16,18
LN28347,CUST18347,Credit Card,138507,11542.25,2024-08-10,12
LN28348,CUST18348,Consumer Durable,33273,5545.5,2024-09-17,6
LN28349,CUST18349,Credit Card,35536,2961.33,2023-05-01,12
LN28350,CUST18350,Credit Card,46387,3865.58,2023-10-30,12
LN28351,CUST18351,Personal Loan,420066,35005.5,2023-06-11,12
LN28352,CUST18352,Personal Loan,370731,7723.56,2023-11-26,48
LN28353,CUST18353,Personal Loan,225051,18754.25,2023-08-03,12
LN28354,CUST18354,Personal Loan,499460,13873.89,2023-08-18,36
LN28355,CUST18355,Consumer Durable,130174,7231.89,2023-06-22,18
LN28356,CUST18356,Consumer Durable,96734,8061.17,2024-06-18,12
LN28357,CUST18357,Personal Loan,156635,6526.46,2024-03-30,24
LN28358,CUST18358,Consumer Durable,137707,11475.58,2024-05-15,12
LN28359,CUST18359,Personal Loan,399287,11091.31,2024-02-27,36
LN28360,CUST18360,Personal Loan,186910,15575.83,2024-01-28,12
LN28361,CUST18361,Personal Loan,306702,25558.5,2023-04-21,12
LN28362,CUST18362,Personal Loan,191799,5327.75,2023-09-21,36
LN28363,CUST18363,Credit Card,148468,12372.33,2023-02-01,12
LN28364,CUST18364,Credit Card,61079,5089.92,2023-02-05,12
LN28365,CUST18365,Personal Loan,67876,1885.44,2024-06-23,36
LN28366,CUST18366,Credit Card,115025,9585.42,2023-12-28,12
LN28367,CUST18367,Credit Card,20715,1726.25,2023-11-27,12
LN28368,CUST18368,Personal Loan,464252,12895.89,2024-02-09,36
LN28369,CUST18369,Personal Loan,418384,17432.67,2023-11-28,24
LN28370,CUST18370,Personal Loan,244925,20410.42,2023-03-20,12
LN28371,CUST18371,Consumer Durable,134043,22340.5,2024-02-12,6
LN28372,CUST18372,Credit Card,12748,1062.33,2023-05-04,12
LN28373,CUST18373,Consumer Durable,76316,4239.78,2024-03-29,18
LN28374,CUST18374,Credit Card,77958,6496.5,2023-02-09,12
LN28375,CUST18375,Personal Loan,304047,8445.75,2023-09-12,36
LN28376,CUST18376,Personal Loan,110333,4597.21,2023-02-05,24
LN28377,CUST18377,Personal Loan,270592,22549.33,2024-05-31,12
LN28378,CUST18378,Consumer Durable,47018,3918.17,2024-09-29,12
LN28379,CUST18379,Credit Card,149702,12475.17,2023-04-08,12
LN28380,CUST18380,Personal Loan,345127,7190.15,2024-06-06,48
LN28381,CUST18381,Consumer Durable,102056,5669.78,2024-04-02,18
LN28382,CUST18382,Consumer Durable,105868,5881.56,2024-05-24,18
LN28383,CUST18383,Personal Loan,208055,5779.31,2023-06-19,36
LN28384,CUST18384,Credit Card,23421,1951.75,2024-04-29,12
LN28385,CUST18385,Credit Card,16884,1407.0,2023-11-18,12
LN28386,CUST18386,Consumer Durable,28350,4725.0,2024-01-10,6
LN28387,CUST18387,Personal Loan,325938,13580.75,2023-09-06,24
LN28388,CUST18388,Personal Loan,100295,2089.48,2023-01-06,48
LN28389,CUST18389,Consumer Durable,30314,1684.11,2023-03-10,18
LN28390,CUST18390,Credit Card,43036,3586.33,2024-11-05,12
LN28391,CUST18391,Consumer Durable,97803,5433.5,2023-03-04,18
LN28392,CUST18392,Consumer Durable,26317,1462.06,2023-01-29,18
LN28393,CUST18393,Personal Loan,286925,7970.14,2024-11-06,36
LN28394,CUST18394,Credit Card,98223,8185.25,2023-11-06,12
LN28395,CUST18395,Credit Card,143536,11961.33,2023-08-14,12
LN28396,CUST18396,Personal Loan,308924,8581.22,2023-01-14,36
LN28397,CUST18397,Consumer Durable,16967,942.61,2024-03-21,18
LN28398,CUST18398,Credit Card,134999,11249.92,2024-01-01,12
LN28399,CUST18399,Personal Loan,346674,7222.38,2024-08-29,48
LN28400,CUST18400,Personal Loan,424221,8837.94,2024-06-19,48
LN28401,CUST18401,Credit Card,112149,9345.75,2023-10-08,12
LN28402,CUST18402,Personal Loan,189895,7912.29,2024-02-08,24
LN28403,CUST18403,Credit Card,98253,8187.75,2024-02-02,12
LN28404,CUST18404,Consumer Durable,101623,5645.72,2023-02-18,18
LN28405,CUST18405,Consumer Durable,118809,6600.5,2023-01-06,18
LN28406,CUST18406,Personal Loan,275471,11477.96,2023-03-21,24
LN28407,CUST18407,Credit Card,67271,5605.92,2024-03-01,12
LN28408,CUST18408,Personal Loan,422806,17616.92,2024-03-27,24
LN28409,CUST18409,Personal Loan,240016,20001.33,2024-08-02,12
LN28410,CUST18410,Personal Loan,426293,17762.21,2024-01-26,24
LN28411,CUST18411,Credit Card,19490,1624.17,2024-07-01,12
LN28412,CUST18412,Personal Loan,332768,6932.67,2024-10-03,48
LN28413,CUST18413,Credit Card,43873,3656.08,2024-05-28,12
LN28414,CUST18414,Consumer Durable,88379,4909.94,2024-02-28,18
LN28415,CUST18415,Credit Card,19867,1655.58,2024-11-15,12
LN28416,CUST18416,Consumer Durable,184905,30817.5,2024-11-12,6
LN28417,CUST18417,Personal Loan,351273,7318.19,2024-05-23,48
LN28418,CUST18418,Consumer Durable,125005,20834.17,2023-05-19,6
LN28419,CUST18419,Consumer Durable,185195,15432.92,2023-06-24,12
LN28420,CUST18420,Credit Card,138119,11509.92,2024-04-06,12
LN28421,CUST18421,Consumer Durable,57598,4799.83,2024-01-10,12
LN28422,CUST18422,Consumer Durable,45392,7565.33,2024-11-25,6
LN28423,CUST18423,Credit Card,102614,8551.17,2024-09-18,12
LN28424,CUST18424,Credit Card,98684,8223.67,2023-02-25,12
LN28425,CUST18425,Personal Loan,166155,4615.42,2023-11-07,36
LN28426,CUST18426,Credit Card,34627,2885.58,2024-09-26,12
LN28427,CUST18427,Personal Loan,234180,9757.5,2023-04-05,24
LN28428,CUST18428,Consumer Durable,135080,11256.67,2024-08-13,12
LN28429,CUST18429,Consumer Durable,115634,19272.33,2023-06-24,6
LN28430,CUST18430,Consumer Durable,109192,6066.22,2023-11-08,18
LN28431,CUST18431,Credit Card,94132,7844.33,2024-02-11,12
LN28432,CUST18432,Credit Card,13992,1166.0,2023-07-07,12
LN28433,CUST18433,Personal Loan,169393,4705.36,2023-01-21,36
LN28434,CUST18434,Credit Card,95296,7941.33,2023-12-10,12
LN28435,CUST18435,Consumer Durable,136295,7571.94,2024-02-22,18
LN28436,CUST18436,Personal Loan,240809,20067.42,2024-02-23,12
LN28437,CUST18437,Personal Loan,239416,6650.44,2024-02-13,36
LN28438,CUST18438,Credit Card,149119,12426.58,2024-06-14,12
LN28439,CUST18439,Personal Loan,314130,26177.5,2023-01-15,12
LN28440,CUST18440,Credit Card,95739,7978.25,2024-05-31,12
LN28441,CUST18441,Consumer Durable,147348,8186.0,2023-06-29,18
LN28442,CUST18442,Consumer Durable,168192,28032.0,2024-05-22,6
LN28443,CUST18443,Credit Card,47153,3929.42,2024-03-08,12
LN28444,CUST18444,Personal Loan,183869,15322.42,2023-03-10,12
LN28445,CUST18445,Consumer Durable,184452,15371.0,2024-04-30,12
LN28446,CUST18446,Credit Card,13764,1147.0,2023-06-12,12
LN28447,CUST18447,Credit Card,85855,7154.58,2023-01-08,12
LN28448,CUST18448,Credit Card,139504,11625.33,2023-05-19,12
LN28449,CUST18449,Consumer Durable,178256,14854.67,2024-04-21,12
LN28450,CUST18450,Personal Loan,442443,18435.12,2024-04-09,24
LN28451,CUST18451,Consumer Durable,82517,13752.83,2023-03-03,6
LN28452,CUST18452,Credit Card,55463,4621.92,2024-04-02,12
LN28453,CUST18453,Credit Card,12547,1045.58,2023-10-06,12
LN28454,CUST18454,Credit Card,10382,865.17,2023-02-21,12
LN28455,CUST18455,Consumer Durable,66070,5505.83,2023-09-17,12
LN28456,CUST18456,Credit Card,131171,10930.92,2024-05-14,12
LN28457,CUST18457,Credit Card,30818,2568.17,2023-07-31,12
LN28458,CUST18458,Consumer Durable,178204,29700.67,2023-03-03,6
LN28459,CUST18459,Credit Card,26281,2190.08,2023-09-02,12
LN28460,CUST18460,Personal Loan,332957,9248.81,2023-02-10,36
LN28461,CUST18461,Personal Loan,470305,9798.02,2024-09-30,48
LN28462,CUST18462,Personal Loan,287530,23960.83,2023-07-02,12
LN28463,CUST18463,Personal Loan,387619,32301.58,2024-05-05,12
LN28464,CUST18464,Consumer Durable,157748,13145.67,2024-04-25,12
LN28465,CUST18465,Credit Card,15996,1333.0,2024-05-21,12
LN28466,CUST18466,Consumer Durable,170947,28491.17,2023-08-02,6
LN28467,CUST18467,Consumer Durable,45281,3773.42,2024-10-24,12
LN28468,CUST18468,Credit Card,118342,9861.83,2023-09-23,12
LN28469,CUST18469,Personal Loan,233442,4863.38,2023-02-13,48
LN28470,CUST18470,Consumer Durable,170806,28467.67,2023-01-29,6
LN28471,CUST18471,Credit Card,118080,9840.0,2024-03-19,12
LN28472,CUST18472,Consumer Durable,81934,6827.83,2024-05-12,12
LN28473,CUST18473,Credit Card,25691,2140.92,2024-08-08,12
LN28474,CUST18474,Personal Loan,351142,29261.83,2024-03-12,12
LN28475,CUST18475,Personal Loan,382511,10625.31,2024-10-18,36
LN28476,CUST18476,Credit Card,57525,4793.75,2024-11-30,12
LN28477,CUST18477,Credit Card,74735,6227.92,2023-10-15,12
LN28478,CUST18478,Consumer Durable,82600,6883.33,2023-06-21,12
LN28479,CUST18479,Consumer Durable,166475,27745.83,2023-06-14,6
LN28480,CUST18480,Credit Card,123136,10261.33,2023-02-09,12
LN28481,CUST18481,Consumer Durable,91000,7583.33,2023-11-28,12
LN28482,CUST18482,Credit Card,80947,6745.58,2023-07-15,12
LN28483,CUST18483,Consumer Durable,53816,2989.78,2023-01-26,18
LN28484,CUST18484,Consumer Durable,103348,8612.33,2024-11-06,12
LN28485,CUST18485,Credit Card,136041,11336.75,2023-02-08,12
LN28486,CUST18486,Personal Loan,331014,6896.12,2023-01-04,48
LN28487,CUST18487,Credit Card,144920,12076.67,2023-06-11,12
LN28488,CUST18488,Consumer Durable,150093,8338.5,2023-12-30,18
LN28489,CUST18489,Consumer Durable,141130,11760.83,2023-10-06,12
LN28490,CUST18490,Consumer Durable,92142,15357.0,2023-07-18,6
LN28491,CUST18491,Personal Loan,434208,12061.33,2024-02-29,36
LN28492,CUST18492,Personal Loan,396271,8255.65,2024-03-17,48
LN28493,CUST18493,Personal Loan,472925,19705.21,2024-10-12,24
LN28494,CUST18494,Credit Card,63604,5300.33,2023-05-02,12
LN28495,CUST18495,Consumer Durable,141293,7849.61,2023-11-13,18
LN28496,CUST18496,Personal Loan,219619,18301.58,2024-04-08,12
LN28497,CUST18497,Personal Loan,119585,4982.71,2024-11-24,24
LN28498,CUST18498,Credit Card,124411,10367.58,2024-10-17,12
LN28499,CUST18499,Credit Card,59190,4932.5,2023-05-13,12
LN28500,CUST18500,Credit Card,32947,2745.58,2023-10-28,12
LN28501,CUST18501,Credit Card,18368,1530.67,2023-05-03,12
LN28502,CUST18502,Personal Loan,453270,12590.83,2024-09-10,36
LN28503,CUST18503,Personal Loan,190881,3976.69,2024-03-05,48
LN28504,CUST18504,Consumer Durable,74498,12416.33,2024-08-24,6
LN28505,CUST18505,Credit Card,17373,1447.75,2023-02-04,12
LN28506,CUST18506,Credit Card,68623,5718.58,2024-08-03,12
LN28507,CUST18507,Consumer Durable,61752,3430.67,2024-06-17,18
LN28508,CUST18508,Consumer Durable,139873,7770.72,2024-11-15,18
LN28509,CUST18509,Personal Loan,144080,3001.67,2024-12-01,48
LN28510,CUST18510,Personal Loan,57748,1203.08,2023-11-07,48
LN28511,CUST18511,Personal Loan,284207,11841.96,2024-02-12,24
LN28512,CUST18512,Personal Loan,374453,10401.47,2023-01-13,36
LN28513,CUST18513,Credit Card,20750,1729.17,2024-10-11,12
LN28514,CUST18514,Consumer Durable,107631,5979.5,2023-05-26,18
LN28515,CUST18515,Credit Card,129573,10797.75,2024-08-08,12
LN28516,CUST18516,Credit Card,93790,7815.83,2023-10-29,12
LN28517,CUST18517,Personal Loan,299368,8315.78,2024-02-24,36
LN28518,CUST18518,Credit Card,131290,10940.83,2024-07-19,12
LN28519,CUST18519,Credit Card,72963,6080.25,2023-04-14,12
LN28520,CUST18520,Personal Loan,495550,41295.83,2024-10-09,12
LN28521,CUST18521,Consumer Durable,194082,16173.5,2024-06-27,12
LN28522,CUST18522,Consumer Durable,138768,11564.0,2024-06-02,12
LN28523,CUST18523,Credit Card,94454,7871.17,2023-10-12,12
LN28524,CUST18524,Credit Card,75369,6280.75,2023-08-29,12
LN28525,CUST18525,Consumer Durable,196519,32753.17,2023-07-23,6
LN28526,CUST18526,Credit Card,83312,6942.67,2023-10-15,12
LN28527,CUST18527,Personal Loan,476651,39720.92,2024-03-06,12
LN28528,CUST18528,Personal Loan,108296,4512.33,2023-02-24,24
LN28529,CUST18529,Credit Card,135580,11298.33,2023-11-20,12
LN28530,CUST18530,Personal Loan,124545,10378.75,2024-06-30,12
LN28531,CUST18531,Consumer Durable,87353,14558.83,2024-07-20,6
LN28532,CUST18532,Consumer Durable,83347,4630.39,2024-04-18,18
LN28533,CUST18533,Personal Loan,119749,3326.36,2024-02-01,36
LN28534,CUST18534,Personal Loan,104798,4366.58,2024-01-15,24
LN28535,CUST18535,Personal Loan,208288,5785.78,2024-11-19,36
LN28536,CUST18536,Personal Loan,366824,10189.56,2024-09-22,36
LN28537,CUST18537,Credit Card,94677,7889.75,2024-08-02,12
LN28538,CUST18538,Personal Loan,78694,6557.83,2023-09-13,12
LN28539,CUST18539,Consumer Durable,119546,19924.33,2024-06-08,6
LN28540,CUST18540,Personal Loan,139183,5799.29,2024-11-03,24
LN28541,CUST18541,Credit Card,137212,11434.33,2024-03-01,12
LN28542,CUST18542,Personal Loan,55805,4650.42,2023-05-14,12
LN28543,CUST18543,Credit Card,17194,1432.83,2024-10-26,12
LN28544,CUST18544,Credit Card,136367,11363.92,2024-01-27,12
LN28545,CUST18545,Consumer Durable,83515,4639.72,2023-10-06,18
LN28546,CUST18546,Credit Card,105048,8754.0,2024-01-26,12
LN28547,CUST18547,Consumer Durable,103142,17190.33,2024-04-06,6
LN28548,CUST18548,Personal Loan,61878,1289.12,2023-10-12,48
LN28549,CUST18549,Consumer Durable,192305,32050.83,2023-11-07,6
LN28550,CUST18550,Credit Card,72602,6050.17,2023-11-21,12
LN28551,CUST18551,Consumer Durable,101445,5635.83,2024-05-28,18
LN28552,CUST18552,Consumer Durable,111719,9309.92,2023-03-12,12
LN28553,CUST18553,Credit Card,82125,6843.75,2023-11-25,12
LN28554,CUST18554,Personal Loan,315611,13150.46,2023-03-18,24
LN28555,CUST18555,Personal Loan,339875,9440.97,2023-07-12,36
LN28556,CUST18556,Consumer Durable,79810,4433.89,2023-04-26,18
LN28557,CUST18557,Consumer Durable,123600,10300.0,2023-05-08,12
LN28558,CUST18558,Personal Loan,82847,6903.92,2023-01-31,12
LN28559,CUST18559,Personal Loan,327436,13643.17,2023-07-05,24
LN28560,CUST18560,Credit Card,141085,11757.08,2024-03-13,12
LN28561,CUST18561,Credit Card,19264,1605.33,2024-02-19,12
LN28562,CUST18562,Consumer Durable,27828,4638.0,2023-08-30,6
LN28563,CUST18563,Consumer Durable,38335,3194.58,2023-04-17,12
LN28564,CUST18564,Personal Loan,113353,9446.08,2024-10-31,12
LN28565,CUST18565,Personal Loan,494501,10302.1,2023-12-04,48
LN28566,CUST18566,Consumer Durable,80964,6747.0,2023-05-10,12
LN28567,CUST18567,Credit Card,64635,5386.25,2024-08-11,12
LN28568,CUST18568,Credit Card,13540,1128.33,2023-07-04,12
LN28569,CUST18569,Credit Card,104332,8694.33,2024-07-02,12
LN28570,CUST18570,Credit Card,98586,8215.5,2024-07-08,12
LN28571,CUST18571,Consumer Durable,112341,9361.75,2024-01-27,12
LN28572,CUST18572,Consumer Durable,183743,10207.94,2024-08-17,18
LN28573,CUST18573,Consumer Durable,54751,4562.58,2023-04-29,12
LN28574,CUST18574,Consumer Durable,103465,8622.08,2023-11-12,12
LN28575,CUST18575,Personal Loan,76152,6346.0,2024-08-03,12
LN28576,CUST18576,Personal Loan,291117,24259.75,2023-04-04,12
LN28577,CUST18577,Credit Card,90910,7575.83,2024-07-21,12
LN28578,CUST18578,Credit Card,33656,2804.67,2023-10-06,12
LN28579,CUST18579,Personal Loan,287389,5987.27,2023-04-08,48
LN28580,CUST18580,Consumer Durable,191106,10617.0,2024-05-18,18
LN28581,CUST18581,Personal Loan,340989,9471.92,2023-07-03,36
LN28582,CUST18582,Consumer Durable,61087,5090.58,2024-11-24,12
LN28583,CUST18583,Personal Loan,397156,11032.11,2024-02-22,36
LN28584,CUST18584,Personal Loan,59680,1243.33,2023-11-16,48
LN28585,CUST18585,Consumer Durable,53741,2985.61,2023-04-22,18
LN28586,CUST18586,Consumer Durable,57398,9566.33,2024-03-10,6
LN28587,CUST18587,Credit Card,95303,7941.92,2023-01-01,12
LN28588,CUST18588,Credit Card,34350,2862.5,2023-06-22,12
LN28589,CUST18589,Credit Card,34965,2913.75,2023-02-17,12
LN28590,CUST18590,Credit Card,123678,10306.5,2024-08-21,12
LN28591,CUST18591,Consumer Durable,38068,3172.33,2023-03-02,12
LN28592,CUST18592,Personal Loan,276413,11517.21,2024-07-08,24
LN28593,CUST18593,Personal Loan,445934,37161.17,2024-10-27,12
LN28594,CUST18594,Consumer Durable,135563,11296.92,2023-06-18,12
LN28595,CUST18595,Consumer Durable,95973,5331.83,2023-11-23,18
LN28596,CUST18596,Personal Loan,321678,13403.25,2024-03-06,24
LN28597,CUST18597,Consumer Durable,165892,9216.22,2024-09-13,18
LN28598,CUST18598,Consumer Durable,159017,26502.83,2023-11-27,6
LN28599,CUST18599,Personal Loan,348788,14532.83,2024-05-25,24
LN28600,CUST18600,Personal Loan,113482,4728.42,2023-08-13,24
LN28601,CUST18601,Credit Card,140379,11698.25,2023-07-13,12
LN28602,CUST18602,Credit Card,44931,3744.25,2024-07-26,12
LN28603,CUST18603,Credit Card,33244,2770.33,2023-01-04,12
LN28604,CUST18604,Personal Loan,359216,29934.67,2023-10-07,12
LN28605,CUST18605,Consumer Durable,141096,11758.0,2024-08-04,12
LN28606,CUST18606,Credit Card,55974,4664.5,2024-07-05,12
LN28607,CUST18607,Consumer Durable,71478,3971.0,2023-02-28,18
LN28608,CUST18608,Consumer Durable,95163,15860.5,2023-02-11,6
LN28609,CUST18609,Consumer Durable,78717,13119.5,2024-05-31,6
LN28610,CUST18610,Credit Card,89203,7433.58,2023-05-20,12
LN28611,CUST18611,Personal Loan,183214,7633.92,2024-03-03,24
LN28612,CUST18612,Consumer Durable,74224,4123.56,2023-12-10,18
LN28613,CUST18613,Personal Loan,284469,7901.92,2024-01-30,36
LN28614,CUST18614,Personal Loan,453736,37811.33,2023-05-28,12
LN28615,CUST18615,Personal Loan,116259,3229.42,2023-09-05,36
LN28616,CUST18616,Consumer Durable,82621,6885.08,2023-04-03,12
LN28617,CUST18617,Consumer Durable,145658,24276.33,2024-07-02,6
LN28618,CUST18618,Credit Card,46859,3904.92,2024-09-24,12
LN28619,CUST18619,Consumer Durable,108871,18145.17,2023-10-18,6
LN28620,CUST18620,Personal Loan,398442,11067.83,2023-03-29,36
LN28621,CUST18621,Personal Loan,418043,17418.46,2024-02-28,24
LN28622,CUST18622,Personal Loan,328270,27355.83,2023-04-23,12
LN28623,CUST18623,Credit Card,139429,11619.08,2023-02-08,12
LN28624,CUST18624,Personal Loan,429785,8953.85,2024-09-11,48
LN28625,CUST18625,Credit Card,84066,7005.5,2023-03-15,12
LN28626,CUST18626,Credit Card,64846,5403.83,2024-03-17,12
LN28627,CUST18627,Consumer Durable,91600,7633.33,2024-01-12,12
LN28628,CUST18628,Personal Loan,290174,24181.17,2023-03-10,12
LN28629,CUST18629,Credit Card,96347,8028.92,2024-03-19,12
LN28630,CUST18630,Personal Loan,492650,41054.17,2024-09-20,12
LN28631,CUST18631,Personal Loan,488183,13560.64,2024-01-02,36
LN28632,CUST18632,Consumer Durable,37044,3087.0,2024-03-09,12
LN28633,CUST18633,Personal Loan,367929,15330.38,2024-05-30,24
LN28634,CUST18634,Consumer Durable,16038,2673.0,2024-01-28,6
LN28635,CUST18635,Consumer Durable,20415,1134.17,2023-11-19,18
LN28636,CUST18636,Credit Card,68818,5734.83,2023-09-22,12
LN28637,CUST18637,Personal Loan,315959,13164.96,2023-12-20,24
LN28638,CUST18638,Consumer Durable,137254,11437.83,2023-11-21,12
LN28639,CUST18639,Personal Loan,457831,9538.15,2024-08-19,48
LN28640,CUST18640,Personal Loan,242051,5042.73,2024-07-24,48
LN28641,CUST18641,Credit Card,144940,12078.33,2023-03-26,12
LN28642,CUST18642,Personal Loan,412719,11464.42,2023-12-17,36
LN28643,CUST18643,Consumer Durable,144473,24078.83,2024-03-06,6
LN28644,CUST18644,Credit Card,45816,3818.0,2023-09-13,12
LN28645,CUST18645,Credit Card,67335,5611.25,2024-09-24,12
LN28646,CUST18646,Consumer Durable,63003,3500.17,2024-01-12,18
LN28647,CUST18647,Credit Card,76487,6373.92,2024-09-20,12
LN28648,CUST18648,Consumer Durable,70353,11725.5,2024-05-01,6
LN28649,CUST18649,Credit Card,20218,1684.83,2024-06-04,12
LN28650,CUST18650,Personal Loan,105174,4382.25,2024-03-20,24
LN28651,CUST18651,Personal Loan,163734,13644.5,2024-10-01,12
LN28652,CUST18652,Credit Card,111227,9268.92,2023-02-21,12
LN28653,CUST18653,Credit Card,48094,4007.83,2023-09-21,12
LN28654,CUST18654,Personal Loan,478586,9970.54,2024-07-31,48
LN28655,CUST18655,Personal Loan,353201,14716.71,2024-11-12,24
LN28656,CUST18656,Credit Card,38158,3179.83,2024-01-10,12
LN28657,CUST18657,Consumer Durable,103208,5733.78,2024-07-02,18
LN28658,CUST18658,Consumer Durable,61543,3419.06,2023-04-15,18
LN28659,CUST18659,Credit Card,105217,8768.08,2023-12-23,12
LN28660,CUST18660,Credit Card,44648,3720.67,2023-01-06,12
LN28661,CUST18661,Credit Card,57679,4806.58,2024-07-09,12
LN28662,CUST18662,Consumer Durable,30876,2573.0,2023-08-17,12
LN28663,CUST18663,Consumer Durable,116903,19483.83,2023-03-13,6
LN28664,CUST18664,Credit Card,54587,4548.92,2023-09-21,12
LN28665,CUST18665,Credit Card,52550,4379.17,2024-06-12,12
LN28666,CUST18666,Credit Card,28908,2409.0,2023-06-07,12
LN28667,CUST18667,Consumer Durable,188920,10495.56,2024-09-11,18
LN28668,CUST18668,Consumer Durable,191604,15967.0,2023-02-14,12
LN28669,CUST18669,Personal Loan,449376,37448.0,2024-11-29,12
LN28670,CUST18670,Credit Card,117520,9793.33,2024-03-31,12
LN28671,CUST18671,Personal Loan,201966,5610.17,2023-08-23,36
LN28672,CUST18672,Credit Card,57083,4756.92,2023-12-02,12
LN28673,CUST18673,Credit Card,20127,1677.25,2023-03-06,12
LN28674,CUST18674,Consumer Durable,106032,17672.0,2024-08-14,6
LN28675,CUST18675,Credit Card,130004,10833.67,2024-07-01,12
LN28676,CUST18676,Personal Loan,345735,14405.62,2023-09-04,24
LN28677,CUST18677,Personal Loan,384278,8005.79,2023-09-05,48
LN28678,CUST18678,Consumer Durable,39039,2168.83,2023-02-26,18
LN28679,CUST18679,Personal Loan,113075,2355.73,2024-09-22,48
LN28680,CUST18680,Credit Card,25481,2123.42,2023-04-20,12
LN28681,CUST18681,Consumer Durable,83410,6950.83,2024-06-21,12
LN28682,CUST18682,Consumer Durable,72041,6003.42,2023-08-14,12
LN28683,CUST18683,Credit Card,75537,6294.75,2024-06-10,12
LN28684,CUST18684,Consumer Durable,158248,13187.33,2024-01-30,12
LN28685,CUST18685,Personal Loan,132024,11002.0,2023-11-23,12
LN28686,CUST18686,Consumer Durable,182217,30369.5,2024-02-28,6
LN28687,CUST18687,Consumer Durable,102992,5721.78,2024-08-04,18
LN28688,CUST18688,Consumer Durable,62998,5249.83,2024-04-24,12
LN28689,CUST18689,Consumer Durable,44567,7427.83,2023-02-17,6
LN28690,CUST18690,Consumer Durable,175332,14611.0,2024-03-04,12
LN28691,CUST18691,Credit Card,138046,11503.83,2023-12-09,12
LN28692,CUST18692,Credit Card,125765,10480.42,2023-04-11,12
LN28693,CUST18693,Personal Loan,283113,7864.25,2023-05-08,36
LN28694,CUST18694,Credit Card,53669,4472.42,2024-07-03,12
LN28695,CUST18695,Personal Loan,494747,20614.46,2023-01-03,24
LN28696,CUST18696,Credit Card,33538,2794.83,2023-11-21,12
LN28697,CUST18697,Consumer Durable,187275,31212.5,2024-04-16,6
LN28698,CUST18698,Consumer Durable,189012,15751.0,2024-02-27,12
LN28699,CUST18699,Personal Loan,375124,31260.33,2024-06-26,12
LN28700,CUST18700,Consumer Durable,89248,7437.33,2024-03-11,12
LN28701,CUST18701,Credit Card,74404,6200.33,2023-04-16,12
LN28702,CUST18702,Personal Loan,343599,9544.42,2023-01-25,36
LN28703,CUST18703,Credit Card,50896,4241.33,2023-09-29,12
LN28704,CUST18704,Personal Loan,329779,13740.79,2023-07-02,24
LN28705,CUST18705,Consumer Durable,118094,6560.78,2024-07-10,18
LN28706,CUST18706,Consumer Durable,62367,5197.25,2023-08-03,12
LN28707,CUST18707,Personal Loan,389431,8113.15,2024-02-23,48
LN28708,CUST18708,Credit Card,82118,6843.17,2024-08-20,12
LN28709,CUST18709,Personal Loan,462250,12840.28,2024-06-08,36
LN28710,CUST18710,Credit Card,76426,6368.83,2023-10-20,12
LN28711,CUST18711,Consumer Durable,156957,26159.5,2023-11-19,6
LN28712,CUST18712,Personal Loan,208800,5800.0,2023-11-04,36
LN28713,CUST18713,Personal Loan,281487,23457.25,2023-08-11,12
LN28714,CUST18714,Personal Loan,78946,2192.94,2023-03-12,36
LN28715,CUST18715,Personal Loan,311638,6492.46,2023-06-23,48
LN28716,CUST18716,Personal Loan,146455,12204.58,2024-09-03,12
LN28717,CUST18717,Personal Loan,316469,6593.1,2024-07-03,48
LN28718,CUST18718,Personal Loan,309218,8589.39,2024-06-07,36
LN28719,CUST18719,Consumer Durable,32669,2722.42,2024-05-18,12
LN28720,CUST18720,Consumer Durable,175038,9724.33,2024-09-22,18
LN28721,CUST18721,Credit Card,124187,10348.92,2023-02-26,12
LN28722,CUST18722,Consumer Durable,102853,17142.17,2023-02-07,6
LN28723,CUST18723,Personal Loan,198522,4135.88,2023-03-25,48
LN28724,CUST18724,Credit Card,138421,11535.08,2024-03-18,12
LN28725,CUST18725,Credit Card,143750,11979.17,2023-11-28,12
LN28726,CUST18726,Consumer Durable,87585,14597.5,2024-11-14,6
LN28727,CUST18727,Credit Card,106797,8899.75,2023-03-28,12
LN28728,CUST18728,Consumer Durable,166567,27761.17,2023-04-27,6
LN28729,CUST18729,Personal Loan,110385,3066.25,2023-04-21,36
LN28730,CUST18730,Consumer Durable,134557,7475.39,2023-07-23,18
LN28731,CUST18731,Personal Loan,411937,8582.02,2023-01-18,48
LN28732,CUST18732,Credit Card,120300,10025.0,2023-05-05,12
LN28733,CUST18733,Personal Loan,228864,6357.33,2023-01-06,36
LN28734,CUST18734,Personal Loan,169805,14150.42,2024-07-21,12
LN28735,CUST18735,Personal Loan,412913,34409.42,2023-11-07,12
LN28736,CUST18736,Consumer Durable,109476,9123.0,2024-04-26,12
LN28737,CUST18737,Personal Loan,373786,31148.83,2023-06-17,12
LN28738,CUST18738,Consumer Durable,80768,4487.11,2024-03-26,18
LN28739,CUST18739,Consumer Durable,140485,11707.08,2023-12-10,12
LN28740,CUST18740,Consumer Durable,38173,6362.17,2024-07-20,6
LN28741,CUST18741,Personal Loan,86219,3592.46,2024-05-26,24
LN28742,CUST18742,Credit Card,64861,5405.08,2024-11-29,12
LN28743,CUST18743,Credit Card,127046,10587.17,2023-04-06,12
LN28744,CUST18744,Credit Card,78051,6504.25,2023-04-15,12
LN28745,CUST18745,Consumer Durable,31940,1774.44,2023-01-31,18
LN28746,CUST18746,Credit Card,50372,4197.67,2024-01-28,12
LN28747,CUST18747,Credit Card,134674,11222.83,2023-06-10,12
LN28748,CUST18748,Consumer Durable,35483,1971.28,2023-07-08,18
LN28749,CUST18749,Credit Card,66371,5530.92,2024-10-02,12
LN28750,CUST18750,Consumer Durable,124285,6904.72,2023-06-28,18
LN28751,CUST18751,Personal Loan,225200,9383.33,2024-04-18,24
LN28752,CUST18752,Credit Card,133334,11111.17,2023-10-15,12
LN28753,CUST18753,Personal Loan,131332,5472.17,2024-08-12,24
LN28754,CUST18754,Consumer Durable,137821,7656.72,2023-08-30,18
LN28755,CUST18755,Personal Loan,411764,8578.42,2024-03-03,48
LN28756,CUST18756,Personal Loan,389614,32467.83,2024-09-14,12
LN28757,CUST18757,Personal Loan,486460,10134.58,2023-11-30,48
LN28758,CUST18758,Credit Card,82007,6833.92,2024-02-19,12
LN28759,CUST18759,Credit Card,57893,4824.42,2024-02-21,12
LN28760,CUST18760,Consumer Durable,130224,10852.0,2023-02-11,12
LN28761,CUST18761,Consumer Durable,162305,13525.42,2024-05-14,12
LN28762,CUST18762,Personal Loan,461969,9624.35,2023-09-18,48
LN28763,CUST18763,Credit Card,11134,927.83,2024-05-02,12
LN28764,CUST18764,Credit Card,51784,4315.33,2024-08-18,12
LN28765,CUST18765,Credit Card,83184,6932.0,2024-01-07,12
LN28766,CUST18766,Personal Loan,196413,16367.75,2024-06-08,12
LN28767,CUST18767,Consumer Durable,19433,1619.42,2024-01-16,12
LN28768,CUST18768,Consumer Durable,197819,16484.92,2023-04-10,12
LN28769,CUST18769,Consumer Durable,41753,3479.42,2023-10-23,12
LN28770,CUST18770,Personal Loan,393321,10925.58,2023-05-10,36
LN28771,CUST18771,Personal Loan,377950,10498.61,2023-10-26,36
LN28772,CUST18772,Credit Card,64021,5335.08,2023-06-01,12
LN28773,CUST18773,Credit Card,56167,4680.58,2024-07-03,12
LN28774,CUST18774,Credit Card,29357,2446.42,2024-09-18,12
LN28775,CUST18775,Credit Card,15686,1307.17,2024-01-03,12
LN28776,CUST18776,Personal Loan,335717,13988.21,2023-12-31,24
LN28777,CUST18777,Personal Loan,488304,40692.0,2023-04-13,12
LN28778,CUST18778,Consumer Durable,26838,2236.5,2023-03-16,12
LN28779,CUST18779,Consumer Durable,193739,10763.28,2024-04-18,18
LN28780,CUST18780,Personal Loan,383071,15961.29,2024-02-13,24
LN28781,CUST18781,Credit Card,64093,5341.08,2024-11-17,12
LN28782,CUST18782,Credit Card,11224,935.33,2023-05-28,12
LN28783,CUST18783,Credit Card,89330,7444.17,2023-05-15,12
LN28784,CUST18784,Personal Loan,305159,8476.64,2023-12-19,36
LN28785,CUST18785,Personal Loan,228469,9519.54,2023-06-24,24
LN28786,CUST18786,Personal Loan,471025,19626.04,2024-06-07,24
LN28787,CUST18787,Personal Loan,59759,4979.92,2023-07-17,12
LN28788,CUST18788,Consumer Durable,115345,6408.06,2024-11-11,18
LN28789,CUST18789,Personal Loan,317632,6617.33,2024-08-31,48
LN28790,CUST18790,Credit Card,33414,2784.5,2023-09-05,12
LN28791,CUST18791,Consumer Durable,96243,16040.5,2024-02-13,6
LN28792,CUST18792,Credit Card,25688,2140.67,2023-08-05,12
LN28793,CUST18793,Credit Card,116883,9740.25,2024-08-27,12
LN28794,CUST18794,Personal Loan,283954,5915.71,2024-06-06,48
LN28795,CUST18795,Consumer Durable,141008,23501.33,2023-07-19,6
LN28796,CUST18796,Consumer Durable,108532,9044.33,2023-03-18,12
LN28797,CUST18797,Personal Loan,135556,3765.44,2023-02-01,36
LN28798,CUST18798,Personal Loan,196826,16402.17,2023-02-05,12
LN28799,CUST18799,Consumer Durable,174235,9679.72,2023-04-07,18
LN28800,CUST18800,Credit Card,52364,4363.67,2024-11-24,12
LN28801,CUST18801,Personal Loan,365071,7605.65,2023-03-18,48
LN28802,CUST18802,Consumer Durable,175524,29254.0,2024-10-08,6
LN28803,CUST18803,Consumer Durable,80246,4458.11,2023-06-01,18
LN28804,CUST18804,Consumer Durable,157528,26254.67,2024-04-08,6
LN28805,CUST18805,Credit Card,70378,5864.83,2023-08-22,12
LN28806,CUST18806,Consumer Durable,65147,3619.28,2023-07-18,18
LN28807,CUST18807,Consumer Durable,15642,1303.5,2023-01-13,12
LN28808,CUST18808,Personal Loan,483371,13426.97,2023-07-09,36
LN28809,CUST18809,Personal Loan,183483,3822.56,2024-04-06,48
LN28810,CUST18810,Credit Card,51864,4322.0,2023-05-06,12
LN28811,CUST18811,Credit Card,74238,6186.5,2023-03-29,12
LN28812,CUST18812,Personal Loan,126612,3517.0,2024-05-10,36
LN28813,CUST18813,Personal Loan,490366,10215.96,2023-10-17,48
LN28814,CUST18814,Personal Loan,100971,2804.75,2024-07-30,36
LN28815,CUST18815,Personal Loan,428402,17850.08,2024-03-04,24
LN28816,CUST18816,Personal Loan,104456,2176.17,2024-06-07,48
LN28817,CUST18817,Personal Loan,167514,13959.5,2023-08-01,12
LN28818,CUST18818,Personal Loan,417689,8701.85,2024-10-04,48
LN28819,CUST18819,Consumer Durable,73674,4093.0,2023-05-22,18
LN28820,CUST18820,Credit Card,29210,2434.17,2023-11-30,12
LN28821,CUST18821,Personal Loan,214050,4459.38,2024-03-30,48
LN28822,CUST18822,Consumer Durable,58227,3234.83,2024-01-07,18
LN28823,CUST18823,Credit Card,133085,11090.42,2023-11-09,12
LN28824,CUST18824,Consumer Durable,34777,2898.08,2024-08-23,12
LN28825,CUST18825,Consumer Durable,172198,28699.67,2024-08-21,6
LN28826,CUST18826,Personal Loan,244926,10205.25,2023-01-21,24
LN28827,CUST18827,Credit Card,22451,1870.92,2023-04-14,12
LN28828,CUST18828,Personal Loan,428771,8932.73,2024-10-06,48
LN28829,CUST18829,Credit Card,65176,5431.33,2023-11-30,12
LN28830,CUST18830,Credit Card,110871,9239.25,2024-08-24,12
LN28831,CUST18831,Consumer Durable,65331,5444.25,2023-08-17,12
LN28832,CUST18832,Consumer Durable,120444,6691.33,2023-03-20,18
LN28833,CUST18833,Consumer Durable,132405,7355.83,2024-10-15,18
LN28834,CUST18834,Consumer Durable,29344,1630.22,2023-08-09,18
LN28835,CUST18835,Consumer Durable,130048,21674.67,2023-03-09,6
LN28836,CUST18836,Consumer Durable,124659,20776.5,2024-06-12,6
LN28837,CUST18837,Credit Card,20453,1704.42,2023-09-11,12
LN28838,CUST18838,Credit Card,102645,8553.75,2024-09-18,12
LN28839,CUST18839,Consumer Durable,154109,8561.61,2024-02-28,18
LN28840,CUST18840,Credit Card,116963,9746.92,2023-10-09,12
LN28841,CUST18841,Credit Card,86417,7201.42,2024-08-03,12
LN28842,CUST18842,Consumer Durable,104370,5798.33,2023-07-17,18
LN28843,CUST18843,Credit Card,15713,1309.42,2024-01-09,12
LN28844,CUST18844,Consumer Durable,135409,11284.08,2024-08-14,12
LN28845,CUST18845,Personal Loan,126893,10574.42,2024-09-05,12
LN28846,CUST18846,Personal Loan,172301,7179.21,2023-11-09,24
LN28847,CUST18847,Consumer Durable,123347,6852.61,2023-10-05,18
LN28848,CUST18848,Personal Loan,490748,10223.92,2023-06-22,48
LN28849,CUST18849,Personal Loan,255526,7097.94,2024-03-28,36
LN28850,CUST18850,Personal Loan,478625,39885.42,2023-03-24,12
LN28851,CUST18851,Personal Loan,388771,32397.58,2024-02-24,12
LN28852,CUST18852,Credit Card,78937,6578.08,2023-02-11,12
LN28853,CUST18853,Consumer Durable,135581,11298.42,2023-12-25,12
LN28854,CUST18854,Credit Card,72692,6057.67,2024-06-02,12
LN28855,CUST18855,Personal Loan,276594,11524.75,2024-05-10,24
LN28856,CUST18856,Consumer Durable,122962,6831.22,2023-08-11,18
LN28857,CUST18857,Personal Loan,230825,4808.85,2024-02-13,48
LN28858,CUST18858,Personal Loan,360617,10017.14,2024-05-19,36
LN28859,CUST18859,Consumer Durable,156816,26136.0,2023-06-02,6
LN28860,CUST18860,Consumer Durable,18635,1552.92,2024-03-22,12
LN28861,CUST18861,Credit Card,99276,8273.0,2024-07-29,12
LN28862,CUST18862,Consumer Durable,95355,7946.25,2024-02-11,12
LN28863,CUST18863,Personal Loan,484686,40390.5,2024-03-26,12
LN28864,CUST18864,Credit Card,147123,12260.25,2023-04-25,12
LN28865,CUST18865,Consumer Durable,113619,6312.17,2023-05-14,18
LN28866,CUST18866,Credit Card,17410,1450.83,2023-12-22,12
LN28867,CUST18867,Consumer Durable,116309,9692.42,2024-03-16,12
LN28868,CUST18868,Consumer Durable,169560,14130.0,2023-03-09,12
LN28869,CUST18869,Personal Loan,307241,6400.85,2023-09-26,48
LN28870,CUST18870,Credit Card,106706,8892.17,2024-11-17,12
LN28871,CUST18871,Consumer Durable,47143,2619.06,2023-04-27,18
LN28872,CUST18872,Consumer Durable,130207,7233.72,2024-05-01,18
LN28873,CUST18873,Credit Card,126690,10557.5,2024-09-30,12
LN28874,CUST18874,Credit Card,12266,1022.17,2024-03-29,12
LN28875,CUST18875,Consumer Durable,37124,3093.67,2023-03-30,12
LN28876,CUST18876,Personal Loan,236596,4929.08,2023-06-27,48
LN28877,CUST18877,Consumer Durable,67752,3764.0,2024-08-23,18
LN28878,CUST18878,Credit Card,49590,4132.5,2023-12-08,12
LN28879,CUST18879,Consumer Durable,134469,7470.5,2024-10-15,18
LN28880,CUST18880,Credit Card,24624,2052.0,2024-10-03,12
LN28881,CUST18881,Credit Card,48771,4064.25,2023-09-22,12
LN28882,CUST18882,Credit Card,118362,9863.5,2024-07-20,12
LN28883,CUST18883,Credit Card,62635,5219.58,2024-06-13,12
LN28884,CUST18884,Personal Loan,319388,26615.67,2023-02-13,12
LN28885,CUST18885,Consumer Durable,136134,11344.5,2023-08-06,12
LN28886,CUST18886,Personal Loan,387508,32292.33,2023-10-12,12
LN28887,CUST18887,Consumer Durable,114843,19140.5,2024-02-03,6
LN28888,CUST18888,Credit Card,21841,1820.08,2024-09-15,12
LN28889,CUST18889,Personal Loan,191599,5322.19,2023-03-01,36
LN28890,CUST18890,Personal Loan,404666,33722.17,2023-10-24,12
LN28891,CUST18891,Credit Card,46882,3906.83,2024-04-05,12
LN28892,CUST18892,Personal Loan,163632,4545.33,2024-05-15,36
LN28893,CUST18893,Consumer Durable,144337,12028.08,2023-08-17,12
LN28894,CUST18894,Personal Loan,165444,13787.0,2024-02-10,12
LN28895,CUST18895,Personal Loan,197341,16445.08,2024-09-04,12
LN28896,CUST18896,Personal Loan,179327,3735.98,2024-04-26,48
LN28897,CUST18897,Personal Loan,251718,20976.5,2023-05-13,12
LN28898,CUST18898,Consumer Durable,71457,3969.83,2024-09-24,18
LN28899,CUST18899,Credit Card,100591,8382.58,2023-07-28,12
LN28900,CUST18900,Personal Loan,446448,18602.0,2023-12-06,24
LN28901,CUST18901,Personal Loan,281075,11711.46,2023-03-17,24
LN28902,CUST18902,Consumer Durable,79656,6638.0,2024-01-06,12
LN28903,CUST18903,Consumer Durable,24994,2082.83,2023-12-04,12
LN28904,CUST18904,Personal Loan,365715,30476.25,2023-12-15,12
LN28905,CUST18905,Personal Loan,276057,11502.38,2024-08-01,24
LN28906,CUST18906,Credit Card,83820,6985.0,2024-03-12,12
LN28907,CUST18907,Consumer Durable,43622,2423.44,2023-04-08,18
LN28908,CUST18908,Credit Card,33665,2805.42,2023-05-23,12
LN28909,CUST18909,Personal Loan,64023,5335.25,2024-11-18,12
LN28910,CUST18910,Personal Loan,319733,6661.1,2023-06-01,48
LN28911,CUST18911,Consumer Durable,30811,5135.17,2023-05-24,6
LN28912,CUST18912,Consumer Durable,177738,14811.5,2023-08-22,12
LN28913,CUST18913,Personal Loan,112939,2352.9,2024-01-25,48
LN28914,CUST18914,Consumer Durable,166043,9224.61,2023-09-30,18
LN28915,CUST18915,Credit Card,16474,1372.83,2024-10-07,12
LN28916,CUST18916,Consumer Durable,107199,8933.25,2023-04-13,12
LN28917,CUST18917,Consumer Durable,148439,12369.92,2024-08-20,12
LN28918,CUST18918,Credit Card,84471,7039.25,2024-07-06,12
LN28919,CUST18919,Personal Loan,433165,12032.36,2023-06-13,36
LN28920,CUST18920,Credit Card,14410,1200.83,2023-06-26,12
LN28921,CUST18921,Personal Loan,228166,6337.94,2024-01-18,36
LN28922,CUST18922,Credit Card,99426,8285.5,2023-04-09,12
LN28923,CUST18923,Personal Loan,248789,20732.42,2023-09-04,12
LN28924,CUST18924,Personal Loan,290725,24227.08,2024-03-01,12
LN28925,CUST18925,Consumer Durable,102232,5679.56,2024-08-30,18
LN28926,CUST18926,Personal Loan,50365,4197.08,2024-05-29,12
LN28927,CUST18927,Credit Card,59814,4984.5,2024-10-26,12
LN28928,CUST18928,Credit Card,78782,6565.17,2023-06-11,12
LN28929,CUST18929,Consumer Durable,88403,4911.28,2024-10-03,18
LN28930,CUST18930,Consumer Durable,55285,9214.17,2024-01-18,6
LN28931,CUST18931,Personal Loan,406900,16954.17,2023-07-15,24
LN28932,CUST18932,Consumer Durable,98357,16392.83,2023-06-02,6
LN28933,CUST18933,Credit Card,106463,8871.92,2024-06-24,12
LN28934,CUST18934,Credit Card,107820,8985.0,2023-11-27,12
LN28935,CUST18935,Consumer Durable,35201,1955.61,2024-10-25,18
LN28936,CUST18936,Credit Card,148797,12399.75,2024-05-12,12
LN28937,CUST18937,Credit Card,81366,6780.5,2023-08-14,12
LN28938,CUST18938,Credit Card,22923,1910.25,2023-03-02,12
LN28939,CUST18939,Consumer Durable,36306,6051.0,2023-08-01,6
LN28940,CUST18940,Consumer Durable,170819,14234.92,2023-11-03,12
LN28941,CUST18941,Consumer Durable,185620,15468.33,2024-06-09,12
LN28942,CUST18942,Consumer Durable,157348,26224.67,2024-02-05,6
LN28943,CUST18943,Credit Card,82544,6878.67,2023-12-17,12
LN28944,CUST18944,Consumer Durable,125163,10430.25,2024-08-09,12
LN28945,CUST18945,Credit Card,97037,8086.42,2024-05-19,12
LN28946,CUST18946,Credit Card,118515,9876.25,2023-11-20,12
LN28947,CUST18947,Credit Card,44743,3728.58,2023-09-21,12
LN28948,CUST18948,Consumer Durable,170567,28427.83,2024-09-28,6
LN28949,CUST18949,Credit Card,120412,10034.33,2024-05-17,12
LN28950,CUST18950,Consumer Durable,164958,13746.5,2023-05-02,12
LN28951,CUST18951,Credit Card,30479,2539.92,2023-02-03,12
LN28952,CUST18952,Personal Loan,469502,9781.29,2024-04-22,48
LN28953,CUST18953,Consumer Durable,45587,2532.61,2023-06-27,18
LN28954,CUST18954,Consumer Durable,97868,8155.67,2023-06-14,12
LN28955,CUST18955,Personal Loan,203368,4236.83,2024-03-15,48
LN28956,CUST18956,Personal Loan,210371,5843.64,2024-05-25,36
LN28957,CUST18957,Personal Loan,499398,41616.5,2023-09-30,12
LN28958,CUST18958,Credit Card,37532,3127.67,2024-04-01,12
LN28959,CUST18959,Personal Loan,222293,6174.81,2024-09-23,36
LN28960,CUST18960,Credit Card,74352,6196.0,2023-05-26,12
LN28961,CUST18961,Personal Loan,355857,29654.75,2024-06-20,12
LN28962,CUST18962,Credit Card,126487,10540.58,2023-05-25,12
LN28963,CUST18963,Credit Card,139590,11632.5,2023-10-05,12
LN28964,CUST18964,Consumer Durable,55536,9256.0,2024-05-28,6
LN28965,CUST18965,Personal Loan,87926,1831.79,2024-11-23,48
LN28966,CUST18966,Consumer Durable,153867,8548.17,2023-06-03,18
LN28967,CUST18967,Personal Loan,339695,14153.96,2023-04-27,24
LN28968,CUST18968,Personal Loan,423846,11773.5,2023-05-30,36
LN28969,CUST18969,Consumer Durable,172410,28735.0,2023-04-30,6
LN28970,CUST18970,Consumer Durable,104171,5787.28,2024-07-08,18
LN28971,CUST18971,Personal Loan,485649,40470.75,2023-12-09,12
LN28972,CUST18972,Personal Loan,355786,14824.42,2023-11-15,24
LN28973,CUST18973,Credit Card,115926,9660.5,2023-03-12,12
LN28974,CUST18974,Consumer Durable,156137,26022.83,2023-04-05,6
LN28975,CUST18975,Consumer Durable,87207,7267.25,2023-12-02,12
LN28976,CUST18976,Credit Card,135982,11331.83,2024-06-03,12
LN28977,CUST18977,Consumer Durable,103189,17198.17,2023-07-31,6
LN28978,CUST18978,Personal Loan,85805,3575.21,2024-08-15,24
LN28979,CUST18979,Consumer Durable,149626,12468.83,2023-01-19,12
LN28980,CUST18980,Credit Card,41440,3453.33,2023-03-14,12
LN28981,CUST18981,Consumer Durable,138450,7691.67,2024-04-25,18
LN28982,CUST18982,Personal Loan,250366,20863.83,2023-01-28,12
LN28983,CUST18983,Credit Card,91858,7654.83,2023-06-02,12
LN28984,CUST18984,Personal Loan,123383,10281.92,2023-03-22,12
LN28985,CUST18985,Personal Loan,181241,15103.42,2024-01-11,12
LN28986,CUST18986,Credit Card,17601,1466.75,2024-01-28,12
LN28987,CUST18987,Personal Loan,85507,1781.4,2023-11-26,48
LN28988,CUST18988,Credit Card,27190,2265.83,2023-06-21,12
LN28989,CUST18989,Credit Card,23403,1950.25,2024-01-11,12
LN28990,CUST18990,Consumer Durable,150117,12509.75,2023-04-16,12
LN28991,CUST18991,Credit Card,98085,8173.75,2023-11-12,12
LN28992,CUST18992,Consumer Durable,161299,8961.06,2024-06-23,18
LN28993,CUST18993,Consumer Durable,149520,24920.0,2024-08-07,6
LN28994,CUST18994,Consumer Durable,192935,32155.83,2023-07-02,6
LN28995,CUST18995,Credit Card,102305,8525.42,2024-02-13,12
LN28996,CUST18996,Consumer Durable,159317,13276.42,2023-01-12,12
LN28997,CUST18997,Credit Card,17108,1425.67,2023-10-13,12
LN28998,CUST18998,Credit Card,86026,7168.83,2023-11-06,12
LN28999,CUST18999,Consumer Durable,75975,6331.25,2024-11-10,12
LN29000,CUST19000,Consumer Durable,136365,22727.5,2024-11-19,6
LN29001,CUST19001,Consumer Durable,97991,8165.92,2024-03-02,12
LN29002,CUST19002,Consumer Durable,42673,3556.08,2024-07-26,12
LN29003,CUST19003,Consumer Durable,98369,8197.42,2024-03-06,12
LN29004,CUST19004,Credit Card,14681,1223.42,2024-06-14,12
LN29005,CUST19005,Personal Loan,328973,13707.21,2023-08-07,24
LN29006,CUST19006,Personal Loan,217563,18130.25,2023-11-02,12
LN29007,CUST19007,Credit Card,64401,5366.75,2024-02-08,12
LN29008,CUST19008,Consumer Durable,26965,2247.08,2024-07-24,12
LN29009,CUST19009,Consumer Durable,124215,10351.25,2024-03-15,12
LN29010,CUST19010,Personal Loan,308876,6434.92,2024-05-06,48
LN29011,CUST19011,Consumer Durable,17635,979.72,2023-05-08,18
LN29012,CUST19012,Credit Card,52484,4373.67,2024-11-14,12
LN29013,CUST19013,Personal Loan,85883,2385.64,2023-01-14,36
LN29014,CUST19014,Credit Card,72421,6035.08,2023-05-11,12
LN29015,CUST19015,Credit Card,125486,10457.17,2023-11-11,12
LN29016,CUST19016,Credit Card,24296,2024.67,2023-10-20,12
LN29017,CUST19017,Credit Card,44040,3670.0,2024-10-07,12
LN29018,CUST19018,Credit Card,93982,7831.83,2024-06-08,12
LN29019,CUST19019,Personal Loan,145162,12096.83,2023-08-02,12
LN29020,CUST19020,Personal Loan,474830,19784.58,2024-02-18,24
LN29021,CUST19021,Consumer Durable,191224,15935.33,2024-04-14,12
LN29022,CUST19022,Credit Card,81500,6791.67,2024-09-29,12
LN29023,CUST19023,Credit Card,20536,1711.33,2023-10-06,12
LN29024,CUST19024,Credit Card,80350,6695.83,2023-01-06,12
LN29025,CUST19025,Consumer Durable,79112,6592.67,2023-07-07,12
LN29026,CUST19026,Consumer Durable,97977,5443.17,2024-09-02,18
LN29027,CUST19027,Consumer Durable,133252,11104.33,2023-10-01,12
LN29028,CUST19028,Consumer Durable,102860,8571.67,2023-01-26,12
LN29029,CUST19029,Consumer Durable,111416,18569.33,2023-07-12,6
LN29030,CUST19030,Personal Loan,111479,4644.96,2024-07-20,24
LN29031,CUST19031,Credit Card,93380,7781.67,2024-07-08,12
LN29032,CUST19032,Credit Card,141328,11777.33,2024-08-11,12
LN29033,CUST19033,Consumer Durable,113224,6290.22,2024-06-06,18
LN29034,CUST19034,Credit Card,137669,11472.42,2023-06-24,12
LN29035,CUST19035,Personal Loan,69465,5788.75,2024-08-11,12
LN29036,CUST19036,Consumer Durable,159794,13316.17,2024-05-10,12
LN29037,CUST19037,Consumer Durable,122942,6830.11,2024-02-28,18
LN29038,CUST19038,Consumer Durable,46782,7797.0,2023-06-06,6
LN29039,CUST19039,Credit Card,82635,6886.25,2023-11-08,12
LN29040,CUST19040,Personal Loan,470516,9802.42,2024-01-02,48
LN29041,CUST19041,Personal Loan,164354,6848.08,2023-07-25,24
LN29042,CUST19042,Credit Card,100539,8378.25,2023-03-12,12
LN29043,CUST19043,Credit Card,96534,8044.5,2023-07-24,12
LN29044,CUST19044,Consumer Durable,185811,30968.5,2023-09-08,6
LN29045,CUST19045,Credit Card,30917,2576.42,2023-11-10,12
LN29046,CUST19046,Credit Card,59026,4918.83,2024-02-06,12
LN29047,CUST19047,Consumer Durable,81115,13519.17,2023-06-03,6
LN29048,CUST19048,Credit Card,142284,11857.0,2024-02-23,12
LN29049,CUST19049,Consumer Durable,36069,6011.5,2024-02-03,6
LN29050,CUST19050,Credit Card,14324,1193.67,2024-02-08,12
LN29051,CUST19051,Credit Card,14460,1205.0,2023-09-08,12
LN29052,CUST19052,Personal Loan,416041,8667.52,2023-12-12,48
LN29053,CUST19053,Personal Loan,172113,4780.92,2023-06-13,36
LN29054,CUST19054,Credit Card,136775,11397.92,2024-04-14,12
LN29055,CUST19055,Consumer Durable,77951,12991.83,2024-05-03,6
LN29056,CUST19056,Consumer Durable,52643,8773.83,2023-09-11,6
LN29057,CUST19057,Personal Loan,221172,18431.0,2023-06-18,12
LN29058,CUST19058,Consumer Durable,110972,9247.67,2024-01-15,12
LN29059,CUST19059,Consumer Durable,189898,10549.89,2023-12-24,18
LN29060,CUST19060,Personal Loan,88182,3674.25,2024-04-20,24
LN29061,CUST19061,Personal Loan,99775,8314.58,2024-05-21,12
LN29062,CUST19062,Personal Loan,158812,13234.33,2024-09-23,12
LN29063,CUST19063,Consumer Durable,100360,5575.56,2023-10-26,18
LN29064,CUST19064,Consumer Durable,127994,7110.78,2024-10-08,18
LN29065,CUST19065,Personal Loan,368460,15352.5,2023-02-28,24
LN29066,CUST19066,Personal Loan,396206,16508.58,2023-07-03,24
LN29067,CUST19067,Consumer Durable,174993,29165.5,2024-10-05,6
LN29068,CUST19068,Consumer Durable,162865,13572.08,2024-09-01,12
LN29069,CUST19069,Credit Card,20361,1696.75,2023-02-09,12
LN29070,CUST19070,Personal Loan,309086,8585.72,2024-09-10,36
LN29071,CUST19071,Personal Loan,441282,36773.5,2024-08-05,12
LN29072,CUST19072,Consumer Durable,77419,6451.58,2023-10-29,12
LN29073,CUST19073,Personal Loan,489603,20400.12,2024-03-20,24
LN29074,CUST19074,Personal Loan,135891,5662.12,2023-10-27,24
LN29075,CUST19075,Consumer Durable,100644,5591.33,2024-06-09,18
LN29076,CUST19076,Personal Loan,112755,2349.06,2023-02-02,48
LN29077,CUST19077,Consumer Durable,38210,6368.33,2023-06-09,6
LN29078,CUST19078,Consumer Durable,42961,3580.08,2024-04-03,12
LN29079,CUST19079,Personal Loan,333441,6946.69,2023-04-25,48
LN29080,CUST19080,Personal Loan,437515,9114.9,2023-07-19,48
LN29081,CUST19081,Credit Card,55564,4630.33,2024-11-14,12
LN29082,CUST19082,Consumer Durable,111098,18516.33,2024-03-07,6
LN29083,CUST19083,Consumer Durable,37678,6279.67,2024-01-31,6
LN29084,CUST19084,Consumer Durable,167398,9299.89,2024-10-28,18
LN29085,CUST19085,Consumer Durable,139734,23289.0,2023-07-06,6
LN29086,CUST19086,Credit Card,129736,10811.33,2024-03-15,12
LN29087,CUST19087,Consumer Durable,120478,6693.22,2023-08-13,18
LN29088,CUST19088,Personal Loan,476589,9928.94,2024-09-26,48
LN29089,CUST19089,Credit Card,60518,5043.17,2023-10-22,12
LN29090,CUST19090,Personal Loan,249439,5196.65,2024-07-17,48
LN29091,CUST19091,Personal Loan,251130,6975.83,2024-07-29,36
LN29092,CUST19092,Consumer Durable,89048,4947.11,2023-05-01,18
LN29093,CUST19093,Credit Card,72330,6027.5,2023-03-07,12
LN29094,CUST19094,Credit Card,93376,7781.33,2023-05-12,12
LN29095,CUST19095,Credit Card,53025,4418.75,2023-02-05,12
LN29096,CUST19096,Consumer Durable,140843,7824.61,2024-01-08,18
LN29097,CUST19097,Consumer Durable,174200,29033.33,2024-11-16,6
LN29098,CUST19098,Consumer Durable,39659,6609.83,2023-05-29,6
LN29099,CUST19099,Consumer Durable,180050,10002.78,2023-03-07,18
LN29100,CUST19100,Personal Loan,101920,4246.67,2024-10-21,24
LN29101,CUST19101,Credit Card,105906,8825.5,2023-01-20,12
LN29102,CUST19102,Consumer Durable,92171,7680.92,2024-05-21,12
LN29103,CUST19103,Personal Loan,454404,37867.0,2023-01-18,12
LN29104,CUST19104,Consumer Durable,112281,6237.83,2024-03-08,18
LN29105,CUST19105,Credit Card,120910,10075.83,2024-05-05,12
LN29106,CUST19106,Personal Loan,134342,5597.58,2024-12-01,24
LN29107,CUST19107,Consumer Durable,108332,9027.67,2023-12-21,12
LN29108,CUST19108,Credit Card,114068,9505.67,2023-05-19,12
LN29109,CUST19109,Personal Loan,442829,9225.6,2023-07-07,48
LN29110,CUST19110,Credit Card,80246,6687.17,2024-06-30,12
LN29111,CUST19111,Personal Loan,220739,18394.92,2023-11-01,12
LN29112,CUST19112,Consumer Durable,27185,1510.28,2023-10-10,18
LN29113,CUST19113,Credit Card,90553,7546.08,2024-07-02,12
LN29114,CUST19114,Consumer Durable,28742,4790.33,2023-08-04,6
LN29115,CUST19115,Personal Loan,365272,7609.83,2024-09-08,48
LN29116,CUST19116,Consumer Durable,86725,14454.17,2023-07-23,6
LN29117,CUST19117,Personal Loan,54150,1504.17,2024-10-22,36
LN29118,CUST19118,Consumer Durable,130115,7228.61,2024-05-23,18
LN29119,CUST19119,Credit Card,128222,10685.17,2024-02-17,12
LN29120,CUST19120,Personal Loan,455756,12659.89,2024-08-21,36
LN29121,CUST19121,Consumer Durable,169816,14151.33,2023-03-09,12
LN29122,CUST19122,Credit Card,93747,7812.25,2023-03-17,12
LN29123,CUST19123,Credit Card,61123,5093.58,2023-03-07,12
LN29124,CUST19124,Consumer Durable,198045,11002.5,2023-03-14,18
LN29125,CUST19125,Credit Card,93671,7805.92,2024-01-03,12
LN29126,CUST19126,Personal Loan,76956,2137.67,2024-01-28,36
LN29127,CUST19127,Consumer Durable,31251,5208.5,2023-10-22,6
LN29128,CUST19128,Personal Loan,400334,33361.17,2023-10-02,12
LN29129,CUST19129,Personal Loan,182616,15218.0,2024-11-04,12
LN29130,CUST19130,Personal Loan,78626,6552.17,2024-05-01,12
LN29131,CUST19131,Consumer Durable,152976,12748.0,2023-12-28,12
LN29132,CUST19132,Credit Card,19191,1599.25,2023-07-28,12
LN29133,CUST19133,Credit Card,88108,7342.33,2023-11-30,12
LN29134,CUST19134,Personal Loan,260445,7234.58,2023-12-27,36
LN29135,CUST19135,Consumer Durable,36460,3038.33,2024-02-22,12
LN29136,CUST19136,Credit Card,98016,8168.0,2024-02-14,12
LN29137,CUST19137,Personal Loan,225469,18789.08,2023-12-26,12
LN29138,CUST19138,Credit Card,126749,10562.42,2024-04-03,12
LN29139,CUST19139,Credit Card,119122,9926.83,2023-06-10,12
LN29140,CUST19140,Credit Card,143624,11968.67,2023-12-21,12
LN29141,CUST19141,Consumer Durable,83744,13957.33,2023-12-07,6
LN29142,CUST19142,Consumer Durable,82848,4602.67,2024-08-28,18
LN29143,CUST19143,Consumer Durable,161430,26905.0,2023-10-01,6
LN29144,CUST19144,Personal Loan,377918,31493.17,2023-10-29,12
LN29145,CUST19145,Credit Card,93042,7753.5,2023-05-08,12
LN29146,CUST19146,Personal Loan,462086,38507.17,2024-11-27,12
LN29147,CUST19147,Credit Card,131471,10955.92,2023-05-16,12
LN29148,CUST19148,Credit Card,24376,2031.33,2024-10-17,12
LN29149,CUST19149,Consumer Durable,197009,16417.42,2023-12-16,12
LN29150,CUST19150,Consumer Durable,157169,13097.42,2024-10-17,12
LN29151,CUST19151,Consumer Durable,79753,6646.08,2024-10-01,12
LN29152,CUST19152,Personal Loan,97251,2701.42,2024-10-27,36
LN29153,CUST19153,Consumer Durable,118430,19738.33,2023-01-17,6
LN29154,CUST19154,Personal Loan,151256,3151.17,2023-07-04,48
LN29155,CUST19155,Credit Card,41637,3469.75,2023-07-21,12
LN29156,CUST19156,Personal Loan,322857,13452.38,2024-04-28,24
LN29157,CUST19157,Credit Card,29281,2440.08,2023-09-23,12
LN29158,CUST19158,Personal Loan,403640,8409.17,2024-11-26,48
LN29159,CUST19159,Personal Loan,82970,6914.17,2023-06-23,12
LN29160,CUST19160,Credit Card,107536,8961.33,2023-02-26,12
LN29161,CUST19161,Consumer Durable,20971,1747.58,2024-04-21,12
LN29162,CUST19162,Credit Card,108759,9063.25,2023-01-12,12
LN29163,CUST19163,Credit Card,15362,1280.17,2024-09-01,12
LN29164,CUST19164,Personal Loan,307251,12802.12,2024-04-03,24
LN29165,CUST19165,Credit Card,38191,3182.58,2024-11-25,12
LN29166,CUST19166,Credit Card,50907,4242.25,2023-11-10,12
LN29167,CUST19167,Personal Loan,451669,37639.08,2024-08-15,12
LN29168,CUST19168,Personal Loan,412089,11446.92,2024-03-27,36
LN29169,CUST19169,Consumer Durable,82045,4558.06,2023-01-15,18
LN29170,CUST19170,Credit Card,13977,1164.75,2024-07-19,12
LN29171,CUST19171,Consumer Durable,39899,6649.83,2023-05-05,6
LN29172,CUST19172,Consumer Durable,79591,6632.58,2023-07-26,12
LN29173,CUST19173,Credit Card,39327,3277.25,2023-07-17,12
LN29174,CUST19174,Consumer Durable,62724,5227.0,2024-06-22,12
LN29175,CUST19175,Credit Card,43355,3612.92,2023-04-19,12
LN29176,CUST19176,Consumer Durable,136277,7570.94,2023-01-28,18
LN29177,CUST19177,Personal Loan,440506,9177.21,2024-10-03,48
LN29178,CUST19178,Consumer Durable,179329,29888.17,2024-06-06,6
LN29179,CUST19179,Credit Card,91911,7659.25,2023-12-29,12
LN29180,CUST19180,Credit Card,28760,2396.67,2023-02-25,12
LN29181,CUST19181,Credit Card,77579,6464.92,2024-04-15,12
LN29182,CUST19182,Consumer Durable,94016,15669.33,2023-08-19,6
LN29183,CUST19183,Credit Card,136966,11413.83,2024-08-07,12
LN29184,CUST19184,Credit Card,127673,10639.42,2024-03-05,12
LN29185,CUST19185,Credit Card,135129,11260.75,2023-06-06,12
LN29186,CUST19186,Credit Card,68639,5719.92,2023-07-07,12
LN29187,CUST19187,Credit Card,109568,9130.67,2023-08-11,12
LN29188,CUST19188,Personal Loan,58630,2442.92,2024-04-03,24
LN29189,CUST19189,Credit Card,72756,6063.0,2023-10-19,12
LN29190,CUST19190,Credit Card,106476,8873.0,2024-07-05,12
LN29191,CUST19191,Credit Card,35512,2959.33,2023-06-21,12
LN29192,CUST19192,Credit Card,58305,4858.75,2023-06-04,12
LN29193,CUST19193,Credit Card,121758,10146.5,2023-04-02,12
LN29194,CUST19194,Credit Card,31762,2646.83,2023-02-15,12
LN29195,CUST19195,Credit Card,93913,7826.08,2024-11-05,12
LN29196,CUST19196,Credit Card,133855,11154.58,2023-11-06,12
LN29197,CUST19197,Consumer Durable,178907,14908.92,2023-12-27,12
LN29198,CUST19198,Personal Loan,74243,1546.73,2023-03-06,48
LN29199,CUST19199,Personal Loan,230510,4802.29,2024-03-08,48
LN29200,CUST19200,Consumer Durable,23389,1299.39,2024-04-13,18
LN29201,CUST19201,Credit Card,147497,12291.42,2024-08-14,12
LN29202,CUST19202,Personal Loan,87121,7260.08,2023-05-21,12
LN29203,CUST19203,Personal Loan,262435,21869.58,2024-07-10,12
LN29204,CUST19204,Credit Card,120525,10043.75,2023-05-15,12
LN29205,CUST19205,Consumer Durable,168795,14066.25,2024-02-18,12
LN29206,CUST19206,Personal Loan,224260,4672.08,2023-10-24,48
LN29207,CUST19207,Consumer Durable,195512,32585.33,2023-11-28,6
LN29208,CUST19208,Credit Card,44817,3734.75,2023-11-14,12
LN29209,CUST19209,Personal Loan,383709,31975.75,2023-01-14,12
LN29210,CUST19210,Consumer Durable,106481,17746.83,2023-04-23,6
LN29211,CUST19211,Personal Loan,394714,10964.28,2023-12-17,36
LN29212,CUST19212,Personal Loan,256967,5353.48,2023-09-19,48
LN29213,CUST19213,Credit Card,43303,3608.58,2024-04-16,12
LN29214,CUST19214,Credit Card,54765,4563.75,2024-09-20,12
LN29215,CUST19215,Credit Card,104799,8733.25,2024-05-03,12
LN29216,CUST19216,Personal Loan,453766,18906.92,2024-04-25,24
LN29217,CUST19217,Credit Card,146748,12229.0,2024-11-17,12
LN29218,CUST19218,Personal Loan,434952,36246.0,2023-06-01,12
LN29219,CUST19219,Credit Card,39679,3306.58,2023-01-22,12
LN29220,CUST19220,Personal Loan,463117,9648.27,2023-09-06,48
LN29221,CUST19221,Credit Card,52614,4384.5,2023-10-31,12
LN29222,CUST19222,Credit Card,143755,11979.58,2023-06-02,12
LN29223,CUST19223,Consumer Durable,186879,10382.17,2024-05-09,18
LN29224,CUST19224,Personal Loan,462204,9629.25,2023-05-07,48
LN29225,CUST19225,Personal Loan,238171,9923.79,2024-07-27,24
LN29226,CUST19226,Personal Loan,294107,8169.64,2024-04-19,36
LN29227,CUST19227,Credit Card,41068,3422.33,2024-05-23,12
LN29228,CUST19228,Consumer Durable,126071,7003.94,2024-09-06,18
LN29229,CUST19229,Credit Card,35294,2941.17,2024-04-22,12
LN29230,CUST19230,Personal Loan,145991,12165.92,2024-10-28,12
LN29231,CUST19231,Consumer Durable,114139,9511.58,2023-12-06,12
LN29232,CUST19232,Consumer Durable,84399,7033.25,2023-07-23,12
LN29233,CUST19233,Credit Card,102361,8530.08,2023-11-22,12
LN29234,CUST19234,Consumer Durable,58082,3226.78,2023-12-09,18
LN29235,CUST19235,Consumer Durable,67255,11209.17,2024-02-08,6
LN29236,CUST19236,Consumer Durable,65130,3618.33,2023-09-20,18
LN29237,CUST19237,Consumer Durable,39824,2212.44,2023-10-25,18
LN29238,CUST19238,Credit Card,10271,855.92,2024-02-26,12
LN29239,CUST19239,Credit Card,63484,5290.33,2023-11-13,12
LN29240,CUST19240,Consumer Durable,156836,13069.67,2024-07-05,12
LN29241,CUST19241,Credit Card,31528,2627.33,2024-03-23,12
LN29242,CUST19242,Personal Loan,330974,27581.17,2023-10-07,12
LN29243,CUST19243,Personal Loan,285308,23775.67,2024-04-02,12
LN29244,CUST19244,Consumer Durable,180191,10010.61,2023-09-05,18
LN29245,CUST19245,Credit Card,104235,8686.25,2023-06-17,12
LN29246,CUST19246,Credit Card,47849,3987.42,2023-11-09,12
LN29247,CUST19247,Personal Loan,426668,35555.67,2023-09-10,12
LN29248,CUST19248,Personal Loan,260705,21725.42,2024-10-11,12
LN29249,CUST19249,Credit Card,57919,4826.58,2024-09-07,12
LN29250,CUST19250,Consumer Durable,158465,26410.83,2024-02-01,6
LN29251,CUST19251,Personal Loan,470532,13070.33,2023-01-20,36
LN29252,CUST19252,Credit Card,133903,11158.58,2024-03-23,12
LN29253,CUST19253,Credit Card,107495,8957.92,2023-02-23,12
LN29254,CUST19254,Personal Loan,482526,20105.25,2023-10-16,24
LN29255,CUST19255,Credit Card,76596,6383.0,2024-06-16,12
LN29256,CUST19256,Personal Loan,341142,14214.25,2024-11-28,24
LN29257,CUST19257,Credit Card,45614,3801.17,2024-02-06,12
LN29258,CUST19258,Consumer Durable,145145,8063.61,2024-06-20,18
LN29259,CUST19259,Personal Loan,414388,34532.33,2023-06-04,12
LN29260,CUST19260,Personal Loan,276443,23036.92,2023-05-22,12
LN29261,CUST19261,Consumer Durable,19452,3242.0,2023-11-28,6
LN29262,CUST19262,Consumer Durable,190049,10558.28,2023-06-06,18
LN29263,CUST19263,Consumer Durable,194747,32457.83,2023-08-23,6
LN29264,CUST19264,Credit Card,90491,7540.92,2024-09-05,12
LN29265,CUST19265,Credit Card,23569,1964.08,2024-11-26,12
LN29266,CUST19266,Personal Loan,342316,14263.17,2023-04-06,24
LN29267,CUST19267,Credit Card,37323,3110.25,2023-06-23,12
LN29268,CUST19268,Credit Card,47991,3999.25,2024-01-13,12
LN29269,CUST19269,Personal Loan,232597,9691.54,2023-10-24,24
LN29270,CUST19270,Consumer Durable,125514,10459.5,2023-07-31,12
LN29271,CUST19271,Consumer Durable,77008,4278.22,2023-10-16,18
LN29272,CUST19272,Credit Card,99484,8290.33,2024-08-18,12
LN29273,CUST19273,Personal Loan,216961,9040.04,2024-08-12,24
LN29274,CUST19274,Personal Loan,212934,17744.5,2024-05-22,12
LN29275,CUST19275,Credit Card,82666,6888.83,2023-10-01,12
LN29276,CUST19276,Personal Loan,412000,11444.44,2023-09-17,36
LN29277,CUST19277,Credit Card,100893,8407.75,2024-08-24,12
LN29278,CUST19278,Personal Loan,57102,2379.25,2023-11-20,24
LN29279,CUST19279,Consumer Durable,148867,12405.58,2023-09-12,12
LN29280,CUST19280,Personal Loan,246558,20546.5,2024-02-01,12
LN29281,CUST19281,Personal Loan,278262,5797.12,2024-01-25,48
LN29282,CUST19282,Consumer Durable,68277,3793.17,2023-06-04,18
LN29283,CUST19283,Consumer Durable,116629,19438.17,2023-04-27,6
LN29284,CUST19284,Credit Card,44028,3669.0,2023-05-22,12
LN29285,CUST19285,Personal Loan,309890,6456.04,2024-10-22,48
LN29286,CUST19286,Personal Loan,110590,9215.83,2023-08-28,12
LN29287,CUST19287,Consumer Durable,27588,4598.0,2023-04-30,6
LN29288,CUST19288,Personal Loan,277610,23134.17,2023-07-12,12
LN29289,CUST19289,Personal Loan,142024,11835.33,2024-02-12,12
LN29290,CUST19290,Personal Loan,332184,6920.5,2024-11-05,48
LN29291,CUST19291,Consumer Durable,179594,9977.44,2023-08-12,18
LN29292,CUST19292,Credit Card,46791,3899.25,2023-02-24,12
LN29293,CUST19293,Credit Card,119014,9917.83,2023-11-01,12
LN29294,CUST19294,Consumer Durable,145633,12136.08,2024-08-28,12
LN29295,CUST19295,Personal Loan,153240,12770.0,2024-09-19,12
LN29296,CUST19296,Credit Card,28874,2406.17,2023-01-10,12
LN29297,CUST19297,Consumer Durable,135646,11303.83,2024-07-16,12
LN29298,CUST19298,Personal Loan,450119,37509.92,2023-05-24,12
LN29299,CUST19299,Personal Loan,226211,6283.64,2024-09-11,36
LN29300,CUST19300,Personal Loan,269199,22433.25,2023-11-20,12
LN29301,CUST19301,Personal Loan,108976,4540.67,2024-05-03,24
LN29302,CUST19302,Personal Loan,84724,1765.08,2024-03-25,48
LN29303,CUST19303,Personal Loan,85377,2371.58,2024-04-19,36
LN29304,CUST19304,Credit Card,44668,3722.33,2024-10-15,12
LN29305,CUST19305,Consumer Durable,60401,5033.42,2023-06-02,12
LN29306,CUST19306,Personal Loan,58962,1637.83,2024-08-11,36
LN29307,CUST19307,Personal Loan,80254,1671.96,2023-03-15,48
LN29308,CUST19308,Credit Card,94878,7906.5,2023-04-03,12
LN29309,CUST19309,Credit Card,30107,2508.92,2024-05-16,12
LN29310,CUST19310,Consumer Durable,130975,21829.17,2024-11-24,6
LN29311,CUST19311,Consumer Durable,37158,2064.33,2024-03-16,18
LN29312,CUST19312,Credit Card,73120,6093.33,2023-12-11,12
LN29313,CUST19313,Consumer Durable,161097,8949.83,2023-04-12,18
LN29314,CUST19314,Personal Loan,308550,8570.83,2024-10-11,36
LN29315,CUST19315,Consumer Durable,27044,4507.33,2024-04-09,6
LN29316,CUST19316,Credit Card,78732,6561.0,2024-02-22,12
LN29317,CUST19317,Consumer Durable,157269,26211.5,2023-02-08,6
LN29318,CUST19318,Consumer Durable,100403,5577.94,2023-03-05,18
LN29319,CUST19319,Credit Card,64023,5335.25,2023-06-27,12
LN29320,CUST19320,Consumer Durable,177798,9877.67,2024-08-22,18
LN29321,CUST19321,Credit Card,70129,5844.08,2023-10-11,12
LN29322,CUST19322,Consumer Durable,125944,6996.89,2023-12-14,18
LN29323,CUST19323,Personal Loan,224300,9345.83,2023-08-02,24
LN29324,CUST19324,Credit Card,46817,3901.42,2024-03-27,12
LN29325,CUST19325,Personal Loan,161923,6746.79,2024-10-14,24
LN29326,CUST19326,Credit Card,33857,2821.42,2023-09-19,12
LN29327,CUST19327,Credit Card,127641,10636.75,2024-06-22,12
LN29328,CUST19328,Consumer Durable,137726,11477.17,2023-05-02,12
LN29329,CUST19329,Personal Loan,476663,19860.96,2024-04-21,24
LN29330,CUST19330,Credit Card,28620,2385.0,2024-10-28,12
LN29331,CUST19331,Consumer Durable,124934,6940.78,2024-09-30,18
LN29332,CUST19332,Credit Card,36493,3041.08,2024-08-05,12
LN29333,CUST19333,Personal Loan,461447,38453.92,2024-04-09,12
LN29334,CUST19334,Consumer Durable,77231,6435.92,2023-09-22,12
LN29335,CUST19335,Consumer Durable,125308,6961.56,2023-04-11,18
LN29336,CUST19336,Personal Loan,344532,28711.0,2024-05-10,12
LN29337,CUST19337,Consumer Durable,97860,5436.67,2024-04-06,18
LN29338,CUST19338,Credit Card,76516,6376.33,2023-07-28,12
LN29339,CUST19339,Credit Card,143750,11979.17,2023-01-05,12
LN29340,CUST19340,Consumer Durable,54687,3038.17,2023-03-22,18
LN29341,CUST19341,Consumer Durable,162294,13524.5,2023-10-10,12
LN29342,CUST19342,Credit Card,119958,9996.5,2024-01-02,12
LN29343,CUST19343,Credit Card,46886,3907.17,2023-12-03,12
LN29344,CUST19344,Personal Loan,386937,8061.19,2024-05-27,48
LN29345,CUST19345,Consumer Durable,61687,10281.17,2023-06-05,6
LN29346,CUST19346,Personal Loan,341394,7112.38,2023-09-03,48
LN29347,CUST19347,Consumer Durable,22973,1276.28,2024-08-22,18
LN29348,CUST19348,Consumer Durable,22460,1871.67,2024-01-04,12
LN29349,CUST19349,Consumer Durable,140850,11737.5,2023-06-04,12
LN29350,CUST19350,Consumer Durable,56994,4749.5,2023-08-01,12
LN29351,CUST19351,Personal Loan,208664,4347.17,2024-01-28,48
LN29352,CUST19352,Credit Card,140453,11704.42,2023-01-11,12
LN29353,CUST19353,Consumer Durable,119658,9971.5,2024-10-12,12
LN29354,CUST19354,Consumer Durable,140736,11728.0,2024-07-14,12
LN29355,CUST19355,Personal Loan,230685,4805.94,2024-05-17,48
LN29356,CUST19356,Credit Card,53817,4484.75,2024-08-27,12
LN29357,CUST19357,Credit Card,74930,6244.17,2023-01-07,12
LN29358,CUST19358,Consumer Durable,122586,10215.5,2023-10-12,12
LN29359,CUST19359,Consumer Durable,43585,3632.08,2023-04-29,12
LN29360,CUST19360,Credit Card,111040,9253.33,2023-03-14,12
LN29361,CUST19361,Consumer Durable,99246,8270.5,2024-11-15,12
LN29362,CUST19362,Personal Loan,411113,11419.81,2023-10-31,36
LN29363,CUST19363,Credit Card,35333,2944.42,2023-03-28,12
LN29364,CUST19364,Consumer Durable,151894,8438.56,2023-08-19,18
LN29365,CUST19365,Consumer Durable,57358,3186.56,2023-09-01,18
LN29366,CUST19366,Consumer Durable,136354,11362.83,2023-09-19,12
LN29367,CUST19367,Credit Card,147901,12325.08,2023-10-15,12
LN29368,CUST19368,Personal Loan,439056,12196.0,2024-06-16,36
LN29369,CUST19369,Credit Card,94168,7847.33,2024-01-04,12
LN29370,CUST19370,Consumer Durable,144012,12001.0,2023-08-09,12
LN29371,CUST19371,Personal Loan,306003,12750.12,2023-11-23,24
LN29372,CUST19372,Consumer Durable,144095,8005.28,2024-01-04,18
LN29373,CUST19373,Credit Card,49940,4161.67,2023-01-27,12
LN29374,CUST19374,Credit Card,104503,8708.58,2023-06-14,12
LN29375,CUST19375,Personal Loan,470403,19600.12,2024-04-28,24
LN29376,CUST19376,Consumer Durable,135853,7547.39,2023-09-30,18
LN29377,CUST19377,Consumer Durable,137427,11452.25,2024-08-06,12
LN29378,CUST19378,Consumer Durable,176565,14713.75,2023-11-08,12
LN29379,CUST19379,Personal Loan,481304,10027.17,2024-02-19,48
LN29380,CUST19380,Consumer Durable,87628,14604.67,2023-12-01,6
LN29381,CUST19381,Personal Loan,110626,3072.94,2024-01-03,36
LN29382,CUST19382,Consumer Durable,87378,14563.0,2023-08-04,6
LN29383,CUST19383,Consumer Durable,197878,16489.83,2024-07-26,12
LN29384,CUST19384,Consumer Durable,116019,6445.5,2024-05-28,18
LN29385,CUST19385,Consumer Durable,54326,3018.11,2024-10-05,18
LN29386,CUST19386,Credit Card,72028,6002.33,2024-02-23,12
LN29387,CUST19387,Personal Loan,74902,1560.46,2023-09-13,48
LN29388,CUST19388,Credit Card,93259,7771.58,2024-11-12,12
LN29389,CUST19389,Consumer Durable,143707,23951.17,2024-07-12,6
LN29390,CUST19390,Credit Card,67538,5628.17,2024-07-07,12
LN29391,CUST19391,Personal Loan,241294,10053.92,2024-01-26,24
LN29392,CUST19392,Personal Loan,440021,9167.1,2024-07-09,48
LN29393,CUST19393,Credit Card,80121,6676.75,2024-06-13,12
LN29394,CUST19394,Consumer Durable,142591,11882.58,2024-11-04,12
LN29395,CUST19395,Credit Card,71765,5980.42,2023-04-25,12
LN29396,CUST19396,Personal Loan,482495,20103.96,2023-07-19,24
LN29397,CUST19397,Consumer Durable,88549,4919.39,2023-09-08,18
LN29398,CUST19398,Credit Card,140113,11676.08,2023-10-16,12
LN29399,CUST19399,Consumer Durable,89491,4971.72,2023-02-02,18
LN29400,CUST19400,Credit Card,148290,12357.5,2023-11-11,12
LN29401,CUST19401,Consumer Durable,59727,9954.5,2023-01-29,6
LN29402,CUST19402,Personal Loan,391506,10875.17,2024-09-18,36
LN29403,CUST19403,Credit Card,118583,9881.92,2023-08-31,12
LN29404,CUST19404,Consumer Durable,76226,12704.33,2024-04-28,6
LN29405,CUST19405,Personal Loan,485904,13497.33,2023-08-23,36
LN29406,CUST19406,Credit Card,139726,11643.83,2024-03-05,12
LN29407,CUST19407,Consumer Durable,150978,25163.0,2023-11-30,6
LN29408,CUST19408,Credit Card,128828,10735.67,2024-08-08,12
LN29409,CUST19409,Consumer Durable,27896,2324.67,2024-04-23,12
LN29410,CUST19410,Credit Card,71368,5947.33,2023-02-03,12
LN29411,CUST19411,Consumer Durable,140994,11749.5,2023-02-10,12
LN29412,CUST19412,Consumer Durable,50575,2809.72,2023-11-27,18
LN29413,CUST19413,Consumer Durable,53268,2959.33,2024-04-18,18
LN29414,CUST19414,Credit Card,17161,1430.08,2023-05-27,12
LN29415,CUST19415,Personal Loan,435916,36326.33,2024-03-20,12
LN29416,CUST19416,Personal Loan,413850,34487.5,2024-02-02,12
LN29417,CUST19417,Consumer Durable,23351,1297.28,2024-05-02,18
LN29418,CUST19418,Personal Loan,224366,6232.39,2023-11-13,36
LN29419,CUST19419,Consumer Durable,34951,5825.17,2024-07-16,6
LN29420,CUST19420,Consumer Durable,109602,9133.5,2024-02-23,12
LN29421,CUST19421,Credit Card,117085,9757.08,2024-05-22,12
LN29422,CUST19422,Personal Loan,414789,34565.75,2023-06-20,12
LN29423,CUST19423,Personal Loan,274980,7638.33,2024-09-17,36
LN29424,CUST19424,Consumer Durable,122426,10202.17,2024-10-06,12
LN29425,CUST19425,Personal Loan,109421,2279.6,2023-05-10,48
LN29426,CUST19426,Consumer Durable,87225,14537.5,2024-05-02,6
LN29427,CUST19427,Consumer Durable,121881,20313.5,2023-12-08,6
LN29428,CUST19428,Personal Loan,120061,3335.03,2023-10-16,36
LN29429,CUST19429,Credit Card,65268,5439.0,2023-08-29,12
LN29430,CUST19430,Credit Card,113504,9458.67,2024-07-29,12
LN29431,CUST19431,Credit Card,79896,6658.0,2024-01-18,12
LN29432,CUST19432,Consumer Durable,138334,11527.83,2023-11-13,12
LN29433,CUST19433,Personal Loan,273152,22762.67,2023-11-13,12
LN29434,CUST19434,Personal Loan,272385,11349.38,2024-05-06,24
LN29435,CUST19435,Personal Loan,230042,6390.06,2023-04-09,36
LN29436,CUST19436,Consumer Durable,38313,6385.5,2023-11-25,6
LN29437,CUST19437,Consumer Durable,107439,17906.5,2024-01-22,6
LN29438,CUST19438,Personal Loan,124244,5176.83,2023-04-20,24
LN29439,CUST19439,Consumer Durable,58188,4849.0,2023-09-02,12
LN29440,CUST19440,Credit Card,117154,9762.83,2024-07-06,12
LN29441,CUST19441,Personal Loan,242210,10092.08,2024-11-16,24
LN29442,CUST19442,Consumer Durable,78632,4368.44,2024-02-24,18
LN29443,CUST19443,Personal Loan,306609,8516.92,2023-08-20,36
LN29444,CUST19444,Personal Loan,203044,5640.11,2024-07-23,36
LN29445,CUST19445,Consumer Durable,34607,2883.92,2024-02-03,12
LN29446,CUST19446,Consumer Durable,188313,15692.75,2024-11-29,12
LN29447,CUST19447,Consumer Durable,15170,1264.17,2024-06-19,12
LN29448,CUST19448,Credit Card,94263,7855.25,2023-09-15,12
LN29449,CUST19449,Credit Card,36888,3074.0,2023-05-04,12
LN29450,CUST19450,Consumer Durable,137745,7652.5,2024-02-05,18
LN29451,CUST19451,Consumer Durable,144534,24089.0,2024-05-01,6
LN29452,CUST19452,Personal Loan,160452,13371.0,2023-10-30,12
LN29453,CUST19453,Consumer Durable,192297,10683.17,2023-12-28,18
LN29454,CUST19454,Personal Loan,75280,2091.11,2023-05-26,36
LN29455,CUST19455,Personal Loan,324730,6765.21,2023-05-10,48
LN29456,CUST19456,Consumer Durable,58026,3223.67,2024-04-14,18
LN29457,CUST19457,Consumer Durable,17886,993.67,2023-04-24,18
LN29458,CUST19458,Consumer Durable,146578,12214.83,2024-06-11,12
LN29459,CUST19459,Consumer Durable,67884,5657.0,2023-04-15,12
LN29460,CUST19460,Consumer Durable,77861,4325.61,2024-05-10,18
LN29461,CUST19461,Credit Card,42138,3511.5,2023-12-23,12
LN29462,CUST19462,Personal Loan,302581,6303.77,2024-10-21,48
LN29463,CUST19463,Consumer Durable,157023,26170.5,2024-03-24,6
LN29464,CUST19464,Consumer Durable,176389,9799.39,2024-10-15,18
LN29465,CUST19465,Consumer Durable,197529,16460.75,2023-05-10,12
LN29466,CUST19466,Consumer Durable,71418,3967.67,2023-05-24,18
LN29467,CUST19467,Personal Loan,370985,15457.71,2024-05-16,24
LN29468,CUST19468,Credit Card,89736,7478.0,2024-01-20,12
LN29469,CUST19469,Consumer Durable,72585,12097.5,2023-12-28,6
LN29470,CUST19470,Personal Loan,222211,6172.53,2023-10-07,36
LN29471,CUST19471,Personal Loan,81272,3386.33,2024-03-23,24
LN29472,CUST19472,Consumer Durable,86452,7204.33,2023-09-01,12
LN29473,CUST19473,Consumer Durable,30111,2509.25,2023-11-08,12
LN29474,CUST19474,Consumer Durable,188577,10476.5,2023-07-19,18
LN29475,CUST19475,Personal Loan,499502,13875.06,2024-09-10,36
LN29476,CUST19476,Credit Card,74767,6230.58,2023-06-28,12
LN29477,CUST19477,Credit Card,63759,5313.25,2024-06-06,12
LN29478,CUST19478,Consumer Durable,174037,14503.08,2023-03-03,12
LN29479,CUST19479,Personal Loan,156091,4335.86,2024-01-20,36
LN29480,CUST19480,Credit Card,67595,5632.92,2024-03-24,12
LN29481,CUST19481,Credit Card,104751,8729.25,2024-11-20,12
LN29482,CUST19482,Personal Loan,347902,14495.92,2023-09-15,24
LN29483,CUST19483,Credit Card,104517,8709.75,2023-11-21,12
LN29484,CUST19484,Credit Card,37248,3104.0,2023-08-14,12
LN29485,CUST19485,Personal Loan,476335,13231.53,2023-10-29,36
LN29486,CUST19486,Personal Loan,153800,4272.22,2024-10-21,36
LN29487,CUST19487,Personal Loan,496817,10350.35,2023-03-05,48
LN29488,CUST19488,Consumer Durable,195991,16332.58,2023-06-10,12
LN29489,CUST19489,Personal Loan,392668,32722.33,2023-06-15,12
LN29490,CUST19490,Credit Card,105645,8803.75,2023-02-14,12
LN29491,CUST19491,Credit Card,83943,6995.25,2024-04-13,12
LN29492,CUST19492,Consumer Durable,21355,3559.17,2024-06-03,6
LN29493,CUST19493,Credit Card,90978,7581.5,2023-08-05,12
LN29494,CUST19494,Personal Loan,369206,10255.72,2024-04-11,36
LN29495,CUST19495,Personal Loan,260137,21678.08,2023-09-26,12
LN29496,CUST19496,Credit Card,12934,1077.83,2024-10-05,12
LN29497,CUST19497,Credit Card,116277,9689.75,2024-09-07,12
LN29498,CUST19498,Personal Loan,155275,12939.58,2024-08-18,12
LN29499,CUST19499,Personal Loan,386031,32169.25,2023-12-11,12
LN29500,CUST19500,Personal Loan,147397,4094.36,2023-05-28,36
LN29501,CUST19501,Personal Loan,369915,30826.25,2023-10-25,12
LN29502,CUST19502,Credit Card,86059,7171.58,2023-07-06,12
LN29503,CUST19503,Consumer Durable,184112,30685.33,2023-09-14,6
LN29504,CUST19504,Credit Card,66309,5525.75,2023-03-24,12
LN29505,CUST19505,Consumer Durable,181465,10081.39,2024-02-28,18
LN29506,CUST19506,Consumer Durable,84814,7067.83,2024-04-09,12
LN29507,CUST19507,Personal Loan,407239,11312.19,2024-11-25,36
LN29508,CUST19508,Credit Card,132776,11064.67,2023-07-28,12
LN29509,CUST19509,Credit Card,105494,8791.17,2023-07-22,12
LN29510,CUST19510,Personal Loan,229560,4782.5,2024-09-03,48
LN29511,CUST19511,Personal Loan,457931,19080.46,2023-11-06,24
LN29512,CUST19512,Personal Loan,444557,9261.6,2024-11-02,48
LN29513,CUST19513,Credit Card,117738,9811.5,2024-01-21,12
LN29514,CUST19514,Consumer Durable,38064,2114.67,2023-12-30,18
LN29515,CUST19515,Personal Loan,320192,26682.67,2023-05-25,12
LN29516,CUST19516,Credit Card,117920,9826.67,2023-04-13,12
LN29517,CUST19517,Personal Loan,227563,6321.19,2024-01-25,36
LN29518,CUST19518,Consumer Durable,113401,18900.17,2024-11-11,6
LN29519,CUST19519,Credit Card,115164,9597.0,2024-09-02,12
LN29520,CUST19520,Consumer Durable,170375,14197.92,2023-10-25,12
LN29521,CUST19521,Credit Card,53453,4454.42,2023-07-20,12
LN29522,CUST19522,Credit Card,106355,8862.92,2023-09-11,12
LN29523,CUST19523,Credit Card,128118,10676.5,2024-11-05,12
LN29524,CUST19524,Consumer Durable,120932,10077.67,2023-09-23,12
LN29525,CUST19525,Personal Loan,430119,11947.75,2023-03-31,36
LN29526,CUST19526,Credit Card,92733,7727.75,2023-12-30,12
LN29527,CUST19527,Credit Card,107099,8924.92,2023-06-15,12
LN29528,CUST19528,Consumer Durable,16868,937.11,2023-02-06,18
LN29529,CUST19529,Consumer Durable,85597,7133.08,2024-05-28,12
LN29530,CUST19530,Consumer Durable,151711,8428.39,2024-06-16,18
LN29531,CUST19531,Consumer Durable,125688,10474.0,2023-04-11,12
LN29532,CUST19532,Consumer Durable,187827,31304.5,2024-07-18,6
LN29533,CUST19533,Personal Loan,315178,26264.83,2024-06-17,12
LN29534,CUST19534,Personal Loan,166113,6921.38,2024-11-06,24
LN29535,CUST19535,Credit Card,19075,1589.58,2024-05-31,12
LN29536,CUST19536,Consumer Durable,187025,10390.28,2024-05-05,18
LN29537,CUST19537,Credit Card,31225,2602.08,2023-06-30,12
LN29538,CUST19538,Credit Card,87066,7255.5,2023-09-06,12
LN29539,CUST19539,Consumer Durable,79263,13210.5,2023-07-30,6
LN29540,CUST19540,Consumer Durable,36662,2036.78,2024-07-27,18
LN29541,CUST19541,Personal Loan,285757,5953.27,2023-03-09,48
LN29542,CUST19542,Credit Card,78531,6544.25,2023-07-12,12
LN29543,CUST19543,Credit Card,38355,3196.25,2024-01-07,12
LN29544,CUST19544,Credit Card,140392,11699.33,2024-07-12,12
LN29545,CUST19545,Credit Card,100438,8369.83,2024-10-05,12
LN29546,CUST19546,Credit Card,61072,5089.33,2024-07-11,12
LN29547,CUST19547,Consumer Durable,194852,32475.33,2024-08-30,6
LN29548,CUST19548,Consumer Durable,93224,7768.67,2024-05-09,12
LN29549,CUST19549,Consumer Durable,118987,6610.39,2023-04-24,18
LN29550,CUST19550,Consumer Durable,41324,6887.33,2023-12-20,6
LN29551,CUST19551,Credit Card,112287,9357.25,2023-06-05,12
LN29552,CUST19552,Personal Loan,226072,18839.33,2023-03-22,12
LN29553,CUST19553,Personal Loan,328913,27409.42,2023-08-26,12
LN29554,CUST19554,Consumer Durable,27452,1525.11,2024-02-22,18
LN29555,CUST19555,Consumer Durable,122466,20411.0,2023-11-11,6
LN29556,CUST19556,Consumer Durable,111450,6191.67,2023-06-28,18
LN29557,CUST19557,Consumer Durable,93769,7814.08,2023-08-30,12
LN29558,CUST19558,Consumer Durable,43993,7332.17,2023-10-14,6
LN29559,CUST19559,Consumer Durable,180934,15077.83,2024-01-25,12
LN29560,CUST19560,Personal Loan,194972,16247.67,2024-05-18,12
LN29561,CUST19561,Consumer Durable,122600,10216.67,2024-11-20,12
LN29562,CUST19562,Personal Loan,249371,5195.23,2023-02-01,48
LN29563,CUST19563,Consumer Durable,183996,15333.0,2024-01-16,12
LN29564,CUST19564,Credit Card,24636,2053.0,2024-11-10,12
LN29565,CUST19565,Consumer Durable,45018,7503.0,2024-01-14,6
LN29566,CUST19566,Credit Card,37619,3134.92,2024-10-31,12
LN29567,CUST19567,Personal Loan,429354,35779.5,2023-10-23,12
LN29568,CUST19568,Consumer Durable,187026,10390.33,2023-03-03,18
LN29569,CUST19569,Personal Loan,352852,9801.44,2024-02-03,36
LN29570,CUST19570,Consumer Durable,26819,2234.92,2024-05-07,12
LN29571,CUST19571,Personal Loan,404360,11232.22,2023-01-13,36
LN29572,CUST19572,Personal Loan,105768,4407.0,2023-12-10,24
LN29573,CUST19573,Credit Card,68870,5739.17,2024-05-31,12
LN29574,CUST19574,Credit Card,105294,8774.5,2024-01-07,12
LN29575,CUST19575,Personal Loan,469178,9774.54,2023-12-20,48
LN29576,CUST19576,Personal Loan,373054,7771.96,2024-04-08,48
LN29577,CUST19577,Credit Card,62769,5230.75,2023-06-28,12
LN29578,CUST19578,Credit Card,85499,7124.92,2024-11-18,12
LN29579,CUST19579,Credit Card,80425,6702.08,2023-08-24,12
LN29580,CUST19580,Credit Card,95782,7981.83,2023-07-30,12
LN29581,CUST19581,Consumer Durable,194272,32378.67,2023-01-26,6
LN29582,CUST19582,Credit Card,95123,7926.92,2024-02-14,12
LN29583,CUST19583,Credit Card,45311,3775.92,2024-05-08,12
LN29584,CUST19584,Credit Card,110395,9199.58,2023-05-24,12
LN29585,CUST19585,Credit Card,34791,2899.25,2023-07-08,12
LN29586,CUST19586,Credit Card,64672,5389.33,2023-01-26,12
LN29587,CUST19587,Credit Card,123928,10327.33,2024-03-20,12
LN29588,CUST19588,Personal Loan,125813,10484.42,2023-07-10,12
LN29589,CUST19589,Consumer Durable,136763,7597.94,2024-10-19,18
LN29590,CUST19590,Credit Card,132039,11003.25,2024-10-09,12
LN29591,CUST19591,Credit Card,63364,5280.33,2023-04-16,12
LN29592,CUST19592,Personal Loan,74834,6236.17,2023-06-18,12
LN29593,CUST19593,Consumer Durable,152254,25375.67,2023-12-03,6
LN29594,CUST19594,Consumer Durable,92542,15423.67,2024-09-22,6
LN29595,CUST19595,Personal Loan,351808,7329.33,2023-12-10,48
LN29596,CUST19596,Personal Loan,379375,7903.65,2024-10-26,48
LN29597,CUST19597,Credit Card,32053,2671.08,2023-08-05,12
LN29598,CUST19598,Personal Loan,131161,3643.36,2024-07-15,36
LN29599,CUST19599,Credit Card,113252,9437.67,2024-03-16,12
LN29600,CUST19600,Consumer Durable,32565,2713.75,2023-02-13,12
LN29601,CUST19601,Personal Loan,310837,8634.36,2024-11-09,36
LN29602,CUST19602,Personal Loan,297748,6203.08,2023-09-28,48
LN29603,CUST19603,Credit Card,73069,6089.08,2023-09-14,12
LN29604,CUST19604,Credit Card,28560,2380.0,2024-02-06,12
LN29605,CUST19605,Consumer Durable,114450,9537.5,2023-05-24,12
LN29606,CUST19606,Consumer Durable,103279,17213.17,2024-05-14,6
LN29607,CUST19607,Consumer Durable,120197,6677.61,2023-06-15,18
LN29608,CUST19608,Personal Loan,317897,13245.71,2023-01-08,24
LN29609,CUST19609,Consumer Durable,141662,11805.17,2024-11-02,12
LN29610,CUST19610,Personal Loan,293717,8158.81,2023-03-15,36
LN29611,CUST19611,Personal Loan,93637,1950.77,2024-02-13,48
LN29612,CUST19612,Personal Loan,256810,7133.61,2024-06-17,36
LN29613,CUST19613,Consumer Durable,172990,14415.83,2023-09-14,12
LN29614,CUST19614,Personal Loan,69253,5771.08,2023-04-29,12
LN29615,CUST19615,Credit Card,116680,9723.33,2023-02-15,12
LN29616,CUST19616,Consumer Durable,161676,26946.0,2023-09-26,6
LN29617,CUST19617,Personal Loan,348820,9689.44,2024-01-06,36
LN29618,CUST19618,Credit Card,37692,3141.0,2023-07-09,12
LN29619,CUST19619,Personal Loan,380309,31692.42,2023-01-29,12
LN29620,CUST19620,Personal Loan,112429,2342.27,2023-09-23,48
LN29621,CUST19621,Consumer Durable,73186,12197.67,2023-03-29,6
LN29622,CUST19622,Consumer Durable,24073,2006.08,2024-11-09,12
LN29623,CUST19623,Consumer Durable,116756,19459.33,2024-06-20,6
LN29624,CUST19624,Consumer Durable,101611,8467.58,2024-09-12,12
LN29625,CUST19625,Personal Loan,112247,9353.92,2023-03-11,12
LN29626,CUST19626,Personal Loan,469352,9778.17,2024-01-06,48
LN29627,CUST19627,Credit Card,143449,11954.08,2024-01-31,12
LN29628,CUST19628,Personal Loan,497740,41478.33,2024-01-07,12
LN29629,CUST19629,Personal Loan,246313,6842.03,2023-05-20,36
LN29630,CUST19630,Credit Card,105153,8762.75,2023-07-09,12
LN29631,CUST19631,Consumer Durable,15956,1329.67,2024-10-29,12
LN29632,CUST19632,Consumer Durable,65769,5480.75,2023-03-27,12
LN29633,CUST19633,Personal Loan,377734,15738.92,2024-03-02,24
LN29634,CUST19634,Personal Loan,185256,7719.0,2024-09-06,24
LN29635,CUST19635,Personal Loan,157632,3284.0,2023-06-07,48
LN29636,CUST19636,Consumer Durable,175902,14658.5,2023-10-29,12
LN29637,CUST19637,Personal Loan,250572,20881.0,2024-07-14,12
LN29638,CUST19638,Consumer Durable,92749,15458.17,2023-01-06,6
LN29639,CUST19639,Credit Card,40815,3401.25,2023-02-07,12
LN29640,CUST19640,Consumer Durable,135190,7510.56,2023-11-02,18
LN29641,CUST19641,Personal Loan,236006,4916.79,2023-11-29,48
LN29642,CUST19642,Credit Card,39758,3313.17,2024-11-17,12
LN29643,CUST19643,Credit Card,147020,12251.67,2023-11-29,12
LN29644,CUST19644,Credit Card,26912,2242.67,2023-10-13,12
LN29645,CUST19645,Consumer Durable,103883,8656.92,2024-06-18,12
LN29646,CUST19646,Credit Card,111644,9303.67,2024-07-31,12
LN29647,CUST19647,Personal Loan,368202,30683.5,2023-07-21,12
LN29648,CUST19648,Consumer Durable,99885,5549.17,2023-06-30,18
LN29649,CUST19649,Personal Loan,194549,8106.21,2024-06-14,24
LN29650,CUST19650,Credit Card,72632,6052.67,2023-02-04,12
LN29651,CUST19651,Consumer Durable,121440,20240.0,2024-05-06,6
LN29652,CUST19652,Personal Loan,137545,3820.69,2024-09-20,36
LN29653,CUST19653,Consumer Durable,42131,3510.92,2024-03-12,12
LN29654,CUST19654,Credit Card,63072,5256.0,2023-07-01,12
LN29655,CUST19655,Consumer Durable,65822,3656.78,2023-12-08,18
LN29656,CUST19656,Personal Loan,62881,2620.04,2023-06-24,24
LN29657,CUST19657,Personal Loan,389639,32469.92,2024-03-18,12
LN29658,CUST19658,Consumer Durable,177719,9873.28,2024-06-30,18
LN29659,CUST19659,Personal Loan,69159,5763.25,2024-08-28,12
LN29660,CUST19660,Personal Loan,429931,35827.58,2024-05-12,12
LN29661,CUST19661,Consumer Durable,45208,3767.33,2023-02-18,12
LN29662,CUST19662,Personal Loan,238031,4958.98,2024-03-28,48
LN29663,CUST19663,Credit Card,41665,3472.08,2023-02-11,12
LN29664,CUST19664,Credit Card,14999,1249.92,2024-10-23,12
LN29665,CUST19665,Credit Card,55880,4656.67,2024-03-23,12
LN29666,CUST19666,Credit Card,131848,10987.33,2024-02-17,12
LN29667,CUST19667,Personal Loan,447211,9316.9,2023-03-13,48
LN29668,CUST19668,Consumer Durable,70226,5852.17,2023-01-03,12
LN29669,CUST19669,Personal Loan,140189,5841.21,2023-09-10,24
LN29670,CUST19670,Credit Card,44601,3716.75,2023-11-18,12
LN29671,CUST19671,Consumer Durable,187494,31249.0,2023-05-21,6
LN29672,CUST19672,Personal Loan,184948,5137.44,2024-07-13,36
LN29673,CUST19673,Personal Loan,496576,10345.33,2024-03-10,48
LN29674,CUST19674,Personal Loan,268590,7460.83,2024-01-08,36
LN29675,CUST19675,Credit Card,17189,1432.42,2023-03-26,12
LN29676,CUST19676,Credit Card,142770,11897.5,2024-06-12,12
LN29677,CUST19677,Consumer Durable,186188,10343.78,2023-06-30,18
LN29678,CUST19678,Credit Card,66946,5578.83,2023-01-19,12
LN29679,CUST19679,Consumer Durable,189213,10511.83,2024-05-23,18
LN29680,CUST19680,Personal Loan,280889,7802.47,2024-02-15,36
LN29681,CUST19681,Personal Loan,206309,8596.21,2023-06-01,24
LN29682,CUST19682,Credit Card,135155,11262.92,2024-05-17,12
LN29683,CUST19683,Credit Card,122664,10222.0,2023-03-25,12
LN29684,CUST19684,Personal Loan,108307,9025.58,2023-02-25,12
LN29685,CUST19685,Consumer Durable,138619,11551.58,2024-03-07,12
LN29686,CUST19686,Credit Card,25205,2100.42,2024-04-07,12
LN29687,CUST19687,Credit Card,92288,7690.67,2024-11-04,12
LN29688,CUST19688,Credit Card,25825,2152.08,2023-06-30,12
LN29689,CUST19689,Consumer Durable,179036,29839.33,2023-03-11,6
LN29690,CUST19690,Consumer Durable,41637,6939.5,2023-12-26,6
LN29691,CUST19691,Personal Loan,151807,6325.29,2024-11-04,24
LN29692,CUST19692,Credit Card,84743,7061.92,2024-10-29,12
LN29693,CUST19693,Consumer Durable,91130,7594.17,2023-04-20,12
LN29694,CUST19694,Credit Card,128763,10730.25,2023-05-26,12
LN29695,CUST19695,Credit Card,11374,947.83,2024-07-03,12
LN29696,CUST19696,Credit Card,122031,10169.25,2024-05-25,12
LN29697,CUST19697,Credit Card,118781,9898.42,2023-03-10,12
LN29698,CUST19698,Consumer Durable,187417,31236.17,2024-01-19,6
LN29699,CUST19699,Credit Card,71587,5965.58,2023-11-27,12
LN29700,CUST19700,Credit Card,118727,9893.92,2024-08-09,12
LN29701,CUST19701,Personal Loan,65581,1366.27,2023-05-27,48
LN29702,CUST19702,Consumer Durable,93579,7798.25,2024-06-26,12
LN29703,CUST19703,Personal Loan,402790,8391.46,2023-11-20,48
LN29704,CUST19704,Consumer Durable,75252,4180.67,2023-03-13,18
LN29705,CUST19705,Credit Card,58751,4895.92,2024-02-17,12
LN29706,CUST19706,Credit Card,43567,3630.58,2024-04-07,12
LN29707,CUST19707,Credit Card,92821,7735.08,2023-06-02,12
LN29708,CUST19708,Personal Loan,246215,20517.92,2023-02-18,12
LN29709,CUST19709,Consumer Durable,118563,6586.83,2023-08-28,18
LN29710,CUST19710,Consumer Durable,115896,9658.0,2024-07-02,12
LN29711,CUST19711,Consumer Durable,46077,7679.5,2024-05-10,6
LN29712,CUST19712,Credit Card,90831,7569.25,2024-10-25,12
LN29713,CUST19713,Credit Card,60377,5031.42,2023-03-31,12
LN29714,CUST19714,Credit Card,100236,8353.0,2023-08-20,12
LN29715,CUST19715,Personal Loan,271106,22592.17,2023-08-09,12
LN29716,CUST19716,Consumer Durable,22862,1270.11,2024-01-01,18
LN29717,CUST19717,Consumer Durable,117672,9806.0,2024-02-21,12
LN29718,CUST19718,Credit Card,115263,9605.25,2023-01-05,12
LN29719,CUST19719,Personal Loan,486577,10137.02,2023-04-09,48
LN29720,CUST19720,Personal Loan,220249,9177.04,2024-09-02,24
LN29721,CUST19721,Personal Loan,79358,3306.58,2024-04-20,24
LN29722,CUST19722,Credit Card,71391,5949.25,2024-05-29,12
LN29723,CUST19723,Credit Card,39003,3250.25,2024-04-24,12
LN29724,CUST19724,Consumer Durable,164534,9140.78,2023-08-11,18
LN29725,CUST19725,Credit Card,39790,3315.83,2024-10-14,12
LN29726,CUST19726,Credit Card,30712,2559.33,2023-05-13,12
LN29727,CUST19727,Credit Card,31074,2589.5,2023-02-26,12
LN29728,CUST19728,Credit Card,12054,1004.5,2024-09-05,12
LN29729,CUST19729,Credit Card,31638,2636.5,2024-04-15,12
LN29730,CUST19730,Credit Card,29332,2444.33,2024-08-09,12
LN29731,CUST19731,Credit Card,17987,1498.92,2024-04-10,12
LN29732,CUST19732,Consumer Durable,74083,12347.17,2023-02-20,6
LN29733,CUST19733,Credit Card,56030,4669.17,2023-06-24,12
LN29734,CUST19734,Consumer Durable,79405,6617.08,2024-08-25,12
LN29735,CUST19735,Credit Card,140349,11695.75,2023-05-17,12
LN29736,CUST19736,Consumer Durable,85320,4740.0,2023-01-01,18
LN29737,CUST19737,Consumer Durable,89658,14943.0,2024-06-11,6
LN29738,CUST19738,Personal Loan,229417,4779.52,2024-09-20,48
LN29739,CUST19739,Consumer Durable,34940,2911.67,2023-05-10,12
LN29740,CUST19740,Personal Loan,307182,6399.62,2023-03-31,48
LN29741,CUST19741,Consumer Durable,160834,26805.67,2023-02-22,6
LN29742,CUST19742,Personal Loan,460709,9598.1,2024-01-09,48
LN29743,CUST19743,Personal Loan,183019,3812.9,2023-06-03,48
LN29744,CUST19744,Credit Card,121083,10090.25,2023-02-05,12
LN29745,CUST19745,Credit Card,123189,10265.75,2024-07-16,12
LN29746,CUST19746,Credit Card,12052,1004.33,2023-04-07,12
LN29747,CUST19747,Credit Card,31116,2593.0,2023-01-14,12
LN29748,CUST19748,Personal Loan,165875,13822.92,2024-09-14,12
LN29749,CUST19749,Consumer Durable,105965,5886.94,2024-08-08,18
LN29750,CUST19750,Consumer Durable,68284,3793.56,2024-04-27,18
LN29751,CUST19751,Consumer Durable,38557,3213.08,2024-08-08,12
LN29752,CUST19752,Credit Card,134441,11203.42,2024-07-15,12
LN29753,CUST19753,Consumer Durable,55241,9206.83,2023-07-03,6
LN29754,CUST19754,Personal Loan,61391,1705.31,2023-11-10,36
LN29755,CUST19755,Credit Card,76737,6394.75,2023-04-24,12
LN29756,CUST19756,Personal Loan,261590,10899.58,2024-01-01,24
LN29757,CUST19757,Credit Card,76966,6413.83,2023-09-07,12
LN29758,CUST19758,Credit Card,31449,2620.75,2024-09-15,12
LN29759,CUST19759,Credit Card,14892,1241.0,2024-03-17,12
LN29760,CUST19760,Consumer Durable,78795,13132.5,2024-11-03,6
LN29761,CUST19761,Consumer Durable,143300,11941.67,2024-09-11,12
LN29762,CUST19762,Personal Loan,85172,1774.42,2023-01-27,48
LN29763,CUST19763,Consumer Durable,160852,8936.22,2024-03-22,18
LN29764,CUST19764,Credit Card,114626,9552.17,2023-07-29,12
LN29765,CUST19765,Personal Loan,264567,7349.08,2024-03-21,36
LN29766,CUST19766,Credit Card,123573,10297.75,2023-07-01,12
LN29767,CUST19767,Consumer Durable,187132,31188.67,2023-01-10,6
LN29768,CUST19768,Credit Card,110673,9222.75,2023-02-22,12
LN29769,CUST19769,Credit Card,54240,4520.0,2024-09-09,12
LN29770,CUST19770,Consumer Durable,178284,14857.0,2024-11-10,12
LN29771,CUST19771,Personal Loan,420660,17527.5,2024-09-06,24
LN29772,CUST19772,Personal Loan,83805,3491.88,2023-12-20,24
LN29773,CUST19773,Personal Loan,176585,14715.42,2023-04-27,12
LN29774,CUST19774,Consumer Durable,199313,16609.42,2024-08-18,12
LN29775,CUST19775,Consumer Durable,126474,10539.5,2023-10-10,12
LN29776,CUST19776,Credit Card,117710,9809.17,2023-02-25,12
LN29777,CUST19777,Credit Card,102895,8574.58,2024-02-15,12
LN29778,CUST19778,Consumer Durable,19040,3173.33,2024-04-03,6
LN29779,CUST19779,Personal Loan,102713,2853.14,2024-06-26,36
LN29780,CUST19780,Personal Loan,68411,1425.23,2023-08-02,48
LN29781,CUST19781,Credit Card,121820,10151.67,2024-05-08,12
LN29782,CUST19782,Credit Card,147338,12278.17,2024-11-14,12
LN29783,CUST19783,Personal Loan,318646,8851.28,2024-09-05,36
LN29784,CUST19784,Personal Loan,228319,4756.65,2023-12-31,48
LN29785,CUST19785,Consumer Durable,135406,22567.67,2023-04-11,6
LN29786,CUST19786,Consumer Durable,193908,16159.0,2024-04-10,12
LN29787,CUST19787,Credit Card,72441,6036.75,2023-07-27,12
LN29788,CUST19788,Consumer Durable,107644,17940.67,2023-05-23,6
LN29789,CUST19789,Credit Card,21647,1803.92,2023-10-07,12
LN29790,CUST19790,Credit Card,118827,9902.25,2024-07-17,12
LN29791,CUST19791,Consumer Durable,135797,22632.83,2024-11-26,6
LN29792,CUST19792,Credit Card,140635,11719.58,2024-07-08,12
LN29793,CUST19793,Consumer Durable,65528,10921.33,2023-10-23,6
LN29794,CUST19794,Credit Card,137282,11440.17,2023-12-11,12
LN29795,CUST19795,Credit Card,47133,3927.75,2024-09-16,12
LN29796,CUST19796,Consumer Durable,185294,30882.33,2024-10-08,6
LN29797,CUST19797,Personal Loan,255773,7104.81,2024-05-16,36
LN29798,CUST19798,Consumer Durable,126617,7034.28,2023-06-12,18
LN29799,CUST19799,Personal Loan,305852,12743.83,2024-10-04,24
LN29800,CUST19800,Credit Card,112498,9374.83,2024-04-06,12
LN29801,CUST19801,Credit Card,15419,1284.92,2023-07-27,12
LN29802,CUST19802,Consumer Durable,82843,13807.17,2024-02-18,6
LN29803,CUST19803,Personal Loan,382500,10625.0,2024-05-16,36
LN29804,CUST19804,Personal Loan,285981,7943.92,2023-07-06,36
LN29805,CUST19805,Consumer Durable,87587,14597.83,2023-07-26,6
LN29806,CUST19806,Consumer Durable,187762,31293.67,2024-01-19,6
LN29807,CUST19807,Personal Loan,429752,11937.56,2024-03-04,36
LN29808,CUST19808,Personal Loan,490940,40911.67,2023-07-14,12
LN29809,CUST19809,Personal Loan,119232,3312.0,2024-09-07,36
LN29810,CUST19810,Personal Loan,443972,12332.56,2023-12-16,36
LN29811,CUST19811,Consumer Durable,184160,15346.67,2023-06-14,12
LN29812,CUST19812,Consumer Durable,30401,5066.83,2023-06-23,6
LN29813,CUST19813,Personal Loan,278824,7745.11,2024-03-07,36
LN29814,CUST19814,Credit Card,62446,5203.83,2024-01-01,12
LN29815,CUST19815,Personal Loan,304410,6341.88,2023-09-10,48
LN29816,CUST19816,Consumer Durable,29818,4969.67,2024-05-26,6
LN29817,CUST19817,Consumer Durable,175877,14656.42,2023-06-11,12
LN29818,CUST19818,Consumer Durable,149402,12450.17,2024-05-30,12
LN29819,CUST19819,Consumer Durable,51215,8535.83,2024-07-14,6
LN29820,CUST19820,Consumer Durable,78972,4387.33,2023-05-31,18
LN29821,CUST19821,Personal Loan,372485,7760.1,2024-03-12,48
LN29822,CUST19822,Credit Card,123923,10326.92,2023-06-23,12
LN29823,CUST19823,Consumer Durable,89398,14899.67,2024-05-22,6
LN29824,CUST19824,Credit Card,43544,3628.67,2023-06-19,12
LN29825,CUST19825,Consumer Durable,194643,32440.5,2023-01-19,6
LN29826,CUST19826,Personal Loan,193012,5361.44,2024-03-21,36
LN29827,CUST19827,Personal Loan,132818,2767.04,2023-07-14,48
LN29828,CUST19828,Consumer Durable,65901,5491.75,2023-06-28,12
LN29829,CUST19829,Credit Card,35284,2940.33,2024-01-01,12
LN29830,CUST19830,Consumer Durable,111374,9281.17,2023-09-29,12
LN29831,CUST19831,Personal Loan,385758,8036.62,2024-05-09,48
LN29832,CUST19832,Consumer Durable,181089,15090.75,2024-09-24,12
LN29833,CUST19833,Personal Loan,482897,40241.42,2024-03-07,12
LN29834,CUST19834,Consumer Durable,62634,10439.0,2023-09-30,6
LN29835,CUST19835,Consumer Durable,127320,7073.33,2023-07-14,18
LN29836,CUST19836,Credit Card,135230,11269.17,2023-12-02,12
LN29837,CUST19837,Personal Loan,76462,1592.96,2023-03-31,48
LN29838,CUST19838,Personal Loan,141563,3932.31,2023-12-29,36
LN29839,CUST19839,Personal Loan,491337,20472.38,2023-02-28,24
LN29840,CUST19840,Credit Card,106744,8895.33,2024-03-12,12
LN29841,CUST19841,Credit Card,23394,1949.5,2023-02-28,12
LN29842,CUST19842,Credit Card,21680,1806.67,2024-04-26,12
LN29843,CUST19843,Consumer Durable,30017,5002.83,2023-02-02,6
LN29844,CUST19844,Personal Loan,124928,3470.22,2023-05-30,36
LN29845,CUST19845,Credit Card,65750,5479.17,2023-08-01,12
LN29846,CUST19846,Consumer Durable,58203,4850.25,2023-06-21,12
LN29847,CUST19847,Personal Loan,298300,12429.17,2023-10-02,24
LN29848,CUST19848,Personal Loan,342166,7128.46,2023-09-13,48
LN29849,CUST19849,Personal Loan,366252,30521.0,2023-06-17,12
LN29850,CUST19850,Personal Loan,337716,9381.0,2024-07-09,36
LN29851,CUST19851,Consumer Durable,188752,31458.67,2024-01-18,6
LN29852,CUST19852,Personal Loan,116760,9730.0,2024-08-01,12
LN29853,CUST19853,Personal Loan,239606,19967.17,2023-12-10,12
LN29854,CUST19854,Consumer Durable,119340,19890.0,2024-11-17,6
LN29855,CUST19855,Consumer Durable,32770,1820.56,2023-12-24,18
LN29856,CUST19856,Consumer Durable,194056,32342.67,2023-12-04,6
LN29857,CUST19857,Credit Card,109085,9090.42,2024-09-09,12
LN29858,CUST19858,Credit Card,74244,6187.0,2024-07-15,12
LN29859,CUST19859,Credit Card,123459,10288.25,2023-05-06,12
LN29860,CUST19860,Consumer Durable,157327,26221.17,2024-03-17,6
LN29861,CUST19861,Personal Loan,400762,8349.21,2023-07-13,48
LN29862,CUST19862,Personal Loan,73498,1531.21,2023-06-06,48
LN29863,CUST19863,Personal Loan,264372,5507.75,2023-01-13,48
LN29864,CUST19864,Consumer Durable,133866,11155.5,2023-10-24,12
LN29865,CUST19865,Personal Loan,130677,5444.88,2023-07-21,24
LN29866,CUST19866,Personal Loan,148609,4128.03,2024-03-17,36
LN29867,CUST19867,Consumer Durable,28365,2363.75,2024-01-23,12
LN29868,CUST19868,Personal Loan,452742,12576.17,2024-10-05,36
LN29869,CUST19869,Credit Card,102918,8576.5,2023-12-01,12
LN29870,CUST19870,Consumer Durable,132254,22042.33,2023-01-02,6
LN29871,CUST19871,Personal Loan,102599,4274.96,2023-02-03,24
LN29872,CUST19872,Credit Card,43097,3591.42,2024-10-09,12
LN29873,CUST19873,Credit Card,85139,7094.92,2023-03-05,12
LN29874,CUST19874,Credit Card,116365,9697.08,2023-10-18,12
LN29875,CUST19875,Credit Card,43200,3600.0,2024-01-24,12
LN29876,CUST19876,Consumer Durable,55824,3101.33,2023-02-11,18
LN29877,CUST19877,Consumer Durable,32202,1789.0,2023-11-23,18
LN29878,CUST19878,Credit Card,114477,9539.75,2023-09-15,12
LN29879,CUST19879,Credit Card,32616,2718.0,2023-09-16,12
LN29880,CUST19880,Consumer Durable,144032,12002.67,2023-11-19,12
LN29881,CUST19881,Consumer Durable,83909,6992.42,2024-09-06,12
LN29882,CUST19882,Consumer Durable,158006,26334.33,2024-10-06,6
LN29883,CUST19883,Consumer Durable,140702,7816.78,2023-06-06,18
LN29884,CUST19884,Consumer Durable,180076,10004.22,2023-02-20,18
LN29885,CUST19885,Consumer Durable,183645,15303.75,2023-10-24,12
LN29886,CUST19886,Consumer Durable,156688,13057.33,2023-02-25,12
LN29887,CUST19887,Personal Loan,373244,15551.83,2024-01-21,24
LN29888,CUST19888,Consumer Durable,136453,22742.17,2023-08-12,6
LN29889,CUST19889,Personal Loan,258647,21553.92,2024-01-23,12
LN29890,CUST19890,Consumer Durable,43366,3613.83,2023-05-20,12
LN29891,CUST19891,Personal Loan,406008,8458.5,2024-02-22,48
LN29892,CUST19892,Credit Card,68197,5683.08,2024-03-18,12
LN29893,CUST19893,Personal Loan,321913,8942.03,2024-07-27,36
LN29894,CUST19894,Credit Card,24000,2000.0,2024-10-30,12
LN29895,CUST19895,Consumer Durable,52703,8783.83,2023-09-21,6
LN29896,CUST19896,Personal Loan,178645,7443.54,2024-11-19,24
LN29897,CUST19897,Personal Loan,440379,18349.12,2023-09-17,24
LN29898,CUST19898,Personal Loan,310309,8619.69,2023-10-15,36
LN29899,CUST19899,Consumer Durable,116393,19398.83,2024-10-09,6
LN29900,CUST19900,Personal Loan,452733,12575.92,2024-04-29,36
LN29901,CUST19901,Consumer Durable,189267,15772.25,2023-08-07,12
LN29902,CUST19902,Consumer Durable,179146,29857.67,2023-12-14,6
LN29903,CUST19903,Personal Loan,311881,25990.08,2024-07-23,12
LN29904,CUST19904,Credit Card,107083,8923.58,2023-09-29,12
LN29905,CUST19905,Credit Card,98505,8208.75,2023-07-22,12
LN29906,CUST19906,Personal Loan,184790,7699.58,2023-05-25,24
LN29907,CUST19907,Personal Loan,494648,13740.22,2024-02-08,36
LN29908,CUST19908,Credit Card,126000,10500.0,2024-09-24,12
LN29909,CUST19909,Credit Card,104129,8677.42,2023-02-06,12
LN29910,CUST19910,Personal Loan,129815,10817.92,2023-04-14,12
LN29911,CUST19911,Personal Loan,374328,31194.0,2024-01-18,12
LN29912,CUST19912,Consumer Durable,156386,13032.17,2023-07-31,12
LN29913,CUST19913,Personal Loan,235858,19654.83,2023-03-05,12
LN29914,CUST19914,Consumer Durable,177251,29541.83,2023-11-11,6
LN29915,CUST19915,Credit Card,44685,3723.75,2024-01-11,12
LN29916,CUST19916,Credit Card,127900,10658.33,2023-06-05,12
LN29917,CUST19917,Credit Card,39661,3305.08,2024-01-09,12
LN29918,CUST19918,Consumer Durable,165326,27554.33,2024-05-01,6
LN29919,CUST19919,Personal Loan,147336,4092.67,2024-09-21,36
LN29920,CUST19920,Credit Card,46618,3884.83,2024-10-04,12
LN29921,CUST19921,Consumer Durable,128345,7130.28,2023-01-22,18
LN29922,CUST19922,Credit Card,32779,2731.58,2023-01-22,12
LN29923,CUST19923,Personal Loan,95999,1999.98,2024-01-04,48
LN29924,CUST19924,Consumer Durable,56215,9369.17,2024-02-09,6
LN29925,CUST19925,Personal Loan,245560,20463.33,2024-01-15,12
LN29926,CUST19926,Credit Card,40386,3365.5,2024-03-12,12
LN29927,CUST19927,Personal Loan,53972,2248.83,2023-12-29,24
LN29928,CUST19928,Personal Loan,379834,15826.42,2024-06-22,24
LN29929,CUST19929,Personal Loan,240081,5001.69,2023-07-03,48
LN29930,CUST19930,Consumer Durable,171396,28566.0,2023-02-18,6
LN29931,CUST19931,Credit Card,132916,11076.33,2023-05-11,12
LN29932,CUST19932,Personal Loan,242724,5056.75,2024-01-21,48
LN29933,CUST19933,Personal Loan,455978,9499.54,2023-03-23,48
LN29934,CUST19934,Credit Card,22484,1873.67,2024-10-31,12
LN29935,CUST19935,Consumer Durable,64076,3559.78,2024-08-06,18
LN29936,CUST19936,Consumer Durable,77668,4314.89,2024-11-12,18
LN29937,CUST19937,Consumer Durable,136080,7560.0,2023-03-06,18
LN29938,CUST19938,Personal Loan,375278,10424.39,2023-09-17,36
LN29939,CUST19939,Consumer Durable,102209,8517.42,2024-06-01,12
LN29940,CUST19940,Personal Loan,244279,5089.15,2024-04-02,48
LN29941,CUST19941,Credit Card,138245,11520.42,2023-06-23,12
LN29942,CUST19942,Consumer Durable,67557,3753.17,2024-08-30,18
LN29943,CUST19943,Personal Loan,401243,8359.23,2024-09-21,48
LN29944,CUST19944,Credit Card,27462,2288.5,2023-04-12,12
LN29945,CUST19945,Credit Card,132558,11046.5,2024-08-24,12
LN29946,CUST19946,Personal Loan,100655,4193.96,2024-11-20,24
LN29947,CUST19947,Consumer Durable,58707,4892.25,2024-02-21,12
LN29948,CUST19948,Credit Card,64397,5366.42,2024-08-24,12
LN29949,CUST19949,Personal Loan,360062,15002.58,2024-02-19,24
LN29950,CUST19950,Credit Card,108149,9012.42,2024-08-26,12
LN29951,CUST19951,Personal Loan,145055,6043.96,2024-02-07,24
LN29952,CUST19952,Credit Card,76968,6414.0,2024-06-20,12
LN29953,CUST19953,Credit Card,37500,3125.0,2023-09-15,12
LN29954,CUST19954,Personal Loan,164907,4580.75,2024-10-05,36
LN29955,CUST19955,Credit Card,42773,3564.42,2023-07-15,12
LN29956,CUST19956,Personal Loan,62129,5177.42,2023-04-05,12
LN29957,CUST19957,Personal Loan,412937,8602.85,2023-05-05,48
LN29958,CUST19958,Consumer Durable,25406,2117.17,2023-12-04,12
LN29959,CUST19959,Credit Card,72040,6003.33,2023-08-26,12
LN29960,CUST19960,Credit Card,17548,1462.33,2023-09-03,12
LN29961,CUST19961,Credit Card,99167,8263.92,2023-12-05,12
LN29962,CUST19962,Personal Loan,139428,5809.5,2024-07-16,24
LN29963,CUST19963,Consumer Durable,72655,6054.58,2024-07-18,12
LN29964,CUST19964,Personal Loan,453283,12591.19,2023-03-30,36
LN29965,CUST19965,Consumer Durable,84153,4675.17,2023-04-25,18
LN29966,CUST19966,Credit Card,13836,1153.0,2024-02-06,12
LN29967,CUST19967,Credit Card,142170,11847.5,2024-10-07,12
LN29968,CUST19968,Personal Loan,458598,19108.25,2024-10-05,24
LN29969,CUST19969,Credit Card,36385,3032.08,2024-03-23,12
LN29970,CUST19970,Personal Loan,384667,8013.9,2024-01-30,48
LN29971,CUST19971,Credit Card,54126,4510.5,2023-12-16,12
LN29972,CUST19972,Consumer Durable,149662,24943.67,2024-08-06,6
LN29973,CUST19973,Personal Loan,219470,9144.58,2024-10-26,24
LN29974,CUST19974,Credit Card,39411,3284.25,2023-09-19,12
LN29975,CUST19975,Consumer Durable,77694,12949.0,2023-02-27,6
LN29976,CUST19976,Personal Loan,97727,4071.96,2024-08-24,24
LN29977,CUST19977,Consumer Durable,107999,17999.83,2023-04-04,6
LN29978,CUST19978,Credit Card,113731,9477.58,2023-10-13,12
LN29979,CUST19979,Credit Card,92189,7682.42,2023-08-21,12
LN29980,CUST19980,Consumer Durable,144140,24023.33,2024-07-27,6
LN29981,CUST19981,Credit Card,109360,9113.33,2023-01-11,12
LN29982,CUST19982,Credit Card,134048,11170.67,2023-03-10,12
LN29983,CUST19983,Credit Card,136629,11385.75,2023-12-16,12
LN29984,CUST19984,Personal Loan,451842,12551.17,2024-10-11,36
LN29985,CUST19985,Credit Card,87437,7286.42,2024-05-16,12
LN29986,CUST19986,Consumer Durable,172381,14365.08,2023-11-28,12
LN29987,CUST19987,Consumer Durable,170902,28483.67,2023-11-12,6
LN29988,CUST19988,Personal Loan,175232,4867.56,2023-12-16,36
LN29989,CUST19989,Consumer Durable,189951,31658.5,2023-04-17,6
LN29990,CUST19990,Credit Card,30880,2573.33,2023-08-13,12
LN29991,CUST19991,Consumer Durable,170143,14178.58,2023-05-23,12
LN29992,CUST19992,Consumer Durable,46894,2605.22,2024-01-25,18
LN29993,CUST19993,Credit Card,30411,2534.25,2024-07-29,12
LN29994,CUST19994,Personal Loan,160614,3346.12,2023-05-17,48
LN29995,CUST19995,Personal Loan,114775,2391.15,2023-01-16,48
LN29996,CUST19996,Personal Loan,484731,40394.25,2024-09-22,12
LN29997,CUST19997,Consumer Durable,70294,3905.22,2024-11-25,18
LN29998,CUST19998,Credit Card,91370,7614.17,2023-02-14,12
LN29999,CUST19999,Personal Loan,83207,2311.31,2023-01-15,36
LN30000,CUST10000,Consumer Durable,68103,11350.5,2023-08-11,6
LN30001,CUST10001,Personal Loan,251292,20941.0,2024-02-16,12
LN30002,CUST10002,Credit Card,17227,1435.58,2023-08-29,12
LN30003,CUST10003,Personal Loan,380835,7934.06,2024-05-14,48
LN30004,CUST10004,Consumer Durable,18088,1507.33,2024-07-10,12
LN30005,CUST10005,Consumer Durable,177945,9885.83,2024-09-14,18
LN30006,CUST10006,Credit Card,39379,3281.58,2023-08-02,12
LN30007,CUST10007,Personal Loan,172076,3584.92,2024-03-22,48
LN30008,CUST10008,Credit Card,135197,11266.42,2024-03-28,12
LN30009,CUST10009,Consumer Durable,56523,9420.5,2023-04-18,6
LN30010,CUST10010,Credit Card,99110,8259.17,2023-01-06,12
LN30011,CUST10011,Personal Loan,338379,9399.42,2023-07-05,36
LN30012,CUST10012,Consumer Durable,169482,28247.0,2023-04-10,6
LN30013,CUST10013,Consumer Durable,193867,16155.58,2024-01-06,12
LN30014,CUST10014,Personal Loan,277762,7715.61,2023-08-11,36
LN30015,CUST10015,Credit Card,103740,8645.0,2024-07-28,12
LN30016,CUST10016,Credit Card,18708,1559.0,2024-06-16,12
LN30017,CUST10017,Credit Card,93018,7751.5,2023-05-02,12
LN30018,CUST10018,Consumer Durable,129457,21576.17,2023-08-20,6
LN30019,CUST10019,Personal Loan,453489,18895.38,2024-04-14,24
LN30020,CUST10020,Personal Loan,230998,19249.83,2023-06-26,12
LN30021,CUST10021,Credit Card,97333,8111.08,2023-07-20,12
LN30022,CUST10022,Credit Card,27798,2316.5,2024-07-18,12
LN30023,CUST10023,Credit Card,108609,9050.75,2023-03-22,12
LN30024,CUST10024,Personal Loan,280184,7782.89,2023-08-14,36
